ID	B1	B2	B3	B4	B5	B6	B7	B8	B9	B10	B11	B12	B13	B14	B15	B16	B17	B18	B19	B20	B21	B22	B23	B24	B25	B26	B27	B28	B29	B30	B31	B32	B33	B34	B35	B36	B37	B38	B39	B40	B41	B42	B43	B44	B45	B46	B47	B48	B49	B50	B51	B52	B53	B54	B55	B56	B57	B58	B59	B60	B61	B62	B63	B64	B65	B66	B67	B68	B69	B70	B71	B72	B73	B74	B75	B76	B77	B78	B79	B80	B81	B82	B83	B84	B85	B86	B87	B88	B89	B90	B91	B92	B93	B94	B95	B96	B97	B98	B99	B100	B101	B102	B103	B104	B105	B106	B107	B108	B109	B110	B111	B112	B113	B114	B115	B116	B117	B118	B119	B120	B121	B122	B123	B124	B125	B126	B127	B128	B129	B130	B131	B132	B133	B134	B135	B136	B137	B138	B139	B140	B141	B142	B143	B144	B145	B146	B147	B148	B149	B150	B151	B152	B153	B154	B155	B156	B157	B158	B159	B160	B161	B162	B163	B164	B165	B166	B167	B168	B169	B170	B171	B172	B173	B174	B175	B176	B177	B178	B179	B180	B181	B182	B183	B184	B185	B186	B187	B188	B189	B190	B191	B192	B193	B194	B195	B196	B197	B198	B199	B200	B201	B202	B203	B204	B205	B206	B207	B208	B209	B210	B211	B212	B213	B214	B215	B216	B217	B218	B219	B220	B221	B222	B223	B224	B225	B226	B227	B228	B229	B230	B231	B232	B233	B234	B235	B236	B237	B238	B239	B240	B241	B242	B243	B244	B245	B246	B247	B248	B249	B250	B251	B252	B253	B254	B255	B256	B257	B258	B259	B260	B261	B262	B263	B264	B265	B266	B267	B268	B269	B270	B271	B272	B273	B274	B275	B276	B277	B278	B279	B280	B281	B282	B283	B284	B285	B286	B287	B288	B289	B290	B291	B292	B293	B294	B295	B296	B297	B298	B299	B300	B301	B302	B303	B304	B305	B306	B307	B308	B309	B310	B311	B312	B313	B314	B315	B316	B317	B318	B319	B320	B321	B322	B323	B324	B325	B326	B327	B328	B329	B330	B331	B332	B333	B334	B335	B336	B337	B338	B339	B340	binSize
0610010K14Rik-NM_145758	1.629	0	0	0	0	0	0	0	0	0	0	0	0	0	0	0	0	0	8.145	3.258	0	9.774	35.837	13.032	4.887	9.774	3.258	8.145	3.258	6.516	4.887	0	0	0	1.629	1.629	0	0	8.145	17.919	16.29	6.516	0	1.629	0	0	8.145	26.064	1.629	3.258	0	0	3.258	3.258	0	0	0	11.403	14.661	14.661	0	4.887	1.629	1.629	9.774	0	8.145	6.516	3.258	6.516	0	0	0	0	0	0	3.258	1.629	0	1.629	0	0	1.629	6.451	11.264	16.966	20.68	1.653	9.774	9.774	0	1.629	3.258	0	2.321	5.791	6.548	9.774	1.629	0	0	1.629	0	0	0	0	1.629	3.258	6.516	3.258	0	11.403	11.403	3.258	0	1.629	0	0	0	0	0	0	0	0	1.629	0	0	3.258	1.629	0	7.176	12.372	1.629	0	0	0	0	0	0	0	3.185	0.073	3.258	0	1.629	10.963	2.069	0	1.629	0	3.258	0	1.002	8.772	1.629	0	0	1.629	3.258	0	0	0	0	0	0	0	0	0	1.629	0	0	1.629	0	0	0	6.516	0	0	1.629	0	0	0	1.629	0	0	1.629	0	0	2.598	0.66	1.629	0	0	0	0	0	3.258	3.258	1.629	3.258	0	1.629	1.629	1.629	0	0	3.258	6.516	4.887	3.258	0	0	0	1.629	0	2.574	0.684	0	0	0	0	0	0	0	0	0	0	0	0	0	0	0	1.678	3.209	8.145	0	0	0	1.629	0	1.629	1.629	1.629	0	0	0	0	1.629	0	3.258	1.629	0	0	0	3.258	0	1.629	1.45	5.066	0	1.629	3.258	4.887	9.774	4.887	3.258	0	0	1.629	1.629	0	1.629	13.032	1.629	0	0	3.258	9.774	0	3.258	0	0	0	1.629	8.145	13.032	0	1.629	0	0	0	1.629	6.516	0	0	0	0	0	0	0	0	0	0	0	0	0	0	0	0	0	0	0	6.516	0	1.629	0	0	0	0	0	0	0	0	0	0	0	0	0	1.629	0	0	0	0	0	0	0	0	0	0	0	50:60,13.555:200,50:80
0610043K17Rik-NR_040640	0	1.629	0	0	0	0	0	0	0	0	0	0	0	0	0	0	0	0	0	0	0	0	0	0	0	0	0	0	0	0	0	0	0	0	0	0	0	0	0	0	0	0	0	0	0	0	0	0	0	0	0	0	0	0	0	0	0	0	0	0	0	0	0	0	0	1.629	78.191	11.403	4.887	3.258	0	0	27.693	21.519	102.65	172.304	29.321	114.028	21.177	6.516	14.661	19.548	3.258	3.258	3.258	0	0	4.887	4.887	1.629	3.258	1.629	0	8.145	1.629	4.887	0	0	0	6.516	6.516	0	1.629	0	9.774	1.629	9.774	0	1.629	0	1.629	1.629	1.629	0	3.258	0	1.629	9.774	1.629	0	4.887	0	0	4.887	0	0	0	0	0	1.629	0	0	1.629	0	0	0	0	3.258	0	0	0	3.258	0	0	1.629	0	0	1.629	1.629	0	0	0	0	0	0	1.629	0	0	1.629	0	0	0	0	0	6.516	1.629	0	1.629	0	0	0	3.258	0	0	0	8.145	1.629	1.629	0	1.629	4.887	0	1.629	0	0	0	3.258	0	0	0	1.629	0	0	0	0	1.629	6.516	0	0	0	0	0	0	3.258	0	0	0	3.258	1.629	0	1.629	1.629	4.887	0	0	0	3.258	6.516	6.516	0	1.629	1.629	0	16.29	3.258	0	3.258	0	0	1.629	1.629	0	0	4.887	4.887	4.887	1.629	4.887	0	0	0	0	0	0	0	0	0	0	0	0	0	3.258	0	0	1.629	0	0	0	0	0	0	0	0	0	0	0	0	0	0	0	0	0	0	0	0	0	0	0	0	0	0	0	1.629	0	0	1.629	0	0	0	0	0	0	0	0	1.629	0	0	0	0	0	0	0	0	0	0	0	0	1.629	0	0	0	1.629	0	0	0	0	0	0	0	0	0	0	0	0	0	0	0	0	0	3.258	0	0	0	1.629	0	0	0	1.629	1.629	0	50:60,227.015:200,50:80
1600012H06Rik-NM_001083881	0	0	0	0	0	0	0	0	0	0	0	0	0	0	0	0	0	0	0	0	0	0	0	0	0	0	0	0	0	0	0	0	0	0	0	0	0	0	0	0	0	0	0	0	0	0	0	0	0	0	0	0	0	0	0	0	0	0	0	0	0	0	4.887	3.258	3.258	5.473	12.445	39.03	78.354	25.966	2.574	2.313	0	1.629	0	1.629	0	0	0	0	0	0	0	3.258	0	0	0	3.258	3.258	1.629	0	0	0	3.258	0	9.774	0	0	0	0	1.629	0	2.509	4.529	4.366	0	0	0	1.629	0	3.258	1.629	6.516	1.629	0	6.516	3.258	1.629	9.774	11.403	0	0	0	0	0	1.629	0	0	6.516	8.145	1.629	0	0	0	0	6.516	1.727	1.531	0	0	0	0	0	0	0	0	0	1.629	0	3.258	0	1.629	0	3.258	1.629	0	0	1.629	0	0	0	0	0	0	0	0	0	11.403	0	0	0	0	0	0	1.629	0	0	0	0	0	0	0	0	0	1.629	0	0	0	0	0	0	0	0	0	0	0	0	0	0	4.887	0	0	3.258	0	1.629	3.258	10.849	10.328	4.887	0	1.629	6.516	3.258	0	0	1.108	0.521	0	0	1.629	4.887	4.887	4.887	24.435	0	1.629	0	11.468	6.451	1.629	1.629	1.629	0	0	0	0	0	0	0	1.629	3.258	1.629	0	0	0	1.629	0	1.629	4.887	8.145	0	0	0	0	0	0	0	0	0	1.629	0	1.629	8.145	1.629	0	0	3.258	0	0	6.516	8.145	9.774	26.064	8.145	4.887	14.661	8.145	1.629	0	0	1.629	0	1.629	4.887	1.629	3.258	6.516	0	4.887	0	0	3.258	9.774	3.258	1.629	0	0	0	3.258	0	0	1.629	0	0	0	0	0	0	0	1.629	0	0	0	0	3.258	0	0	1.629	0	1.629	0	0	1.629	0	0	0	0	0	0	0	0	1.629	0	0	0	0	3.258	1.629	0	1.629	50:60,13.78:200,50:80
1600023N17Rik-NR_073433	0	0	0	0	0	0	0	0	0	0	0	0	0	0	0	0	0	0	0	0	0	0	0	0	0	0	0	0	0	0	0	0	0	0	0	0	0	0	0	0	1.629	0	0	0	3.258	0	0	1.629	4.887	0	0	0	0	0	0	0	0	0	0	3.258	11.533	3.128	0	1.629	1.629	4.887	1.629	10.295	7.624	0.652	55.45	12.315	21.242	4.822	32.254	50.824	71.219	33.036	11.859	7.689	48.348	24.565	13.292	51.801	31.407	8.405	6.255	3.453	6.32	1.955	26.52	2.932	14.205	3.844	5.278	12.576	2.737	1.694	4.822	0	2.672	0.586	0	0	0	0	0	0	0	0	0	0	0	0	0	0	0	0	5.473	4.3	0	0	0	0	1.629	3.258	0	0	0	0	0	0	0	0	0	0	0	0	1.629	0	0	0	0	0.586	8.536	3.91	0.782	5.734	4.17	0.717	1.043	0.586	0	0	0	0	4.691	0.195	0	0	0	1.629	0	0	3.258	0	3.258	0	1.629	0	0	0	3.258	3.258	0	1.629	0	1.629	0	0	1.629	0	1.629	4.757	0.13	0	0	0.586	4.3	1.629	0	0	0	0	0	0	0	0	0	0	1.629	1.629	0	0	0	0	0	0	0	0	0	0	0	0	3.258	0	0	0	0	1.629	0	0	0	0	0	0	0	0	0	0	0	0	0	0	0	0.065	1.564	0	0	0	0	0	0	0	0	0	0	0	0	0	0	0	1.629	0	0	2.997	0.261	0	0	0	0	1.629	3.258	9.774	24.435	8.145	0	0	0	1.629	1.629	0	3.258	1.629	0	0	0	0	0	0	0	0	0	0	0	0	0	1.629	0	0	0	0	0	0	0	0	0	0	0	0	0	0	0	0	0	0	0	0	0	0	0	0	0	0	0	0	0	0	0	0	0	0	0	0	0	0	0	0	0	0	0	0	0	0	0	0	0	0	0	0	50:60,5.04:200,50:80
1700008K24Rik-NR_038144	0	0	0	0	0	0	0	0	0	0	0	0	0	0	0	0	0	0	0	0	0	0	0	0	0	0	0	0	0	0	0	0	0	0	0	0	0	0	0	0	0	0	0	0	0	0	0	0	0	0	0	0	0	0	0	0	0	0	0	0	0	0	0	0	0	0	0	0	0	0	0	0	0	0	0	0	0	0	0	0	0	0	0	0	0	0	0	0	0	0	0	0	0	0	0	0	0	0	0	0	0	0	0	0	0	0	0	0	0	0	0	0	0	0	0	0	0	0	0	0	0	0	0	0	0	0	0	0	0	0	0	0	0	0	0	0	0	0	0	0	0	0	0	0	0	0	0	0	0	0	0	0	0	0	0	0	0	0	0	0	0	0	0	0	0	0	0	0	0	0	0	0	0	0	0	0	0	0	0	0	0	0	0	0	0	0	0	0	0	0	0	0	0	0	0	0	0	0	0	0	0	0	0	0	0	0	0	0	0	0	0	0	0	0	0	0	0	0	0	0	0	0	0	0	0	0	0	0	0	0	0	0	0	0	0	0	0	0	0	0	0	0	0	0	0	0	0	0	0	0	0	0	0	0	0	0	0	0	0	0	0	0	0	0	0	0	0	0	0	0	0	0	0	0	0	0	0	0	0	0	0	0	0	0	0	0	0	0	0	0	0	0	0	0	0	0	0	0	0	0	0	0	0	0	0	0	0	0	0	0	0	0	0	0	0	0	0	0	0	0	0	0	0	0	0	0	0	0	0	0	0	0	0	0	0	0	0	0	0	0	50:60,6.35:200,50:80
1700010I02Rik-NR_040587	0	0	0	0	0	1.629	0	0	0	0	0	0	0	0	0	0	0	0	0	0	0	0	0	0	0	0	0	0	0	0	0	0	0	0	0	0	0	0	0	0	0	0	0	0	0	0	0	0	0	0	0	0	0	0	0	0	0	0	0	0	0	0	0	0	0	0	0	0	0	0	0	0	0	0	0	0	0	0	0	0	0	0	0	0	0	0	0	0	0	0	0	0	0	0	0	0	0	0	0	0	0	0	0	0	0	0	0	0	0	0	0	0	0	0	0	0	0	0	0	0	0	0	0	0	0	0	0	0	0	0	0	0	0	0	0	0	0	0	0	0	0	0	0	0	0	0	0	0	0	0	0	0	0	0	0	0	0	0	0	0	0	0	0	0	0	0	0	0	0	0	0	0	0	0	0	0	0	0	0	0	0	0	0	0	0	0	0	0	0	0	0	0	0	0	0	0	0	0	0	0	0	0	0	0	0	0	0	0	0	0	0	0	0	0	0	0	0	0	0	0	0	0	0	0	0	0	0	0	0	0	0	0	1.629	0	0	0	0	0	0	0	0	0	0	0	0	0	0	0	0	0	0	0	0	0	0	0	0	0	0	0	0	0	0	0	0	0	0	0	0	0	0	0	0	0	0	0	0	0	0	0	0	0	0	0	0	0	0	0	0	0	0	0	0	0	0	0	0	0	0	0	0	0	0	0	0	0	0	0	0	0	0	0	0	0	0	0	0	0	0	0	0	0	0	0	0	0	0	0	0	0	0	0	0	0	0	0	0	0	0	0	50:60,147.925:200,50:80
1700022I11Rik-NM_026088	0	0	0	0	0	0	0	0	0	0	0	0	0	0	0	0	0	0	0	0	0	0	0	0	0	0	0	0	0	0	0	0	0	0	0	0	0	0	0	0	1.629	0	0	0	0	0	0	0	0	0	0	0	0	0	0	0	0	0	0	0	0	0	0	0	0	0	0	0	0	0	0	0	0	0	0	0	0	0	0	0	0	0	0	0	0	0	0	0	0	0	0	0	0	0	0	0	0	0	0	0	0	0	0	0	0	0	0	0	0	0	0	0	0	0	0	0	0	0	0	0	0	0	0	0	0	0	0	0	0	0	0	0	0	0	0	0	0	0	0	0	0	0	0	0	0	0	0	0	0	0	0	0	0	0	0	0	0	0	0	0	0	0	0	0	0	0	0	0	0	0	0	0	0	0	0	0	0	0	0	0	0	0	0	0	0	0	0	0	0	0	0	0	0	0	0	0	0	0	0	0	0	0	0	0	0	0	0	0	0	0	0	0	0	0	0	0	0	0	0	0	0	0	0	0	0	0	0	0	0	0	0	0	0	0	0	0	0	0	0	0	0	0	0	0	0	0	0	0	0	0	0	0	0	0	0	0	0	0	0	0	0	0	0	0	0	0	0	0	0	0	0	0	0	0	0	0	0	0	0	0	0	0	1.629	0	0	0	0	0	0	0	0	0	0	0	0	0	0	0	0	0	0	0	0	0	0	0	0	0	0	0	0	0	0	0	0	0	0	0	0	0	0	0	0	0	0	0	0	0	0	0	0	0	0	0	0	0	0	0	0	0	50:60,21.9:200,50:80
1700067P10Rik-NR_160405	0	0	0	0	0	0	0	0	0	0	0	0	0	0	0	0	0	0	0	0	0	0	0	0	0	0	0	0	0	0	0	0	0	0	0	0	0	0	0	0	0	0	0	0	0	0	0	0	0	0	0	0	0	0	0	0	0	0	0	0	0	0	0	0	0	0	0	0	0	0	0	0	0	0	0	0	0	0	0	0	0	0	0	0	0	0	0	0	0	0	0	0	0	0	0	0	0	0	0	0	0	0	0	0	0	0	0	0	0	0	0	0	0	0	0	0	0	0	0	0	0	0	0	0	0	0	0	0	0	0	0	0	0	0	0	0	0	0	0	0	0	0	0	0	0	0	0	0	0	0	0	0	0	0	0	0	0	0	0	0	0	0	0	0	0	0	0	0	0	0	0	0	0	0	0	0	0	0	0	0	0	0	0	0	0	0	0	0	0	0	0	0	0	0	0	0	0	0	0	0	0	0	0	0	0	0	0	0	0	0	0	0	0	0	0	0	0	0	0	0	0	0	0	0	0	0	0	0	0	0	0	0	0	0	0	0	0	0	0	0	0	0	0	0	0	0	0	0	0	0	0	0	0	0	0	0	0	0	0	0	0	1.629	0	0	0	0	0	0	0	0	0	0	0	0	0	0	0	0	0	0	0	0	0	0	0	0	0	0	0	0	0	0	0	0	0	0	0	0	0	0	0	0	0	0	0	0	0	0	0	0	0	0	0	0	0	0	0	0	0	0	0	0	0	0	0	0	0	0	0	0	0	0	0	0	0	0	0	0	0	0	50:60,6.395:200,50:80
1810019D21Rik-NR_040346	1.629	4.887	0	4.887	0	1.629	0	3.258	0	1.629	0	0	4.887	0	1.629	6.516	9.774	1.629	3.258	4.887	6.516	0	0	24.435	4.887	1.629	1.629	1.629	0	8.145	3.258	8.145	4.887	9.774	1.629	6.516	1.629	3.258	3.258	0	0	0	0	0	11.403	11.403	1.629	0	0	0	1.629	0	1.629	0	0	0	4.887	0	0	1.629	1.629	6.516	4.887	8.145	5.009	9.147	5.392	1.629	1.629	0	0	0	0	0	4.887	0	1.629	0	0	0	0	0	0	0	0	0	1.629	3.258	0	0	0	0	0	0	0	0	0	0	0	0	0	0	1.629	4.887	1.629	4.887	1.629	0	0	0	0	0	0	0	0	0	0	0	3.258	0	0	0	0	0.586	1.043	0	0	3.258	0	0.081	1.548	0	0	1.629	0	1.629	1.629	1.629	0	0	0	0	0	0	0	0	3.258	0	0	1.629	0	0	0	0	0	0	0	0	0	3.258	3.258	16.29	34.208	63.53	6.516	3.258	1.629	1.629	0	1.629	3.258	4.887	20.354	21.999	0	0	1.629	8.145	0	0	26.74	5.84	1.629	3.258	1.629	0	6.687	3.087	11.403	0	3.258	1.629	1.629	0	0.041	4.846	1.629	1.629	0	0	9.774	0	0	0	0	0	1.629	0	8.145	1.629	6.516	3.258	13.032	1.629	1.629	0	0	0	1.629	3.258	0	0	0	0	0	0	0	0	1.629	0	11.403	0	0	0	0	1.629	9.774	11.403	8.145	4.887	3.258	4.659	1.857	9.774	2.891	8.511	14.661	52.127	8.145	37.222	6.76	0	0	4.887	0	0	1.629	0	0	0	17.919	17.919	11.403	3.258	1.629	3.258	11.403	1.629	0	0	0	0	1.629	1.629	6.516	0	0	0	3.258	9.774	9.774	0	29.322	0	0	0	3.258	0	0	0	4.887	35.837	0	1.629	6.516	0	4.887	0	0	0	3.258	0	0	0	4.887	3.258	1.629	3.258	0	0	1.629	0	3.258	3.258	0	0	0	0	0	0	0	0	1.629	1.629	0	0	0	0	0	0	0	0	0	13.032	0	0	0	0	0	0	50:60,16.615:200,50:80
2310043L19Rik-NR_037994	0	0	0	0	0	0	0	0	0	0	0	0	0	0	0	0	0	0	0	0	0	0	0	0	0	0	0	0	0	0	0	0	0	0	0	0	0	0	0	0	0	0	0	0	0	0	0	0	0	0	0	0	0	0	0	0	3.258	0	0	0	0	0	0	0	0	0	0	0	0	0	0	0	0	0	0	0	0	0	0	0	0	0	0	0	0	0	0	0	0	0	0	0	0	0	0	0	0	0	0	0	0	0	0	0	0	0	0	0	0	0	0	0	0	0	0	0	0	0	0	0	0	0	0	0	0	0	0	0	0	0	0	0	0	0	0	0	0	0	0	0	0	0	0	0	0	0	0	1.629	0	0	0	0	0	0	0	0	0	0	0	0	0	0	0	0	0	0	0	0	0	0	0	0	0	0	0	0	0	0	0	0	0	0	1.629	0	0	0	0	0	0	0	0	0	0	0	0	0	0	0	0	0	0	0	0	0	0	0	0	0	0	0	0	0	0	0	0	0	0	0	0	0	0	0	0	0	0	0	0	0	0	0	0	0	0	0	0	0	0	0	0	0	0	0	0	0	0	0	0	0	0	0	0	0	0	0	0	0	0	0	0	0	0	0	0	0	0	0	0	0	0	0	0	0	0	0	0	0	0	0	0	0	0	0	0	0	0	0	0	0	0	0	0	0	0	0	0	0	0	0	0	0	0	0	0	0	0	0	0	0	0	0	0	0	0	0	0	0	0	0	0	0	0	0	0	0	0	0	0	0	0	0	0	0	0	0	0	0	0	0	0	0	50:60,7.01:200,50:80
2310057M21Rik-NM_026655	0	0	0	0	0	0	0	0	0	0	0	0	0	0	0	0	0	0	0	0	1.629	0	0	0	0	0	0	0	0	3.258	13.032	3.258	0	0	1.629	0	1.629	0	0	0	3.258	0	0	1.629	11.403	4.887	1.629	0	0	0	0	1.629	0	0	0	0	1.629	0	4.887	3.258	29.321	39.095	0	6.516	0	22.806	35.837	1.629	4.887	9.774	3.258	6.516	8.145	8.145	0	0	3.258	1.629	0	0	0	0	0	0	0	14.661	9.774	8.145	4.887	1.629	6.516	0	1.629	3.258	6.516	19.548	9.774	0	11.403	1.629	1.629	3.258	1.629	0	6.516	4.887	11.403	1.629	0	3.258	1.629	1.629	0	0	21.177	4.887	1.629	9.774	11.403	4.887	6.516	6.451	6.581	0	14.661	1.629	3.258	3.258	8.145	1.629	1.629	1.629	13.586	17.365	4.887	8.145	0	1.629	17.919	19.548	52.127	6.516	9.774	8.145	3.258	9.774	3.258	1.629	1.629	1.629	0	0	4.887	3.258	4.887	9.774	8.145	3.258	19.548	8.145	1.629	0	17.919	13.032	4.887	1.629	35.837	1.629	9.774	8.145	6.516	8.145	0	0	45.611	16.29	58.643	48.869	1.629	0	1.629	6.516	0	3.258	27.692	1.629	24.435	0	21.177	1.629	9.774	1.629	4.887	3.258	0	0	0	8.145	4.887	6.516	3.258	1.629	0	3.258	0	0	0	1.629	6.516	35.837	0	0	0	0	21.014	5.05	3.258	1.629	22.806	0	19.548	1.629	0	4.887	1.629	3.258	14.661	8.145	19.548	0	19.548	0	3.258	0	14.661	21.177	0	32.579	37.466	3.258	6.516	1.629	9.774	4.887	4.887	16.29	13.032	4.952	17.854	1.629	0	6.516	4.887	3.258	9.774	6.516	1.629	13.032	13.032	9.774	13.032	1.629	0	0	0	1.629	3.258	1.629	3.258	0	0	78.191	68.417	6.516	0	1.629	1.629	11.403	1.629	0	6.516	3.258	0	3.258	0	0	0	0	1.629	1.629	0	1.629	0	0	0	0	1.629	0	0	0	0	0	0	3.258	0	0	1.629	9.774	6.516	4.887	11.403	0	0	1.629	9.774	1.629	1.629	1.629	1.629	11.403	6.516	0	3.258	0	1.629	4.887	1.629	6.516	3.258	1.629	4.887	0	1.629	6.516	0	4.887	3.258	0	17.919	0	50:60,105.58:200,50:80
2900076A07Rik-NR_045299	0	0	0	0	0	0	0	0	0	0	0	0	0	0	0	0	0	0	0	0	0	0	0	0	0	0	0	0	0	0	0	0	0	0	0	0	0	0	0	0	0	0	0	0	0	0	0	0	0	0	0	1.629	1.629	8.145	1.629	0	0	0	0	1.629	21.177	9.774	13.415	6.133	3.258	1.629	0	3.258	0	11.403	0	0	1.629	6.516	9.774	19.548	19.548	3.258	4.887	0	0	0	0	3.258	0	0	0	0	1.629	3.258	3.258	0	1.629	1.629	11.403	1.629	6.516	2.134	6.011	0	0	0	3.258	0	0	0	0	1.629	0	0	0	0	9.774	3.258	1.629	0	3.258	1.629	0	0	0	0	0	0	0	3.258	0	0	0	1.629	4.887	6.516	0	0	0	0	1.629	0	3.258	1.629	4.887	9.774	3.258	1.629	0	0	0	0	3.258	1.629	0	14.661	4.887	0	0	0	1.629	1.629	11.403	3.258	0	0	0	0	1.629	0	0	1.629	1.629	0	3.258	1.629	0	1.629	19.548	0	1.629	3.258	0	0	0	0	0	1.629	0	1.629	0	0	1.629	1.629	1.629	1.629	0	0	0	14.661	1.629	1.629	0	7.005	6.027	1.629	0	0	1.629	1.629	3.258	3.258	0	0	1.629	3.649	4.496	0	0	3.258	0	3.258	0	0	0	0	1.629	0	0	1.629	0	8.145	3.258	0	0	1.629	3.258	4.887	1.629	0	0	0	0	0	0	0	2.72	3.796	1.629	1.629	3.258	3.258	1.629	0	0	1.629	3.258	0	0	0	0	1.629	0	0	0	0	0	0	1.629	0	0	3.258	0	8.145	0	4.887	0	1.629	0	4.887	1.629	6.516	0	0	3.258	1.629	0	0	1.629	3.258	3.258	6.516	1.629	0	0	1.629	0	0	0	0	1.629	0	3.258	1.629	0	1.629	0	0	0	1.629	6.516	0	1.629	0	0	0	3.258	0	1.629	3.258	0	3.258	6.516	0	0	0	4.887	0	0	6.516	1.629	4.887	6.516	9.774	8.145	1.629	0	8.145	0	1.629	3.258	6.516	0	3.258	50:60,39.745:200,50:80
3110056K07Rik-NR_045056	0	0	0	0	0	0	0	0	0	0	0	0	0	0	0	0	0	0	0	0	0	0	0	0	0	0	0	0	0	0	0	0	0	0	0	0	0	0	0	0	0	0	0	0	0	0	0	0	0	0	0	0	0	0	0	0	1.629	3.258	11.403	8.145	4.887	1.629	3.258	0	3.258	0	0	13.032	107.48	322.569	19.548	4.887	3.258	4.887	0	1.629	9.774	3.258	11.403	1.629	4.887	6.516	6.516	23.262	7.689	6.516	6.516	4.887	0	3.258	1.629	8.145	3.258	0	0	3.258	1.629	4.887	22.806	0	0	1.629	1.629	6.516	9.774	13.032	16.29	15.117	9.318	1.629	0.179	4.708	6.516	3.258	1.629	6.516	1.254	5.262	14.661	4.887	13.032	0	0	0	0	0	0	8.145	0	0	0	1.629	8.145	1.629	0	0	3.258	0	1.629	0	6.516	1.629	4.887	1.629	3.258	1.629	0	3.258	1.629	6.516	0	0	0	0	0	0	1.629	3.258	4.887	6.516	0	0	0	0	0	0	0	1.629	1.629	1.629	1.629	0	1.629	0	0	0	1.629	0	6.516	6.516	0	0	1.629	3.714	6.06	0	4.887	0	8.145	8.145	1.629	0	0	17.919	1.629	1.629	3.258	8.145	0	3.258	0	0	3.258	12.771	1.89	0	0	0	3.258	4.887	13.032	1.629	0	0	0	0	0	0	1.629	6.516	0	0	0	1.629	0	1.629	0	1.629	0	0	8.145	4.887	0	0	0	16.29	4.887	6.516	1.629	4.887	0.668	2.59	3.258	1.629	0	0	0	0	1.629	3.258	1.629	1.629	11.403	4.887	1.629	0	0	1.629	0	1.629	0	0	0	0	1.629	0	6.516	11.403	1.629	3.258	4.887	0	0	3.258	3.258	4.887	34.208	35.837	14.661	13.032	6.516	22.806	21.177	4.887	1.629	1.629	6.516	24.435	0	3.258	0	9.774	24.435	3.258	9.774	14.661	1.629	0	0	6.516	17.919	1.629	0	0	6.516	19.548	1.629	0	1.629	6.516	1.629	4.887	0	3.258	4.887	13.032	6.516	8.145	0	4.887	9.774	0	0	0	4.887	17.919	8.145	4.887	1.629	13.032	4.887	14.661	27.693	1.629	0	0	0	3.258	3.258	3.258	50:60,30.61:200,50:80
3110082J24Rik-NM_001256263	0	0	0	0	0	0	0	0	0	0	0	0	0	0	0	0	0	0	0	0	0	0	0	0	0	0	0	0	0	0	0	0	0	1.629	0	0	0	0	0	0	1.629	0	0	0	0	0	0	0	0	0	0	0	0	0	0	0	0	0	0	0	0	0	0	0	0	0	0	0	0	0	0	0	0	0	0	0	0	0	0	0	0	0	0	0	0	0	0	0	0	0	0	0	0	0	0	0	0	0	0	1.629	0	0	0	0	0	0	0	0	0	0	0	0	0	0	0	0	0	0	0	0	0	0	0	0	0	0	0	0	0	0	0	0	0	0	0	0	0	0	0	0	0	0	0	0	0	0	0	0	0	0	0	0	0	0	0	0	0	4.887	0	0	0	0	0	0	0	0	0	0	0	0	0	0	0	0	1.629	0	0	0	0	0	0	0	0	0	0	1.629	0	0	0	0	0	0	0	0	0	1.629	0	0	0	0	0	0	0	0	0	0	0	0	0	0	0	0	0	0	0	0	0	0	0	0	0	0	0	0	0	0	0	0	0	0	0	0	0	0	0	0	0	0	0	0	0	0	0	0	0	0	0	0	0	0	0	0	0	0	0	0	0	0	0	0	0	0	0	0	0	0	0	0	0	0	0	0	0	0	0	0	0	0	0	0	0	0	0	0	0	0	0	0	0	0	0	0	0	0	0	0	0	0	0	0	0	0	0	0	0	0	0	0	0	0	0	0	0	0	0	0	0	0	0	0	0	0	0	0	0	0	0	0	0	0	0	0	0	0	0	0	0	0	0	0	50:60,12.515:200,50:80
3425401B19Rik-NM_001195097	0	0	0	0	0	0	0	0	0	0	0	0	0	0	0	0	0	0	0	0	0	0	0	0	0	0	0	0	0	0	0	0	0	0	0	0	0	0	0	0	0	0	0	0	0	0	0	0	0	0	0	0	0	0	0	0	0	0	0	0	0	0	0	0	0	0	0	0	0	0	0	0	0	0	0	0	0	0	0	0	0	0	0	0	0	0	0	0	0	0	0	0	0	0	0	0	0	0	0	0	0	0	0	0	0	0	0	0	0	0	0	0	0	0	0	0	0	0	0	0	0	0	0	0	0	0	0	0	0	0	0	0	0	0	0	0	0	0	0	0	0	0	0	0	0	0	0	0	0	0	0	0	0	0	0	0	0	0	0	0	0	0	0	0	0	0	0	0	0	0	0	0	0	0	0	0	0	0	0	0	0	0	0	0	0	0	0	0	0	0	0	0	0	0	0	0	0	0	0	0	0	0	0	0	0	0	0	0	0	0	0	0	0	0	0	0	0	0	0	0	0	0	0	0	0	0	0	0	0	0	0	0	0	0	0	0	0	0	0	0	0	0	0	0	0	0	0	0	0	0	0	0	0	0	0	0	0	0	0	0	0	0	0	0	0	0	0	0	0	0	0	0	0	0	0	0	0	0	0	0	0	0	0	0	0	0	0	0	0	0	0	0	0	0	0	0	0	0	0	0	0	0	0	0	0	0	0	0	0	0	0	0	0	0	0	0	0	0	0	0	0	0	0	0	0	0	0	0	0	0	0	0	0	0	0	0	0	0	0	0	50:60,130.77:200,50:80
4930404H11Rik-NR_045941	0	0	0	0	0	0	0	0	0	0	0	0	0	0	0	0	0	0	0	0	0	0	0	0	0	0	0	0	0	0	0	0	0	0	0	0	0	0	0	0	0	0	0	0	0	0	0	0	0	0	0	0	0	0	0	0	0	0	0	0	0	0	0	0	0	0	0	0	0	0	0	0	0	0	1.629	0	0	0	0	0	0	0	0	0	0	0	0	0	0	0	0	0	0	0	0	0	0	0	0	0	0	0	0	0	0	0	0	0	0	0	0	0	0	0	0	0	0	0	0	0	0	0	0	0	0	0	0	0	0	0	0	0	0	0	0	0	0	0	0	0	0	0	0	0	0	0	0	0	0	0	0	0	0	0	0	0	0	0	0	0	0	0	0	0	0	0	0	0	0	0	0	0	0	0	0	0	0	0	0	1.629	0	0	0	0	0	0	0	0	0	0	0	0	0	0	0	0	0	0	0	0	0	0	0	0	0	0	0	0	0	0	0	0	0	0	0	1.629	0	0	0	0	0	0	0	0	0	0	0	0	0	0	0	0	0	0	0	0	0	0	0	0	0	0	0	0	0	0	0	0	0	0	0	0	0	0	0	0	0	0	0	0	0	0	0	0	0	0	0	0	0	0	0	0	0	0	0	0	0	0	0	0	0	0	0	0	0	0	1.629	0	0	0	0	0	0	0	0	0	0	0	0	0	0	0	0	0	0	0	0	0	0	0	0	0	0	0	0	0	0	0	0	0	0	0	0	0	0	0	0	0	0	0	0	0	0	0	0	1.629	0	0	0	0	50:60,77.635:200,50:80
4930534H03Rik-NR_151510	0	0	0	0	0	0	0	0	0	0	0	0	0	0	0	0	0	0	0	0	0	0	0	0	0	0	0	0	0	0	0	0	0	0	0	0	0	0	0	0	0	0	0	0	0	0	0	0	0	0	0	0	0	0	0	0	0	0	0	0	0	0	0	0	0	0	0	0	0	0	0	0	0	0	0	0	0	0	0	0	0	0	0	0	0	0	0	0	0	0	0	0	0	0	0	0	0	0	0	0	0	0	0	0	0	0	0	0	0	0	0	0	0	0	0	0	0	0	0	0	0	0	0	0	0	0	0	0	0	0	0	0	0	0	0	0	0	0	0	0	0	0	0	0	0	0	0	0	0	0	0	0	0	0	0	0	0	0	0	0	0	0	0	0	0	0	0	0	0	0	0	0	0	0	0	0	0	0	0	0	0	0	0	0	0	0	0	0	0	0	0	0	0	0	0	0	0	0	0	0	0	0	0	0	0	0	0	0	0	0	0	0	0	0	0	0	0	0	0	0	0	0	0	0	0	0	0	0	0	0	0	0	0	0	0	0	0	0	0	0	0	0	0	0	0	0	0	0	0	0	0	0	0	0	0	0	0	0	0	0	0	0	0	0	0	0	0	0	0	0	0	0	0	0	0	0	0	0	0	0	0	0	0	0	0	0	0	0	0	0	0	0	0	0	0	0	0	0	0	0	0	0	0	0	0	0	0	0	0	0	0	0	0	0	0	0	0	0	0	0	0	0	0	0	0	0	0	0	0	0	0	0	0	0	0	0	0	0	0	0	50:60,60.63:200,50:80
4930570G19Rik-NR_040399	0	0	0	0	0	0	0	0	0	0	0	0	0	0	0	0	0	0	0	0	0	0	0	0	0	0	0	0	0	0	0	0	0	0	0	0	0	0	0	0	0	0	0	0	0	0	0	0	0	0	0	0	0	0	0	0	0	0	0	0	0	0	0	0	0	0	1.629	0	0	0	0	4.887	0	0	0	0	0	0	0	3.258	0	0	0	0	0	0	0	0	0	0	0	0	0	0	0	0	0	0	0	0	0	0	0	0	0	0	0	0	0	0	0	0	0	0	0	0	0	0	0	0	0	0	0	0	0	0	0	0	0	0	0	0	0	0	0	0	0	0	0	0	0	0	0	0	0	0	0	0	0	0	0	0	0	0	0	0	0	0	0	0	0	0	0	0	0	0	0	0	0	0	0	1.629	0	0	0	0	0	0	0	0	0	0	0	0	0	0	0	0	0	0	0	0	0	0	0	0	0	0	0	0	0	0	0	0	0	0	0	0	0	0	0	0	0	0	0	0	0	0	0	0	0	0	0	0	0	0	0	0	0	0	0	0	0	0	0	0	0	0	0	0	0	0	0	0	0	0	0	0	0	0	0	0	0	0	0	0	0	0	0	0	0	0	0	1.629	0	0	0	0	0	0	0	0	0	0	0	0	0	0	0	0	0	0	0	0	0	0	0	0	0	0	0	0	0	0	0	0	0	0	0	0	0	0	0	0	0	0	0	0	0	0	0	0	0	0	0	0	0	0	0	0	0	0	0	0	0	0	0	0	0	0	0	0	0	0	0	0	0	0	0	0	50:60,74.675:200,50:80
4931440P22Rik-NR_027955	0	0	0	0	0	0	0	0	0	0	0	0	0	0	0	0	0	0	0	0	0	0	0	0	0	0	0	0	0	0	0	0	0	0	0	0	0	0	0	0	0	0	0	0	0	1.629	0	0	0	0	0	0	0	0	0	0	0	0	0	0	1.629	1.629	0	0	0	0	0	0	0	0	0	0	0	0	0	0	0	0	0	0	0	0	0	0	0	0	0	0	0	0	0	0	0	0	0	0	0	0	0	0	0	0	0	0	0	0	0	0	0	0	0	0	0	0	0	0	0	0	0	0	1.629	0	0	0	0	0	0	0	0	0	0	0	0	0	0	0	0	0	0	0	0	0	0	0	0	0	0	0	0	0	0	0	0	0	0	0	0	0	0	0	0	0	0	0	0	0	0	0	0	0	0	0	0	0	0	0	0	0	0	0	1.629	0	0	0.977	3.91	1.629	3.258	0	0	0	0	0	0	0	0	0	0	0	0	3.258	1.629	0	0	3.258	0	0	0	0	0	0	0	0	0	0	0	0	1.629	0	0	0	0	0.489	1.14	1.629	3.258	0	0	0	4.887	6.516	0	0	4.887	0	1.629	9.774	1.629	0	0	0	0	1.629	0	0	1.629	1.629	3.258	0	0	0	0	0	0	0	0	0	0	0	0	0	1.629	0	19.548	1.629	3.258	22.806	6.516	0	0	3.258	0	3.258	0	1.629	3.258	0	0	0	3.258	6.516	0	0	0	0	0	0	0	1.629	1.629	0	0	0	0	0	1.629	0	0	3.258	3.258	0	0	0	0	0	0	4.887	0	0	0	0	0	0	0	0	0	0	0	0	1.629	0	0	0	0	0	0	1.629	0	0	0	1.629	0	0	3.258	0	0	0	0	1.629	0	0	50:60,9.65:200,50:80
5730416F02Rik-NR_033596	0	0	0	0	0	0	0	0	0	0	0	0	0	0	0	0	0	0	0	0	0	0	0	0	0	0	0	0	0	0	0	0	0	0	0	0	0	0	0	0	0	0	0	0	0	0	0	0	0	0	0	0	0	0	0	0	0	0	0	0	0	0	0	0	0	0	0	0	0	0	0	0	0	0	0	0	0	0	0	0	0	0	0	0	0	0	0	0	0	0	0	0	0	0	0	0	0	0	0	0	0	0	0	0	0	0	0	0	0	0	0	0	0	0	0	0	0	0	0	0	0	0	0	0	0	0	0	0	0	0	0	0	0	0	0	0	0	0	0	0	0	0	0	0	0	0	0	0	0	0	0	0	0	0	0	0	0	0	0	0	0	0	0	0	0	0	0	0	0	0	0	0	0	0	0	0	0	0	0	0	0	0	0	0	0	0	0	0	0	0	0	0	0	0	0	0	0	0	0	0	0	0	0	0	0	0	0	0	0	0	0	0	0	0	0	0	0	0	0	0	0	0	0	0	0	0	0	0	0	0	0	0	0	0	0	0	0	0	0	0	0	0	0	0	0	0	0	0	0	0	0	0	0	0	0	0	0	0	0	0	0	0	0	0	0	0	0	0	0	0	0	0	0	0	0	0	0	0	0	0	0	0	0	0	0	0	0	0	0	0	0	0	0	0	0	0	0	0	0	0	0	0	0	0	0	0	0	0	0	0	0	0	0	0	0	0	0	0	0	0	0	0	0	0	0	0	0	0	0	0	0	0	0	0	0	0	0	0	0	0	50:60,4.06:200,50:80
6530411M01Rik-NR_027881	0	0	0	0	0	0	0	0	0	0	0	0	0	0	0	0	0	0	0	0	0	0	0	0	0	0	0	0	0	0	0	0	0	0	0	0	0	0	0	0	0	0	0	0	0	0	0	0	3.258	0	0	0	0	0	1.629	0	0	0	4.887	1.629	0	0	0	4.887	0	0	0	4.887	0	0	1.629	0	3.258	0	0	0	0	0	0	0	0	0	0	0	0	0	0	0	0	0	0	0	0	0	0	0	0	0	0	0	0	0	0	0	0	0	0	0	0	0	0	0	0	0	0	0	0	0	0	0	0	0	0	0	0	0	0	0	0	0	0	0	0	0	0	0	0	0	0	0	0	0	0	0	0	0	0	0	0	0	0	0	0	0	0	0	0	0	0	0	0	0	0	0	0	0	0	0	0	0	0	0	0	0	0	0	0	0	0	0	0	0	0	0	0	0	0	0	0	0	0	0	0	0	0	0	0	0	0	0	0	0	0	0	0	0	0	0	0	0	0	0	0	0	0	0	0	0	0	0	0	0	0	0	0	0	0	0	0	0	0	0	0	0	0	0	0	0	0	0	0	0	0	0	0	0	0	0	0	0	0	0	0	0	0	0	0	0	0	0	0	0	0	0	0	0	0	0	0	0	0	0	0	0	0	0	0	0	0	0	0	0	0	0	0	0	0	0	0	0	0	0	0	0	0	0	0	0	0	0	0	0	0	0	0	0	0	0	0	0	0	0	0	0	0	0	0	0	0	0	0	0	0	0	0	0	0	0	0	0	0	0	0	0	0	0	0	0	0	0	50:60,101.52:200,50:80
A1cf-NM_001365078	0	0	0	0	0	0	0	0	0	0	0	0	0	0	0	0	0	0	0	0	0	0	0	0	0	0	0	0	0	0	0	0	0	0	0	0	0	0	0	0	0	0	0	0	0	0	0	0	0	0	0	0	0	0	0	0	0	0	0	0	0	0	0	0	0	0	0	0	0	0	0	0	0	0	0	0	0	0	0	0	0	0	0	0	0	0	0	0	0	0	0	0	0	0	0	0	0	0	0	0	0	0	0	0	0	0	0	0	0	0	0	0	3.258	0	0	0	0	0	0	0	0	0	0	0	0	0	0	0	0	0	0	0	0	0	0	0	0	0	0	0	0	0	0	0	0	0	0	0	0	0	0	0	0	0	0	0	0	0	0	0	0	0	0	0	0	0	0	0	0	0	0	0	0	0	0	0	0	0	0	0	0	0	0	0	0	0	0	8.145	0	0	0	0	0	0	0	1.629	0	0	0	0	0	0	0	0	0	0	0	0	0	0	0	0	0	0	0	0	0	0	0	0	0	0	0	1.629	0	0	0	0	0	0	0	0	0	0	0	0	0	0	0	3.258	1.629	0	0	0	0	0	0	0	0	0	0	0	0	0	0	0	0	0	0	0	0	0	0	0	0	0	0	0	0	0	0	0	0	0	0	0	0	0	0	0	0	0	0	0	0	0	0	0	0	0	0	0	0	0	0	0	0	0	0	0	0	0	0	0	0	0	0	0	0	0	0	0	0	0	0	0	0	0	0	0	0	0	0	0	0	0	0	0	0	0	0	0	0	0	0	0	0	0	0	0	50:60,417.765:200,50:80
A830018L16Rik-NM_001310451	0	0	0	0	0	0	0	0	0	0	0	0	0	0	0	0	0	0	0	0	0	0	0	0	0	0	0	0	0	0	0	0	0	0	0	0	0	0	0	0	0	0	0	0	0	0	0	0	0	0	1.629	0	1.629	0	0	0	3.258	0	3.258	0	74.933	19.548	14.661	8.145	21.177	6.516	13.032	21.177	8.145	3.258	19.548	22.806	29.321	17.919	4.887	34.208	13.032	11.403	11.403	17.919	16.29	29.321	9.774	8.145	0	3.258	24.435	9.774	11.403	0	13.032	58.643	1.629	19.548	9.774	4.887	9.774	6.516	9.774	8.145	1.629	3.258	9.774	1.629	8.145	13.032	1.629	3.258	1.629	1.629	11.403	1.629	14.661	9.774	9.774	1.629	0	4.887	3.258	3.258	8.145	0	1.629	3.258	1.629	3.258	1.629	8.145	9.774	8.145	1.629	0	0	0	0	6.516	6.516	3.258	3.258	6.516	4.887	0	0	4.887	13.032	3.258	1.629	4.887	1.629	0	1.629	1.629	0	0	0	0	0	0	0	1.629	3.258	1.629	3.258	1.629	0	0	0	0	0	1.629	0	0	0	3.258	4.887	0	4.887	1.629	4.887	8.145	0	3.258	0	1.629	1.629	0	1.629	0	0	0	0	6.516	4.887	1.629	0	0	1.629	0	0	0	0	11.403	0	0	1.629	0	1.629	0	0	1.629	3.258	0	0	0	0	0	0	0	0	0	0	0	0	1.629	1.629	0	0	0	0	0	0	0	0	0	1.629	0	0	0	1.629	0	3.258	0	0	0	0	0	0	0	0	0	0	0	0	0	0	0	0	0	1.629	0	0	0	0	0	0	0	0	0	0	0	0	0	0	0	0	0	0	0	0	0	0	0	0	0	0	0	0	0	0	0	0	0	0	0	0	0	0	0	0	0	0	0	0	0	0	0	0	0	0	0	0	0	0	0	0	0	0	0	0	0	0	0	0	0	0	0	0	0	0	0	0	0	0	0	0	0	0	0	0	0	50:60,2808.99:200,50:80
AU018091-NM_001004153	0	0	0	0	0	0	0	0	0	0	0	0	0	0	0	0	0	0	0	0	0	0	0	0	0	0	0	0	0	0	0	0	0	0	0	0	0	0	0	0	0	0	0	0	0	0	0	0	0	0	0	0	0	0	0	0	0	0	0	0	0	16.29	30.95	21.177	22.806	4.887	9.774	1.629	0	0	0	0	8.145	3.258	1.629	0	3.258	0	6.516	0	1.629	0	0	0	0	0	0	0	0	0	0	13.032	1.629	3.258	0	0	1.629	0	0	0	0	0	0	0	0	0	0	4.887	0	3.258	0	1.629	3.258	1.629	0	3.258	0	0	0	0	0	1.629	0	13.683	22.154	4.887	3.258	0	9.774	8.145	3.258	1.629	3.258	6.516	1.629	1.629	1.629	0	0	1.629	3.258	0	1.629	0	0	0	0	0	1.629	0	1.629	8.145	0	0	0	0	11.403	8.145	0	1.629	0	1.629	0	1.629	0	0	0	1.629	3.258	0	0	0	3.258	8.145	0	0	0	0	0	0	0	0	0	3.258	1.629	0	0	3.258	13.032	3.258	0	0	3.258	1.629	4.887	3.258	0	0	0	0	0	0	1.629	1.629	1.629	3.258	1.629	3.258	6.516	0	3.258	6.516	13.032	1.629	1.629	1.629	4.887	0	0	1.629	0	3.258	1.629	3.258	3.258	1.629	0	0	0	0	1.629	0	1.629	0	1.629	4.887	0	13.032	1.629	0	0	1.629	0	0	4.887	4.887	0	0	0	3.258	0	1.629	0	4.887	8.145	0	3.258	0	4.887	3.258	4.887	0	0	0	0	0	0	0	3.258	1.629	1.629	3.258	0	0	4.887	1.629	0	0	1.629	3.258	13.032	1.629	4.887	1.629	0	0	1.629	1.629	0	3.258	1.629	4.887	0	6.516	0	3.258	0	0	0	1.629	0	0	0	1.629	0	0	0	0	0	0	0	0	1.629	0	0	3.258	1.629	0	0	1.629	0	0	0	0	0	0	0	0	0	1.629	0	0	0	0	0	0	0	0	0	0	50:60,72.725:200,50:80
Aamdc-NM_183251	0	0	0	0	0	0	0	0	0	0	0	0	0	0	0	0	0	0	0	0	0	0	0	0	0	0	0	0	0	42.353	8.145	0	0	4.887	0	0	0	0	0	1.629	0	0	1.629	0	0	0	0	0	0	0	0	0	1.629	0	16.29	17.919	1.629	0	3.258	6.516	380.373	96.916	0	1.629	1.629	14.661	3.258	3.258	0	3.258	1.629	0	3.258	1.629	4.113	4.032	0	0	0	1.629	0	1.629	0	8.145	0	3.258	0	1.629	4.887	0	1.629	3.258	0	0	0	1.629	1.629	0	0	1.629	0	0	1.629	1.629	4.887	1.629	1.629	0	0	1.629	0	0	0	0	1.629	0	0	0	3.258	1.629	0	0	0	0	4.887	0	8.145	3.258	1.629	0	19.548	0	1.629	4.887	3.258	8.145	0	0	3.258	4.887	1.629	1.629	9.774	6.516	14.661	4.887	3.258	0	0	1.629	0	9.774	9.774	0	4.887	0	3.258	1.629	0	0	1.629	0	0	0	0	0	0	1.629	1.629	1.629	9.774	1.629	6.516	0	1.629	0	0	0	3.258	0	0	1.629	1.629	0	1.629	0	1.629	0	0	0	3.258	3.258	1.629	3.258	0	0	0	0	0	1.629	1.629	3.258	1.629	3.258	0	1.629	0	0	0	0	3.258	0	0	0	0	0	0	0	0	0	0	0	0	0	0	0	0	0	0	0	0	0	0	0	1.629	0	0	0	0	0	0	0	0	0	0	0	0	0	0	1.629	0	0	3.258	0	0	0	3.258	1.629	1.629	0	0	0	0	0	0	0	0	0	4.887	37.466	0	1.629	0	0	0	0	0	0	0	0	0	0	0	0	0	0	0	0	0	0	0	0	0	0	0	0	0	0	0	0	0	0	0	0	0	0	0	0	0	1.629	0	1.629	0	0	0	0	0	0	0	0	0	0	0	0	0	0	0	0	0	0	0	0	0	0	0	1.629	0	0	0	0	50:60,145.835:200,50:80
Abca6-NM_001166556	0	0	0	0	0	0	0	0	0	0	0	0	0	0	0	0	0	0	0	0	0	0	0	0	0	0	0	0	0	0	0	0	0	0	0	0	0	0	0	0	0	0	0	0	0	0	0	0	0	0	0	0	0	0	0	0	0	0	0	0	0	0	0	0	0	0	0	0	0	0	0	0	0	0	0	0	0	0	0	0	0	0	0	0	0	0	0	0	0	0	0	0	0	0	0	0	0	0	0	0	0	0	0	0	0	0	0	0	0	0	0	0	0	0	0	0	0	0	0	0	0	0	0	0	0	0	0	0	0	0	0	0	0	0	0	0	0	0	0	0	0	0	0	0	0	0	0	0	0	0	0	0	0	0	0	0	0	0	0	0	0	0	0	0	0	0	0	0	0	0	0	0	0	0	0	0	0	0	0	0	0	0	0	0	0	0	0	0	0	0	0	0	0	0	0	0	0	0	0	0	0	0	0	0	0	0	0	0	0	0	0	0	0	0	0	0	0	0	0	0	0	0	0	0	0	0	0	0	0	0	0	0	0	0	0	0	0	0	0	0	0	0	0	0	0	1.629	0	0	0	0	0	0	0	0	0	0	0	0	0	0	0	0	0	0	0	0	0	0	0	0	0	0	0	0	0	0	0	0	0	0	0	0	0	0	0	0	0	0	0	0	0	0	0	0	0	0	0	0	0	0	0	0	0	0	0	0	0	0	0	0	0	0	0	0	0	0	0	0	0	0	0	0	0	0	0	0	0	0	0	0	0	0	0	0	0	0	0	0	0	0	50:60,76.77:200,50:80
Abcd3-NM_008991	0	0	0	0	0	0	0	0	0	0	0	0	0	0	0	0	0	0	0	0	0	0	0	0	0	0	0	0	0	0	0	0	0	0	0	0	0	0	0	0	0	0	0	0	0	0	1.629	0	0	0	0	0	0	0	0	0	1.629	9.774	0	0	45.611	4.887	37.466	37.401	31.016	17.919	8.145	22.806	30.95	0	14.661	9.774	13.032	16.29	8.145	16.29	11.403	16.29	29.321	30.95	3.258	6.516	4.887	1.629	14.661	11.403	8.145	21.177	0	8.145	3.258	11.403	6.516	4.887	6.516	0	14.661	4.887	17.919	3.258	11.403	14.661	0	13.032	17.919	21.177	6.516	4.887	6.516	6.516	4.887	17.919	14.661	3.258	6.516	0	1.629	6.516	9.774	6.516	3.258	13.032	0	0	9.774	1.629	1.629	6.516	4.887	8.145	17.919	4.887	11.403	4.887	21.177	0	9.774	3.258	0	6.516	3.258	9.774	27.692	9.774	4.887	3.258	4.887	8.145	1.629	29.321	1.629	13.032	0	3.258	4.887	8.145	0	3.258	0	0.814	13.846	4.887	0	0	9.774	4.887	3.258	11.403	3.258	4.887	6.516	6.516	1.629	1.629	1.629	8.145	6.516	3.258	6.516	6.516	4.887	0	3.258	17.919	20.159	2.647	6.516	13.032	11.403	3.258	9.774	8.145	17.919	14.661	4.887	3.258	4.887	8.145	14.661	4.887	16.29	11.403	3.722	2.794	3.258	4.887	1.629	1.629	4.887	4.887	4.887	11.403	1.629	6.516	0	6.516	3.258	0	9.774	6.516	0	0	19.548	11.403	8.145	14.661	3.258	1.629	1.629	8.145	0	1.629	1.629	13.032	6.516	3.258	3.258	0	1.629	1.629	0	1.629	13.032	9.774	16.29	3.258	0	3.258	11.403	3.258	6.516	11.403	14.661	1.629	0	0	1.629	4.887	3.258	9.774	0	0	1.629	0	0	0	0	1.629	0	0	1.629	1.629	8.145	3.258	1.629	1.629	0	1.629	0	0	1.629	6.516	3.258	6.516	0	0	3.258	0	0	1.629	0	0	0	4.887	0	0	6.516	6.516	0	1.629	0	13.032	0	0	0	0	0	0	0	1.629	4.887	0	3.258	3.258	0	0	3.258	1.629	0	4.887	0	0	0	3.258	3.258	21.177	19.548	1.629	0	9.774	1.629	1.629	3.258	6.516	0	0	1.629	0	9.774	4.887	50:60,281.995:200,50:80
Acap2-NM_030138	0	0	0	0	0	0	0	0	0	0	0	0	0	0	0	0	0	0	0	0	0	0	0	0	0	0	0	0	0	0	0	0	0	0	0	0	0	0	0	0	0	0	0	0	0	0	0	0	0	0	0	0	0	0	0	0	0	1.629	0	4.887	32.579	30.95	42.353	8.145	3.258	27.692	6.516	13.032	3.258	14.661	4.887	17.919	9.774	3.258	3.258	17.919	11.403	21.177	9.774	8.145	3.258	3.258	9.774	14.856	20.981	9.774	6.516	9.774	21.177	3.258	13.032	1.629	6.516	3.258	30.95	10.882	3.779	4.887	0	8.145	4.887	9.774	4.887	16.29	1.629	17.919	4.887	8.145	4.887	6.516	1.629	8.145	21.177	13.032	1.629	11.403	11.403	6.516	4.887	3.258	8.145	8.145	1.629	4.887	1.629	17.919	8.145	11.403	16.29	14.661	0	11.403	4.887	9.774	1.629	8.145	4.887	8.145	3.258	6.516	11.403	8.145	6.516	9.774	4.887	16.29	16.29	13.032	11.403	1.629	6.516	21.177	6.516	0	8.145	34.208	17.919	57.014	29.321	17.919	3.258	11.403	11.403	13.032	14.661	3.258	14.661	6.516	42.353	14.661	8.145	13.032	11.403	4.887	3.258	1.629	6.516	8.145	8.145	6.516	9.774	9.774	6.516	11.403	14.661	3.258	15.492	8.943	13.032	3.258	6.516	0	11.403	6.516	11.403	3.258	6.516	14.661	1.629	17.919	6.516	3.258	4.887	3.258	3.258	8.145	8.145	4.887	4.887	0	9.774	3.258	17.919	9.774	13.032	4.887	17.919	13.032	9.774	6.516	4.887	4.887	6.516	8.145	4.887	8.145	0	6.516	6.516	1.629	14.661	3.258	6.516	13.032	13.032	8.145	14.661	0	0	8.145	8.145	3.258	24.435	1.629	11.403	8.145	8.145	4.887	16.29	11.403	3.258	0	4.887	8.145	6.516	4.887	9.774	6.516	4.887	11.403	0	1.629	0	0	3.258	0	0	0	0	0	0	0	0	0	3.258	0	0	0	0	0	0	0	0	0	0	0	0	1.629	0	0	1.629	1.629	11.403	0	1.629	1.629	0	1.629	4.887	6.516	3.258	3.258	0	0	0	0	0	0	0	0	0	0	0	0	0	0	0	0	0	0	0	0	0	0	0	0	0	0	0	0	0	0	0	0	0	0	0	0	0	0	50:60,544.13:200,50:80
Acbd6-NM_028250	0	0	0	0	0	0	0	0	0	0	0	0	0	0	0	0	0	0	0	0	0	0	0	0	0	0	0	0	1.629	0	0	0	0	0	0	0	0	0	0	0	0	0	0	0	0	0	0	0	0	0	0	0	0	0	0	0	1.629	1.629	0	1.629	53.756	50.726	42.125	13.032	39.095	27.692	8.145	24.435	6.516	24.435	17.919	3.258	22.806	19.548	24.435	11.403	13.032	17.919	19.548	9.774	11.403	13.032	24.435	43.982	17.919	58.643	19.548	27.692	14.661	26.064	9.774	19.548	14.661	4.887	8.145	26.064	9.774	16.29	14.661	21.177	16.29	21.177	21.177	13.032	14.661	11.403	9.774	9.774	9.774	1.629	8.145	21.177	24.435	14.661	17.919	16.29	43.982	8.145	14.661	6.516	6.516	8.145	17.919	1.629	17.919	11.403	4.887	1.629	13.032	4.887	11.403	9.774	9.774	3.258	1.629	4.887	0	9.774	1.629	0	3.258	1.629	0	1.629	3.258	4.887	4.887	8.145	1.629	3.258	4.887	8.145	3.258	3.258	6.516	6.516	1.629	13.032	6.516	9.774	8.145	9.774	4.887	3.258	4.887	6.516	0	8.145	3.258	1.629	3.258	8.145	1.629	9.774	3.258	1.629	4.887	4.887	1.629	4.887	4.887	6.516	0	3.258	3.258	3.258	0	3.258	3.258	0	6.516	3.258	3.258	0	9.774	3.258	14.661	1.629	3.258	13.032	4.887	4.887	8.145	4.887	14.661	16.29	9.774	4.887	13.032	3.258	3.258	1.629	0	16.29	1.629	17.919	6.516	3.258	4.887	1.629	6.516	1.629	8.145	8.145	4.887	3.258	3.258	0	3.258	1.629	1.629	0	1.629	4.887	3.258	9.774	1.629	3.258	3.258	0	4.887	6.516	0	1.629	8.145	3.258	6.516	1.629	4.887	3.258	3.258	8.145	4.887	3.258	3.258	6.516	1.629	6.516	1.629	8.145	0	0	0	0	0	0	0	0	0	0	0	0	0	0	0	0	0	0	0	0	0	0	0	0	0	0	0	0	0	0	0	0	0	0	3.258	0	0	0	0	0	0	0	0	0	4.887	0	0	0	3.258	0	0	0	3.258	0	0	0	0	0	0	1.629	0	0	0	0	0	0	0	0	0	0	3.258	0	0	0	0	0	1.629	0	0	0	50:60,645.57:200,50:80
Accs-NM_001290782	1.629	0	1.629	0	0	0	0	0	1.629	0	0	0	0	0	0	0	0	0	0	0	0	0	1.629	0	0	0	0	0	0	0	0	0	0	1.629	0	0	0	0	0	0	0	1.629	0	0	0	0	0	0	0	0	0	0	0	0	0	0	1.629	0	0	4.887	4.887	9.774	0	4.887	1.629	3.258	0	1.629	0	0	0	0	0	0	0	0	3.258	0	3.258	0	0	0	0	0	4.887	0	0	0	0	0	0	0	0	0	1.629	0	0	0	0	0	0	0	0	3.258	0	0	0	0	1.629	0	0	0	0	0	0	0	0	0	0	0	0	0	0	0	0	0	0	0	0	0	0	0	3.258	0	0	0	0	0	0	0	0	0	1.629	0	0	0	3.258	0	0	0	0	0	0	0	0	1.629	3.258	0	0	0	1.629	0	0	0	0	0	0	0	0	0	0	0	0	0	0	0	0	0	1.629	0	1.629	0	0	0	0	0	0	0	0	0	0	0	0	0	0	0	0	0	0	0	0	0	0	0	0	1.629	0	0	0	0	0	0	1.629	0	0	0	0	0	0	1.629	0	0	0	1.629	0	1.629	1.629	0	0	0	0	0	1.629	1.629	1.629	0	0	0	3.258	0	0	0	0	0	0	0	0	0	0	0	0	0	1.629	0	0	0	0	0	0	0	0	0	0	0	0	0	0	0	0	0	0	0	0	0	0	0	0	0	0	0	0	0	4.887	0	0	1.629	0	0	0	3.258	0	0	0	0	0	0	0	0	0	0	0	0	0	0	0	0	0	0	0	0	0	0	0	0	0	0	0	0	0	0	0	0	0	0	0	0	0	0	0	0	0	0	0	0	0	0	0	0	0	0	50:60,82.385:200,50:80
Adamts10-NM_001329202	0	0	0	0	0	0	0	0	0	0	0	0	0	0	0	0	0	0	0	0	0	0	0	0	0	0	0	0	0	0	0	0	0	0	0	0	0	0	0	0	0	0	0	0	0	0	0	0	0	0	0	0	0	0	0	0	0	0	0	0	8.145	27.693	6.516	6.516	4.887	4.887	0	19.548	0	0	3.258	1.629	0	0	0	0	0	1.629	0	0	0	0	0	0	0	0	0	0	0	0	0.31	1.319	0	0	0	0	1.629	1.629	0	1.629	1.629	1.629	1.629	0	0	4.887	1.629	0	3.258	6.516	1.629	0	0	6.516	0	0	1.629	0	0	1.629	0	4.887	0	0	0	0	0	0	0	0	0	1.629	0	4.887	0	1.629	3.258	0	0	0	1.629	0	0	1.629	0	1.629	4.887	4.887	0	0	0	1.629	1.629	0	3.258	4.887	1.629	4.887	0	0	3.258	0	0	0	3.258	0	0	0	1.629	0	0	1.629	0	0	0	0	1.629	1.629	1.629	0	0	0	3.258	0	0	1.629	0	0	0	0	0	0	0	0	0	0	0	0	0	0	0	0	0	0	0	0	0	0	4.887	1.629	0	0	0	1.629	0	0	0	0	0	0	0	0	0	0	0	0	0	0	0	1.629	0	0	0	0	0	0	1.629	0	0	1.629	1.629	0	0	0	0	0	0	0	0	0	0	8.145	1.629	0	1.629	0	8.145	1.629	0	0	0	0	0	0	0	0	0	0	1.629	0	1.629	0	0	0	0	0	0	0	0	4.887	1.629	1.629	0	0	0	0	1.629	0	3.258	0	0	1.629	0	0	3.258	0	0	0	0	0	0	0	0	0	0	0	0	0	1.629	4.887	0	0	1.629	0	0	0	0	0	0	0	0	0	0	0	0	1.629	0	0	0	0	0	0	0	0	0	0	0	0	0	0	50:60,148.49:200,50:80
Adamts10-NM_001329203	0	0	0	0	0	0	0	0	0	0	0	0	0	0	0	0	0	0	0	0	0	0	0	0	0	0	0	0	0	0	0	0	0	0	0	0	0	0	0	0	0	0	0	0	0	0	0	0	0	0	0	0	0	0	0	0	0	0	0	0	8.145	27.693	6.516	6.516	4.887	4.887	0	19.548	0	0	3.258	1.629	0	0	0	0	0	1.629	0	0	0	0	0	0	0	0	0	0	0	0	0.31	1.319	0	0	0	0	1.629	1.629	0	1.629	1.629	1.629	1.629	0	0	4.887	1.629	0	3.258	6.516	1.629	0	0	6.516	0	0	1.629	0	0	1.629	0	4.887	0	0	0	0	0	0	0	0	0	1.629	0	4.887	0	1.629	3.258	0	0	0	1.629	0	0	1.629	0	1.629	4.887	4.887	0	0	0	1.629	1.629	0	3.258	4.887	1.629	4.887	0	0	3.258	0	0	0	3.258	0	0	0	1.629	0	0	1.629	0	0	0	0	1.629	1.629	1.629	0	0	0	3.258	0	0	1.629	0	0	0	0	0	0	0	0	0	0	0	0	0	0	0	0	0	0	0	0	0	0	4.887	1.629	0	0	0	1.629	0	0	0	0	0	0	0	0	0	0	0	0	0	0	0	1.629	0	0	0	0	0	0	1.629	0	0	1.629	1.629	0	0	0	0	0	0	0	0	0	0	8.145	1.629	0	1.629	0	8.145	1.629	0	0	0	0	0	0	0	0	0	0	1.629	0	1.629	0	0	0	0	0	0	0	0	4.887	1.629	1.629	0	0	0	0	1.629	0	3.258	0	0	1.629	0	0	3.258	0	0	0	0	0	0	0	0	0	0	0	0	0	1.629	4.887	0	0	1.629	0	0	0	0	0	0	0	0	0	0	0	0	1.629	0	0	0	0	0	0	0	0	0	0	0	0	0	0	50:60,148.49:200,50:80
Adgb-NM_001127353	0	0	0	0	0	0	0	0	0	0	0	0	0	0	0	0	0	0	0	0	0	0	0	0	0	0	0	0	0	0	0	0	0	0	0	0	0	0	0	0	0	0	0	0	0	0	0	0	0	0	0	0	0	0	0	0	0	0	0	0	0	0	0	0	0	0	0	0	0	0	0	0	0	0	0	0	0	0	0	0	0	0	0	0	0	0	0	0	0	0	0	0	0	0	0	0	0	0	0	0	0	0	0	0	0	0	0	0	0	0	0	0	0	0	0	0	0	0	1.629	0	0	0	0	0	0	0	0	0	0	0	0	0	0	0	0	0	0	0	0	0	0	0	0	0	0	0	0	0	0	0	0	0	0	0	0	0	0	0	0	0	0	0	0	0	0	0	0	0	0	0	0	0	0	0	0	0	0	0	0	0	0	0	0	0	0	0	0	1.629	1.629	1.629	0	0	0	0	0	0	0	0	0	0	0	0	0	0	0	0	0	0	0	0	0	0	0	0	0	0	0	0	0	0	0	0	0	0	0	0	0	0	0	0	0	0	0	0	0	0	0	0	0	0	0	0	0	0	0	0	0	0	0	0	0	0	0	0	0	0	0	0	0	0	0	0	0	0	0	0	0	0	0	0	0	0	0	0	0	0	0	0	0	0	0	0	0	0	0	0	0	0	0	0	0	0	0	0	0	0	0	0	0	0	0	0	0	0	0	0	0	0	0	0	0	0	0	0	0	0	0	0	0	0	0	0	0	0	0	0	0	0	0	0	0	0	0	0	0	0	0	0	0	0	50:60,683.485:200,50:80
Adgrg5-NM_001033468	0	0	0	0	0	0	0	0	0	0	0	0	0	0	0	0	0	0	0	0	0	0	0	0	1.629	21.177	3.258	4.887	0	3.258	0	0	0	1.629	0	0	0	0	0	0	0	0	0	0	3.258	1.629	0	0	1.629	0	0	1.629	0	0	1.629	0	0	0	0	0	0	0	0	0	0	0	0	0	0	0	0	0	0	0	0	0	0	0	0	1.629	0	0	0	0	0	0	0	0	0	0	0	0	0	0	0	0	1.629	3.258	0	0	0	0	0	0	0	0	0	0	0	0	0	0	0	0	0	0	0	0	0	0	0	0	0	0	0	0	0	0	0	0	0	0	0	0	0	0	0	0	0	0	0	0	0	0	0	0	0	0	0	0	0	0	0	0	0	0	0	0	0	0	0	0	0	0	0	0	0	0	0	0	0	1.629	0	0	0	0	0	0	1.629	0	0	0	0	0	0	0	0	0	0	0	0	0	0	0	1.629	0	0	0	0	0	0	0	0	0	0	0	0	0	0	0	0	0	0	0	0	0	0	0	0	0	0	0	0	0	0	0	0	0	0	0	0	0	0	0	0	0	0	0	0	0	0	0	0	0	0	0	0	0	0	0	0	0	0	0	0	0	0	0	0	1.629	0	0	1.629	0	0	0	0	0	0	0	0	0	0	0	0	0	0	0	0	0	0	0	0	0	0	0	0	0	0	0	0	0	0	0	0	0	0	0	0	0	0	0	0	0	0	0	0	0	0	0	0	0	0	0	0	0	0	0	0	0	0	0	0	1.629	0	0	0	0	0	0	0	0	0	0	0	0	0	0	0	0	50:60,97.985:200,50:80
Afg1l-NM_145743	0	0	0	0	0	0	0	0	0	0	0	0	0	0	0	0	0	0	0	0	0	0	0	0	0	0	0	0	0	0	0	0	0	0	0	0	0	0	0	0	1.629	0	0	0	1.629	0	0	0	0	0	0	1.629	0	0	0	0	0	0	0	1.629	285.07	114.028	27.692	66.788	91.222	74.933	35.837	29.321	17.919	22.806	16.29	40.724	22.806	6.516	42.353	13.032	92.851	35.837	0	9.774	16.29	8.145	14.661	3.258	9.774	3.258	3.258	8.145	3.258	3.258	4.887	3.258	4.887	6.516	8.145	3.258	13.032	4.887	1.629	4.887	1.629	3.258	0	0	0	4.887	3.258	3.258	4.887	0	4.887	0	1.629	0	0	4.887	3.258	1.629	0	1.629	3.258	0	0	8.145	0	1.629	1.629	3.258	0	0	4.887	1.629	0	0	4.887	3.258	1.629	4.887	8.145	4.887	3.258	1.629	3.258	0	3.258	4.887	3.258	1.629	4.887	1.629	0	1.629	0	3.258	1.629	0	1.629	0	0	3.258	1.629	0	6.516	1.629	3.258	6.516	6.516	1.629	8.145	1.629	1.629	3.258	3.258	4.887	6.516	1.629	1.629	0	0	0	0	0	0	0	0	4.887	1.629	0	3.258	0	3.258	8.145	0	1.629	1.629	0	1.629	0	4.887	1.629	0	1.629	6.516	4.887	4.887	3.258	1.629	0	1.629	1.629	4.887	0	0	0	1.629	8.145	1.629	3.258	1.629	3.258	1.629	1.629	8.145	1.629	8.145	0	6.516	0	6.516	1.629	0	4.887	4.887	6.516	6.516	1.629	1.629	3.258	3.258	3.258	3.258	6.516	13.032	6.516	4.887	8.145	9.774	4.887	11.403	3.258	0	8.145	1.629	1.629	9.774	9.774	0	0	8.145	8.145	0	1.629	0	0	0	0	0	1.629	0	0	0	0	0	1.629	6.516	3.258	3.258	3.258	11.403	4.887	11.403	0	0	0	0	0	0	0	0	0	3.258	0	0	0	0	0	3.258	0	4.887	0	0	1.629	0	0	0	6.516	0	0	1.629	3.258	3.258	0	0	0	0	0	0	0	0	0	1.629	0	0	0	0	0	0	1.629	0	0	0	0	0	0	0	0	1.629	0	0	1.629	50:60,829.905:200,50:80
Agap3-NM_139153	0	1.629	0	0	0	0	0	0	0	1.629	0	0	0	0	0	0	0	0	0	1.629	0	0	0	0	0	1.629	0	0	0	0	0	0	0	0	0	0	0	1.629	0	0	0	0	0	0	0	1.629	0	0	3.258	1.629	0	0	0	0	0	3.258	0	4.887	0	0	1.629	3.258	19.548	17.919	6.516	13.244	16.078	6.516	3.258	3.258	0	8.145	4.887	4.887	1.629	21.177	13.032	14.661	6.516	6.516	8.145	9.774	1.629	27.693	1.629	1.629	0	1.629	3.258	4.887	3.258	19.548	4.887	0	19.548	6.516	6.516	8.145	4.887	14.661	1.629	26.064	11.403	8.145	9.733	6.557	16.29	4.887	17.919	6.516	17.919	8.145	9.774	9.774	9.774	11.403	19.548	8.145	11.403	13.032	14.661	0	14.661	4.887	0	3.258	8.145	13.032	1.629	8.145	0	6.516	14.661	32.579	24.435	6.516	3.258	3.258	4.887	0	1.629	1.629	3.258	0	17.919	3.258	14.661	16.29	0	0	1.629	1.629	13.032	4.887	8.145	0	8.145	3.258	0	3.258	4.887	6.516	0	8.145	9.774	0	6.516	1.629	1.629	3.258	0	1.629	0	4.887	0	0	0	4.887	9.774	3.258	3.258	0	3.258	11.403	8.145	3.258	6.516	3.258	1.629	4.887	14.661	13.032	6.516	8.145	9.774	0	3.258	1.629	17.919	6.516	3.258	21.177	9.774	6.516	9.774	0	3.258	6.516	6.516	14.661	3.258	1.629	0	4.887	4.887	13.032	3.258	29.321	6.516	11.403	6.516	11.403	8.145	8.145	24.435	4.887	13.032	3.258	1.629	32.579	9.774	1.629	3.258	6.516	0	4.887	1.629	22.806	3.258	6.516	4.887	0	11.403	17.919	4.887	9.774	3.258	16.29	4.887	4.887	8.145	8.145	1.629	9.774	4.887	4.887	0	1.629	3.258	3.258	0	1.629	3.258	0	0	1.629	1.629	0	1.629	1.629	0	4.887	3.258	0	1.629	1.629	0	1.629	6.516	1.629	3.258	6.516	1.629	0	3.258	0	0	0	0	1.629	1.629	3.258	3.258	1.629	0	0	0	0	0	4.887	1.629	6.516	3.258	6.516	0	3.258	0	0	0	0	0	0	9.774	3.258	0	3.258	0	0	0	1.629	0	0	6.516	1.629	0	1.629	3.258	0	0	0	0	0	0	0	3.258	0	0	0	1.629	0	50:60,249.355:200,50:80
Agbl4-NM_030231	0	0	0	0	0	0	0	0	0	0	0	0	0	0	0	0	0	0	0	0	0	0	0	0	0	0	0	0	0	0	1.629	0	0	0	0	0	0	0	0	0	0	0	0	0	0	0	0	0	0	0	0	0	0	0	0	0	0	0	0	0	1.629	4.887	0	1.629	6.516	0	1.629	0	0	0	0	0	0	0	0	1.629	0	0	0	0	1.629	0	0	0	0	0	0	1.629	1.629	0	0	0	0	0	0	0	0	0	0	0	0	1.629	0	0	0	0	0	0	0	0	1.629	1.629	0	0	0	0	8.145	0	0	0	0	0	0	0	0	0	1.629	0	0	0	0	0	0	0	0	0	0	0	0	0	0	0	0	0	0	0	0	0	0	0	1.629	0	0	0	0	0	0	0	0	0	0	0	0	0	0	0	0	0	0	0	0	0	0	0	4.887	0	0	0	0	0	0	1.629	0	0	0	0	0	0	0	0	86.335	1.629	3.258	0	0	0	0	0	0	0	0	0	0	0	0	0	0	0	1.629	4.887	0	1.629	1.629	1.629	0	0	0	4.887	1.629	1.629	1.629	420.274	400.727	255.748	329.052	223.169	229.685	272.038	291.586	197.105	13.032	100.996	55.385	1.629	3.258	1.629	0	0	0	1.629	0	0	0	0	0	0	0	1.629	1.629	0	1.629	4.887	0	0	0	0	40.724	1.629	0	4.887	0	0	0	0	0	0	0	0	0	0	0	0	0	0	0	0	0	0	0	0	0	0	0	0	0	0	0	0	0	0	0	0	0	0	0	0	0	0	0	0	0	0	0	0	0	0	0	0	0	0	0	0	0	0	0	0	0	0	0	0	0	0	0	0	0	0	0	0	0	0	0	0	0	0	0	0	0	0	0	0	50:60,6299.11:200,50:80
Aldh1a1-NM_001361505	0	0	0	0	0	0	0	0	0	0	0	0	0	0	0	0	0	0	0	0	0	0	0	0	0	0	0	0	0	0	0	0	0	0	0	0	0	0	0	0	0	0	0	0	0	0	0	0	0	0	0	0	0	0	0	0	0	0	0	0	0	0	0	0	0	0	0	0	0	0	0	0	0	0	0	0	0	0	3.258	1.629	0	0	0	0	0	0	0	0	0	0	0	0	0	0	0	0	0	0	0	0	0	0	0	0	0	0	0	0	0	0	0	0	0	0	0	0	0	0	0	0	0	0	0	0	0	0	0	0	0	0	0	0	0	0	0	0	0	0	0	0	0	0	0	0	0	0	0	0	0	0	0	0	0	0	0	0	0	0	0	0	0	0	0	0	0	0	0	1.629	0	0	0	0	1.629	0	0	0	0	0	0	0	0	0	0	0	0	0	0	0	0	0	0	0	0	0	0	0	0	0	0	0	0	0	0	0	0	0	0	0	0	0	0	1.629	0	0	0	0	0	0	1.629	0	0	0	0	0	0	0	1.629	0	0	0	0	0	0	0	0	0	0	0	1.629	0	0	0	0	0	0	0	0	0	0	0	0	0	0	0	0	0	0	0	0	0	0	0	0	0	0	0	0	0	0	0	0	0	0	0	0	0	0	0	0	0	0	0	0	0	0	0	0	0	0	0	0	0	0	0	0	0	0	0	0	0	0	0	0	0	0	0	0	0	0	0	0	0	0	0	0	0	0	0	0	0	0	0	0	0	0	0	0	0	0	0	0	0	0	0	0	0	0	0	0	0	50:60,754.405:200,50:80
Aldh4a1-NM_175438	0	1.629	0	0	1.629	1.629	1.629	0	6.516	0	0	3.258	0	0	0	0	0	0	0	0	3.258	3.258	0	0	0	0	0	1.629	0	0	0	0	0	0	0	0	0	0	0	0	0	0	0	0	0	0	1.629	1.629	0	1.629	0	0	0	0	0	0	1.629	0	1.629	1.629	27.693	60.272	19.548	4.887	0	3.258	6.516	0	1.629	1.629	0	1.629	1.629	0	4.887	3.258	0	1.629	0	0	1.629	6.516	3.258	6.516	0	1.629	0	1.629	0	11.403	1.629	6.516	14.661	1.629	8.145	0	0	4.887	3.258	8.145	0	4.887	6.516	1.629	1.629	1.629	1.629	1.629	1.629	3.258	6.516	3.258	0	3.258	8.145	1.629	1.629	3.258	0	3.258	0	0	4.887	1.629	9.774	3.258	1.629	0	4.887	3.258	0	6.516	1.629	0	1.629	4.887	6.516	0	1.629	1.629	0	3.258	3.258	0	0	0	1.629	1.629	0	0	0	3.258	1.629	0	0	0	1.629	0	0	1.629	8.145	0	6.516	3.258	0	3.258	3.258	3.258	3.258	0	4.887	1.629	1.629	0	6.516	1.629	1.629	6.516	1.629	11.403	0	4.887	4.887	6.516	13.032	4.887	3.258	3.258	6.516	8.145	6.516	1.629	1.629	3.258	8.145	8.145	4.887	8.145	3.258	6.516	16.29	37.466	14.661	0	6.516	8.145	9.774	3.258	3.258	17.919	0	0	0	3.258	6.516	4.887	4.887	11.403	1.629	0	0	1.629	1.629	0	5.457	2.688	8.145	0	0	1.629	0	16.29	1.629	0	4.887	0	0	0	1.629	0	3.258	0	3.258	1.629	1.629	1.629	0	4.887	0	1.629	0	0	1.629	0	1.629	1.629	3.258	6.516	1.629	4.887	0	6.516	0	1.629	0	6.516	1.629	0	0	4.887	1.629	0	3.258	1.629	0	0	0	3.258	3.258	3.258	1.629	0	0	3.258	8.145	0	1.629	0	3.258	0	0	4.887	14.661	0	1.629	3.258	3.258	3.258	0	1.629	0	0	0	4.887	1.629	0	6.516	0	0	0	0	0	0	0	1.629	0	0	0	1.629	1.629	0	0	1.629	1.629	0	0	0	1.629	3.258	0	0	0	0	1.629	0	0	0	1.629	0	0	50:60,133.99:200,50:80
Alox5-NM_009662	0	0	0	0	0	0	0	0	0	0	0	0	0	0	0	0	0	0	0	0	0	0	0	0	0	0	0	0	0	0	0	0	0	0	0	0	0	0	0	0	0	0	0	0	0	0	0	0	0	0	0	0	0	0	0	0	0	0	0	0	6.516	0	1.629	0	0	0	0	0	0	3.258	0	0	0	0	0	1.629	0	0	1.629	0	0	0	1.629	0	0	3.258	1.629	0	0	0	0	0	0	0	0	1.629	1.629	1.629	0	0	0	0	0	0	0	0	0	1.629	0	0	0	0	0	0	0	0	0	0	0	0	0	0	0	0	0	0	0	0	0.424	1.205	1.629	0	3.258	0	0	0	0	0	0	0	0	0	0	0	0	0	0	0	0	0	0	0	1.629	0	0	0	0	0	0	0	0	0	0	0	0	0	0	0	0	0	0	0	0	0	0	0	0	0	0	0	0	0	0	0	0	0	0	0	0	0	0	0	0	0	1.629	0	0	0	0	0	0	0	0	0	0	0	0	1.629	0	0	1.629	0	0	0	0	0	0	0	0	0	0	0	0	0	0	0	0	1.629	0	0	0	0	0	0	0	0	0	1.629	0	0	0	0	0	0	0	1.629	0	0	0	0	0	1.629	0	0	0	0	0	0	0	0	0	0	0	0	0	0	1.629	0	0	0	0	0	0	0	0	0	0	0	0	0	0	0	1.629	0	0	0	0	0	0	0	0	0	3.258	0	0	0	1.629	0	0	0	0	1.629	0	0	0	0	0	0	0	0	0	0	0	0	0	0	0	0	0	0	0	0	0	0	0	0	0	0	0	0	0	0	0	0	0	0	0	0	0	0	50:60,255.54:200,50:80
Als2cl-NM_146228	0	0	0	0	0	0	0	0	0	0	0	0	0	0	0	0	0	0	0	0	0	0	0	0	0	0	0	0	0	0	0	0	0	0	0	0	0	0	0	0	0	0	0	0	0	0	0	0	0	0	0	0	0	0	0	0	0	0	0	0	4.887	0	0	0	4.887	6.516	0	0	0	3.258	0	3.258	0	1.629	4.887	0	1.629	3.258	1.629	0	0	0	1.629	0	0	0	0	0	0	0	0	1.629	0	0	0	0	0	0	0	0	0	1.629	1.629	0	0	0	0	0	0	1.629	3.258	0	1.629	0	0	0	1.629	1.629	0	0	0	0	0	0	0	0	0	0	0	0	0	1.629	1.629	6.516	0	1.629	1.629	0	1.629	0	1.629	1.629	1.629	0	0	3.258	3.258	1.629	1.629	0	0	0	1.629	1.629	0	0	0	0	0	1.629	0	0	0	0	1.629	0	1.629	0	0	0	0	0	0	1.629	0	0	0	0	1.629	0	0	0	6.516	1.629	0	1.629	0	0	1.629	1.629	0	3.258	1.629	0	0	1.629	0	0	0	0	0	0	0	3.258	0	1.629	0	0	0	1.629	0	0	0	0	0	0	0	0	1.629	1.629	1.629	1.629	0	3.258	10.629	17.063	0	3.258	3.258	1.629	0	0	0	0	0	0	0	0	0	0	0	0	0	1.629	3.258	0	0	0	0	0	1.629	0	0	0	1.629	0	0	1.629	6.516	0	0	3.258	0	0	3.258	14.661	0	0	0	1.629	4.887	1.629	1.629	1.629	0	0	1.629	0	1.629	0	0	0	3.258	0	0	0	0	0	0	0	0	0	0	0	0	0	0	0	0	0	0	0	0	0	0	0	0	0	0	0	0	0	0	0	0	0	0	0	0	0	0	0	0	0	0	0	0	0	0	0	0	0	0	0	0	0	0	0	0	0	50:60,101.785:200,50:80
Ank1-NM_031158	0	0	0	0	0	0	0	1.629	0	0	0	0	0	0	0	0	0	0	0	0	0	0	0	0	0	0	0	0	0	0	0	0	0	0	0	0	0	0	0	0	0	0	0	0	0	0	0	0	0	0	0	0	0	0	0	0	0	0	0	0	3.258	1.629	0	0	0	0	0	0	0	0	0	0	0	0	0	0	0	0	0	0	0	0	0	0	0	0	0	0	0	0	0	0	0	1.629	0	0	0	0	0	0	0	0	0	0	0	3.258	0	0	0	0	0	1.629	0	0	0	0	4.887	0	0	0	0	0	0	0	0	0	0	0	0	0	0	0	0	0	0	0	0	1.629	1.629	0	1.629	0	0	0	0	1.629	0	0	0	0	0	0	0	0	0	1.629	0	0	1.629	0	0	0	0	0	0	0	0	0	0	0	0	0	0	0	0	0	0	0	0	0	0	0	0	1.629	0	0	0	0	0	0	0	0	0	0	0	0	1.629	0	0	0	0	0	0	1.629	0	0	0	0	0	0	0	0	0	0	0	0	0	0	0	0	0	0	0	0	0	0	1.629	0	0	0	0	0	0	0	0	1.629	0	0	0	0	0	0	0	0	0	0	0	0	0	0	0	0	0	0	0	0	0	0	1.629	1.629	0	0	0	0	0	0	0	0	0	0	0	0	0	0	0	0	0	0	0	0	0	0	0	0	0	0	0	0	0	0	0	0	0	0	0	0	0	0	0	0	0	0	0	0	0	0	0	0	0	0	0	0	0	0	0	0	0	0	0	0	0	0	0	0	0	0	0	0	0	0	0	0	0	0	0	0	0	0	0	0	50:60,461.195:200,50:80
Ankrd33-NM_001355656	0	0	0	0	0	0	0	0	0	0	0	0	0	0	0	1.629	0	0	0	0	0	0	0	0	0	0	0	0	0	0	0	0	0	0	0	0	0	0	0	0	0	0	0	0	0	0	0	0	0	0	0	0	0	0	0	0	0	0	0	0	0	0	0	0	0	0	0	0	0	0	0	0	0	0	0	0	0	0	0	0	0	0	0	0	0	0	0	0	0	0	0	0	0	0	0	0	0	0	0	0	0	0	0	0	0	0	0	0	0	0	0	0	0	0	0	0	0	0	0	0	0	0	0	0	0	0	0	0	0	0	0	0	0	0	0	0	0	0	0	0	0	0	0	0	0	0	0	0	0	0	0	0	0	0	0	0	0	0	0	0	0	0	0	0	0	0	0	0	0	0	0	0	0	0	0	0	0	0	0	0	0	0	0	0	0	0	0	0	0	0	0	0	0	0	1.629	0	0	0	0	0	0	0	0	0	0	0	0	0	0	0	0	0	1.629	0	0	0	0	0	0	0	0	0	0	0	0	0	0	0	0	0	0	0	0	0	0	0	0	0	0	0	0	0	0	0	0	0	0	0	0	0	0	0	0	0	0	0	0	0	0	0	0	0	0	0	0	0	0	0	0	0	0	0	0	0	0	0	0	0	0	0	0	0	0	0	0	0	0	0	0	0	0	0	0	0	0	0	0	0	0	0	0	0	0	0	0	0	0	0	0	0	0	0	0	0	0	0	0	0	0	0	0	0	0	0	0	0	0	0	0	0	0	0	0	0	0	0	0	0	0	0	50:60,21.35:200,50:80
Ano9-NM_178381	0	0	0	0	0	0	0	0	0	0	0	0	0	0	0	0	0	0	0	0	0	0	0	3.258	1.629	0	0	0	0	0	0	0	0	0	0	0	0	0	0	0	0	0	0	0	0	0	0	0	0	0	1.629	1.629	0	0	1.629	0	0	0	0	0	6.516	6.516	1.629	0	0	1.629	0	0	0	0	0	0	0	1.629	0	3.258	0	0	0	1.629	0	1.629	0	0	0	1.629	1.629	0	0	0	0	0	0	0	0	0	0	0	0	1.629	0	0	0	0	1.629	3.258	0	4.887	0	0	0	0	0	0	0	1.629	0	0	0	0	0	0	0	0	0	1.629	3.258	0	0	0	3.258	0	0	0	0	0	0	0	0	0	0	0	0	0	0	0	0	3.258	0	0	0	0	0	0	0	0	1.629	0	0	0	0	1.629	0	1.629	4.887	3.258	0	1.629	0	1.629	1.629	0	0	1.629	0	3.258	0	0	0	0	0	0	1.629	0	1.629	1.629	0	0	0	3.258	1.629	0	0	0	0	0	0	0	0	0	0	0	0	0	3.258	0	0	0	0	0	0	0	0	0	0	0	0	0	0	0	0	0	0	0	1.629	1.629	0	0	0	0	0	0	0	0	0	0	0	0	4.887	4.887	0	0	0	0	0	1.629	0	0	0	0	0	1.629	3.258	0	1.629	1.629	0	0	1.629	1.629	0	1.629	1.629	0	0	0	0	0	1.629	1.629	1.629	0	6.516	14.661	32.579	9.774	3.258	6.516	3.258	0	0	0	1.629	0	1.629	102.625	1.629	1.629	1.629	1.629	6.516	4.887	9.774	4.887	6.516	0	0	0	0	0	0	0	1.629	0	0	0	0	1.629	3.258	0	0	0	0	0	0	0	1.629	3.258	1.629	0	1.629	0	0	0	0	0	0	0	0	0	0	0	0	0	0	0	1.629	0	1.629	0	50:60,82.94:200,50:80
Apbb1-NM_001253887	0	0	0	0	0	0	0	0	0	0	0	0	0	1.629	0	0	0	0	1.629	0	0	0	0	0	0	0	0	0	0	1.629	0	0	0	0	0	0	0	1.629	0	0	0	0	0	0	0	0	1.629	0	0	0	0	0	0	0	0	0	0	0	0	0	0	0	0	0	0	0	0	0	0	0	0	0	0	0	0	0	0	0	1.629	0	0	0	0	0	0	0	0	0	0	1.629	0	0	0	0	0	0	1.629	0	1.629	0	0	0	0	0	0	0	0	0	0	0	0	1.629	0	0	0	0	0	0	0	0	0	0	0	0	0	0	0	0	0	0	0	0	0	0	0	0	1.629	0	0	0	0	0	0	0	0	0	0	0	0	0	0	0	0	0	0	0	0	0	0	0	0	0	0	0	0	0	1.629	0	0	1.629	0	0	1.629	0	0	0	0	0	0	0	0	0	0	0	0	3.258	0	0	0	0	0	0	0	1.629	0	0	0	0	0	0	0	0	0	0	0	0	0	0	0	0	0	0	0	0	0	0	0	0	0	0	0	0	0	1.629	0	0	0	0	0	0	0	0	0	0	0	0	0	0	0	0	0	0	0	0	0	0	0	0	0	0	0	0	0	0	0	0	0	0	3.258	0	0	0	0	0	0	0	0	0	0	1.629	0	3.258	0	0	0	1.629	1.629	3.258	0	0	3.258	0	1.629	0	0	0	0	0	0	0	0	3.258	0	0	0	0	0	0	0	0	0	0	0	0	0	0	0	1.629	0	0	0	0	0	1.629	0	0	0	0	0	0	0	0	0	0	0	0	1.629	0	0	0	0	0	0	0	3.258	0	0	0	0	0	50:60,54.27:200,50:80
Aqp4-NM_001308644	0	0	0	0	0	0	0	0	0	0	0	0	0	0	0	0	0	0	0	0	0	0	0	0	0	0	0	0	0	0	0	0	0	0	0	0	0	0	0	0	0	0	0	0	0	0	0	0	0	0	0	0	0	0	0	0	0	0	0	0	0	0	0	0	0	0	0	0	0	0	0	0	0	0	0	0	0	0	0	0	0	0	0	0	0	0	0	0	0	0	0	0	0	0	0	0	0	0	0	0	0	0	0	0	0	0	0	0	0	0	0	0	0	0	0	0	0	0	0	0	0	0	0	0	0	0	0	0	0	0	0	0	0	0	0	0	0	0	1.629	0	0	0	0	0	0	0	0	0	0	0	0	0	0	0	0	0	0	0	0	0	0	0	0	0	0	0	0	0	0	0	0	0	0	0	0	0	0	0	0	0	0	0	0	0	0	0	0	0	0	0	0	0	0	0	0	0	0	0	0	0	0	0	0	0	0	0	0	0	0	0	0	0	0	0	0	0	0	0	0	0	0	0	0	0	0	0	0	0	0	0	0	0	0	0	0	0	0	0	0	0	0	0	0	0	0	0	0	0	0	0	0	0	0	0	0	0	0	0	0	0	0	0	0	0	0	0	0	0	0	0	0	0	0	0	0	0	0	0	0	0	0	0	0	0	0	0	0	0	0	0	0	0	0	0	0	0	0	0	0	0	0	0	0	0	0	0	0	0	0	0	0	0	0	0	0	0	0	0	0	0	0	0	0	0	0	0	0	0	0	0	0	0	0	0	0	0	0	0	0	0	50:60,107.945:200,50:80
Arfgap1-NM_001177710	0	1.629	0	0	0	0	0	0	0	0	0	0	0	0	0	0	0	0	0	0	0	0	0	0	0	1.629	0	0	0	0	0	0	0	0	0	0	0	0	0	0	1.629	0	0	0	0	0	0	0	0	0	0	0	0	0	0	0	0	0	0	0	18.733	124.616	26.064	19.548	1.629	1.629	4.887	4.887	9.774	0	4.887	11.403	3.258	9.774	0	0	0	11.403	3.258	0	0	4.887	0	11.403	14.661	1.629	2.443	10.588	32.579	0	0	13.032	14.661	1.629	4.887	0	3.258	1.629	9.774	8.145	0	0	9.774	1.629	3.258	1.629	6.516	16.29	11.403	4.887	11.403	8.145	19.548	6.516	3.258	8.145	6.516	13.032	0	1.629	1.629	1.629	24.435	4.887	14.661	0	3.258	0	11.403	27.692	0	6.516	0	3.258	0	3.258	21.177	8.145	1.629	14.661	21.177	9.774	9.774	4.887	6.516	26.064	19.548	13.032	11.403	19.548	13.032	8.145	0	0	0	9.774	17.919	9.774	3.258	0	0	3.258	0	3.258	6.516	3.258	9.774	6.516	4.887	4.887	11.403	24.435	6.516	21.177	1.629	17.919	17.919	34.208	13.032	4.887	1.629	4.887	9.774	9.774	21.177	4.887	1.629	14.661	0	1.629	0	0	3.258	1.629	0	29.321	1.629	4.887	1.629	17.919	4.887	0	29.321	0	1.629	3.258	0	11.403	21.177	0	0	14.661	4.887	1.629	4.887	3.258	6.516	16.29	3.258	0	1.629	61.901	11.403	3.258	3.258	16.29	1.629	6.516	4.887	1.629	0	4.887	4.887	1.629	1.629	9.774	4.887	0	17.919	1.629	1.629	0	4.887	1.629	3.258	13.032	3.258	4.887	0	1.629	16.29	1.629	14.661	0	1.629	1.629	47.24	21.177	4.072	46.426	6.516	1.629	3.258	1.629	13.032	16.29	8.145	1.629	3.258	0	8.145	13.032	24.435	8.145	8.145	70.046	86.336	6.516	6.516	11.403	19.548	14.661	4.887	9.774	14.661	34.208	8.145	0	3.258	4.887	16.29	24.435	6.516	14.661	1.629	9.774	52.127	19.548	8.145	1.629	13.032	6.516	6.516	11.403	6.516	4.887	9.774	0	6.516	42.353	1.629	9.774	11.403	8.145	4.887	40.724	3.258	6.516	8.145	9.774	0	0	1.629	1.629	13.032	4.887	45.611	4.887	3.258	21.177	9.774	3.258	22.806	22.806	0	26.064	4.887	11.403	29.321	21.177	50:60,76.5:200,50:80
Arhgap42-NM_001372570	0	0	0	0	0	0	0	0	0	0	0	0	0	0	0	0	0	0	0	0	0	0	0	0	0	0	0	0	0	0	0	0	0	0	0	0	0	0	0	0	0	0	0	0	0	0	0	0	0	0	0	0	4.887	8.145	3.258	0	0	0	0	6.516	60.272	34.208	3.258	22.806	19.548	6.516	9.774	4.887	8.145	8.145	11.403	6.516	6.516	9.774	6.516	3.258	9.774	16.29	21.177	6.516	14.661	11.403	17.919	14.661	6.516	14.661	4.887	4.887	8.145	26.064	6.516	13.032	17.919	14.661	4.887	4.887	9.774	13.032	4.887	13.032	4.887	14.661	1.629	8.145	14.661	13.032	24.435	14.661	9.774	9.774	11.403	19.222	14.987	19.548	13.032	13.032	9.774	13.032	1.629	14.661	4.887	16.29	8.145	4.887	8.145	6.516	3.258	1.629	8.145	9.774	8.145	8.145	10.425	7.493	11.403	6.516	14.661	4.887	9.774	16.29	9.774	9.774	8.145	3.258	17.919	9.774	14.661	11.403	14.661	9.774	3.258	9.774	6.516	9.774	4.887	6.516	8.145	8.145	14.661	6.516	21.177	17.919	6.516	8.145	16.29	8.145	9.774	6.516	1.629	1.629	6.516	3.258	11.403	9.774	3.258	11.403	6.516	4.887	22.806	27.692	3.258	17.919	3.258	3.258	1.629	3.258	8.145	6.516	1.629	1.629	9.774	8.145	13.032	13.032	3.258	11.403	14.661	6.516	6.516	11.403	13.032	11.403	16.29	6.516	4.887	6.516	8.145	16.29	6.516	0	4.887	16.29	4.887	6.516	4.887	1.629	0	0	0	0	0	0	3.258	1.629	6.516	13.032	9.774	1.629	3.258	8.145	4.887	6.516	3.258	6.516	0	4.887	3.258	1.629	0	0	0	0	0	1.629	0	1.629	1.629	11.403	6.516	0	0	0	0	3.258	14.661	13.032	6.516	1.629	6.516	1.629	0	0	0	6.516	0	0	0	0	1.629	0	0	0	0	0	0	0	0	0	0	0	0	0	0	0	0	0	0	0	0	0	0	0	0	0	0	0	0	0	0	1.629	0	0	0	0	0	3.258	0	0	0	0	0	0	0	0	0	0	0	0	0	0	0	0	0	0	0	1.629	0	1.629	4.887	0	0	0	0	0	0	0	1.629	0	0	0	50:60,956.9:200,50:80
Arid3a-NM_007880	0	0	0	0	0	0	0	0	0	0	0	0	0	0	0	0	0	1.629	0	0	0	0	0	0	1.629	0	0	0	0	0	0	0	0	0	0	0	0	0	0	0	0	0	1.629	0	0	0	0	0	0	0	0	0	0	1.629	0	0	0	0	0	3.258	19.548	6.516	1.629	1.629	43.982	8.145	16.29	1.629	3.128	6.646	0	0	0	3.258	0	1.629	1.629	3.258	0	0	1.629	1.629	3.258	1.629	1.629	3.258	0	0	0	0	0	6.516	1.629	0	1.629	1.629	6.516	1.629	0	4.887	4.887	0	0	3.258	1.629	0	3.258	6.516	1.629	0	1.629	3.258	3.258	6.516	8.145	0	0	0	1.629	3.258	0	2.541	2.346	0	4.887	8.145	0	1.629	0	1.629	4.887	0	1.629	0	1.629	4.887	8.145	4.887	0	0	0	4.887	1.629	0	17.919	0	0	1.629	1.629	0	6.516	0	3.258	3.258	0	9.774	0	1.629	1.629	1.629	0	0	1.629	0	6.516	0	0	0	1.629	0	8.145	22.806	3.258	1.629	1.629	0	0	0	0	6.516	6.516	0	3.258	4.887	1.629	11.403	0	0	0	1.629	1.629	0	0	0	13.032	6.516	0	4.887	9.774	1.629	1.629	1.629	6.516	0	1.629	1.629	3.258	1.629	0	0	0	0	0	13.032	3.258	1.629	0	0	0	0	0	0	0	1.629	6.516	1.629	0	0	1.629	0	0	1.629	0	1.629	0	0	0	0	0	3.258	4.887	1.629	0	1.629	3.258	1.629	3.258	0	3.258	0	0	0	1.629	4.887	9.774	13.032	14.661	0	0	11.403	6.516	6.516	0	3.258	0	1.629	0	3.258	0	3.258	3.258	0	0	0	0	0	0	1.629	0	4.887	1.629	0	1.629	0	1.629	9.774	0	0	0	0	0	1.629	3.258	4.887	0	1.629	0	0	0	0	1.629	0	1.629	1.629	1.629	0	0	0	0	0	0	0	0	0	0	0	0	0	0	0	1.629	0	0	0	0	0	1.629	0	0	0	0	0	0	1.629	0	3.258	0	0	0	0	50:60,139.88:200,50:80
Armc6-NM_133972	0	0	0	0	0	0	0	0	0	0	0	0	0	0	0	0	0	0	0	0	0	0	0	0	3.258	0	1.629	0	0	0	0	0	0	0	0	0	0	0	0	0	0	0	0	0	0	0	0	0	0	1.629	0	0	0	0	0	0	0	0	0	1.629	1.629	19.548	0	0	17.919	52.127	0.081	4.805	6.516	1.629	1.629	11.403	6.516	1.629	0	0.652	0.977	0	1.629	3.258	0	1.629	4.887	1.629	3.258	0	0	1.629	6.516	3.258	6.516	11.403	0	1.629	0	0	1.629	0	0	0	6.516	2.118	4.398	9.774	3.258	1.629	1.629	6.516	0	0	16.29	1.629	3.258	1.629	0	0	3.258	0	0	1.629	0	1.629	0	1.629	0	1.629	4.887	0	0	3.258	8.145	3.258	0	0	3.258	1.629	3.258	3.258	0	0	1.629	6.516	0	1.629	7.738	2.036	1.629	1.629	0	1.629	0	0	3.258	1.629	1.629	0	0	0	0	0	0	0	0	0	0	1.466	0.163	0	0	0	0	0	0	0	0	0	1.629	3.258	0	0	1.629	0	1.629	1.629	0	0	0	0	0	0	1.629	0	1.629	1.629	4.887	0	4.887	4.887	0	0	0	0	0	0	1.629	11.403	0	4.887	4.887	3.258	1.629	3.258	1.629	0	1.629	1.629	0	0	1.629	6.516	3.258	0	0	0	0	0	4.887	0	8.145	1.629	0	4.887	4.887	3.258	0	3.258	0	0	6.516	1.629	0	0	12.706	8.471	0	4.887	8.145	22.806	19.548	19.548	3.258	4.887	17.919	9.774	0	4.561	10.1	1.629	3.258	0	4.887	1.629	0	0	3.258	19.548	6.516	3.258	4.887	1.629	1.629	3.258	1.629	0	42.353	1.629	1.629	0	11.403	13.032	1.629	0	0	0	0	1.629	0	0	0	0	0	0	0	3.258	0	0	0	0	0	0	0	0	0	0	0	0	0	0	1.629	0	0	1.629	0	0	0	1.629	0	0	1.629	0	0	0	0	0	0	0	0	0	0	0	0	0	0	0	0	0	0	0	0	0	50:60,71.15:200,50:80
Arpp21-NM_001177616	0	0	0	0	0	0	0	0	0	0	0	0	0	0	0	0	0	0	0	0	0	0	0	0	0	0	0	0	0	0	0	0	1.629	0	0	0	0	0	0	0	0	0	0	0	0	0	0	0	0	0	0	0	0	0	0	0	0	0	0	0	0	0	0	1.629	0	0	0	0	0	0	0	0	0	0	0	1.629	0	0	0	0	0	0	0	0	0	0	0	0	0	3.258	0	0	0	0	0	0	0	0	0	0	0	0	0	0	0	3.258	0	0	0	0	0	0	0	0	0	0	0	0	0	0	0	0	0	0	0	0	0	0	0	1.629	0	0	0	0	0	0	0	0	0	0	0	0	0	0	0	0	0	0	0	0	0	0	0	0	0	0	0	0	0	0	0	0	0	0	0	0	0	0	0	0	0	0	0	0	0	0	0	0	0	0	0	0	0	0	0	0	0	0	0	0	0	0	0	0	0	0	0	0	0	0	0	0	0	0	0	0	0	0	0	0	0	0	0	0	0	0	0	0	0	0	0	0	0	0	0	1.629	0	0	0	0	0	0	0	0	0	0	0	0	0	0	0	0	0	0	0	0	0	0	0	0	1.629	0	4.887	0	1.629	1.629	0	0	0	0	0	0	0	0	0	0	0	0	0	0	0	0	0	0	0	0	0	0	0	0	0	0	0	0	0	0	0	0	0	0	0	0	0	0	0	0	0	0	0	0	0	0	0	0	0	0	0	0	0	0	0	0	0	0	0	0	0	0	0	0	0	0	0	0	0	0	0	0	0	0	0	0	0	0	0	0	0	0	0	0	50:60,837.055:200,50:80
Arrdc4-NM_025549	0	0	0	0	0	0	0	0	0	0	0	0	0	0	0	0	0	0	0	0	0	0	0	0	0	0	0	0	0	0	0	0	0	0	0	0	0	0	0	0	0	0	0	0	0	0	0	0	0	0	0	0	0	0	0	0	0	0	0	0	6.516	0	0	9.774	0	11.403	1.629	0	0	0	1.629	0	0	6.516	0	0	4.887	4.887	6.516	1.629	0	1.629	3.258	0	3.258	3.258	1.629	0	0	0	1.629	0	0	11.403	1.629	4.887	1.629	3.258	3.258	1.629	0	0	3.258	0	3.258	1.629	4.887	1.629	0	0	0	0	0	1.629	0	1.629	0	1.629	0	3.258	1.629	6.516	1.629	1.629	4.887	3.258	6.516	1.629	0	1.629	0	0	0	0	0	0	0	1.629	0	4.887	0	3.258	3.258	3.258	0	1.629	0	1.629	0	1.629	3.258	1.629	0	0	0	0	0	1.629	1.629	0	0	0	0	3.258	0	0	0	0	0	1.629	0	0	0	3.258	3.258	3.258	0	0	0	0	0	0	0	0	0	0	0	0	0	0	1.629	0	0	1.629	0	0	1.629	0	0	1.629	0	0	0	0	0	0	0	0	0	0	0	0	0	4.887	1.059	0.57	4.887	1.629	0	0	1.629	0	4.887	0	0	1.629	3.258	0	0	0	0	1.629	4.887	0	0	0	0	0	0	0	0	4.659	0.228	0	0	0	0	2.02	2.867	0	3.258	0	4.887	0	3.258	6.516	1.629	0	0	0	0	0	0	6.516	1.629	1.629	0	4.887	0	1.629	0	0	0	0	0	3.258	24.435	0	0	0	3.258	0	0	0	0	1.629	3.258	0	0	0	4.887	1.629	0	4.887	1.629	1.629	0	6.516	3.258	9.774	3.258	0	3.258	1.629	1.629	3.258	4.887	14.661	14.661	19.548	6.516	1.629	0	1.629	0	3.258	4.887	4.887	3.258	0	1.629	0	0	0	3.258	9.774	0	0	1.629	0	0	0	1.629	0	0	6.516	1.629	0	1.629	0	50:60,38.23:200,50:80
Asb10-NM_001310476	0	0	0	0	0	1.629	0	0	0	0	0	0	0	0	0	0	0	0	0	0	0	0	0	4.887	1.629	3.258	3.258	0	0	0	0	0	0	0	0	1.629	0	0	0	0	0	0	0	0	0	0	0	0	0	0	0	0	0	0	0	0	0	0	0	0	0	0	0	0	0	0	0	0	0	0	0	0	0	0	0	0	0	0	0	3.258	0	0	0	0	0	0	0	0	0	0	0	0	0	0	0	0	0	0	0	0	0	0	0	0	0	0	0	0	0	0	0	0	0	0	0	0	0	0	0	0	0	0	0	0	0	0	0	0	0	0	0	0	0	0	0	0	0	0	0	0	0	0	0	0	0	0	0	0	0	0	0	0	0	0	0	0	0	0	0	0	0	0	0	0	0	0	0	0	0	0	0	0	0	0	0	0	0	0	0	0	0	0	0	0	0	0	0	0	0	0	0	0	0	0	0	0	0	0	0	0	0	0	0	0	0	0	0	0	0	0	0	0	0	0	0	0	0	0	0	0	0	0	0	0	0	0	0	0	0	0	0	0	0	0	0	0	1.629	0	0	0	0	0	0	0	0	0	0	0	0	0	0	0	0	0	0	0	0	0	0	0	0	0	0	0	0	0	0	0	0	0	0	0	0	0	0	0	0	0	0	0	0	0	0	0	0	0	0	0	0	0	0	0	0	0	0	0	0	0	0	0	0	0	0	0	1.629	0	0	0	0	0	0	0	0	0	0	0	0	0	0	0	1.629	0	0	0	0	0	0	0	0	0	1.629	0	0	0	0	0	0	0	0	0	50:60,41.41:200,50:80
Atg5-NM_001358596	0	0	0	0	0	0	0	0	0	0	0	0	0	0	1.629	6.516	1.629	0	0	0	1.629	0	0	0	0	0	0	0	0	0	0	1.629	0	0	0	0	0	0	0	0	0	0	0	0	0	0	0	0	0	0	0	0	0	0	0	0	0	0	0	0	384.119	50.816	6.516	14.661	6.516	13.032	14.661	22.806	43.982	4.887	8.145	37.466	11.403	9.774	11.403	16.29	22.806	6.516	19.548	3.258	11.403	0	0	6.516	0	11.403	8.145	6.516	8.145	13.032	14.661	21.177	8.145	24.435	16.29	11.403	11.403	22.806	1.629	9.774	11.403	6.516	11.403	6.516	9.774	4.887	6.516	9.774	11.403	6.516	17.919	4.887	21.177	14.661	6.516	11.403	6.516	9.774	22.806	3.258	0	0	3.258	1.629	27.692	14.661	8.145	17.919	6.516	3.258	0	4.887	29.321	11.403	4.887	3.258	22.806	8.145	3.258	19.548	4.887	1.629	4.887	8.145	32.579	30.95	11.403	8.145	3.258	8.145	13.032	8.145	9.554	5.107	0	3.258	9.774	6.516	16.29	6.516	19.548	13.032	3.258	4.887	1.629	4.887	9.774	19.548	0	8.145	11.403	16.29	19.548	4.887	6.516	6.516	3.258	35.837	3.258	8.145	27.692	4.887	8.145	16.29	9.774	13.032	29.321	11.403	0	0	6.516	1.629	1.629	21.177	1.629	0	8.145	3.258	14.661	9.774	1.629	17.919	14.661	0	17.919	16.29	11.403	27.692	0	8.145	3.258	14.661	21.177	9.774	0	6.516	11.403	13.032	4.887	16.29	13.032	6.516	8.145	9.774	4.887	9.774	29.321	16.29	6.516	0	11.403	13.032	0	0	0	9.774	9.774	3.258	4.887	19.548	6.516	11.403	24.435	13.032	9.774	22.806	9.774	16.29	26.064	1.629	14.661	17.919	13.032	22.806	11.403	11.403	39.095	8.145	4.887	16.29	0	0	0	0	0	0	0	0	6.516	0	0	0	0	1.629	0	0	1.629	0	8.145	0	0	4.887	0	0	0	4.887	0	1.629	0	3.258	0	0	1.629	0	0	1.629	1.629	3.258	0	0	0	0	3.258	0	0	0	6.516	0	0	1.629	0	0	1.629	1.629	3.258	0	0	0	1.629	0	0	4.887	1.629	0	1.629	3.258	1.629	3.258	11.403	1.629	4.887	1.629	0	0	4.887	3.258	0	3.258	4.887	0	50:60,479.805:200,50:80
B020004J07Rik-NM_001033790	0	0	0	0	0	0	0	0	0	0	0	0	0	0	0	0	0	0	0	0	0	0	0	0	0	0	0	0	0	0	0	0	0	0	0	0	0	0	0	0	0	0	0	0	0	0	0	0	0	0	0	0	0	0	0	0	0	0	0	0	0	0	0	0	0	0	0	0	0	0	0	0	0	0	0	0	0	0	0	0	0	0	0	0	0	0	0	0	0	0	0	0	0	0	0	0	0	0	0	0	0	0	0	0	0	0	0	0	0	0	0	0	0	0	0	0	0	0	0	0	0	0	0	0	0	0	0	0	0	0	0	0	0	0	0	0	0	0	0	0	0	0	0	0	0	0	0	0	0	0	0	0	0	0	0	0	0	0	0	0	0	0	0	0	0	0	0	0	0	0	0	0	0	0	0	0	0	0	0	0	0	0	0	0	0	0	0	0	0	0	0	0	0	0	0	0	0	0	0	0	0	0	0	0	0	0	0	0	0	0	0	0	0	0	0	0	0	0	0	0	0	0	0	0	0	0	0	0	0	0	0	0	0	0	0	0	0	0	0	0	0	0	0	0	0	0	0	0	0	0	0	0	0	0	0	0	0	0	0	0	0	0	0	0	0	0	0	0	0	0	0	0	0	0	0	0	0	0	0	0	0	0	0	0	0	0	0	0	0	0	0	0	0	0	0	0	0	0	0	0	0	0	0	0	0	0	0	0	0	0	0	0	0	0	0	0	0	0	0	0	0	0	0	0	0	0	0	0	0	0	0	0	0	0	0	0	0	0	0	0	50:60,45.27:200,50:80
B230119M05Rik-NR_045454	0	0	0	0	0	0	0	0	0	0	0	0	0	0	0	0	0	0	0	0	0	0	0	0	0	0	0	0	0	0	0	0	0	0	0	0	0	0	0	0	0	0	0	0	0	0	0	0	0	0	19.548	11.403	0	0	0	0	0	0	0	0	0	0	0	0	0	0	0	0	0	0	0	0	0	1.629	0.937	0.692	0	0	0	0	3.258	3.258	0	0	0	0	0	1.629	0	0	0	0	0	0	0	0	0	0	0	0	0	0	0	0	0	0	0	0	0	0	0	0	0	0	0	0	0	0	0	0	0	0	0	0	0	0	0	0	0	0	0	0	0	0	0	0	0	1.629	0	3.258	0	0	0	0	0	0	0	0	1.629	0	0	0	0	0	1.629	0	0	0	0	0	0	0	0	0	0	0	0	0	0	0	0	0	0	0	0	0	0	0	0	0	0	0	0	0	0	0	0	0	0	0	0	0	0	0	0	0	0	0	0	0	0	0	0	0	0	0	0	0	0	6.516	0	0	0	0	0	0	0	0	0	0	0	0	1.629	0	0	0	0	0	0	0	0	0	0	0	0	0	0	0	0	0	0	0	0	0	0	0	0	0	0	0	0	0	0	0	0	0	0	0	0	0	0	0	0	0	0	0	0	0	0	0	1.629	0	0	0	0	0	0	0	0	0	0	0	0	0	0	0	0	0	0	0	0	0	0	0	0	0	0	0	0	0	0	0	0	0	0	0	0	0	0	0	0	0	0	0	0	0	0	0	0	0	0	0	0	0	0	0	0	0	0	0	0	0	0	0	0	0	0	0	0	0	50:60,9.505:200,50:80
B230217C12Rik-NR_160861	0	0	0	0	0	0	0	0	1.629	3.258	4.887	0	1.629	9.774	1.629	1.629	3.258	16.29	0	0	0	17.919	6.516	1.629	3.258	4.887	0	6.516	30.95	8.145	6.516	3.258	1.629	0	0	0	0	17.919	3.258	9.774	9.774	6.516	0	9.774	14.661	0	0	27.693	1.629	4.887	4.887	3.258	6.516	1.629	9.774	1.629	0	6.516	1.629	1.629	0	0	3.258	0	0	3.258	4.887	3.258	3.258	0	0	1.629	0	0	1.629	6.711	3.062	11.077	7.786	7.2	0	0.065	1.564	1.629	0	1.629	0	0	0	0	0	1.629	0	0	0	0	0	1.629	0	1.629	0	0	0	0	0	0	0	0	0	0	0	0	0	0	0	0	0	3.258	0	0	0	0	0	0	0	0	0	1.629	0	0	0	0	0	0	0	1.629	0	0	0	0	0	0	0	0	0	0	0	0	0	0	0	0	0	0	0	0	0	1.629	0	0	0	0	0	0	0	0	0	0	0	1.629	0	0	0	0	0	0	0	0	0	0	0	0	0	0	0	0	0	0	0	0	0	0	0	0	0	1.629	0	0	0	0	0	0	0	1.629	0	0	0	0	0	0	0	0	0	0	0	0	0	0	0	0	0	0	0	0	0	0	0	0	0	0	3.258	1.629	0	0	0	0	0	0	0	0	1.629	0	0.098	1.531	0	0	0	0	0	0	0	0	0	0	0	0	0	0	0	0	0	0	0	0	0	3.258	1.629	1.629	0	0	0	0	0	0	0	0	0	0	1.629	0	0	0	0	0	0	0	0	0	0	0	0	0	0	0	3.258	0	1.629	0	0	0	0	1.629	1.629	0	0	0	0	1.629	0	0	0	3.258	0	0	0	0	0	0	0	0	0	0	0	0	0	0	0	0	0	0	1.629	0	0	0	0	0	0	0	0	0	50:60,13.82:200,50:80
BC034090-NM_001370865	0	0	0	0	0	0	0	0	0	0	0	0	0	0	0	0	0	0	0	0	0	0	0	0	0	0	0	0	0	0	0	0	0	0	0	0	0	0	0	0	0	0	0	0	0	0	0	0	0	0	0	0	0	0	0	0	0	0	0	0	0	0	3.258	0	1.629	0	0	0	1.629	0	0	1.629	4.887	0	0	0	0	0	0	0	0	0	0	0	0	1.629	3.258	3.258	0	0	0	1.629	0	0	0	0	0	0	0	0	3.258	0	0	1.629	0	3.258	0	0	3.258	0	0	0	0	1.629	0	0	0	0	1.629	0	0	0	0	0	0	0	1.629	1.629	1.629	0	0	0	0	0	0	1.629	0	0	0	1.629	1.629	1.629	1.629	0	0	0	0	0	0	1.629	0	0	0	1.629	0	0	0	0	0	0	0.505	1.124	0	0	1.629	0	0	0	0	0	0	0	0	0	0	0	0	1.629	0	0	0	0	1.629	6.516	1.629	0	4.887	3.258	0	3.258	1.629	1.629	0	1.629	0	1.629	1.629	1.629	0	1.629	0	1.629	0	0	0	0	0	0	1.629	0	0	0	0	0	1.629	0	0	0	1.629	0	0	0	1.629	0	0	0	0	1.629	0	0	0	0	0	0	0	0	0	0	0	0	1.629	0	0	0	3.258	0	1.629	0	0	3.258	1.629	0	0	0	0	0	0	0	0	0	0	0	0	0	0	0	0	0	0	0	0	0	1.629	0	0	0	0	0	0	0	0	0	0	0	0	0	0	0	0	0	1.629	0	0	0	0	0	0	1.629	0	0	0	0	0	0	0	0	0	0	0	0	0	0	0	0	1.629	1.629	0	0	0	0	1.629	0	0	0	0	0	0	0	0	0	0	0	0	0	0	0	0	0	0	0	50:60,160.31:200,50:80
BC052688-NR_028430	0	0	0	0	0	0	0	0	0	0	0	0	0	0	0	0	0	0	0	0	0	0	0	0	0	0	0	0	0	0	0	0	0	0	0	0	0	0	0	0	0	0	0	0	0	0	0	0	0	0	0	0	0	0	0	0	0	0	0	3.258	0	0	0	0	0	3.258	0	0	0	0	0	0	0	0	0	0	0	0	0	0	0	0	0	1.629	0	0	0	0	0	0	0	0	0	0	0	0	0	0	0	0	0	0	0	0	0	0	0	0	1.629	0	0	0	0	0	0	0	0	0	0	0	0	0	0	0	0	0	0	0	0	0	0	0	0	0	0	0	0	0	0	0	0	0	0	0	0	0	0	0	0	0	0	0	0	0	0	0	0	0	0	0	0	0	0	0	0	0	0	0	0	0	0	0	0	0	0	0	0	0	0	0	0	0	0	0	0	0	0	0	0	0	0	0	0	0	0	0	1.629	0	0	0	0	0	0	0	0	0	1.629	0	0	0	1.629	0	0	0	0	0	0	0	0	0	0	0	0	0	0	0	0	0	0	0	0	0	0	0	0	0	0	1.629	0	0	0	0	0	0	0	0	0	0	0	0	0	0	0	0	0	0	0	0	0	0	0	0	0	0	1.629	0	1.629	0	0	0	0	0	0	0	0	0	0	0	1.629	0	0	0	0	0	0	0	0	0	0	0	0	0	0	0	0	0	0	0	0	0	0	0	0	0	0	0	0	0	0	0	0	0	0	0	0	0	0	0	0	1.629	0	1.629	0	0	0	0	0	0	0	0	0	0	0	0	0	0	0	0	0	0	50:60,78.515:200,50:80
BC055324-NM_201364	0	0	0	0	0	0	0	0	0	0	0	0	0	0	0	0	0	0	0	0	1.629	0	0	0	0	0	0	0	0	0	1.629	3.258	0	0	0	0	0	0	1.629	0	0	0	0	0	0	0	0	0	3.258	0	0	0	0	0	0	0	1.629	0	0	13.032	371.406	24.435	32.579	11.403	21.177	30.95	14.661	4.887	1.629	0	4.887	3.258	29.321	19.548	4.887	1.629	26.064	0	29.321	6.516	4.887	19.548	3.258	4.887	6.516	0	16.29	1.629	0	4.887	3.258	1.629	0	0	4.887	21.177	1.629	1.629	3.258	8.145	3.258	8.145	13.032	0	3.258	0	3.258	1.629	4.887	6.516	3.258	13.032	0	1.629	1.629	4.887	0	1.629	6.516	3.258	4.887	11.403	13.032	6.516	6.516	1.629	0	4.887	9.774	3.258	19.548	8.145	24.435	6.516	11.403	1.629	8.145	6.516	3.258	0	0	9.774	6.516	1.629	4.887	6.516	3.258	3.258	11.403	6.516	0	4.887	4.887	11.403	1.629	4.887	1.629	0	3.258	3.258	4.887	0	37.466	3.258	1.629	1.629	0	8.145	0	3.258	1.629	1.629	0	6.516	1.629	0	1.629	3.258	3.258	4.887	4.887	0	8.145	19.548	6.516	9.774	13.032	6.516	1.629	6.516	19.548	0	9.774	6.516	17.919	6.516	4.887	0	0	4.887	8.145	1.629	4.887	8.145	0	0	1.629	3.258	6.516	14.661	6.516	1.629	0	1.629	9.774	11.403	0	3.258	0	1.629	4.887	8.145	8.145	6.516	1.629	1.629	0	0	4.887	0	0	4.887	4.887	6.516	8.145	1.629	3.258	3.258	4.887	4.887	3.258	6.516	3.258	0	8.145	14.661	8.145	6.516	4.887	0	14.661	1.629	11.403	4.887	0	1.629	4.887	3.258	3.258	8.145	1.629	0	0	0	0	0	0	0	1.629	0	1.629	1.629	0	0	1.629	0	0	0	0	6.516	0	3.258	11.403	14.661	6.516	0	3.258	0	0	0	0	1.629	3.258	1.629	0	1.629	1.629	3.258	3.258	1.629	3.258	0	0	0	0	0	0	0	0	0	1.629	0	9.774	6.516	4.887	1.629	1.629	1.629	1.629	1.629	3.258	8.145	8.145	0	0	6.516	0	1.629	9.774	0	1.629	0	0	0	3.258	1.629	1.629	0	0	1.629	50:60,203.945:200,50:80
Bcl2a1b-NM_007534	0	0	0	0	0	0	0	0	0	0	0	0	0	0	0	0	0	0	0	0	0	0	0	0	0	0	0	0	0	0	0	0	0	0	0	0	0	0	0	0	0	0	0	0	0	0	0	0	0	0	0	0	0	0	0	0	0	0	0	0	0	0	0	0	0	0	0	0	0	0	0	0	0	0	0	0	0	0	0	0	0	0	0	0	0	0	0	0	0	0	0	0	0	0	0	0	0	0	0	0	0	0	0	0	0	0	0	0	0	0	0	0	0	0	0	0	0	0	0	0	0	0	0	0	0	0	0	0	0	0	0	0	0	0	0	0	0	0	0	0	0	0	0	0	0	0	0	0	0	0	0	0	0	0	0	0	0	0	0	0	0	0	0	0	0	0	0	0	0	0	0	0	0	0	0	0	0	0	0	0	0	0	0	0	0	0	0	0	0	0	0	0	0	0	0	0	0	0	0	0	0	0	0	0	0	0	0	0	0	0	0	0	0	0	0	0	0	0	0	0	0	0	0	0	0	0	0	0	0	0	0	0	0	0	0	0	0	0	0	0	0	0	0	0	0	0	0	0	0	0	0	0	0	0	0	0	0	0	0	0	0	0	0	0	0	0	0	0	0	0	0	0	0	0	0	0	0	0	0	0	0	0	0	0	0	0	0	0	0	0	0	0	0	0	0	0	0	0	0	0	0	0	0	0	0	0	0	0	0	0	0	0	0	0	0	0	0	0	0	0	0	0	0	0	0	0	0	0	0	0	0	0	0	6.516	0	0	0	0	0	0	50:60,42.83:200,50:80
Bmp1-NM_001360021	0	0	0	0	0	0	0	0	0	0	0	0	0	0	0	0	0	0	0	0	0	0	0	0	0	0	0	0	0	0	0	0	0	0	0	0	0	0	0	0	0	0	0	0	0	0	0	0	0	0	0	0	0	0	0	0	0	0	0	0	0	0	0	3.258	6.516	0	1.629	0	0	1.629	0	1.629	1.629	0	0	0	1.629	0	0	1.629	3.258	0	4.887	4.887	1.629	0	6.516	0	0	0	1.629	0	1.629	1.629	0	0	0	0	1.629	0	0	0	0	0	1.629	0	0	0	0	0	1.629	1.629	3.258	0	0	6.516	1.629	3.258	0	0	0	0	1.629	0	6.516	1.629	6.516	0	1.629	0	0	1.629	0	0	0	3.258	0	1.629	1.629	0	0	3.258	4.887	1.629	4.887	0	1.629	1.629	1.629	0	0	4.887	1.629	3.258	1.629	0	0	0	3.258	4.887	1.629	0	0	6.516	4.887	0	1.629	0	0	3.258	0	3.258	0	0	0	0	0	1.629	1.629	1.629	4.887	1.629	0	3.258	0	4.887	1.629	0	1.629	0	0	0	3.258	0	1.629	0	0	0	1.629	4.887	0	3.258	3.258	0	0	0	0	3.258	0	1.629	0	0	1.629	0	1.629	0	0	4.887	0	0	1.629	0	1.629	3.258	1.629	0	0	1.629	0	3.258	1.629	0	4.887	0	0	1.629	1.629	1.629	0	1.629	0	0	1.629	1.629	0	0	3.258	1.629	1.629	0	0	0	0	0	9.774	0	0	1.629	1.629	0	0	0	0	0	0	3.258	0	0	0	0	0	0	0	0	0	0	0	0	0	0	1.629	0	0	0	0	0	4.887	0	1.629	0	0	0	1.629	0	0	0	0	4.887	0	0	0	0	0	0	0	0	0	0	0	0	0	0	1.629	0	0	1.629	0	0	0	0	0	0	0	0	0	0	0	0	0	0	0	0	0	0	3.258	0	0	0	0	0	50:60,230.59:200,50:80
Bmpr1b-NM_007560	0	0	0	0	0	0	0	0	0	0	0	0	0	0	0	0	0	0	0	0	0	0	0	0	0	0	0	0	0	0	0	0	0	0	0	0	0	0	0	0	0	0	0	0	0	0	0	0	0	0	0	0	0	0	0	0	0	0	0	0	0	0	0	1.629	0	0	1.629	0	0	0	0	0	0	0	0	0	0	0	0	0	0	0	0	0	0	0	0	0	0	0	0	0	0	0	0	0	0	0	0	0	1.629	0	0	0	0	0	1.629	0	0	0	0	0	0	0	0	1.629	0	0	0	0	0	0	0	0	0	0	0	1.629	0	19.792	33.964	8.145	3.258	6.516	0	0	0	3.258	0	4.887	0	0	1.629	4.887	0	3.258	4.887	0	0	1.629	3.258	3.258	6.516	0	3.258	1.629	0	1.629	3.258	0	0	0	3.258	0	1.629	0	0	0	3.258	1.629	0	0	1.629	0	6.516	0	0	0	1.629	0	0	0	0	0	0	1.629	3.258	0	3.258	0	1.629	0	0	0	0	0	1.629	1.629	1.629	0	1.629	0	3.258	1.629	0	1.629	0	3.258	1.629	1.629	3.258	0	0	0	1.629	0	0	0	0	0	0	0	0	0	3.258	1.629	0	0	0	1.629	0	1.629	0	0	0	0	0	0	1.629	0	1.629	0	0	4.887	0	0	0	0	1.629	0	1.629	0	4.887	0	0	0	1.629	0	1.629	0	0	0	0	0	0	0	1.629	0	0	3.258	0	0	0	0	0	0	1.629	0	0	0	0	0	0	0	0	0	0	0	0	0	0	0	0	0	0	0	1.629	0	0	0	0	0	0	0	0	0	0	0	0	0	0	0	0	0	0	0	0	0	0	0	0	1.629	0	0	0	0	0	0	0	0	0	0	0	0	0	0	0	0	0	0	50:60,725.645:200,50:80
Brca2-NM_001081001	0	0	0	0	0	0	0	0	0	0	0	0	0	0	0	0	0	0	0	0	0	0	0	0	0	0	0	0	0	0	0	0	0	0	0	0	0	0	0	0	0	0	0	0	0	0	0	1.629	0	0	0	0	0	0	0	0	0	0	0	1.629	53.756	29.321	87.964	4.887	22.806	24.435	17.919	13.032	16.29	13.032	8.145	0	11.403	3.258	0	14.661	3.258	6.516	0	0	0	0	0	0	0	0	0	0	6.516	1.629	14.661	13.032	4.887	3.258	4.887	3.258	6.516	17.919	0	1.629	13.032	1.629	0	0	8.145	4.887	1.629	4.887	0	1.629	1.629	1.629	0	1.629	0	8.145	1.629	1.629	6.516	3.258	0	6.516	9.774	11.403	1.629	3.258	3.258	1.629	1.629	1.629	8.145	1.629	1.629	1.629	6.516	1.629	8.145	3.258	1.629	1.629	16.29	1.629	9.774	3.258	8.145	9.774	1.629	11.403	1.629	6.516	6.516	4.887	1.629	0	11.403	0	0	1.629	1.629	0	4.887	1.629	1.629	0	6.516	4.887	4.887	3.258	0	3.258	0	0	3.258	0	1.629	3.258	1.629	1.629	3.258	0	4.887	3.258	1.629	3.258	1.629	11.403	3.258	4.887	0	0	1.629	6.516	1.629	3.258	0	4.887	1.629	3.258	0	8.145	3.258	1.629	0	3.258	11.403	4.887	3.258	0	1.629	1.629	1.629	0	1.629	1.629	4.887	0	1.629	3.258	0	6.516	1.629	1.629	0	1.629	0	0	8.145	1.629	0	1.629	3.258	3.258	3.258	1.629	6.516	3.258	4.887	4.887	8.145	0	0	0	1.629	3.258	1.629	6.516	3.258	0	0	3.258	3.258	1.629	0	0	1.629	3.258	8.145	13.032	3.258	0	0	0	0	1.629	0	0	1.629	0	0	1.629	0	1.629	1.629	0	0	1.629	3.258	0	6.516	1.629	0	0	3.258	1.629	0	3.258	1.629	0	0	0	0	0	3.258	0	0	0	0	0	1.629	1.629	0	0	0	0	4.887	1.629	1.629	0	1.629	0	1.629	1.629	4.887	1.629	1.629	0	0	0	0	1.629	1.629	4.887	4.887	0	0	11.403	3.258	0	0	0	0	0	3.258	0	1.629	0	3.258	3.258	0	4.887	50:60,237.63:200,50:80
Brd1-NM_001033274	0	0	0	0	0	0	0	0	0	0	0	0	0	0	0	0	0	0	0	0	0	0	0	0	0	0	0	0	0	0	0	0	0	0	0	0	0	0	0	0	0	0	0	0	0	0	0	0	0	0	0	0	0	0	0	0	0	0	0	1.629	11.403	1.629	1.629	34.208	9.774	50.498	66.788	61.901	30.95	37.466	27.693	22.806	26.064	40.724	50.498	21.177	9.774	24.435	16.29	14.661	34.208	74.933	37.466	57.014	0	0	24.394	24.312	60.435	6.516	19.548	43.982	21.177	6.516	3.258	0	58.643	35.837	57.014	37.466	21.177	29.321	43.982	6.516	29.321	9.774	52.127	48.869	28.222	47.118	111.992	16.29	11.403	57.014	13.032	27.041	70.697	52.127	32.579	26.878	46.426	22.806	140.092	70.046	130.318	16.29	8.104	32.62	6.516	55.385	13.032	63.53	53.756	28.426	15.557	81.449	16.29	52.127	19.548	22.806	37.466	32.579	242.717	35.837	13.032	24.435	63.53	14.661	16.29	48.869	9.774	27.693	22.806	19.548	50.294	50.702	30.95	83.078	22.806	9.774	0	6.516	29.322	9.774	3.258	47.24	30.95	63.53	6.516	68.417	285.07	76.562	26.064	17.919	19.548	255.749	58.643	50.742	37.222	63.53	34.208	43.982	89.593	65.159	29.321	9.774	32.579	74.933	17.919	37.874	32.172	4.887	19.548	8.145	84.706	74.933	11.403	11.403	17.919	8.145	4.887	9.774	3.258	37.466	16.29	91.222	29.321	21.177	35.837	22.806	66.788	27.692	3.258	29.321	39.095	21.177	9.774	27.692	19.548	17.919	35.837	81.449	30.95	39.095	55.385	21.177	16.29	39.095	60.272	85.114	56.607	39.095	32.579	13.032	42.15	11.606	26.064	58.643	50.498	61.901	53.756	15.231	45.041	66.788	27.693	13.113	65.077	21.177	61.901	45.611	37.466	27.692	47.24	24.435	45.611	26.064	27.692	47.24	29.321	27.692	1.629	1.629	3.258	1.629	14.661	45.611	13.032	4.887	11.403	1.629	61.901	11.403	13.032	43.982	1.629	4.887	1.629	0	0	0	0	0	6.516	3.258	6.516	8.145	1.629	8.145	29.321	17.919	9.774	42.353	13.032	1.629	6.516	8.145	4.887	4.887	13.032	3.258	0	0	0	0	1.629	3.258	6.516	68.417	21.177	1.629	1.629	0	1.629	1.629	4.887	3.258	16.29	22.806	6.516	4.887	34.208	13.032	16.29	73.304	13.032	0	8.145	6.516	8.145	0	1.629	3.258	8.145	4.887	13.032	8.145	1.629	1.629	6.516	8.145	50:60,235.925:200,50:80
C230035I16Rik-NR_015492	0	0	0	0	0	0	0	0	0	0	0	0	0	0	0	0	0	0	1498.659	3989.352	1943.364	8.145	19.548	4.887	0	0	1.629	0	0	0	0	0	0	1.629	0	0	0	0	0	0	0	0	0	0	0	0	0	3.258	0	3.258	4.887	0	0	0	0	0	0	0	0	1.629	0	0	0	0	1.629	3.258	6.516	0	1.629	0	0	4.887	0	1.629	0	0	0	0	0	1.629	4.887	1.629	0	0	0	0	0	0	0	3.258	3.258	0	0	0	1.629	0	0	0	1.629	0	0	0	0	0	0	0	0	0	0	0	0	0	0	0	0	0	0	0	0	0	0	0	0	0	0	0	0	0	0	0	0	0	0	0	0	0	0	0	0	0	0	0	0	0	0	0	0	0	0	0	1.629	0	0	0	0	0	0	0	0	0	0	0	0	0	0	0	0	0	0	0	0	0	0	0	0	0	0	0	0	0	0	0	0	1.629	0	0	0	0	0	0	0	0	0	0	0	0	0	0	0	0	0	0	4.936	625.02	43.542	322.324	74.411	13.032	245.079	243.613	96.109	1.629	3.258	3.258	0	0	0	0	0	1.629	0	0	1.629	0.717	2.541	4.887	0	0	0	0	0	0	0	0	0	0	0	0	0	0	0	0	0	0	0	0	0	0	0	0	1.629	0	0	0	0	0	0	0	0	0	0	1.629	0	0	1.629	0	0	1.629	0	0	0	3.258	0	3.258	3.258	99.367	726.522	11.403	4.887	0	0	9.774	9.774	1.629	3.258	0	0	0	1.629	0	1.629	0	1.629	0	1.629	0	1.629	0	0	0	0	0	0	1.629	4.887	368.148	241.088	402.357	96.109	96.109	57.014	26.064	24.435	0	0	0	1.629	1.629	0	0	0	3.258	4.887	0	0	1.629	0	1.629	0	0	0	0	0	0	0	0	0	0	0	0	50:60,15.21:200,50:80
Cacfd1-NM_001243239	0	0	0	0	0	0	0	0	0	0	0	0	0	0	0	0	0	0	0	0	0	0	0	0	0	0	0	0	0	0	0	0	0	0	0	0	0	0	0	0	0	0	0	0	0	0	0	0	0	0	0	0	0	0	0	0	0	0	0	0	1.629	0	9.774	47.24	24.435	16.29	0	6.516	1.629	1.629	1.629	0	1.629	1.629	5.376	2.769	0	0	0	0	1.629	1.629	0	0	1.629	4.887	1.629	0	1.629	0	6.874	1.271	0	9.774	4.887	1.629	1.629	0	0	3.258	4.887	0	3.258	3.258	1.629	3.258	9.774	0	0	0	0	1.629	3.258	1.629	0	0	0	4.757	5.017	0	0	1.629	1.629	0	1.629	1.629	0	0	0	0	0	3.258	0	3.258	0	0	0	0	0	0	0	0	0	0	1.629	0	0	0	6.516	0	0	0	0	0	0	0	1.629	0	0	1.629	0	0	0	0	0	0	0	0	0	1.629	0	0	0	0	0	1.629	0	0	0	0	0	1.043	7.102	0	0	0	1.629	3.258	1.629	0	0	0	0	0	4.887	4.3	3.844	3.258	4.887	3.258	0	0	0	0	0	0	0	1.629	0	0	4.887	1.629	0	0	0	1.629	3.258	4.887	4.887	0	0	0	0	0	0	0	0	0	0	0	4.887	4.887	0	0	0	0	0	0	0	1.629	4.887	0	0	0	0	0	0	0	0	4.887	0	0	0	0	1.629	0	0	0	3.258	0	3.258	0	1.629	0	1.629	0	3.258	0	0	0	3.258	0	0	0	0	0	0	0	3.258	0	0	4.887	0	1.629	8.145	8.145	3.258	1.629	4.887	39.095	0	4.887	0	1.629	0	0	0	0	3.258	0	4.887	8.145	11.403	14.661	0	1.629	0	0	1.629	3.258	0	0	3.258	3.258	4.887	0	0	0	0	0	1.629	1.629	0	0	1.629	1.629	0	3.258	4.887	1.629	3.258	6.516	0	1.629	0	17.919	1.629	1.629	1.629	0	50:60,34.62:200,50:80
Cacna1c-NM_001159535	0	0	0	0	0	0	0	0	0	0	0	0	0	0	0	0	0	0	0	0	0	0	0	0	0	0	0	0	0	0	0	0	0	0	0	0	0	0	0	0	0	0	0	0	0	0	0	0	0	0	1.629	0	0	0	0	0	0	1.629	0	0	0	3.258	0	0	1.629	4.887	0	4.887	1.629	1.629	1.629	3.258	1.629	0	0	3.258	0	1.629	1.629	0	0	1.629	3.258	0	0	0	1.629	0	1.629	1.629	0	0	0	3.258	0	1.629	0	0	0	1.629	0	3.258	3.258	0	0	0	1.629	0	1.629	1.629	0	0	0	0	0	0	0	0	1.629	0	0	1.629	0	0	1.629	1.629	0	0	1.629	1.629	1.629	1.629	1.629	0	1.629	0	1.629	0	1.629	1.629	1.629	1.629	0	1.629	0	0	3.258	0	0	1.629	0	1.629	0	0	3.258	1.629	1.629	0	0	6.516	0	0	0	3.258	3.258	1.629	4.887	0	3.258	1.629	0	0	0	0	0	1.629	1.629	0	1.629	0	0	1.629	1.629	0	0	0	0	1.629	3.258	17.919	1.629	3.258	0	0	1.629	0	0	1.629	0	3.258	0	0	1.629	3.258	0	0	0	0	0	6.516	1.629	0	1.629	0	0	0	1.629	1.629	0	0	0	0	0	0	0	0	1.629	3.258	0	0	1.629	0	0	1.629	1.629	1.629	3.258	1.629	0	0	1.629	0	1.629	1.629	1.629	3.258	0	0	0	0	0	0	0	0	0	1.629	1.629	8.145	1.629	1.629	0	0	0	0	0	0	0	0	0	0	0	0	0	0	0	0	0	0	0	0	0	0	0	0	0	0	0	0	0	0	0	0	0	0	0	0	0	0	0	0	0	0	0	0	0	0	0	0	0	0	0	0	0	0	0	0	0	0	0	0	0	0	0	0	0	0	0	0	0	0	0	0	0	0	0	0	0	0	0	0	50:60,2606.28:200,50:80
Cacnb4-NM_001285427	0	0	0	0	0	0	0	0	0	0	0	0	0	0	0	0	0	0	0	0	0	0	0	0	0	0	0	0	0	0	0	0	0	0	0	0	0	0	0	0	0	0	0	0	0	0	0	0	0	0	0	0	0	0	0	0	0	0	0	0	1.629	3.258	0	1.629	0	0	0	1.629	1.629	0	0	0	1.629	0	0	0	1.629	1.629	0	0	0	0	0	0	0	0	0	0	0	0	0	0	0	1.629	0	0	0	1.629	0	0	0	0	0	0	0	0	1.629	0	0	0	1.629	0	0	0	0	1.629	0	0	0	0	0	0	0	0	0	0	0	0	0	0	0	0	0	0	0	0	0	0	0	0	0	0	0	0	0	0	1.629	0	0	0	1.629	0	0	0	0	0	0	0	0	0	0	0	0	0	0	0	0	0	0	0	0	0	0	0	0	0	0	0	0	0	1.629	0	0	0	0	0	0	0	0	0	0	0	0	0	0	0	0	0	0	0	0	0	0	0	0	0	0	3.258	0	0	0	0	0	0	0	0	0	0	0	0	0	0	0	0	0	0	0	0	0	0	0	0	0	0	0	0	0	0	0	0	0	0	0	0	0	0	0	0	0	0	0	0	0	0	1.629	0	0	0	0	0	0	0	0	0	0	0	0	0	0	0	0	0	0	0	0	0	0	0	0	0	0	0	0	0	3.258	0	0	0	0	0	0	0	0	0	0	0	0	0	0	0	0	0	0	0	0	0	0	0	0	0	0	0	0	0	0	1.629	3.258	0	0	0	0	0	0	0	0	0	0	0	1.629	0	13.032	0	0	21.177	6.516	1.629	0	0	3.258	3.258	50:60,651.46:200,50:80
Calca-NM_001289444	0	0	0	0	0	0	0	0	0	0	0	0	0	0	0	0	0	1.629	0	0	0	0	0	0	0	0	0	0	0	0	0	0	0	0	0	0	0	0	0	0	0	0	0	0	0	0	0	0	0	0	0	0	0	0	0	0	0	0	0	0	0	0	0	0	0	3.258	24.435	1.629	0	0	0	0	0	3.258	0	4.887	0	1.629	1.629	0	0	0	0	1.629	0	0	3.258	0	0	0	0	0	0	0	0	0	0	1.629	0	1.629	0	0	0	0	0	0	0	0	0	0	0	1.629	0	0	0	0	0	0	0	0	0	0	0	0	0	0	0	1.629	0	0	0	0	1.629	0	0	0	0	0	0	0	0	0	0	0	0	0	0	0	0	0	0	0	0	0	0	0	0	0	0	0	0	0	0	0	0	0	0	0	0	0	0	1.629	0	0	1.629	0	0	1.629	0	0	0	0	0	0	0	0	0	0	0	0	0	0	0	0	0	0	0	0	0	0	0	0	3.258	0	0	0	0	0	0	0	0	0	0	0	0	0	0	0	0	0	0	0	0	1.629	0	0	0	0	0	0	0	0	0	0	0	0	0	0	0	0	0	0	0	0	0	1.629	0	0	1.629	1.629	0	0	0	0	0	0	6.516	0	0	0	0	0	0	0	0	1.629	0	0	0	0	0	0	0	0	1.629	0	0	0	0	0	0	0	0	0	0	0	0	0	0	0	3.258	3.258	0	0	0	1.629	0	0	0	0	0	0	0	0	1.629	1.629	0	3.258	0	1.629	0	0	4.887	3.258	0	0	0	3.258	0	0	0	0	0	0	1.629	0	0	0	0	0	0	0	0	0	0	0	0	0	0	0	50:60,24.4:200,50:80
Capn5-NM_007602	0	0	0	0	0	0	0	0	0	0	0	0	1.629	0	0	0	0	0	0	0	0	0	0	0	0	0	0	0	0	0	0	0	0	0	0	0	0	0	0	1.629	0	0	0	0	0	1.629	0	0	1.629	0	0	1.629	0	0	0	0	0	0	0	0	6.516	3.258	3.258	0	1.629	3.258	0	0	1.629	0	0	0	1.629	0	1.629	0	0	1.629	0	1.629	0	0	0	1.629	0	6.516	0	3.258	0	0	0	0	0	1.629	0	1.629	4.887	1.629	1.629	0	0	1.629	0	1.629	0	0	3.258	0	0	0	0	1.629	1.629	0	3.258	3.258	1.629	0	1.629	0	0	1.629	3.258	0	0	0	0	1.629	0	4.887	0	0	4.887	3.258	1.629	0	0	1.629	3.258	1.629	0	0	0	1.629	0	0	0	1.629	0	3.258	0	1.629	0	1.629	0	1.629	1.629	0	0	0	1.629	1.629	0	1.629	0	0	0	0	0	0	3.258	0	0	4.887	0	0	1.629	1.629	3.258	1.629	0	1.629	0	0	3.258	1.629	0	1.629	1.629	0	0	0	0	0	0	0	4.887	0	1.629	0	1.629	0	0	0	0	0	0	3.258	0	0	0	0	1.629	0	0	0	0	0	0	1.629	0	0	0	1.629	0	0	0	1.629	0	0	0	0	0	0	0	0	0	0	1.629	1.629	0	6.516	1.629	0	0	0	0	1.629	4.887	0	0	1.629	0	0	1.629	3.258	4.887	1.629	0	8.145	0	0	0	1.629	1.629	3.258	9.774	8.145	1.629	29.321	27.693	21.177	0	0	0	1.629	6.516	0	3.258	0	0	0	0	0	0	0	0	0	0	0	0	1.629	0	0	0	0	0	0	0	0	0	0	0	0	0	0	0	0	0	3.258	0	0	0	0	0	0	0	0	0	0	0	0	11.403	0	0	0	0	0	0	0	0	1.629	1.629	0	0	0	4.887	0	0	0	50:60,283.58:200,50:80
Caprin1-NM_016739	0	0	0	0	0	0	0	0	0	0	0	0	0	0	0	0	0	0	0	0	0	0	0	0	0	0	0	0	0	0	0	0	0	0	0	0	0	0	0	0	0	0	0	0	0	0	0	0	0	0	0	0	0	0	1.629	1.629	0	0	0	3.258	34.208	1.629	3.258	130.318	21.177	52.127	28.865	117.742	72.196	30.429	99.367	105.883	135.205	24.435	3.258	210.007	29.452	50.498	26.064	8.145	118.915	21.177	17.919	184.074	22.806	4.887	24.435	9.774	268.65	92.982	45.611	11.403	66.788	27.106	34.795	29.321	32.188	89.984	11.403	138.463	61.901	4.887	78.191	35.837	39.095	164.526	90.506	75.649	48.869	13.032	0	9.774	29.321	30.95	29.321	53.756	48.869	22.806	65.159	53.43	36.163	13.032	26.064	147.78	20.004	21.177	8.145	26.064	35.837	8.145	74.933	23.718	25.151	1.629	22.806	1.629	97.738	60.272	87.964	27.692	65.159	35.837	39.095	43.982	45.611	79.82	65.159	0	3.258	42.353	35.837	61.901	22.806	11.403	3.258	52.127	43.982	19.548	4.887	78.191	50.498	14.661	8.145	127.06	105.883	79.82	37.466	55.385	39.095	14.661	73.304	32.579	9.774	159.639	117.286	236.201	17.919	29.321	60.272	48.869	16.29	40.724	24.435	55.385	37.466	29.256	8.21	104.254	118.915	24.435	22.806	43.982	154.752	110.77	19.548	57.014	51.736	46.002	13.032	84.706	29.321	30.95	17.919	32.579	42.353	92.851	17.919	62.031	27.562	9.774	110.77	19.548	74.933	53.756	74.933	58.643	42.353	17.919	40.724	61.901	20.655	47.761	52.127	55.385	42.353	91.222	21.177	9.187	82.035	8.145	32.579	24.435	19.548	66.006	92.004	39.095	29.322	13.032	48.869	26.064	16.29	60.272	115.657	8.145	0	1.629	9.774	3.258	56.558	66.918	112.725	11.403	6.516	6.516	48.869	13.032	42.353	19.548	192.284	68.352	0	8.145	14.661	1.629	8.145	13.032	19.548	21.177	4.887	76.562	43.982	1.629	8.145	19.548	40.724	17.919	8.145	22.806	169.413	79.82	89.593	198.735	175.929	57.014	164.526	40.724	105.883	16.29	39.095	107.512	219.911	14.661	19.548	236.201	61.901	465.886	158.01	105.883	400.727	301.36	53.756	43.982	48.869	151.494	14.661	16.29	3.258	11.403	73.304	4.887	0	3.258	11.403	0	17.919	0	0	0	9.774	24.435	4.887	1.629	3.258	0	1.629	1.629	3.258	3.258	13.032	6.516	8.145	1.629	1.629	3.258	30.95	0	0	0	0	0	50:60,173.48:200,50:80
Carmil3-NR_155104	0	0	0	0	1.629	0	1.629	0	0	0	1.629	0	0	0	1.629	1.629	0	0	0	0	6.516	3.258	0	0	0	0	0	0	1.629	6.516	0	1.629	0	3.258	0	1.629	1.629	0	0	1.629	0	3.258	0	0	1.629	0	3.258	3.258	1.629	0	0	1.629	1.629	0	1.629	8.145	0	0	0	0	0	3.258	0	0	0	0	0	0	8.145	1.629	0	0	0	0	0	0	0	0	0	0	0	0	0	0	0	0	0	0	0	0	0	0	0	0	0	1.629	0	0	0	0	0	0	0	0	0	0	0	0	0	0	0	0	0	0	0	0	0	0	0	0	0	0	0	0	0	0	0	0	0	0	0	0	0	0	0	0	0	0	0	0	0	0	0	0	0	1.629	0	0	0	0	0	0	0	0	3.258	0	0	0	0	0	0	0	0	0	0	0	0	0	0	0	0	0	0	0	0	0	0	0	0	0	0	0	1.629	0	0	0	0	0	0	0	0	0	0	0	0	0	0	0	0	0	0	0	0	0	0	0	3.258	1.629	0	0	0	0	0	1.629	0	0	0	0	0	0	0	0	0	0	0	0	0	0	0	0	0	0	0	0	0	0	0	0	0	0	0	0	0	0	0	3.258	0	0	0	0	0	0	1.629	1.629	0	0	0	0	0	0	0	1.629	0	4.887	1.629	0	0	0	0	0	3.258	0	0	0	0	0	0	1.629	0	0	0	0	0	0	0	0	0	0	0	0	0	0	0	0	0	0	0	0	0	0	0	1.629	0	0	0	0	0	0	0	0	0	0	0	0	0	0	0	0	0	0	0	0	0	0	0	0	0	0	0	0	0	0	0	0	0	0	0	0	0	0	50:60,86.015:200,50:80
Cav1-NM_007616	0	0	0	0	0	0	0	0	0	0	0	0	0	0	0	0	0	0	0	0	0	0	0	0	0	0	0	0	0	0	0	0	0	0	0	0	0	0	0	0	0	0	0	0	0	0	0	0	0	0	0	0	0	0	0	0	0	1.629	0	0	6.516	0	0	1.629	1.629	1.629	1.629	1.629	3.258	6.516	1.629	0	1.629	0	6.516	1.629	1.629	0	1.629	0	1.629	0	0	0	0	0	1.629	0	4.887	0	0	1.629	0	0	1.629	1.629	1.629	0	0	0	1.629	1.629	0	1.629	1.629	1.629	0	0	0	0	0	0	0	1.629	0	3.258	0	0	1.629	0	1.629	0	0	0	3.258	0	0	0	0	0	0	0	0	0	0	1.629	0	1.629	0	0	0	3.258	0	0	1.629	1.629	3.258	1.629	1.629	0	1.629	0	0	0	0	0	0	0	1.629	0	0	3.258	6.516	3.258	0	0	0	0	4.887	1.629	1.629	1.629	0	0	0	0	0	0	0	0	0	0	1.629	1.629	0	0	6.516	0	0	0	3.258	1.629	0	0	0	0	0	0	1.629	0	0	0	3.258	1.629	0	0	0	0	0	0	0	0	0	0	0	0	0	0	0	0	0	0	0	0	0	0	0	4.887	1.629	1.629	0	0	0	0	0	0	3.258	1.629	0	0	0	0	0	0	0	0	0	6.516	1.629	0	1.629	0	0	1.629	3.258	1.629	0	1.629	0	1.629	1.629	1.629	0	0	0	0	0	0	0	0	0	0	0	0	1.629	0	0	0	0	0	0	0	0	0	0	0	0	0	0	0	0	0	0	0	0	0	0	0	0	0	3.258	0	0	0	0	0	0	0	0	0	0	3.258	0	0	0	0	0	0	0	0	0	0	0	0	0	0	0	0	1.629	0	0	0	0	0	0	0	0	0	0	0	50:60,174.97:200,50:80
Cbs-NM_001271353	0	0	0	0	0	0	0	0	0	0	0	0	1.629	0	0	0	0	0	0	0	0	0	0	0	0	0	0	0	0	0	0	0	0	0	0	0	0	0	0	0	0	0	0	0	0	0	0	0	0	0	0	0	0	0	0	0	0	0	0	0	19.548	3.258	1.629	1.629	1.629	1.629	0	1.629	0	0	0	0	1.629	0	0	0	1.629	0	1.629	0	0	0	0	0	0	0	1.629	0	0	0	0	1.629	3.258	0	0	0	3.258	0	0	0	0	0	0	0	1.629	0	0	0	0	0	3.258	0	1.629	0	0	1.629	0	0	0	0	0	0	0	0	0	0	0	0	1.629	0	1.629	0	0	3.258	0	0	0	0	1.629	0	0	0	0	0	0	1.629	0	0	0	0	1.629	0	0	0	1.629	0	0	1.629	0	0	0	1.629	0	0	0	0	0	0	0	0	0	0	0	0	0	0	1.629	0	4.887	0	1.629	0	0	0	0	0	0	0	0	0	0	0	0	0	0	0	3.258	0	0	0	0	0	0	0	0	0	0	0	0	0	0	0	0	0	0	0	0	3.258	0	0	0	0	0	0	0	0	0	0	0	0	0	0	0	0	0	0	0	0	1.629	0	0	0	0	0	0	0	0	0	0	0	0	1.629	0	0	0	0	0	0	0	1.629	0	0	0	0	0	0	0	1.629	0	1.629	0	0	0	0	0	0	0	0	0	0	0	0	0	0	0	0	0	0	0	0	0	0	0	0	0	1.629	0	0	0	0	0	0	1.629	0	0	0	0	0	0	0	0	0	0	0	0	0	0	0	0	0	0	0	0	0	0	0	0	0	0	0	0	0	0	0	0	0	0	0	0	0	50:60,122.915:200,50:80
Cbx4-NM_007625	0	0	0	0	0	0	0	0	0	0	0	0	0	0	0	0	0	0	0	0	0	0	0	0	0	0	0	0	0	0	0	0	0	0	0	0	0	0	0	0	0	0	0	0	0	0	0	0	0	0	0	0	0	0	0	0	0	0	0	1.629	0	8.145	32.579	8.145	0	1.629	0	0	0	0	0	0	0	0	0	0	0	0	0	0	1.629	1.629	3.258	0	0	1.629	0	0	0	0	0	1.629	0	0	0	0	0	0	0	0	0	0	0	0	0	0	0	1.629	0	0	3.258	0	1.23	0.399	0	0	0	0	0	0	0	0	0	0	0	0	0	1.629	0	1.629	0	0	0	0	0	0	1.629	3.258	0	0	0	0	0	0	0	0	0	0	0	0	0	0	0	0	0	0	0	0	0	0	0	0	0	3.258	0	1.629	0	0	0	0	0	0	0	0	0	0	1.629	0	0	0	1.629	0	0	0	0	0	0	0	0	1.629	0	0	0	0	0	0	0	0	0	0	0	0	0	0	0	0	0	0	0	0	0	0	0.415	4.472	0	1.629	0	0	0	0	0	1.629	0	1.629	0	0	0	1.629	0	0	0	0	0	0	1.629	0	0	0	1.629	0	3.258	1.629	4.887	0	0	0	0	0	0	0	0	0	0	0	0	0	0	0	0	0	0	1.629	0	0	0	0	1.629	0	0	0	0	0	0	0	0	1.629	0	0	0	0	0	1.629	0	0	0	0	0	1.629	1.629	0	0	0	0	0	0	0	0	1.629	1.629	0	0	0	0	0	0	0	0	1.629	0	0	0	0	0	0	0	1.629	0	0	0	0	0	0	1.629	0	0	0	0	0	0	0	0	0	0	0	0	0	0	0	0	0	50:60,43.335:200,50:80
Ccdc172-NM_001374039	0	0	0	0	0	0	0	0	0	0	0	0	0	0	0	0	0	0	0	0	0	0	0	0	0	0	0	0	0	0	0	0	0	0	0	0	0	0	0	0	0	0	0	0	0	0	0	0	0	0	0	0	0	0	0	0	0	0	0	0	0	1.629	0	0	0	0	1.629	0	0	0	0	0	0	0	0	0	0	0	0	0	0	0	0	0	0	0	0	0	0	0	0	0	0	0	0	0	0	1.629	1.629	0	0	0	0	0	0	0	0	0	0	0	0	0	0	0	0	0	0	0	0	0	8.145	3.258	0	3.258	3.258	1.629	0	1.629	0	0	0	0	0	0	0	0	0	0	0	0	0	0	0	0	0	0	0	0	0	0	0	0	0	0	0	0	0	0	0	0	1.629	0	0	0	0	0	0	0	0	0	0	0	0	0	0	1.629	0	0	0	0	0	0	0	0	0	0	0	0	0	0	0	0	0	0	0	0	0	0	0	0	0	0	0	0	0	0	0	0	0	0	0	0	0	0	0	0	0	0	0	0	0	0	0	0	0	0	0	0	0	0	0	0	0	0	0	0	0	0	0	0	0	0	0	0	0	0	0	0	0	0	0	0	0	0	0	0	0	0	0	0	0	0	0	0	0	0	0	0	0	0	0	0	0	0	0	0	0	0	0	0	0	0	0	0	0	0	0	0	0	0	0	0	0	0	0	0	0	0	0	0	0	0	0	0	0	0	0	0	0	0	0	0	0	0	0	0	0	0	0	0	0	0	0	0	0	0	0	0	0	0	0	0	0	0	0	0	0	0	0	0	50:60,205.6:200,50:80
Ccdc185-NM_001033547	0	0	0	0	0	0	0	0	0	0	0	0	0	0	0	0	0	0	0	0	0	0	0	0	0	0	0	0	0	0	0	0	0	0	0	0	0	0	0	0	0	0	0	0	0	0	0	0	0	0	0	0	0	0	0	0	0	0	0	0	0	0	1.629	0	0	0	0	0	0	0	0	0	0	0	0	0	0	0	0	0	0	0	0	0	0	0	0	0	0	0	0	0	0	0	0	0	0	0	0	0	0	0	0	0	0	0	0	0	0	0	0	0	0	0	0	0	0	0	0	0	0	0	0	0	0	0	0	0	0	0	0	0	0	0	0	0	0	0	0	0	0	0	0	0	0	0	0	0	0	0	0	0	0	0	0	0	0	0	0	0	0	0	0	0	0	0	0	0	0	0	0	0	0	0	0	0	0	0	0	0	0	0	0	0	0	0	0	0	0	0	0	0	0	0	0	0	0	0	0	0	0	0	0	0	0	0	0	0	0	0	0	0	0	0	0	0	0	0	0	0	0	0	0	0	0	0	0	0	0	0	0	0	0	0	0	0	0	0	0	0	0	0	0	0	0	0	0	0	0	0	0	0	0	0	0	0	0	0	0	0	0	0	0	0	0	0	0	0	0	0	0	0	0	0	0	0	0	0	0	0	0	0	0	0	0	0	0	0	0	0	0	0	0	0	0	0	0	0	0	0	0	0	0	0	0	0	0	0	0	0	0	0	1.629	0	0	0	0	0	0	0	0	0	0	0	0	0	0	0	0	0	0	0	0	0	0	0	0	0	0	0	50:60,10.275:200,50:80
Ccn4-NM_018865	0	0	0	0	0	0	0	0	0	0	0	0	0	0	1.629	0	0	0	0	0	0	0	0	0	0	0	0	0	0	0	0	0	0	0	0	0	0	0	1.629	0	0	0	0	0	0	0	0	0	0	0	0	0	1.629	0	0	0	0	3.258	0	0	11.403	3.258	8.145	3.258	0	1.629	0	0	1.629	3.258	0	0	0	0	0	1.629	3.258	0	0	0	0	0	0	3.258	1.629	0	0	0	0	0	6.516	0	1.629	4.887	0	0	3.258	0	1.629	1.629	0	0	0	0	0	0	0	0	3.258	1.629	0	1.629	4.887	1.629	0	1.629	0	0	0	0	0	1.629	1.629	0	1.629	0	1.629	0	0	0	0	0	0	0	1.629	1.629	0	0	0	0	3.258	0	0	3.258	0	0	0	0	1.629	0	0	0	3.258	0	0	0	0	0	0	0	3.258	3.258	0	1.629	0	0	0	1.629	0	0	0	0	0	0	0	0	0	0	1.629	0	1.629	0	0	1.629	1.629	0	0	0	0	0	0	0	0	0	0	0	0	0	0	0	0	1.629	1.629	0	0	1.629	0	0	0	0	1.629	0	0	0	1.629	1.629	1.629	0	0	1.629	1.629	0	0	0	0	0	0	0	0	1.629	1.629	1.629	0	1.629	0	0	0	1.629	1.629	0	0	0	0	0	0	0	0	1.629	0	1.629	0	0	0	0	0	0	0	1.629	0	0	0	1.629	0	0	0	0	0	1.629	1.629	0	0	0	0	0	0	0	0	0	0	1.629	1.629	0	0	0	0	4.887	0	0	0	0	0	0	0	0	0	0	0	0	0	0	0	0	0	0	0	0	0	0	0	0	0	0	0	0	0	0	0	0	0	0	0	0	0	0	0	0	0	0	0	0	0	0	0	1.629	0	0	0	0	0	1.629	50:60,159.165:200,50:80
Ccn6-NM_001127376	0	0	0	0	0	0	0	0	0	0	0	0	0	0	0	0	0	0	0	0	0	0	0	0	0	0	1.629	1.629	0	0	0	0	0	0	0	0	0	0	0	0	0	0	0	0	0	0	0	0	0	0	0	0	0	0	0	0	0	0	0	0	0	0	0	0	0	0	0	0	0	0	0	0	0	0	0	0	0	0	0	0	0	0	0	0	0	0	0	0	0	0	0	0	0	0	0	0	0	0	0	0	0	0	0	0	0	0	0	0	0	0	0	0	0	0	0	0	0	0	0	0	0	0	0	0	0	0	0	0	0	0	0	0	0	1.629	0	0	0	0	0	0	0	0	0	0	0	0	0	0	0	0	0	0	0	0	0	0	0	0	0	0	0	0	0	0	0	0	0	0	0	0	0	0	0	0	0	0	0	0	0	0	0	0	0	0	0	0	0	0	0	0	0	0	0	0	0	0	0	0	0	0	0	0	0	0	0	0	0	0	0	0	0	0	0	0	0	0	0	0	0	0	0	0	0	0	0	0	0	0	0	0	0	0	0	0	0	0	0	0	0	0	0	0	0	0	0	0	0	0	0	0	0	0	0	0	0	0	0	0	0	0	0	0	0	0	0	0	0	0	0	0	0	0	0	0	0	0	0	0	0	0	0	0	0	0	0	0	0	0	0	0	0	0	0	0	0	0	0	0	0	0	0	0	0	0	0	0	0	0	0	0	0	0	0	0	0	0	0	0	0	0	0	0	0	0	0	0	0	0	0	0	0	0	0	0	0	0	0	0	0	0	50:60,64.12:200,50:80
Cd300a-NM_001347654	0	0	0	0	0	0	0	0	0	0	0	0	0	0	0	0	0	0	0	0	0	0	0	0	0	1.629	0	0	0	0	0	0	0	0	0	0	0	0	0	0	0	0	0	0	0	0	0	0	0	0	0	0	0	0	0	0	0	0	0	0	0	0	0	0	0	0	0	0	0	0	0	0	0	0	0	0	0	0	0	1.629	0	0	0	0	0	0	0	0	0	0	0	0	0	0	1.629	0	0	0	0	0	0	0	0	0	0	0	0	0	0	0	0	0	0	0	0	0	0	0	0	0	0	0	0	0	0	0	0	0	0	0	0	0	0	0	0	0	0	0	0	0	0	0	0	0	0	0	0	0	0	0	0	0	0	0	0	0	0	0	0	0	0	0	0	0	0	0	0	0	0	1.629	0	0	0	0	1.629	0	0	0	0	0	0	0	0	0	0	0	0	0	0	0	0	0	0	0	0	0	0	0	0	0	0	0	0	0	0	0	0	0	0	0	0	0	0	0	0	0	0	0	0	0	0	0	0	0	0	0	0	0	0	0	0	0	0	0	0	0	0	0	0	0	0	0	0	0	0	0	0	0	0	0	0	0	0	0	0	0	0	0	0	0	0	0	0	0	0	0	0	0	0	0	0	0	0	0	0	0	0	0	0	0	0	1.629	0	0	0	0	0	0	0	0	0	0	0	0	0	0	0	0	0	0	0	0	0	0	0	0	0	0	0	0	0	0	0	0	0	0	0	0	0	0	0	0	0	0	0	0	0	0	0	0	0	0	0	0	0	0	0	0	0	0	50:60,59.505:200,50:80
Cd300ld3-NM_199201	0	0	0	0	0	0	0	0	0	0	0	0	0	0	0	0	0	0	0	0	0	0	0	0	0	0	0	0	0	0	0	0	0	0	0	0	0	0	0	0	0	0	0	0	0	0	0	0	0	0	0	0	0	0	0	0	0	0	0	0	0	0	0	0	0	0	0	0	0	0	0	0	0	0	0	0	0	0	0	0	0	0	0	0	0	0	0	0	0	0	0	0	0	0	0	0	0	0	0	0	0	0	0	0	0	0	0	0	0	0	0	0	0	0	0	0	0	0	0	0	0	0	0	0	0	0	0	0	0	0	0	0	0	0	0	0	0	0	0	0	0	0	0	0	0	0	0	0	0	0	0	0	0	0	0	0	0	0	0	0	0	0	0	0	0	0	0	0	0	0	0	0	0	0	0	0	0	0	0	0	0	0	0	0	0	0	0	0	0	0	0	0	0	0	0	0	0	0	0	0	0	0	0	0	0	0	0	0	0	0	0	0	0	0	0	0	0	0	0	0	0	0	0	0	0	0	0	0	0	0	0	0	0	0	0	0	0	0	0	0	0	0	0	0	0	0	0	0	0	0	0	0	0	0	0	0	0	0	0	0	0	0	0	0	0	0	0	0	0	0	0	0	0	0	0	0	0	0	0	0	0	0	0	0	0	0	0	0	0	0	0	0	0	0	0	0	0	0	0	0	0	0	0	0	0	0	0	0	0	0	0	0	0	0	0	0	0	0	0	0	0	0	0	0	0	0	0	0	0	0	0	0	0	0	0	0	0	0	0	0	50:60,31.135:200,50:80
Cd300lf-NM_001169153	0	0	0	0	0	0	0	0	0	0	0	0	0	0	0	0	0	0	0	0	0	0	0	0	0	0	0	0	0	0	0	0	0	0	0	0	0	0	0	0	0	0	0	0	0	0	0	0	0	0	0	0	0	0	0	0	0	0	0	0	0	0	0	0	0	0	0	0	0	0	0	0	0	0	0	0	0	0	0	0	0	0	0	0	0	0	0	0	0	0	0	0	0	0	0	0	0	0	0	0	0	0	0	0	0	0	0	0	0	0	0	0	0	0	0	0	0	0	0	0	0	0	0	0	0	0	0	0	0	0	0	0	0	0	0	0	0	0	0	0	0	0	0	0	0	0	0	0	0	0	0	0	0	0	0	0	0	0	0	0	0	0	0	0	0	0	0	0	0	0	0	0	0	0	0	0	0	0	0	0	0	0	0	0	0	0	0	0	0	0	0	0	0	0	0	0	0	0	0	0	0	0	0	0	0	0	0	0	0	0	0	0	0	0	0	0	0	0	0	0	0	0	0	0	0	0	0	0	0	0	0	0	0	0	0	0	0	0	0	0	0	0	0	0	0	0	0	0	0	0	0	0	0	0	0	0	0	0	0	0	0	0	0	0	0	0	0	0	0	0	0	0	0	0	0	0	0	0	0	0	0	0	0	0	0	0	0	0	0	0	0	0	0	0	0	0	0	0	0	0	0	0	0	0	0	0	0	0	0	0	0	0	0	0	0	0	0	0	0	0	1.629	0	0	0	0	0	0	0	0	0	0	0	0	0	0	0	0	0	0	0	50:60,88.895:200,50:80
Cdk14-NM_011074	0	0	0	0	0	0	0	0	0	0	0	0	0	0	0	0	0	0	0	0	0	0	0	0	0	0	0	0	0	0	0	0	0	0	0	0	0	0	0	0	3.258	1.629	0	0	0	0	0	0	0	0	0	1.629	1.629	3.258	1.629	0	0	0	0	0	48.869	3.258	8.145	9.774	14.661	13.032	13.032	9.774	13.032	4.887	8.145	4.887	13.032	14.661	9.774	8.145	9.774	0	9.774	6.516	17.919	14.661	8.145	11.403	9.774	17.919	11.403	1.629	4.887	8.145	3.258	17.919	17.919	16.29	1.629	6.516	16.29	4.887	14.661	6.516	8.145	8.145	8.145	11.403	6.516	1.629	3.258	3.258	6.516	0	3.258	3.258	0	1.629	1.629	4.887	6.516	4.887	8.145	6.516	14.661	11.403	1.629	3.258	3.258	6.516	4.887	3.258	9.774	3.258	1.629	3.258	3.258	1.629	8.145	4.887	0	3.258	1.629	6.516	3.258	0	1.629	6.516	0	1.629	0	3.258	3.258	3.258	3.258	4.887	6.516	1.629	1.629	4.887	4.887	6.516	6.516	0	0	1.629	3.258	0	0	0	3.258	1.629	1.629	1.629	0	3.258	3.258	3.258	9.774	0	3.258	4.887	3.258	1.629	6.516	4.887	3.258	3.258	1.629	1.629	1.629	6.516	3.258	6.516	1.629	1.629	1.629	3.258	1.629	1.629	0	1.629	3.258	1.629	0	6.516	0	8.145	3.258	6.516	1.629	1.629	3.258	3.258	6.516	1.629	0	3.258	4.887	11.403	0	3.258	0	4.887	1.629	4.887	8.145	3.258	1.629	0	1.629	0	0	3.258	4.887	8.145	0	4.887	0	1.629	4.887	1.629	1.629	3.258	1.629	6.516	1.629	0	3.258	0	6.516	0	0	1.629	1.629	1.629	4.887	1.629	1.629	1.629	0	3.258	0	9.774	0	0	0	0	0	0	0	0	0	0	0	0	0	0	0	0	0	0	0	0	0	0	0	0	0	0	0	0	0	0	0	0	0	0	1.629	0	0	0	0	0	0	0	0	0	0	0	0	0	0	0	0	0	0	0	0	0	0	0	0	0	0	0	0	0	0	0	0	0	0	0	0	0	0	0	0	0	0	0	0	0	50:60,2884.34:200,50:80
Cdk8-NM_153599	0	0	0	0	0	1.629	0	0	0	0	4.887	0	0	0	0	0	0	0	0	0	0	0	0	0	0	0	0	0	0	0	1.629	0	0	0	0	0	0	0	0	0	0	0	0	0	1.629	1.629	0	0	0	0	0	8.145	0	4.887	0	0	0	1.629	3.258	45.611	120.544	17.919	27.692	29.321	14.661	3.258	8.145	14.661	11.403	6.516	11.403	1.629	22.806	3.258	11.403	14.661	11.403	11.403	13.032	8.145	11.403	16.29	14.661	4.887	8.145	1.629	26.064	11.403	24.435	4.887	4.887	21.177	4.887	21.177	1.629	0	22.806	4.887	6.516	9.774	11.403	14.661	9.774	9.774	17.919	14.661	4.887	11.403	3.258	6.516	4.887	6.516	13.032	14.661	4.887	19.548	16.29	6.516	14.661	8.145	11.403	14.661	9.774	3.258	11.403	9.774	4.887	17.919	26.064	11.403	1.629	6.516	17.919	4.887	3.258	11.403	29.321	6.516	6.516	8.145	17.919	14.661	9.774	17426.748	0	4.887	4.887	4.887	8.145	4.887	22.806	0	3.258	27.692	19.548	11.403	19.548	17.919	3.258	24.435	6.516	1.629	9.774	22.806	17.919	9.774	26.064	6.516	0	13.032	19.548	21.177	1.629	14.661	6.516	14.661	8.145	11.403	21.177	16.29	11.403	19.548	4.887	14.661	9.774	17.919	9.774	3.258	1.629	14.661	3.258	3.258	24.435	4.887	9.774	6.516	6.516	8.145	16.29	9.774	4.887	3.258	16.29	22.806	6.516	11.403	1.629	1.629	14.661	16.29	3.258	8.145	6.516	6.516	6.516	14.661	27.692	6.516	19.548	9.774	6.516	16.29	9.774	6.516	8.145	27.692	16.29	0	4.887	6.516	11.403	9.774	14.661	8.145	6.312	11.606	4.887	9.774	3.258	0	6.516	3.258	4.887	9.774	3.258	0.407	14.253	1.629	21.177	19.548	3.258	6.516	6.516	27.692	6.516	3.258	1.629	1.629	4.887	0	0	0	11.403	1.629	0	0	3.258	0	0	1.629	0	0	3.258	13.032	1.629	0	0	1.629	4.887	0	1.629	1.629	0	0	1.629	0	1.629	0	4.887	0	0	0	6.516	0	4.887	6.516	0	0	0	0	0	1.629	1.629	0	1.629	0	0	3.258	0	3.258	0	0	0	0	1.629	9.774	8.145	0	6.516	13.032	4.887	9.774	8.145	11.403	0	0	0	0	0	0	0	3.258	0	0	1.629	8.145	4.887	1.629	1.629	3.258	50:60,358.125:200,50:80
Celf5-NM_176954	0	22.806	13.032	9.774	4.887	6.516	39.095	9.774	4.887	4.887	4.887	0	1.629	1.629	11.403	8.145	14.661	40.724	35.837	4.887	9.774	81.449	34.208	9.774	9.774	21.177	13.032	6.516	1.629	0	3.258	0	0	0	0	4.887	1.629	4.887	0	3.258	0	0	0	0	0	0	0	4.887	3.258	3.258	11.403	0	1.629	8.145	22.806	0	0	4.887	0	0	3.258	1.629	4.887	0	0	0	0	1.629	3.258	0	0	0	9.774	0	3.258	0	1.629	0	0	0	0	8.145	1.629	0	4.887	0	0	4.887	3.258	1.629	1.629	0	1.629	0	1.629	0	1.629	1.629	0	0	0	0	0	0	1.629	3.258	0	0	0	0	0	0	0	1.629	1.629	3.128	0.13	0	0	0	6.516	0	0	0	0	0	1.629	0	0	0	3.258	1.629	1.629	1.629	4.887	1.629	0	0	3.258	0	0	3.258	0	1.629	1.629	0	4.887	1.629	0	0	0	0	0	0	0	0	0	0	1.629	0	1.629	0	3.258	1.629	0	1.629	3.258	0	0	1.629	3.258	8.145	0	0	0	0	1.629	0	0	1.629	0	0	0	0	0	0	1.629	0	1.629	3.258	3.258	0	3.258	0	1.629	4.887	1.629	3.258	3.258	4.887	1.629	0	0	0	1.629	1.629	6.516	32.058	129.357	32.433	3.258	4.887	0	1.629	1.629	3.258	0	1.629	6.516	0	1.629	4.887	3.258	1.629	1.629	1.629	0	20.981	0.195	1.629	6.516	3.258	0	3.258	1.629	3.258	1.629	1.629	1.629	0	0	0	1.629	3.258	3.258	0	1.629	0	0	0	1.629	0	3.258	0	1.548	6.597	3.258	0	0	1.629	8.145	1.629	0	0	0	1.629	0	0	1.629	3.258	0	0	0	0	0	1.629	0	3.258	1.629	0	0	0	3.258	4.887	4.887	1.629	13.032	0	0	0	1.629	0	4.887	0	3.258	0	0	0	3.258	4.887	3.258	1.629	1.629	0	1.629	0	1.629	1.629	0	0	0	0	0	0	0	0	0	0	0	0	0	0	0	0	0	0	0	0	0	0	1.629	0	0	3.258	0	0	0	0	0	0	50:60,117.41:200,50:80
Cemip2-NM_031997	0	0	0	0	0	0	0	0	0	0	0	0	0	0	0	0	0	0	0	0	0	0	0	0	0	0	0	0	0	0	0	0	0	0	0	0	0	0	0	0	0	0	0	0	4.887	0	0	1.629	0	0	0	0	0	0	0	0	0	0	0	0	50.498	39.095	34.208	45.611	53.756	26.064	45.611	13.032	30.95	45.611	21.177	58.643	40.724	21.177	3.258	29.321	74.81	71.797	29.321	19.548	4.887	14.661	14.661	16.29	29.321	3.258	11.403	35.837	32.579	26.064	27.692	45.611	4.887	320.907	99.367	26.064	45.611	57.014	14.661	3.258	32.579	19.548	29.321	16.29	45.611	16.29	6.516	27.692	22.806	24.435	30.95	16.29	9.774	30.95	19.548	66.788	14.661	14.661	27.692	35.837	0	11.403	24.435	43.982	24.435	8.145	9.774	3.258	29.321	17.919	16.29	34.208	8.145	8.145	17.919	14.661	17.919	76.562	17.919	30.95	21.177	17.919	39.095	21.177	22.806	32.579	14.661	27.692	27.693	8.145	13.032	30.95	24.435	26.064	13.032	24.435	19.548	9.774	11.403	21.991	15.475	29.321	13.032	19.548	26.064	17.919	13.032	9.774	22.806	8.145	39.095	1.629	13.032	13.032	65.159	14.661	26.064	22.806	14.661	6.516	13.032	3.258	14.661	14.661	47.24	21.177	35.837	22.806	8.145	42.353	39.095	21.177	21.177	32.579	39.095	21.177	30.95	6.516	35.837	14.661	13.032	32.579	16.29	24.435	29.321	27.692	1.629	11.403	35.837	22.806	14.661	9.774	6.516	21.177	16.29	17.919	13.032	19.548	16.29	39.095	14.661	14.661	11.403	26.064	8.145	1.629	27.692	6.516	11.403	16.045	32.824	27.692	8.145	21.177	27.692	27.692	17.919	17.919	24.435	9.774	9.774	21.177	3.258	17.919	13.032	6.516	16.29	47.24	30.95	9.774	32.579	6.516	19.548	27.692	14.661	48.869	27.692	11.403	29.321	53.756	8.145	4.887	1.629	3.258	3.258	0	6.516	17.919	1.629	1.629	0	1.629	1.629	1.629	1.629	3.258	0	0	1.629	3.258	1.629	0	1.629	0	0	3.258	0	1.629	3.258	26.064	8.145	1.629	0	0	0	3.258	0	0	0	0	6.516	1.629	1.629	1.629	4.887	3.258	8.145	13.032	1.629	19.548	1.629	3.258	4.887	0	0	1.629	9.774	1.629	1.629	0	4.887	0	8.145	30.95	1.629	1.629	6.516	3.258	3.258	8.145	3.258	0	1.629	0	0	0	6.516	16.29	29.321	3.258	50:60,400.105:200,50:80
Cenpi-NM_145924	0	0	0	0	0	0	0	0	0	1.629	0	0	0	0	4.887	1.629	0	1.629	0	0	0	0	0	0	0	0	0	0	0	0	0	0	0	0	0	0	0	0	0	0	0	0	0	0	0	0	0	0	0	0	0	0	0	0	0	0	0	0	0	0	876.387	13.032	19.548	13.032	1.629	4.887	19.548	8.145	9.774	4.887	3.258	24.435	1.629	6.516	17.919	3.258	1.629	9.774	9.774	9.774	6.516	6.516	4.887	13.032	13.032	17.919	8.145	19.548	1.629	6.516	1.629	1.629	16.29	3.258	11.403	1.629	3.258	0	1.629	8.145	3.258	17.919	27.693	8.145	9.774	0	1.629	9.774	8.145	0	11.403	11.403	6.516	9.774	8.145	0	0	3.258	6.516	8.145	1.629	1.629	8.145	0	0	3.258	0	0	0	4.887	1.629	1.629	0	0	0	0	1.629	3.258	0	0	6.516	0	0	0	0	1.678	19.499	0	4.887	0	6.516	8.145	11.403	13.032	4.887	6.516	9.774	4.887	13.032	13.032	8.145	4.887	11.403	8.145	11.403	21.177	8.145	4.887	6.516	3.258	16.29	0	0	3.258	13.032	8.145	13.032	3.258	8.145	3.258	3.258	4.887	4.887	0.033	19.515	6.516	11.403	4.887	4.887	1.629	1.23	3.657	0	9.774	3.258	1.629	8.145	8.145	11.403	6.516	3.258	6.516	3.258	3.258	11.403	1.629	4.887	1.629	8.145	8.145	17.919	11.403	8.145	6.516	3.258	4.887	9.774	4.887	0	4.887	3.258	0	16.29	4.887	9.774	1.629	3.258	8.145	6.516	8.145	8.145	16.29	6.516	9.774	8.145	8.145	0	1.629	3.258	3.258	11.403	1.629	19.548	13.032	0	6.516	0	3.258	13.032	13.032	1.629	0	1.629	0	11.403	4.887	1.629	8.145	1.629	0	0	0	0	0	0	1.629	0	0	0	0	3.258	0	0	0	0	0	0	0	0	0	1.629	0	0	0	1.629	1.629	9.774	0	1.629	0	0	0	0	3.258	0	1.629	1.629	0	0	0	0	4.887	3.258	9.774	6.516	0	3.258	1.629	6.516	0	0	0	0	0	0	0	1.629	0	0	0	0	0	0	0	3.258	0	0	0	1.629	4.887	1.629	1.629	0	0	0	4.887	0	1.629	3.258	0	50:60,275.105:200,50:80
Cenpt-NM_177150	3.258	14.661	1.629	0	4.887	3.258	3.258	3.258	1.629	1.629	0	0	0	0	1.629	4.887	0	0	0	0	0	0	0	0	0	0	0	0	0	0	0	0	1.629	0	0	0	0	0	0	0	0	0	0	0	0	0	0	0	0	0	0	0	0	0	0	0	0	1.629	3.258	1.629	192.162	254.454	48.478	48.983	31.398	4.439	0	3.258	0	9.774	11.403	6.516	3.258	1.629	3.258	0	0	0	0	0	0	0	0	0	0	8.145	11.403	0	0	0	0	1.629	3.258	0	0	45.611	4.887	0	0	1.629	14.661	21.177	1.629	0	0	0	0	4.887	14.815	2.696	0.407	4.887	0	1.629	0	0	0	0	0	6.516	3.258	3.258	6.516	6.386	1.759	3.258	0	1.629	0	1.629	0	1.629	0	0	0.204	4.325	0.358	0	8.145	9.774	14.661	6.043	0.472	0	0	0	3.258	1.629	1.629	3.095	9.937	21.177	8.145	1.629	6.516	4.887	1.629	1.629	9.774	1.629	0	0	0	0	1.629	1.629	0	0	0	0	0	0	0	0	0	0	0	1.629	3.258	3.258	3.258	6.516	1.629	17.919	24.435	6.516	0	1.629	0	0	12.714	6.834	1.629	0	0	0	0	1.629	1.629	1.629	8.145	1.629	0	0	0	3.258	6.516	8.047	9.872	3.258	3.258	1.629	3.258	0	1.629	0	1.629	1.629	6.516	3.258	9.774	1.629	1.629	4.887	3.258	0	0	6.516	8.145	6.516	0	0	0	1.629	3.258	1.629	3.258	0	0	1.629	0	1.629	0	1.629	1.629	0	0	24.435	11.403	4.887	6.516	1.629	1.629	1.629	3.258	0	0	1.629	1.629	0	4.887	4.887	0	1.629	0	3.258	4.887	0	0	0	4.887	8.145	13.032	19.548	4.887	13.032	0	0	0	0	0	0	1.629	0	0	0	6.516	0	3.258	0	3.258	14.661	0	0	0	3.258	6.516	6.516	0	1.629	0	3.258	8.145	6.516	3.258	3.258	3.258	6.516	9.774	3.258	0	11.403	4.887	0	4.887	8.145	0	8.145	14.661	11.403	9.774	3.258	0	24.435	53.756	3.258	8.145	0	11.403	32.579	27.693	3.258	19.548	4.887	6.516	4.887	0	6.516	8.145	9.774	50:60,36.655:200,50:80
Chchd7-NR_104357	0	0	0	0	0	0	0	0	0	0	0	0	0	0	0	0	0	0	0	0	0	0	0	0	0	0	0	0	0	0	0	0	0	0	0	0	0	0	0	0	0	0	0	0	0	0	1.629	1.629	0	0	0	0	0	0	0	0	0	0	3.258	0	8.063	210.056	168.876	8.845	4.887	4.887	0	0	1.629	1.629	17.919	0	0	1.629	0	1.629	4.887	9.774	12.755	23.083	0	22.806	3.258	0	0	0	1.629	0	3.258	3.258	4.887	3.258	1.629	0	0	1.368	0.261	0	1.629	0	1.629	1.629	4.887	11.403	0	3.258	4.887	6.516	16.29	14.661	0	0	4.887	0	0	0	0	0	0	6.516	3.258	3.258	0	4.887	3.258	4.138	17.349	4.577	1.629	4.887	3.258	0	0	0	0	1.629	0	3.258	0	0	1.629	13.032	0	0	0	1.629	0	1.629	0	0	0	0	0	1.629	0	0	1.629	3.258	8.145	1.629	0	0	0	0	0	1.629	0	0	0	0	0	1.629	2.395	0.863	0	0	0	0	0	0	1.629	0	0	0	0	0	0	0	0	0	0	0	1.629	0	0	0	0	0	0	0	0	1.629	1.629	0	0	1.629	1.629	0	1.629	0.814	2.443	1.629	0	0	0	0	8.145	8.145	0	0	0	0	0	0	1.629	0	3.258	3.258	0	0	3.258	0	3.258	3.258	11.403	0	0	0	1.629	0	0	0	0	0	0	0	0	0	0	1.629	0	0.782	0.847	0	0	0	0	0	0	0	0	0	1.629	3.258	11.403	4.887	1.629	4.887	0	1.629	3.258	0	0	1.629	4.887	3.258	0	1.629	1.629	11.403	6.516	8.145	4.887	0	3.258	0	0	1.629	0	0	0	0	1.629	0	1.629	1.629	1.629	0	1.629	4.887	0	1.629	6.516	0	9.774	0	0	0	0	0	1.629	0	0	0	4.887	4.887	0	0	4.887	0	0	0	0	0	0	1.629	0	0	0	1.629	0	1.629	0	0	1.629	0	1.629	0	1.629	0	50:60,23.19:200,50:80
Chl1-NM_007697	0	0	0	0	0	0	0	0	0	0	0	0	0	0	0	0	0	0	0	0	0	0	0	0	0	0	0	0	0	0	0	0	0	0	0	0	0	0	0	0	0	0	0	0	0	0	0	0	0	0	0	0	0	0	0	1.629	0	0	0	0	0	0	1.629	0	0	1.629	0	0	0	0	0	0	0	1.629	0	0	0	0	0	0	0	0	0	0	0	0	0	0	0	0	0	0	0	0	0	1.629	0	0	0	0	0	0	0	0	0	0	0	0	0	0	0	0	0	0	0	0	0	0	0	0	0	0	0	0	1.629	0	0	0	0	0	0	0	0	0	0	0	0	0	0	0	0	0	0	0	0	0	0	0	0	0	0	0	0	0	0	0	1.629	0	0	0	0	0	0	0	0	0	0	0	0	0	0	0	0	0	0	0	0	0	0	0	0	0	0	0	0	0	0	0	0	1.629	0	0	0	0	0	0	0	0	0	0	0	0	0	0	0	0	0	0	0	0	0	0	0	0	0	0	0	0	0	0	0	0	0	0	0	0	0	0	0	0	0	0	0	0	0	0	0	0	0	0	0	0	0	0	0	0	0	0	0	0	0	0	0	0	3.258	0	0	0	0	0	0	0	0	0	0	0	0	0	0	0	0	0	0	0	0	0	0	0	0	0	0	0	0	0	0	0	0	0	0	0	0	0	0	0	0	0	0	0	0	0	0	0	0	0	0	0	0	0	0	0	0	0	0	0	0	0	0	0	0	0	0	0	0	0	0	0	0	0	0	0	0	0	0	0	0	0	0	0	0	0	50:60,1110.8:200,50:80
Chpf-NM_001001566	1.629	1.629	0	0	0	1.629	0	0	0	0	0	1.629	1.629	1.629	0	0	0	1.629	0	1.629	0	0	0	0	1.629	0	0	0	1.629	0	0	0	0	0	0	0	0	0	0	0	0	0	0	0	0	0	0	0	0	0	0	0	0	0	0	0	0	0	0	0	0	0	0	0	0	0	0	6.516	11.403	0	0	0	0	3.258	6.516	16.29	55.385	1.629	0	0	0	0	0	0	0	0	0	1.629	0	0	0	0	0	1.629	11.403	3.258	0	0	3.258	1.629	0	1.026	5.49	1.629	3.258	0	0	1.629	0	0	0	0	0	0	0	0	0	3.258	1.629	0	0	0	0	0	0	0	0	0	0	1.629	4.887	1.629	0	0	0	1.629	3.258	3.258	0	0	0	3.633	2.883	0	0	0	0	0	1.629	0	0	0	1.629	4.887	0	0	1.629	0	1.629	0	0	3.258	0	0	0	0	0	6.516	1.849	1.409	3.258	0	0	0	0	0	0	1.629	0	3.258	0	0	2.753	2.134	0	0	0	0	1.629	0	1.629	0	0	1.629	0	0	0	0	0	0.163	1.466	0	0	0	0	0	0	0	0	1.629	0	4.887	0	3.258	0	0	0	0	0	0	0	0	0	0	0	0	1.629	1.629	0	0	0	0	3.258	6.516	11.403	0	0	0	0	0	0	0	0	0	0	0	0	0	3.258	1.629	0	0	3.258	1.629	9.774	3.258	0	0	0	4.887	4.887	3.258	3.258	0	0	0	1.629	0	0	0	0	0	1.629	1.629	3.258	0	0	0	1.629	0	4.887	0	4.887	0	0	0	0	9.774	0	0	0	1.629	0	6.516	13.032	0	6.516	1.629	4.887	0	0	1.629	9.774	1.629	3.258	0	3.258	0	1.629	0	0	8.145	1.629	4.887	6.516	4.887	0	0	0	0	0	4.887	3.258	0	3.258	0	0	0	0	1.629	9.774	0	1.629	8.145	1.629	3.258	0	1.629	3.258	0	50:60,24.515:200,50:80
Ciz1-NM_001252538	0	0	0	0	0	0	0	0	0	0	0	0	0	0	0	0	0	0	0	0	0	0	0	0	1.629	0	0	0	0	0	0	0	0	0	1.629	1.629	0	0	0	0	0	0	0	0	0	0	0	0	0	0	0	0	0	0	0	0	0	0	0	0	0	16.29	3.258	14.661	11.403	3.258	8.145	19.548	22.806	8.145	0	0	1.629	1.629	0	3.258	0	0	0	0	1.629	1.629	1.629	0	3.258	0	0	0	0	0	3.258	1.043	0.586	0	0	11.403	0	0	0	8.145	0	1.629	0	3.258	3.258	6.255	3.519	6.516	3.258	3.258	1.629	1.629	1.629	0	0	0	0	0	0	0	1.629	1.629	0	0	0	1.629	3.258	0	0	0	0	0	0	26.064	0	0	3.258	0	0	0	0	0	0	0	0	0	1.629	3.258	0	0	0	0	0	1.629	1.629	0	1.629	3.258	3.258	0	1.629	1.629	1.629	0	0	4.887	0	0	0	3.258	1.629	0	0	1.629	0	0	4.887	0	0	0	0	0	1.629	0	1.629	11.403	1.629	0	0	0	0	0	0	0	3.258	4.887	0	0	0	0	0	0	0	0	1.629	0	4.887	3.258	0	0	0	3.258	0	4.887	4.887	0	3.258	0	4.887	1.629	0	0	0	0	0	6.516	0	1.629	6.516	0	0	0	0	0	1.629	1.629	0	0	0	0	1.629	3.258	0	0	0	0	0	0	4.887	0	0	1.629	0	1.629	0	0	0	0	0	1.629	0	0	0	3.258	0	0	0	0	0	0	9.774	1.629	0	0	0	0	1.629	0	0	0	3.258	0	3.258	0	0	0	0	3.258	1.629	1.629	3.258	1.629	3.258	1.629	3.258	0	0	1.629	1.629	1.629	3.258	1.629	0	0	4.887	1.629	3.258	0	0	1.629	4.887	0	0	0	0	3.258	1.629	8.145	4.887	1.629	0	1.629	0	1.629	0	0	1.629	0	0	0	0	0	0	0	0	9.774	6.516	0	0	0	50:60,76.52:200,50:80
Cldn15-NM_021719	13.032	21.177	4.887	4.887	3.258	9.774	1.629	21.177	26.064	9.774	8.145	6.516	4.887	17.919	11.403	1.629	4.887	0	3.258	9.774	6.516	1.629	3.258	1.629	1.629	3.258	11.403	6.516	1.629	0	1.629	6.516	0	1.629	4.887	19.548	4.887	16.29	0	1.629	8.145	0	1.629	26.064	9.774	11.403	61.901	34.208	17.919	13.032	9.774	17.919	29.321	14.661	17.919	0	19.548	4.887	4.887	1.629	0	3.258	4.887	1.629	1.629	8.145	6.516	0	0	1.629	3.258	6.516	4.903	6.5	1.629	4.887	0	9.546	3.486	1.629	22.13	25.111	0	0	0	6.516	17.748	1.8	0	0	0	1.629	1.629	1.629	3.258	6.516	8.145	37.466	11.403	0	3.258	0	3.258	3.258	6.516	9.774	19.548	1.629	9.774	8.145	0	0	3.258	3.258	8.145	0	1.629	1.629	1.629	0	3.258	1.629	6.516	1.629	1.629	0	9.774	0	8.145	11.403	4.887	1.629	0	0	3.258	3.258	6.516	8.145	1.629	19.222	12.844	3.771	0	0	0	3.258	6.516	24.435	3.258	1.629	0	3.258	4.887	1.629	0	4.887	0	1.629	6.516	16.29	4.887	0	0	0	0	0	0	1.629	4.887	0	4.887	8.145	1.629	1.629	0	1.629	1.629	3.258	0	1.629	6.516	0	3.258	0	0	0	0	0	0	0	0	0	0	0	0	0	1.629	0	1.629	3.258	4.887	3.258	1.629	0	0	3.258	1.629	4.887	1.629	1.629	4.887	0	0	0	0	0	8.145	0	4.887	13.032	0	0	0	0	3.258	0	0	0	0	0	0	0	0	0	0	0	4.887	0	0	0	0	0	0	0	0	0	0	0	0	0	0	0	0	0	0	1.629	1.629	0	1.629	1.629	0	0	0	0	0	0	0	0	6.516	0	0	0	0	3.258	0	8.145	1.629	3.258	6.516	4.887	0	1.629	0	0	1.629	0	0	0	0	0	0	0	0	1.629	0	0	0	0	0	0	0	0	0	3.258	0	0	0	0	0	0	0	0	0	0	0	0	0	0	0	0	0	0	0	4.887	0	0	0	0	0	0	0	0	0	1.629	0	1.629	0	0	0	0	50:60,39.885:200,50:80
Cldn34-ps-NM_001101585	0	0	0	0	0	0	0	0	0	0	0	0	0	0	0	0	0	0	0	0	0	0	0	0	0	0	0	0	0	0	0	0	0	0	0	0	0	0	0	0	0	0	0	0	0	0	0	0	0	0	0	0	0	0	0	0	0	0	0	0	0	0	0	0	0	0	0	0	0	0	0	0	0	0	0	0	0	0	0	0	0	0	0	0	0	0	0	0	0	0	0	0	0	0	0	0	0	0	0	0	0	0	0	0	0	0	0	0	0	0	0	0	0	0	0	0	0	0	0	0	0	0	0	0	0	0	0	0	0	0	0	0	0	0	0	0	0	0	0	0	0	0	0	0	0	0	0	0	0	0	0	0	0	0	0	0	0	0	0	0	0	0	0	0	0	0	0	0	0	0	0	0	0	0	0	0	0	0	0	0	0	0	0	0	0	0	0	0	0	0	0	0	0	0	0	0	0	0	0	0	0	0	0	0	0	0	0	0	0	0	0	0	0	0	0	0	0	0	0	0	0	0	0	0	0	0	0	0	0	0	0	0	0	0	0	0	0	0	0	0	0	0	0	0	0	0	0	0	0	0	0	0	0	0	0	0	0	0	0	0	0	0	0	0	0	0	0	0	0	0	0	0	0	0	0	0	0	1.629	0	0	0	0	0	0	0	0	0	0	0	0	0	0	0	0	0	0	0	0	0	0	0	0	0	0	0	0	0	0	0	0	0	0	0	0	0	0	0	0	0	0	0	0	0	0	0	0	0	0	0	0	0	0	0	0	0	0	0	0	0	0	50:60,3.195:200,50:80
Cntn5-NM_001033359	0	0	0	0	0	0	0	0	0	0	0	0	0	0	0	0	0	0	0	0	0	0	0	0	0	0	0	0	0	0	0	0	0	0	0	0	0	0	0	0	0	0	0	0	0	0	0	0	0	0	0	0	0	0	0	0	0	0	0	0	0	0	0	0	0	0	0	0	0	0	0	0	0	0	0	0	0	0	0	0	0	0	0	0	0	0	0	0	0	0	0	0	0	32.579	0	0	0	0	0	0	0	0	0	0	0	0	0	1.629	0	0	0	0	0	0	0	0	0	0	6.516	0	0	1.629	0	0	0	0	0	1.629	1.629	0	0	0	0	70.046	0	0	0	0	0	0	0	0	0	0	0	0	0	0	0	0	1.629	0	0	0	0	1.629	0	0	0	0	0	0	0	3.258	0	0	0	0	4.887	0	1.629	0	0	0	0	1.629	0	0	0	0	1.629	0	0	0	0	0	0	1.629	0	0	0	0	0	0	0	0	0	0	0	0	0	0	0	0	0	0	0	0	0	0	0	0	0	0	0	1.629	0	1.629	0	0	0	0	0	0	0	0	0	0	0	8.145	0	0	0	0	0	0	0	0	0	0	0	0	0	6.516	0	0	0	1.629	0	0	0	0	0	0	0	0	0	0	0	1.629	0	0	0	0	0	0	0	0	0	0	0	0	0	0	0	0	0	0	0	0	0	0	0	0	0	0	0	0	0	0	0	0	0	0	0	0	0	0	0	0	0	0	0	0	0	0	0	0	0	0	0	0	0	0	0	0	0	0	0	0	0	0	0	0	0	0	0	0	0	0	0	0	0	0	0	0	0	0	0	0	50:60,6219.18:200,50:80
Cntnap3-NM_001081129	0	0	0	0	0	0	0	0	0	0	0	0	0	0	0	0	0	0	0	0	0	0	0	0	0	0	0	0	0	0	0	0	0	0	0	0	0	0	0	0	0	0	0	0	0	0	0	0	0	0	0	0	0	0	0	0	0	0	0	0	0	0	0	0	0	0	0	0	1.629	0	0	0	0	0	0	0	0	1.629	0	0	0	0	0	0	0	0	0	0	0	0	0	0	0	0	0	0	0	1.629	0	0	0	0	1.629	0	0	0	0	0	0	0	0	0	0	1.629	0	0	0	0	1.629	0	0	0	0	1.629	0	0	0	0	0	0	0	0	0	1.629	0	0	0	1.629	0	0	0	0	0	0	0	0	0	0	0	0	0	0	0	0	0	0	0	0	0	0	0	0	0	0	0	0	0	0	0	0	0	0	0	0	0	0	0	0	0	0	0	0	0	0	0	0	0	0	0	0	0	0	0	0	0	0	0	0	0	0	1.629	0	0	0	0	0	0	0	0	1.629	0	0	0	0	0	0	0	0	0	0	1.629	0	0	0	0	0	0	0	0	0	0	0	0	0	1.629	0	0	0	0	0	0	0	0	1.629	0	0	0	0	0	0	0	1.629	0	0	0	0	0	0	0	0	0	0	0	0	0	0	0	0	0	0	0	0	0	0	0	0	0	0	0	0	0	0	0	0	0	0	0	0	0	0	0	0	0	0	0	0	0	0	0	1.629	0	0	0	0	0	0	0	0	0	0	0	0	0	0	0	0	0	0	0	0	0	0	0	0	0	0	0	0	0	0	0	0	0	0	0	0	0	0	0	0	50:60,831.49:200,50:80
Cobl-NM_001282993	0	0	0	0	0	0	0	0	0	3.258	0	0	0	3.258	0	1.629	0	6.516	1.629	1.629	1.629	4.887	6.516	3.258	4.887	4.887	3.258	0	3.258	0	1.629	0	0	0	0	0	0	1.629	0	0	1.629	8.145	4.887	1.629	0	0	1.629	0	0	0	0	0	3.258	3.258	3.258	0	0	0	0	0	278.554	262.264	70.046	177.558	115.657	164.526	125.431	138.463	164.241	112.684	70.046	250.862	156.381	74.933	115.657	73.304	67.154	112.032	114.028	138.462	63.53	48.869	47.24	81.449	83.077	105.965	206.798	39.095	86.335	99.367	120.544	110.77	76.562	76.562	94.48	32.579	135.205	114.028	109.141	99.367	150.558	118.223	125.431	60.272	87.964	115.657	70.046	122.173	96.109	89.593	146.607	86.335	43.982	73.304	68.417	127.06	109.141	89.023	51.068	83.077	151.494	86.335	87.964	151.494	123.802	91.222	32.579	52.127	112.399	70.046	57.014	86.335	114.028	127.06	68.417	99.367	96.109	63.53	115.657	89.593	114.028	60.272	86.335	74.933	37.466	55.385	50.498	86.335	94.48	52.127	78.191	50.498	78.191	45.611	111.381	103.643	45.611	55.385	65.159	86.335	37.466	35.837	61.901	37.466	34.208	42.353	52.127	48.869	34.208	66.788	35.837	43.982	43.982	61.901	43.982	34.208	73.304	30.95	26.064	45.611	22.806	24.435	29.321	55.385	30.95	42.353	35.837	24.435	17.919	29.321	48.869	52.127	30.95	21.177	22.806	29.321	92.851	63.53	22.806	27.692	26.064	24.435	32.579	13.032	43.982	21.177	11.403	17.919	21.177	39.095	29.321	26.064	26.064	34.208	43.982	11.403	43.982	35.837	32.579	40.724	26.064	21.177	16.29	16.29	6.516	21.177	27.692	21.177	50.498	26.064	26.064	35.837	27.692	43.982	29.321	22.806	26.064	22.806	58.643	11.403	43.982	24.435	29.321	37.466	9.774	39.095	17.919	27.692	19.548	26.064	48.869	47.24	22.806	16.29	43.982	30.95	11.403	34.208	47.24	58.643	0	0	1.629	3.258	1.629	0	0	0	0	0	1.629	1.629	0	1.629	3.258	0	1.629	9.774	8.145	0	1.629	8.145	1.629	0	0	1.629	0	4.887	0	0	0	0	1.629	0	1.629	1.629	4.887	0	1.629	11.403	21.177	3.258	1.629	4.887	4.887	3.258	3.258	27.693	0	0	0	3.258	0	0	4.887	1.629	0	3.258	1.629	0	1.629	0	0	0	4.887	0	0	1.629	17.919	1.629	4.887	0	3.258	6.516	0	0	6.516	0	3.258	1.629	50:60,1141.425:200,50:80
Commd10-NM_178377	0	0	0	0	0	0	0	0	0	0	0	0	0	0	0	0	0	0	0	0	0	0	0	0	0	0	0	0	0	0	0	0	0	0	0	0	0	0	0	0	0	0	0	0	0	0	0	0	0	0	0	0	0	0	0	0	0	0	0	1.629	48.869	9.774	73.304	14.661	8.145	27.692	16.29	30.95	9.774	13.032	21.177	27.692	29.321	17.919	13.032	34.208	34.208	11.403	32.579	21.177	21.177	6.516	22.806	16.29	3.258	6.516	9.774	6.516	24.435	14.661	27.692	16.29	1.629	14.661	3.258	8.145	8.145	13.032	9.774	3.258	3.258	4.887	13.032	6.516	9.774	19.548	4.887	13.032	19.548	11.403	9.774	13.032	43.982	22.806	4.887	6.516	4.887	6.516	26.064	16.29	6.516	1.629	4.887	24.435	34.208	8.145	14.661	11.403	11.403	6.516	6.516	6.516	6.516	26.064	8.145	6.516	8.145	6.516	8.145	11.403	8.145	4.887	4.887	4.887	17.919	8.145	4.887	21.177	24.435	16.29	21.177	29.321	17.919	3.258	9.774	9.774	8.145	16.29	6.516	6.516	4.887	11.403	6.516	17.919	9.774	26.064	26.064	6.516	4.887	1.629	11.403	6.516	6.516	4.887	4.887	13.032	3.258	4.887	17.919	6.516	4.887	3.258	6.516	14.661	6.516	24.435	27.693	105.883	42.353	14.661	8.145	21.177	16.29	6.516	8.145	11.403	11.403	8.145	3.258	27.692	4.887	27.692	11.403	24.435	4.887	11.403	0	9.774	24.435	16.29	11.403	1.629	4.887	9.774	9.774	19.548	11.403	6.516	8.145	14.661	24.435	19.548	8.145	6.516	8.145	9.774	9.774	3.258	0	0	0	3.258	3.258	8.145	11.403	16.29	14.661	16.29	0	26.064	6.516	1.629	11.403	0	0	4.887	3.258	1.629	0	6.516	4.887	8.145	6.516	0	1.629	4.887	16.29	16.29	1.629	4.887	0	0	0	0	0	1.629	0	0	0	0	1.629	0	0	3.258	0	0	0	1.629	0	1.629	1.629	0	0	0	4.887	0	0	0	0	3.258	3.258	0	0	0	0	1.629	0	0	0	0	1.629	0	0	0	0	0	0	0	1.629	1.629	1.629	0	0	0	1.629	0	0	0	1.629	1.629	0	3.258	0	4.887	0	0	3.258	0	8.145	0	0	0	0	3.258	0	0	0	0	0	0	50:60,645.595:200,50:80
Copg2-NR_149738	0	0	0	0	0	0	0	0	0	0	0	0	0	0	0	0	0	0	0	0	0	0	0	0	0	0	0	0	0	0	0	0	0	0	0	0	0	0	0	0	0	0	0	0	0	0	0	0	0	0	0	0	0	0	0	0	0	0	0	0	203.621	43.982	17.919	1.629	6.516	1.629	4.887	11.403	13.032	9.774	13.032	11.403	8.145	11.403	0	19.548	3.258	1.629	0	4.887	11.403	4.887	8.145	4.887	8.145	3.258	6.516	11.403	8.145	3.258	1.629	1.629	1.629	3.258	4.887	4.887	16.29	0	1.629	3.258	9.774	4.887	3.258	11.403	6.516	1.629	0	8.145	9.774	1.629	4.887	3.258	6.516	6.516	1.629	11.403	14.661	9.774	1.629	8.145	1.629	3.258	1.629	0	3.258	0	1.629	1.629	0	1.629	1.629	0	1.629	4.887	0	3.258	17.919	1.629	6.516	3.258	13.032	3.258	6.516	8.145	4.887	1.629	1.629	3.258	3.258	1.629	9.774	3.258	3.258	4.887	3.258	4.887	6.516	1.629	11.403	3.258	0	0	3.258	6.516	4.887	6.516	11.403	8.145	4.887	8.145	4.887	17.919	8.145	1.629	3.258	0	3.258	3.258	8.145	13.032	4.887	3.258	14.661	11.403	11.403	8.145	0	0	0	0	0	0	0	0	0	0	0	0	0	0	0	0	0	0	0	0	0	0	0	0	0	0	0	0	0	0	0	0	0	0	0	0	0	0	0	0	0	0	0	0	0	0	0	0	0	0	0	0	0	0	0	0	0	0	0	0	0	0	0	0	0	0	0	6.516	11.403	4.887	1.629	1.629	6.516	1.629	0	0	0	0	0	0	0	0	0	0	0	0	0	0	0	0	0	1.629	0	1.629	0	1.629	1.629	0	0	0	0	0	0	0	0	0	0	0	0	0	0	0	0	0	0	0	0	0	0	1.629	0	0	1.629	0	3.258	1.629	0	0	0	0	0	0	0	0	0	0	0	0	0	0	0	1.629	0	0	0	0	0	0	0	0	0	0	1.629	0	50:60,746.205:200,50:80
Cops7b-NM_001360888	0	0	0	0	0	0	0	0	0	0	0	0	0	0	0	0	0	0	0	0	0	0	0	0	0	0	0	0	0	0	0	0	0	0	0	0	0	0	0	0	0	3.258	0	0	0	0	0	6.516	3.258	0	0	0	1.629	0	0	0	0	0	0	0	19.548	8.145	4.887	3.258	0	0	4.887	0	4.887	0	0	0	1.629	0	1.629	1.629	1.629	1.629	6.939	1.205	1.629	0	0	3.258	8.145	1.629	8.145	0	0	0	0	0	0	3.258	0	64.247	30.234	14.661	4.887	3.258	1.629	0	3.258	0	1.629	0	8.145	0	16.29	1.629	6.516	22.806	4.887	3.258	6.516	6.516	4.529	13.39	14.661	4.887	4.887	1.629	11.403	9.774	1.629	6.516	3.258	3.258	0	0	3.258	8.145	0	0	8.145	0	3.258	22.806	6.516	24.435	9.774	0	1.629	4.887	3.258	1.629	0	3.258	1.629	1.629	0	8.145	4.887	0	8.145	3.258	1.629	4.887	4.887	3.258	4.887	3.258	1.629	0	1.629	14.661	9.774	14.661	1.629	4.887	0	0	0	9.774	0	3.258	1.629	4.431	8.601	0	0	0	3.258	3.193	3.323	0	11.403	1.824	3.062	6.842	7.819	1.629	9.774	0	1.629	1.629	8.145	6.516	4.887	9.774	4.887	4.887	9.774	3.258	4.887	6.516	4.887	8.145	1.629	4.887	4.887	4.887	1.629	3.258	4.887	4.887	1.629	4.887	0	0	1.629	8.145	3.258	6.516	4.887	3.258	0	4.887	3.258	22.806	1.629	1.629	0	0	3.258	9.774	1.629	0	0	1.629	0	0	0	9.774	3.258	1.629	1.629	3.258	0	0	4.887	8.145	3.258	4.887	1.629	6.516	3.258	30.95	0	4.887	0	4.887	1.629	8.145	0	0	0	0	0	6.516	0	4.887	0	0	1.629	0	0	3.258	4.887	0	0	0	0	9.774	3.258	0	0	0	3.258	3.258	1.629	0	1.629	9.774	0	1.629	0	0	0	4.887	0	0	0	0	1.629	0	3.258	6.516	11.403	1.629	0	0	0	0	1.629	6.516	1.629	1.629	0	0	0	0	0	0	0	1.629	0	0	3.258	4.887	0	0	0	1.629	1.629	0	0	1.629	1.629	4.887	50:60,119.54:200,50:80
Coro1c-NM_011779	0	0	0	0	0	0	0	0	0	0	0	0	0	0	0	0	0	0	0	0	0	0	0	0	0	0	0	0	0	0	8.145	3.258	0	0	0	0	0	0	0	0	0	0	0	0	0	0	0	0	0	1.629	1.629	8.145	0	1.629	0	1.629	0	0	0	0	58.643	14.139	60.793	39.095	26.064	26.064	17.919	30.95	45.611	9.774	70.046	45.611	27.692	48.869	9.774	13.032	11.403	55.385	26.064	22.806	14.661	48.869	65.159	16.29	9.774	1.629	79.82	29.321	27.692	11.403	19.548	27.692	9.774	29.321	52.127	16.29	34.208	26.064	21.177	39.095	8.145	4.887	6.516	6.516	32.579	0	0	1.629	13.032	34.208	14.661	16.29	73.304	47.24	4.887	8.145	21.177	8.145	32.579	1.629	27.693	4.887	16.29	27.692	35.837	8.145	55.027	8.503	34.208	22.806	57.014	11.403	22.806	14.661	6.516	34.208	22.806	17.919	27.692	16.29	13.911	36.587	22.806	8.145	14.661	21.177	29.321	14.661	32.579	26.064	21.177	9.774	14.661	39.095	6.516	4.887	8.145	1.629	29.321	16.29	3.258	8.145	35.837	17.919	26.064	42.353	26.064	133.576	48.869	55.385	17.919	3.258	30.95	57.014	48.869	19.548	17.919	21.177	32.579	39.095	24.435	27.692	17.919	16.29	3.258	6.516	19.548	14.661	26.064	30.95	14.661	29.321	21.177	3.258	3.258	8.145	21.177	9.774	17.919	19.548	19.548	29.321	17.919	42.353	16.29	22.806	17.919	21.177	29.321	13.032	14.661	21.177	24.435	32.579	11.403	47.24	9.774	16.29	19.548	14.661	21.177	27.692	6.516	8.145	50.498	37.466	1.629	3.258	6.516	11.403	16.29	29.321	16.29	49.13	17.658	6.516	9.774	16.29	6.516	16.29	17.919	6.516	3.258	13.032	1.629	19.548	19.548	6.516	22.806	24.435	17.919	17.919	9.774	27.692	42.353	6.516	14.661	14.661	85.228	93.959	6.516	0	0	0	4.887	8.145	3.258	34.208	6.516	0	1.629	0	6.516	8.145	3.258	0	1.629	6.516	3.258	6.516	4.887	8.145	1.629	4.887	1.629	0	0	0	3.258	0	6.516	9.774	0	0	17.919	1.629	0	4.887	4.887	0	17.919	0	13.032	22.806	3.258	4.887	6.516	8.145	6.516	3.258	17.919	6.516	4.887	3.258	3.258	1.629	6.516	0	13.032	4.887	0	0	1.629	4.887	0	4.887	3.258	0	0	1.629	0	4.887	26.064	1.629	1.629	8.145	0	3.258	21.177	0	50:60,331.34:200,50:80
Cpeb1-NM_001252525	0	0	0	0	0	0	0	0	0	0	3.258	0	0	0	0	0	0	0	0	0	0	0	0	0	1.629	0	0	0	0	0	0	0	0	0	0	0	0	0	0	0	0	0	0	0	0	0	0	0	0	0	0	0	1.629	0	1.629	0	0	0	0	3.258	3.258	2.167	1.091	6.516	1.629	13.032	6.516	3.258	4.887	0	3.258	0	0	4.887	1.629	1.629	1.629	1.629	0	1.629	4.887	4.887	0	3.258	0	0	0	0	1.629	1.629	1.629	0	1.629	1.629	1.629	0	0	1.629	0	0	1.629	0	1.629	0	0	0	0	0	1.629	3.258	0	0	1.629	3.258	3.258	0	0	0	0	0	0	0	0	1.629	0	3.258	0	0	1.629	0	0	1.629	0	0	3.258	0	0	6.516	0	0	0	0	0	0	0	0	0	0	0	0	0	0	1.629	0	3.258	1.629	0	6.516	4.887	0	1.629	0	3.258	1.629	3.258	0	0	1.629	0	1.629	0	0	0	0	0	1.629	0	0	0	0	0	1.629	0	1.629	3.258	0	4.887	0	0	0	1.816	1.442	0	0	1.629	0	1.629	1.629	0	1.629	3.258	1.629	1.629	0	1.629	4.887	0	0	3.258	0	0	1.629	3.258	4.887	4.887	3.258	0	1.629	3.258	1.629	3.258	1.629	1.629	1.629	0	0	0	4.887	0	6.516	3.258	1.629	1.629	1.629	0	1.629	0	1.629	0	4.887	1.629	3.258	1.629	1.629	0	4.887	1.629	0	0	0	0	1.629	1.629	0	0	1.629	4.887	0	0	0	0	0	0	0	0	0	0	0	0	0	0	0	0	0	0	0	1.629	1.629	0	0	1.629	0	0	0	0	0	0	3.258	0	0	0	0	0	0	3.258	60.272	949.69	22.806	4.887	8.145	0	0	1.629	1.629	40.724	171.042	48.869	16.29	167.784	122.173	143.35	166.155	4.887	3.258	26.064	9.774	0	11.403	8.145	57.014	13.032	4.887	14.661	11.403	0	73.304	159.639	26.064	16.29	29.321	104.254	86.336	0	22.806	30.95	66.788	34.208	60.272	130.318	280.183	50:60,538.665:200,50:80
Cpne2-NM_153507	0	0	0	0	0	0	0	0	0	0	0	0	0	0	0	0	0	0	0	0	0	0	0	0	0	0	0	0	0	0	0	0	0	0	0	0	0	0	0	0	0	0	0	0	0	0	0	0	0	1.629	0	0	1.629	0	0	0	0	0	0	0	1.629	6.516	3.258	3.258	0	0	0	0	3.258	0	0	0	0	0	0	1.629	0	0	1.629	0	0	0	1.629	1.629	0	0	0	0	0	0	0	0	1.629	0	3.258	0	0	0	0	1.629	0	0	0	0	0	0	0	0	0	0	0	0	0	0	1.629	0	0	0	0	0	0	0	0	0	0	0	0	0	0	0	0	1.629	1.629	0	1.629	0	0	1.629	0	0	0	0	1.629	0	0	0	0	0	0	0	0	0	0	0	0	1.629	0	0	1.629	0	0	0	0	0	0	0	1.629	0	0	0	1.629	1.629	0	0	0	0	0	0	0	0	1.629	4.887	0	1.629	0	0	1.629	0	1.629	0	0	0	0	0	0	0	0	0	0	1.629	3.258	0	0	0	0	0	0	1.629	0	0	0	0	0	0	1.629	0	0	3.258	0	0	0	1.629	0	0	1.629	0	0	0	1.629	0	0	0	0	1.629	1.629	0	0	0	1.629	1.629	0	0	1.629	1.629	0	0	1.629	3.258	0	0	0	0	0	0	0	0	1.629	0	0	0	0	0	0	0	0	0	0	0	0	0	0	0	0	0	0	0	0	0	1.629	1.629	0	0	0	0	0	0	0	0	0	0	0	0	1.629	0	0	0	0	0	0	0	0	0	0	0	0	0	3.258	0	0	1.629	0	0	0	0	0	0	0	0	1.629	0	0	0	0	0	0	0	0	0	0	0	0	0	0	0	0	0	0	0	0	0	50:60,187.51:200,50:80
Creld2-NM_029720	0	0	0	0	0	0	0	0	0	0	0	0	0	0	0	0	0	0	0	0	0	0	0	0	0	0	0	0	0	0	0	0	0	0	0	0	0	0	0	0	0	0	0	0	0	0	0	1.629	0	0	0	0	0	0	0	0	0	0	0	1.629	11.696	14.172	11.598	17.919	3.258	0	3.258	0	0	3.258	1.629	6.516	1.629	3.258	0	0	3.258	3.258	0	0	1.629	1.629	0	6.516	6.516	11.403	1.629	0	3.258	3.258	0	0	0	0	0	1.629	9.774	1.629	3.258	0	4.887	0	0	0	0	0	4.007	0.88	4.887	1.629	3.258	0	0	1.629	1.629	1.629	1.629	6.516	3.258	0	0	3.258	1.629	4.887	0	0	0	0	0	0	0	0	0	0	1.629	0	0	0	0	0	1.629	4.887	4.887	1.629	0	0	0	0	0	0	3.258	1.629	0	1.629	0	1.629	0	0	4.887	0	3.258	1.629	0	6.516	1.629	1.629	0	0	1.629	0	1.629	0	4.887	0	1.629	0	0	0	0	0	3.258	0	0	0	0	0	0	0	1.629	0	0	0	0	0	0	1.629	1.629	4.626	1.89	0.326	11.077	3.258	0	0	0	0	1.629	0	0	3.258	1.629	1.173	2.085	1.629	6.516	0	0	1.629	0	3.258	9.774	0	0	0	1.629	0	11.501	4.789	3.258	0	8.145	19.548	1.629	1.629	3.258	0	0	1.629	1.629	3.258	8.145	19.548	8.145	0	0	3.258	1.629	0	0	0	0	0	1.629	0	4.887	0	1.629	0	0	3.258	1.629	1.629	6.516	1.629	1.629	1.629	0	3.258	0	3.258	26.064	37.466	6.516	8.145	1.629	1.629	0	3.258	4.887	3.258	1.629	4.887	3.258	8.145	0	3.258	6.516	6.516	9.774	0	1.629	1.629	0	6.516	6.516	3.258	0	1.629	0	0	1.629	0	0	0	0	0	0	0	0	3.258	1.629	0	0	0	0	0	0	0	0	4.887	0	0	0	0	0	0	0	0	0	0	0	0	0	0	1.629	0	0	0	0	0	50:60,35.18:200,50:80
Csnk1d-NM_027874	0	0	0	0	0	0	0	0	0	0	0	0	0	0	0	0	0	0	0	0	0	0	0	0	0	0	0	0	0	0	0	0	0	0	0	0	0	0	0	0	0	0	0	0	0	0	0	0	0	0	0	0	0	0	0	1.629	0	0	0	0	53.756	14.661	42.353	1.629	17.919	0	47.24	30.95	88.567	27.09	68.417	11.403	19.548	61.901	19.548	40.724	42.353	16.29	43.982	17.919	9.774	11.403	55.385	50.498	9.774	19.548	60.272	34.208	9.774	29.321	26.064	16.29	9.774	4.887	71.675	39.095	32.579	34.208	19.548	11.403	3.258	35.837	17.919	3.258	8.145	40.724	1.629	42.353	8.145	42.353	32.579	11.403	32.579	26.064	6.516	4.887	11.403	16.29	24.435	13.032	3.258	2.981	55.662	16.29	22.806	3.258	0	11.403	22.806	16.615	43.656	27.693	29.321	19.548	22.806	38.574	36.359	8.145	11.403	6.516	6.516	21.177	14.661	30.95	1.629	4.887	14.661	4.887	27.693	7.901	40.969	14.661	29.321	8.145	24.435	16.29	13.032	9.774	3.258	13.032	26.064	11.403	22.806	13.032	16.29	3.258	6.516	24.435	48.869	16.29	6.516	8.145	32.579	19.548	9.774	11.403	13.032	60.272	8.145	21.177	26.064	17.919	30.95	24.435	22.195	15.272	1.629	19.548	11.403	6.516	39.095	29.94	20.558	26.064	34.208	17.919	24.435	14.938	43.705	60.272	9.88	11.297	3.258	24.435	16.29	11.403	48.869	43.982	6.516	13.032	9.774	14.661	43.982	14.661	44.919	49.561	27.693	9.774	33.076	77.694	26.064	26.064	22.806	47.24	39.095	39.095	34.208	11.403	13.032	26.064	6.516	13.032	27.693	11.403	27.692	30.95	34.208	8.145	8.145	73.304	17.919	9.774	21.177	1.629	11.403	42.353	4.887	17.919	17.919	65.159	21.177	44.438	64.703	8.145	14.661	9.774	192.561	59.93	29.321	17.919	0	21.177	1.629	9.774	24.435	74.933	6.516	11.403	0	17.919	55.385	13.032	0	1.629	1.629	1.629	1.629	4.887	26.064	11.403	3.258	8.145	14.661	1.629	22.806	11.403	6.516	4.887	3.258	1.629	8.145	1.629	11.403	1.629	14.661	4.887	3.258	3.258	1.629	0	4.887	1.629	1.629	8.145	8.145	19.548	0	3.258	0	1.629	0	1.629	4.887	0	0	1.629	0	4.887	19.548	13.032	0	4.887	6.516	8.145	1.629	13.032	4.887	13.032	0	1.629	4.887	1.629	3.258	1.629	4.887	0	6.516	3.258	0	1.629	50:60,147.965:200,50:80
Ctbs-NM_028836	0	0	0	0	3.258	1.629	3.258	4.887	1.629	0	1.629	0	1.629	1.629	0	1.629	1.629	0	1.629	3.258	0	4.887	0	0	0	0	0	0	1.629	0	0	0	0	0	0	0	0	3.258	0	1.629	0	0	0	0	0	0	0	0	0	1.629	0	0	1.629	4.887	8.145	0	0	0	1.629	3.258	234.279	31.244	24.435	3.258	0	0	0	3.258	3.258	0	1.629	0	3.258	0	1.629	6.516	0	0	0	0	0	3.258	0	0	0	0	3.258	0	0	0	0	1.629	1.629	3.258	0	0	0	0	0	0	0	0	0	0	1.629	0	1.629	0	0	0	3.258	1.629	0	0	1.629	0	0	0	0	0	0	0	0	0	0	0	0	0	0	0	0	0	0	0	0	0	0	0	1.629	1.629	0	0	0	0	0	1.629	1.629	0	0	0	0	0	0	0	1.629	0	0	0	0	0	1.629	0	0	0	0	0	0	0	0	1.629	0	0	0	0	0	0	0	0	0	0	0	0	1.629	0	0	0	0	0	0	0	0	0	0	0	0	0	0	0	0	0	0	0	0	0	0	0	0	0	0	0	0	0	0	0	0	0	0	0	0	0	0	0	0	0	0	0	0	0	0	1.629	0	0	0	1.629	1.629	0	1.629	0	0	0	0	0	0	0	0	0	0	0	0	0	0	0	0	0	0	0	0	0	0	0	0	0	0	0	0	0	0	0	1.629	0	0	0	1.629	0	0	0	0	1.629	0	0	0	0	0	0	0	0	0	0	0	0	0	0	0	0	0	1.629	0	0	0	3.258	1.629	0	0	0	0	0	1.629	0	0	0	0	0	0	0	0	0	0	0	0	0	0	0	0	0	0	0	1.629	0	0	0	0	0	0	0	0	0	0	0	0	0	50:60,76.91:200,50:80
Ctdsp2-NM_146012	4.887	1.629	4.887	0	0	3.258	0	3.258	0	1.629	0	1.629	0	0	0	3.258	0	0	0	1.629	3.258	1.629	3.258	1.629	0	0	0	0	1.629	0	0	0	0	1.629	0	17.919	0	0	0	6.516	0	0	1.629	0	1.629	17.919	6.516	3.258	3.258	1.629	13.032	0	1.629	0	0	0	1.629	1.629	4.887	0	0	0	0	0	1.629	1.629	0	0	0	0	0	0	1.629	0	0	0	0	0	0	0	0	0	0	0	0	0	0	0	6.516	0	0	0	0	0	0	0	0	0	0	0	0	0	0	0	0	0	0	0	0	0	0	0	0	0	0	0	0	0	0	0	0	0	0	0	0	0	0	0	0	0	0	0	0	0	0	0	1.629	0	0	0	3.258	1.629	1.629	1.629	0	1.629	3.258	0	1.629	0	0	0	4.887	0	0	0	0	0	0	0	0	0	0	0	0	3.258	3.258	3.258	2.989	1.898	1.629	0	6.516	6.516	1.629	1.629	0	0	1.629	0	3.258	0	0	0	0	1.629	0	1.629	1.629	0	0	0	0	0	0	0	0	0	3.258	0	0	0	0	4.887	0	0	6.516	1.629	1.629	1.629	1.629	0	0	3.258	1.629	0	3.258	0	1.629	14.661	0	6.516	0	0	0	0	0	1.629	2.826	3.69	0	0	0	0	0	0	0	0	0	0	0	0	0	0	0	0	0	1.629	6.516	0	0	0	0	1.629	11.281	13.154	1.629	3.861	9.171	9.774	9.774	3.258	3.258	1.629	34.208	8.145	35.837	4.887	1.629	0	0	3.258	1.629	11.403	8.145	14.661	8.145	16.29	6.516	40.724	11.403	8.145	14.661	9.774	24.435	35.837	0	27.693	8.145	9.774	0	1.629	6.516	8.145	4.887	8.145	0	0	3.258	4.887	0	0	0	0	0	4.887	0	8.145	11.403	0	9.774	3.258	0	1.629	0	0	1.629	0	0	0	0	1.629	0	0	1.629	9.774	1.629	3.258	3.258	0	0	0	0	0	1.629	4.887	1.629	0	0	0	50:60,21.815:200,50:80
Ctps2-NR_033143	0	0	0	0	0	0	0	0	0	0	0	0	0	0	0	0	0	0	0	0	0	0	0	0	0	0	0	0	0	0	0	0	0	0	0	0	0	0	0	0	0	0	1.629	1.629	0	0	0	0	19.548	130.318	11.403	6.516	1.629	0	1.629	3.258	1.629	0	0	0	14.661	4.887	9.774	1.629	4.887	6.516	3.258	3.258	3.258	4.887	4.887	16.29	6.516	8.145	1.629	0	4.887	9.774	9.774	0	9.774	4.887	0	1.629	1.629	0	0	0	3.258	0	6.516	1.629	6.516	9.774	3.258	3.258	0	1.629	3.258	1.629	6.516	0	1.629	1.629	6.516	3.258	3.258	4.887	1.629	3.258	4.887	6.516	4.887	3.258	4.887	3.258	4.887	1.629	4.887	1.629	1.629	0	6.516	0	0	0	0	1.629	1.629	4.887	1.629	6.516	3.258	1.629	1.629	1.629	3.258	1.629	3.258	1.629	4.887	3.258	0	0	4.887	0	1.629	0	1.629	0	0	6.516	4.887	0	1.629	6.516	3.258	8.145	2.68	0.578	1.629	4.887	0	1.629	1.629	0	1.629	3.258	9.774	0	1.629	1.629	3.258	0	0	1.629	0	0	0	0	0	0	0	0	0	0	4.887	3.258	0	0	1.629	6.516	3.258	9.774	8.145	3.258	13.032	6.516	3.258	3.258	11.403	3.258	4.887	6.516	6.516	0	0	1.629	3.258	3.258	0	3.258	1.629	4.887	0	1.629	1.629	1.629	9.774	0	1.629	1.629	1.629	0	3.258	3.258	0	0	1.629	0	3.258	0	6.516	0	0	0	3.258	1.629	6.516	0	0	0	3.258	1.629	4.887	1.629	8.145	3.258	1.629	1.629	1.629	1.629	9.774	3.258	6.516	11.403	1.629	6.516	9.774	6.516	1.629	11.403	0	0	1.629	0	0	0	1.629	4.887	1.629	0	0	0	0	0	1.629	0	3.258	0	0	1.629	1.629	1.629	1.629	0	6.516	0	1.629	0	0	1.629	0	0	1.629	1.629	0	0	0	0	0	0	0	0	0	0	0	0	0	0	1.629	0	0	6.516	0	1.629	0	0	0	0	0	4.887	0	0	0	0	0	0	0	0	0	1.629	0	0	0	0	0	0	1.629	0	50:60,661.855:200,50:80
Ctsj-NM_001356291	0	0	0	0	0	0	0	0	0	0	0	0	0	0	0	0	0	0	0	0	0	0	0	0	0	0	0	0	0	0	0	0	0	0	0	0	0	0	0	0	0	0	0	0	0	0	0	0	0	0	0	0	0	0	0	0	0	0	0	0	0	0	0	0	0	0	0	0	0	0	0	0	0	0	0	0	0	0	0	0	0	0	0	0	0	0	0	0	0	0	0	0	0	0	0	0	0	0	0	0	0	0	0	0	0	0	0	0	0	0	0	0	0	0	0	0	0	0	0	0	0	0	0	0	0	0	0	0	0	0	0	0	0	0	0	0	0	0	0	0	0	0	0	0	0	0	0	0	0	0	0	0	0	0	0	0	0	0	0	0	0	0	0	0	0	0	0	0	0	0	0	0	0	0	0	0	0	0	0	0	0	0	0	0	0	0	0	0	0	0	0	0	0	0	0	0	0	0	0	0	0	0	0	0	0	0	0	0	0	0	0	0	0	0	0	0	0	0	0	0	0	0	0	0	0	0	0	0	0	0	0	0	0	0	0	0	0	0	0	0	0	0	0	0	0	0	0	0	0	0	0	0	0	0	0	0	0	0	0	0	0	0	0	0	0	0	0	0	0	0	0	0	0	0	0	0	0	0	0	0	0	0	0	0	0	0	0	0	0	0	0	0	0	0	0	0	0	0	0	0	0	0	0	0	0	0	0	0	0	0	0	0	0	0	0	0	0	0	0	0	0	0	0	0	0	0	0	0	0	0	0	0	0	0	0	0	0	0	0	0	50:60,28.735:200,50:80
Cul1-NM_001355550	0	0	0	0	0	0	0	0	0	0	0	0	0	0	0	0	0	0	0	0	0	0	0	0	0	1.629	4.887	0	0	0	0	0	0	1.629	0	0	0	1.629	0	3.258	0	0	1.629	0	1.629	1.629	0	0	1.629	1.629	0	1.629	0	6.516	0	6.516	6.516	4.887	0	4.887	30.95	102.625	6.516	13.032	20.688	21.665	11.403	26.064	50.498	9.774	11.403	19.548	8.145	47.24	27.693	6.516	26.064	17.919	35.837	14.661	53.756	13.032	24.435	16.29	27.693	68.417	19.548	9.774	9.774	55.385	6.516	24.435	16.29	8.145	29.159	27.855	14.302	28.051	27.692	35.837	11.403	30.95	14.661	27.693	14.661	73.304	65.159	17.919	24.435	17.919	53.658	55.483	21.177	0	4.887	0	0	3.258	0	0	0	0	8.145	0	0	13.032	1.629	13.032	1.629	0	0	65.159	14.042	46.23	32.579	19.548	27.692	60.272	47.24	17.919	20.004	27.236	17.951	39.063	27.692	11.403	21.177	21.177	3.258	22.806	6.516	1.629	1.629	1.629	8.145	42.353	53.756	21.177	24.435	24.435	32.579	30.95	11.403	13.032	9.774	52.127	0	1.629	1.629	1.629	33.133	12.478	11.403	32.579	26.064	30.95	35.837	16.29	14.661	9.774	39.095	24.435	30.95	39.095	4.887	8.145	24.435	11.403	3.258	13.358	9.448	14.661	8.145	11.403	16.29	12.771	1.89	40.724	17.919	6.516	0	6.516	13.032	3.258	11.403	0	50.498	6.516	11.403	40.724	19.548	3.062	8.34	63.53	30.95	8.145	34.208	37.466	13.032	11.403	28.8	62.422	21.177	16.29	24.435	9.774	27.692	32.579	34.208	11.403	16.29	11.403	8.145	16.29	13.032	16.29	35.837	17.919	50.498	27.692	53.756	53.756	11.403	8.145	16.29	19.548	8.145	32.579	22.806	22.806	27.692	26.064	8.145	17.919	22.806	21.177	16.29	26.064	6.516	32.579	0	1.629	1.629	3.258	11.403	3.258	0	8.145	0	0	4.887	1.629	1.629	3.258	3.258	4.887	27.692	1.629	1.629	1.629	1.629	6.516	11.403	1.629	13.032	8.145	0	19.548	0	0	0	9.774	8.145	0	1.629	3.258	6.516	3.258	0	3.258	14.661	8.145	1.629	3.258	1.629	3.258	0	4.887	3.258	1.629	8.145	55.385	9.774	14.661	1.629	1.629	0	0	8.145	0	3.258	0	0	0	11.403	1.629	0	1.629	3.258	3.258	1.629	3.258	1.629	0	1.629	1.629	3.258	6.516	4.887	0	50:60,356.94:200,50:80
Cwc22-NM_001290740	0	0	0	0	0	0	0	0	0	0	0	0	0	0	0	0	0	0	0	0	0	0	0	0	0	0	0	1.629	0	0	0	0	0	0	0	0	0	0	0	0	0	0	0	0	0	0	0	0	0	0	0	0	0	0	0	0	0	0	0	4.887	29.322	60.272	37.466	17.919	6.516	24.435	8.145	21.177	13.032	11.403	35.837	0	0	9.774	34.208	13.032	4.887	9.774	3.258	8.145	40.333	32.97	3.258	16.29	6.516	14.661	13.032	4.887	9.774	11.403	17.919	6.516	3.258	24.435	19.548	14.661	8.145	6.516	17.919	19.548	3.258	0	9.774	34.208	21.177	14.661	9.774	3.258	15.443	10.621	13.032	26.064	0	8.145	4.887	14.661	0	19.548	11.403	14.661	17.919	6.516	13.032	4.887	17.919	16.29	9.774	16.29	8.145	14.661	21.177	35.837	11.403	35.837	1.629	13.032	3.258	17.919	37.466	13.032	11.403	11.403	13.032	3.258	13.032	6.516	8.145	21.177	11.403	11.403	8.145	6.516	21.177	0	9.774	3.258	39.095	9.774	16.29	6.516	4.887	37.466	13.032	47.24	1.629	30.95	1.629	6.516	11.403	13.032	4.887	11.403	19.548	21.177	0	35.837	22.806	4.887	4.887	4.887	4.887	1.629	8.145	22.806	29.321	4.887	8.145	6.516	6.516	1.629	9.774	0	6.516	1.629	8.145	1.629	11.403	9.774	0	6.516	19.548	16.29	11.403	4.887	8.145	9.774	9.774	13.032	19.548	4.887	4.887	8.145	4.887	0	14.661	1.629	8.145	3.258	4.887	3.258	16.29	3.258	16.29	3.258	3.258	11.403	13.032	3.258	11.403	26.064	8.145	0	8.145	8.145	17.919	11.403	1.629	3.258	1.629	1.629	4.887	4.887	1.629	11.403	8.145	7.689	5.343	11.403	13.032	24.435	14.661	14.661	11.403	16.29	8.145	8.145	1.629	0	0	6.516	13.032	0	4.887	0	0	0	0	0	1.629	0	1.629	3.258	0	9.774	4.887	16.29	4.887	0	11.403	0	0	1.629	0	11.403	0	0	0	8.145	0	1.629	6.516	0	3.258	0	13.032	0	0	6.516	37.466	9.774	0	0	4.887	3.258	6.516	6.516	0	1.629	0	0	0	1.629	3.258	3.258	1.629	8.145	8.145	8.145	6.516	19.548	0	4.887	3.258	0	1.629	0	14.661	0	0	0	0	1.629	1.629	34.208	22.806	43.982	3.258	0	3.258	4.887	50:60,253.52:200,50:80
Cyb561-NM_001356374	0	0	0	0	0	0	0	0	0	1.629	13.032	3.258	1.629	0	0	0	0	1.629	1.629	1.629	0	0	0	1.629	0	1.629	3.258	0	0	0	0	0	0	0	0	0	0	0	0	1.629	0	0	0	0	0	0	0	0	0	0	1.629	4.887	0	0	0	0	1.629	1.629	0	0	0	0	0	0	0	0	0	0	0	0	0	1.629	0	0	3.258	0	0	0	1.629	1.629	0	0	3.893	10.767	1.629	3.258	1.629	0	0	0	1.629	0	0	0	1.629	0	0	0	0	0	0	0	0	0	3.258	1.629	6.516	0	0	0	0	0	0	0	0	0	0	0	0	1.629	0	0	0	0	3.258	0	0	0	1.629	1.629	4.887	0	0	0	0	0	0	1.629	1.629	0	1.629	0	0	0	0	0	0	0	0	0	0	0	0	0	0	0	0	1.629	1.629	0	0	0	0	0	1.629	0	0	0	1.629	0	0	0	0	3.258	0	0	0	0	0	0	0	0	0	0	1.629	1.629	0	0	0	0	0	0	0	0	0	0	0	0	0	0	0	0	0	0	0	0	0	0	0	0	0	0	0	0	0	1.629	3.258	0	0	0	0	0	0	0	1.629	0	0	0	1.629	0	1.629	0	0	1.629	0	6.516	1.629	0	0	1.629	0	0	0	0	0	1.629	0	0	1.629	0	1.629	1.629	0	0	0	0	0	0	0	0	0	0	0	0	0	0	0	0	0	0	0	0	0	0	0	0	0	0	0	0	0	0	0	0	0	0	0	1.629	0	0	0	0	0	1.629	0	0	0	0	0	0	0	0	0	0	0	1.629	0	0	3.258	0	0	0	0	0	3.258	0	0	0	1.629	0	0	0	0	0	0	0	1.629	1.629	0	0	0	0	0	0	0	1.629	0	0	0	0	50:60,53.93:200,50:80
Cyld-NM_173369	0	0	0	0	0	0	0	0	0	0	0	0	0	0	0	0	0	0	0	0	0	0	0	0	0	0	0	0	0	0	0	0	0	0	0	0	0	0	0	0	0	0	0	0	0	0	0	0	0	0	0	0	0	0	0	0	0	0	1.629	0	76.562	17.919	1.629	1.629	1.629	0	0	4.887	0	0	1.629	13.032	3.258	4.887	0	0	0	0	0	1.629	1.629	1.629	3.258	1.629	3.258	0	0	1.629	0	3.258	4.887	0	3.258	0	1.629	3.258	0	1.629	0	4.887	1.629	4.887	6.516	0	1.629	1.629	0	0	3.258	0	0	3.258	0	0	0	1.629	0	3.258	0	0	0	1.629	1.629	0	9.774	0	3.258	0	8.145	0	1.629	3.258	1.629	0	3.258	0	0	0	0	0	0	0	0	1.629	1.629	1.629	6.516	0	3.258	1.629	0	0	0	3.258	0	3.258	0	0	3.258	0	0	6.516	0	1.629	0	0	1.629	1.629	4.887	1.629	0	1.629	0	0	1.629	0	0	3.258	1.629	3.258	1.629	1.629	3.258	0	0	0	0	1.629	4.887	0	6.516	0	0	1.629	1.629	0	0	1.629	0	1.629	0	1.629	0	1.629	0	0	0	0	0	0	11.403	0	6.516	0	0	3.258	0	0	6.516	0	0	3.258	0	0	0	3.258	0	0	0	0	0	0	0	0	3.258	6.06	2.085	1.629	0	1.629	9.774	1.629	0	3.258	3.258	0	1.629	1.629	4.887	0	3.258	1.629	1.629	3.258	6.516	1.629	5.237	4.537	4.887	1.629	0	0	0	1.629	0	1.629	4.887	1.629	0	0	1.629	1.629	1.629	1.629	1.629	0	0	1.629	1.629	0	0	0	8.145	8.145	0	0	0	0	0	0	0	0	0	3.258	0	0	0	0	0	0	1.629	1.629	0	0	0	0	0	0	0	0	0	0	3.258	0	0	0	0	0	0	0	0	0	0	0	0	0	1.629	1.629	1.629	0	0	0	0	0	0	0	0	0	0	0	50:60,274.595:200,50:80
Cyp19a1-NM_007810	0	0	0	0	0	0	0	0	0	0	0	0	0	0	0	0	0	0	0	0	0	0	0	0	0	0	0	0	0	0	0	0	0	0	0	0	0	0	0	0	0	0	0	0	0	0	0	0	0	0	0	0	0	0	0	0	0	0	0	0	0	0	0	0	0	0	0	0	1.629	0	0	0	0	0	0	0	0	0	0	0	0	0	0	0	0	0	0	0	0	0	0	0	0	0	0	0	0	0	0	0	0	0	0	0	0	0	0	0	0	0	0	0	0	0	0	0	0	0	0	0	0	0	0	0	0	0	0	0	0	0	0	0	0	0	0	0	0	0	0	0	0	0	0	0	0	0	0	0	0	0	0	0	0	0	0	0	0	0	0	0	0	0	0	0	0	0	0	0	0	0	0	0	0	0	0	0	0	0	0	0	0	0	0	0	0	0	0	0	0	0	0	0	0	0	0	0	0	0	0	0	0	0	0	0	0	0	0	0	0	0	0	0	0	0	0	0	0	0	0	0	0	0	0	0	0	0	0	0	0	0	0	0	0	0	0	0	0	0	0	0	0	0	0	0	0	0	0	0	0	0	0	0	0	0	0	0	0	0	0	0	0	0	0	0	0	0	0	0	0	0	0	0	0	0	0	0	0	0	0	0	0	0	0	0	0	0	0	0	0	0	0	0	0	0	0	0	0	0	0	0	0	0	0	0	0	0	0	0	0	0	0	0	0	0	0	0	0	0	0	0	0	0	0	0	0	0	0	0	0	0	0	0	0	0	0	0	0	0	0	0	50:60,139.035:200,50:80
Cyp26a1-NM_007811	0	0	0	0	0	0	0	0	0	0	0	0	0	0	0	0	0	0	1.629	0	0	1.629	0	0	0	0	0	0	1.629	0	0	0	0	0	1.629	0	0	0	0	3.258	0	0	0	0	0	0	0	0	0	0	0	0	0	0	0	0	0	0	0	0	0	1.629	0	0	0	1.629	3.258	0	1.629	0	0	0	0	0	0	0	0	0	0	0	0.888	0.741	0	0	0	0	0	0	0	0.57	1.059	0	0	0	0	0	0	0	0	0	0	0	0	0	0	0	0	0	0	0	0	0	0	0	0	0	0	0	0	0	0	0	0	0	0	0	0	1.629	0	0	0	0	0	0	0	0	0	0	1.629	0	0	1.629	0	0	0	0	0	0	0	0	3.258	0	0	0	0	0	0	0	0	0	0	0	0	0	0	0	0	0	0	1.548	0.081	0	0	0	0	0	0	0	0	0	0	0	0	0	0	0	0	0.912	2.346	0	0	0	0	0	0	0	0	0	1.629	0	0	0	0	0	0	0	0	0	0	0	0	0	0	0	0	0	0	0	0	0	0	0	0	0	0	0	0	3.258	0	0	0	0	0	0	0	0	0	0	0	0	1.629	1.629	0	1.108	0.521	0	0	0	0	0	0	0	0	0	0	0	0	0	0	0	3.258	0	0	0	0	0	1.629	1.629	0	0	3.258	0	0	0	0	0	1.629	0	4.887	0	0	0	3.258	1.629	1.629	0	0	1.629	0	0	0	1.629	3.258	0	0	0	0	0	0	0	0	0	3.258	1.629	0	0	0	0	0	1.629	1.629	0	0	0	0	0	0	0	0	0	0	0	0	0	0	0	0	0	0	0	0	0	0	0	1.629	0	1.629	0	0	0	50:60,18.645:200,50:80
Cyp2j12-NM_001100182	0	0	0	0	0	0	0	0	0	0	0	0	0	0	0	0	0	0	0	0	0	0	0	0	0	0	0	0	0	0	0	0	0	0	0	0	0	0	0	0	0	0	0	0	0	0	0	0	0	0	0	0	0	0	0	0	0	0	0	0	0	0	0	0	0	0	0	0	0	0	0	0	0	0	0	0	0	0	0	0	0	0	0	0	0	0	0	0	0	0	0	0	0	0	0	0	0	0	0	0	0	0	0	0	0	0	0	0	0	0	0	0	0	0	0	0	0	0	0	0	0	0	0	0	0	0	0	0	0	0	0	0	0	0	0	0	0	0	0	0	0	0	0	0	0	0	0	0	0	0	0	0	0	0	0	0	0	0	0	0	0	0	0	0	0	0	0	0	0	0	0	0	0	0	0	0	0	0	0	0	0	0	0	0	0	0	0	0	0	0	0	0	0	0	0	0	0	0	0	0	0	0	0	0	0	0	0	0	0	0	0	0	0	0	0	0	0	0	0	0	0	0	0	0	0	0	0	0	0	0	0	0	0	0	0	0	0	0	0	0	0	0	0	0	0	0	0	0	0	0	0	0	0	0	0	0	0	0	0	0	1.629	0	0	0	0	0	0	0	0	0	0	0	0	0	0	0	0	0	0	0	0	0	0	0	0	0	0	0	0	0	0	0	0	0	0	0	0	0	0	0	0	0	0	0	0	0	0	0	0	0	0	0	0	0	0	0	0	0	0	0	0	0	0	0	0	0	0	0	0	0	0	0	0	0	0	0	0	0	0	0	50:60,209.175:200,50:80
Cyp4f15-NM_134127	0	0	0	0	0	0	0	0	0	0	0	0	0	0	0	0	0	0	0	0	0	0	0	0	0	0	0	0	0	0	0	0	0	0	0	0	0	0	0	0	0	0	0	0	0	0	0	0	0	0	0	0	0	0	0	0	0	0	0	0	1.629	0	0	0	0	0	0	0	0	0	0	0	0	0	0	0	0	0	0	0	0	0	0	0	0	0	0	0	0	0	0	0	0	0	0	0	0	0	0	0	0	0	0	0	0	0	0	0	0	0	0	0	0	0	0	0	0	0	0	0	0	0	0	0	0	0	0	0	0	0	0	0	0	0	0	0	0	0	0	0	0	0	0	0	0	0	0	0	0	0	0	0	0	0	0	0	0	0	0	0	0	0	0	0	0	0	0	0	0	0	0	0	0	0	0	0	0	0	0	0	0	0	0	0	0	0	0	0	0	0	0	0	0	0	0	0	0	0	0	0	0	0	0	0	0	0	0	1.629	0	0	0	0	0	0	0	0	0	0	0	0	0	0	0	0	0	0	0	0	0	0	0	0	0	0	0	0	0	0	0	0	0	0	0	0	0	0	0	0	0	1.629	0	0	0	0	0	0	1.629	0	0	0	0	0	0	0	0	0	0	0	0	0	0	0	0	0	0	0	0	0	0	0	0	0	0	0	0	0	0	0	0	0	0	0	0	0	0	0	0	0	0	0	0	0	0	0	0	0	0	0	0	0	0	0	0	0	0	0	0	0	0	0	0	0	0	0	0	0	0	0	0	0	0	0	0	0	0	0	0	0	0	0	50:60,88.455:200,50:80
D430042O09Rik-NM_001081022	0	0	0	0	0	0	0	0	0	0	0	0	0	0	0	1.629	0	0	0	0	0	0	0	0	0	0	0	0	0	0	0	0	0	0	0	0	0	0	0	0	0	0	0	1.629	0	0	0	0	0	0	0	9.774	26.064	1.629	0	0	0	0	0	1.629	140.091	30.95	40.724	32.579	48.869	32.579	39.095	17.919	57.014	68.417	89.593	42.353	50.498	50.498	32.579	14.661	19.548	9.774	11.403	4.887	6.516	3.258	13.032	6.516	1.629	6.516	1.629	6.516	13.032	3.258	6.516	4.887	13.032	0	1.629	4.887	6.516	9.774	1.629	1.629	3.258	4.887	3.258	3.258	8.145	3.258	9.774	4.887	3.258	8.145	9.774	3.258	3.258	3.258	0	1.629	1.629	4.887	1.629	0	4.887	0	4.887	1.629	3.258	3.258	3.258	3.258	1.629	3.258	3.258	4.887	3.258	4.887	3.258	6.516	1.629	3.258	1.629	3.258	0	3.258	3.258	0	1.629	1.629	4.887	1.629	0	1.629	3.258	1.629	4.887	0	1.629	3.258	0	3.258	3.258	0	1.629	6.516	3.258	3.258	1.629	0	1.629	3.258	3.258	3.258	1.629	3.258	3.258	1.629	9.774	4.887	6.516	3.258	0	1.629	1.629	1.629	0	1.629	4.887	0	0	8.145	0	4.887	3.258	1.629	0	0	3.258	4.887	6.516	0	1.629	1.629	0	1.629	4.887	1.629	3.258	1.629	4.887	1.629	4.887	3.258	9.774	8.145	6.516	0	1.629	4.887	4.887	8.145	4.887	0	4.887	1.629	4.887	3.258	3.258	9.774	0	8.145	1.629	4.887	1.629	16.29	3.258	8.145	1.629	6.516	4.887	4.887	0	3.258	3.258	3.258	3.258	6.516	8.145	1.629	1.629	4.887	3.258	9.774	3.258	1.629	0	4.887	3.258	3.258	1.629	1.629	2.232	10.8	0	0	0	0	0	3.258	0	0	0	0	0	0	0	0	0	1.629	0	0	1.629	0	0	0	0	0	0	0	0	0	0	0	0	0	0	0	0	1.629	0	0	0	0	0	0	0	0	0	0	0	0	0	1.629	0	1.629	0	0	0	0	0	0	0	1.629	0	1.629	1.629	0	0	0	1.629	0	0	0	0	0	1.629	0	0	0	0	0	0	1.629	50:60,834.63:200,50:80
D5Ertd605e-NR_033625	0	0	0	0	0	0	0	0	0	0	0	0	0	0	0	0	0	0	0	0	0	0	0	0	0	0	0	0	0	0	0	0	0	0	0	0	0	0	0	0	0	0	0	0	0	0	0	0	0	0	0	0	0	0	0	0	0	0	0	1.629	0	1.629	0	9.774	1.629	0	0	0	0	0	1.629	0	1.629	0	1.629	0	0	0	0	0	0	0	0	0	0	0	0	0	0	0	0	0	0	0	0	0	0	0	0	0	0	0	0	0	0	0	0	0	0	0	0	0	0	0	0	0	0	0	0	0	0	0	0	0	0	0	0	0	0	0	0	0	0	0	0	0	0	0	0	0	0	0	0	0	0	0	0	0	0	0	0	0	0	0	0	0	0	0	0	0	0	0	0	0	0	0	0	0	0	0	0	0	0	0	0	0	0	0	0	0	0	0	0	0	0	0	0	0	0	0	0	0	0	0	0	0	0	0	0	0	0	0	0	0	0	0	0	0	0	0	0	0	0	0	0	0	0	0	0	0	0	0	0	0	0	0	0	0	0	0	0	0	0	0	0	0	0	0	1.629	0	0	0	0	0	0	0	0	0	0	0	0	0	0	0	0	0	0	0	0	0	0	0	0	0	0	0	0	0	0	0	0	0	0	1.629	0	0	0	0	0	1.629	0	0	0	0	0	0	0	0	0	0	0	0	0	0	0	0	0	0	0	0	0	0	0	0	0	0	0	0	0	0	0	0	0	0	0	0	0	0	0	0	0	0	0	0	0	0	0	0	0	0	0	0	0	0	0	0	0	0	0	0	50:60,22.125:200,50:80
Dbnl-NM_013810	0	0	3.258	3.258	3.258	1.629	3.258	1.629	0	3.258	0	4.887	0	4.887	1.629	0	0	0	0	8.145	1.629	0	0	6.516	0	17.919	0	1.629	3.258	0	1.629	0	1.629	1.629	0	0	0	0	0	1.629	0	0	1.629	0	3.258	0	0	0	4.887	6.516	0	0	1.629	1.629	8.145	3.258	0	0	3.258	0	19.548	6.516	4.887	50.498	1.629	26.064	1.629	0	3.258	17.919	14.661	3.258	1.629	8.145	8.145	24.435	6.516	16.29	14.661	2.932	0.326	0	3.258	8.145	3.258	9.774	4.887	0	0	13.032	3.258	0	3.258	0	0	3.258	1.629	4.887	6.516	3.258	1.629	4.887	6.516	1.629	0.163	3.095	1.629	0	0	0	0	1.629	1.629	4.887	6.516	1.629	0	0	0	0	1.629	1.629	3.258	16.29	0	1.629	1.629	3.258	22.806	1.629	3.258	6.516	0	0	0	0	3.258	1.629	0	3.258	8.145	6.516	6.516	3.258	0	0	16.29	9.774	0	14.661	1.629	6.516	1.629	1.629	0	0	7.379	12.168	13.032	0	1.629	6.516	1.629	6.451	0.065	13.032	3.258	4.887	6.516	11.24	6.679	8.145	1.629	0	1.629	0	6.516	3.258	3.258	0	0	4.887	0	6.516	4.887	1.629	0	0	3.258	1.629	4.887	3.258	11.403	1.629	0	0	0	1.629	1.629	1.629	0	6.516	21.177	1.629	1.629	4.887	0	0	0	6.516	8.145	3.258	0	0	4.887	4.887	1.629	4.887	6.516	1.629	0	6.516	0	0	0	6.516	4.887	9.774	3.258	3.258	4.887	0	4.887	1.629	1.629	8.145	6.516	3.258	7.672	5.359	1.629	0	11.403	4.887	1.629	6.516	0	0	1.629	9.774	6.516	0	3.258	9.774	1.629	3.258	0	1.629	0	3.258	0	1.629	0	0	1.629	22.806	3.258	0	0	3.258	35.837	9.774	4.887	6.516	6.516	3.258	21.177	27.692	3.258	22.806	16.29	84.707	0	1.629	6.516	4.887	11.403	1.629	4.887	3.258	14.661	35.837	6.516	13.032	42.353	50.498	4.887	8.145	86.336	13.032	8.145	3.258	8.145	24.435	13.032	11.403	26.064	4.887	1.629	4.887	21.177	4.887	3.258	14.661	42.353	6.516	0	1.629	1.629	6.516	13.032	11.403	29.321	3.258	8.145	47.24	9.774	3.258	30.95	11.403	6.516	3.258	0	3.258	3.258	0	3.258	1.629	0	0	50:60,62.49:200,50:80
Ddx19a-NM_007916	0	0	0	9.774	1.629	0	0	0	0	6.516	4.887	0	0	0	1.629	0	1.629	0	0	0	1.629	0	0	0	0	0	0	3.258	0	0	0	0	0	0	0	0	1.629	0	0	0	0	0	0	0	1.629	0	0	0	0	1.629	0	3.258	1.629	0	0	0	0	0	0	4.887	164.795	38.827	27.692	16.29	4.887	61.901	19.548	4.887	3.258	0	0	0	0	16.29	16.29	14.661	1.629	6.516	0	0	9.774	1.629	6.516	3.258	0	0.472	4.415	13.032	11.403	3.258	4.887	6.516	0	9.774	6.516	4.887	21.177	27.692	11.403	0	14.661	11.403	4.887	10.197	4.463	3.258	9.774	26.064	4.887	3.258	3.258	4.887	0	1.629	3.258	6.516	4.887	9.073	2.329	0	0	0	1.629	8.145	6.516	17.919	3.258	3.258	8.145	0	1.629	0	0	4.887	0	19.548	4.887	0	14.661	5.213	4.561	17.919	1.629	9.774	35.837	6.516	19.548	4.887	0	27.692	3.258	1.629	3.258	1.629	6.516	6.516	9.774	9.774	3.258	19.548	3.258	0	1.629	0	0	1.629	3.258	6.516	1.629	11.403	0	9.774	4.887	14.661	9.774	1.629	1.629	24.435	16.29	11.403	0	11.403	6.516	1.629	0	1.629	3.258	1.629	0	3.258	6.516	0	1.629	3.258	4.887	6.516	13.032	3.258	1.629	6.516	1.629	1.629	1.629	7.754	0.391	26.064	0	11.403	0	6.109	5.294	1.629	13.032	13.032	0.937	0.692	0	6.516	34.591	32.197	9.774	14.661	8.145	0	0	1.629	0	0	0	0	0	0	0	0	0	4.887	1.629	1.629	1.629	0	0	0	0	1.629	1.629	0	3.258	0	0	0	0	0	0	0	6.516	3.258	1.629	6.516	8.145	3.258	0	0	1.629	0	1.629	8.145	4.887	4.887	4.887	1.629	6.516	0	4.887	0	1.629	0	6.516	6.516	1.629	14.661	3.258	3.258	19.548	16.29	3.258	14.661	0	1.629	3.258	3.258	0	0	0	0	0	0	0	1.629	0	1.629	0	0	3.258	4.887	1.629	0	3.258	0	0	0	0	1.629	11.403	3.258	4.887	8.145	0	0	4.887	1.629	0	8.145	13.032	43.982	1.629	0	6.516	14.661	8.145	4.887	9.774	13.032	40.724	0	19.548	4.887	0	0	0	1.629	50:60,114.165:200,50:80
Ddx58-NM_172689	1.629	0	0	0	0	0	0	0	0	0	0	0	0	0	0	0	0	0	0	0	0	0	1.629	0	0	0	0	0	1.629	0	0	0	0	0	0	0	0	0	0	0	0	0	0	0	0	0	0	1.629	1.629	0	1.629	3.258	0	0	0	0	0	0	1.629	0	9.774	1.629	21.177	1.629	1.629	13.032	0	6.516	26.064	4.887	4.887	0	0	0	4.887	3.258	0	1.629	0	0	0	0	0	8.145	0	4.887	1.629	3.258	1.629	1.629	9.774	0	4.887	0	0	0	0	0	3.258	0	0	3.258	0	0	0	1.629	0	0	1.629	3.258	1.629	1.629	3.258	0	1.629	6.516	3.258	0	0	3.258	0	0	1.629	3.258	0	11.403	9.774	9.774	3.258	27.693	24.435	30.95	26.064	8.145	1.629	3.258	3.258	1.629	1.629	3.258	4.887	1.629	3.258	0	0	0	1.629	0	1.629	0	0	1.629	3.258	0	3.258	4.887	0	17.919	8.145	6.516	3.258	1.629	1.629	1.629	6.516	14.661	52.127	39.095	4.887	8.145	8.145	8.145	3.258	9.774	83.078	13.032	16.29	16.29	3.258	0	11.403	1.629	0	0.619	5.897	1.629	0	3.258	3.258	0	13.032	13.032	3.258	0	0	0	6.516	0	0	0	4.887	3.258	13.032	6.516	1.629	1.629	0	11.403	1.629	3.258	0	3.258	3.258	0	0	6.516	4.887	3.258	0	4.887	1.629	3.258	4.887	6.516	3.258	0	0	0	6.516	1.629	4.887	1.629	1.629	0	3.258	0	1.629	6.516	4.887	3.258	0	0	0	0	0	3.258	1.629	4.887	13.032	0	11.403	6.516	4.887	3.258	6.516	1.629	4.887	8.145	3.258	1.629	3.258	0	0	0	1.629	1.629	0	1.629	1.629	0	1.629	0	0	0	1.629	0	0	4.887	4.887	0	3.258	0	1.629	0	0	1.629	3.258	9.774	0	0	0	0	1.629	0	3.258	1.629	0	0	0	0	0	0	1.629	0	0	0	3.258	1.629	0	1.629	0	0	0	0	0	0	3.258	0	0	0	0	0	0	0	0	0	0	0	0	0	0	1.629	1.629	0	0	0	0	0	0	0	50:60,180.245:200,50:80
Depdc5-NM_177786	0	0	0	0	0	0	0	0	0	0	0	0	0	0	0	0	0	0	0	0	0	0	0	0	0	0	0	0	0	0	1.629	0	0	0	0	0	0	0	0	0	0	0	0	0	0	0	0	0	0	0	0	0	0	0	3.258	0	0	0	0	4.887	545.706	32.579	94.48	13.032	6.516	22.806	29.321	3.258	8.145	4.887	6.516	8.145	6.516	4.887	3.258	11.403	11.403	6.516	19.548	14.661	3.258	1.629	4.887	16.29	4.887	4.887	3.258	1.629	32.579	9.774	8.145	8.145	9.774	4.887	4.887	8.145	4.887	9.774	9.774	14.661	4.887	1.629	4.887	4.887	16.29	9.774	11.403	3.258	4.887	14.661	21.177	1.629	6.516	4.887	17.919	8.145	3.258	6.516	0	3.258	16.29	14.661	11.403	11.403	16.29	9.774	3.258	1.629	16.29	16.29	19.548	4.887	9.774	4.887	3.258	6.516	3.258	0	4.887	4.887	1.629	3.258	8.145	1.629	13.032	11.403	24.435	6.516	14.661	11.403	6.516	0	4.398	3.747	3.258	9.774	0	9.774	16.29	6.516	3.258	8.145	13.032	9.774	1.629	8.145	6.516	3.258	3.258	3.258	11.403	4.887	0	6.516	13.032	11.403	11.403	0	0	1.629	0	0	0	0	4.887	32.579	9.774	8.145	8.145	6.516	4.887	8.145	1.629	6.516	4.887	4.887	16.29	9.774	0	4.887	1.629	9.774	6.516	6.516	1.629	17.919	7.005	9.285	14.661	0	6.516	9.774	4.887	0	0	3.258	3.258	9.774	6.516	8.145	6.516	0	0	1.629	0	6.516	4.887	3.258	6.516	4.887	8.145	3.258	6.516	1.629	9.774	6.516	1.629	9.774	0	4.887	3.258	9.774	9.774	17.919	9.774	0	3.258	1.629	6.516	6.516	1.629	1.629	4.887	3.258	8.145	0	14.661	13.032	0	9.774	3.258	1.629	1.629	1.629	3.258	0	0	0	0	4.887	1.629	1.629	0	0	0	0	0	3.258	0	0	0	0	0	0	3.258	3.258	0	1.629	0	0	0	0	0	1.629	0	0	0	1.629	0	0	0	0	0	0	1.629	0	0	0	0	1.629	0	0	0	0	0	1.629	0	0	0	0	0	1.629	3.258	0	1.629	0	0	0	0	0	1.629	0	0	0	0	1.629	1.629	1.629	1.629	0	50:60,462.9:200,50:80
Dgkq-NM_001357029	0	0	0	0	0	0	0	0	0	1.629	0	0	0	0	0	0	0	0	0	0	0	0	0	1.629	0	0	0	0	0	0	0	0	0	0	0	0	0	0	0	0	0	0	0	0	0	0	0	0	0	0	0	0	0	0	0	0	0	0	0	0	4.781	76.668	3.258	0	0	0	4.887	3.258	1.629	1.629	11.403	4.887	0	1.629	3.258	6.516	0	6.516	4.887	1.629	1.629	0	8.145	0	1.629	0	3.258	0	1.629	0	4.887	0	4.887	0	1.629	5.962	7.07	0	9.774	6.516	6.516	0	3.258	3.258	3.258	0	0	0	0	3.258	1.629	1.629	0	1.629	3.258	1.629	3.258	0	1.629	1.629	4.887	0	3.258	0	0	1.629	0	0	0	1.629	0	1.629	8.145	6.516	1.629	0	0	0	4.887	8.145	4.887	0	0	1.629	0	0	1.629	0	0	16.29	1.629	0	3.258	4.887	0	0	0	0	1.629	7.33	2.443	3.258	0	0	0	1.629	0	0	6.516	1.629	0	1.629	0	3.258	1.629	0	1.629	4.887	8.145	4.887	0	0	3.258	0	3.258	1.629	0	11.403	3.258	3.258	1.629	3.258	4.887	4.887	8.145	0	4.887	1.629	1.629	1.629	3.258	0	1.629	1.629	0	3.258	1.629	1.629	1.629	0	6.516	3.258	6.516	0	1.629	11.403	3.258	1.629	1.629	0	0	8.145	3.258	6.516	8.145	4.887	1.629	0	3.258	0	1.629	0	1.629	8.145	0	0	3.258	0	1.629	0	3.258	0	1.629	3.258	1.629	0	8.145	0	0	3.258	0	0	0	6.516	0	6.516	1.629	9.986	6.304	0	1.629	3.258	0	0	0	1.629	0	0	1.629	0	4.887	3.258	0	3.258	0	0	11.403	1.629	0	0	0	0	1.629	1.629	6.516	3.258	0	0	3.258	1.629	0	3.258	9.774	8.145	3.258	1.629	1.629	0	0	9.774	3.258	11.403	6.516	3.258	4.887	1.629	3.258	8.145	3.258	17.919	0	0	1.629	0	9.774	0	0	45.611	1.629	0	3.258	0	1.629	0	6.516	4.887	6.516	0	0	0	0	1.629	0	1.629	0	1.629	0	0	9.774	0	50:60,68.935:200,50:80
Dhrs4-NM_001037938	0	0	0	0	0	0	0	0	0	0	0	0	0	0	0	0	0	0	0	0	0	0	0	0	0	0	0	0	0	0	0	0	0	0	0	0	0	0	0	0	0	0	0	0	0	0	0	0	0	0	0	0	0	0	0	0	0	0	0	0	3.258	1.629	74.517	59.058	1.629	3.258	0	3.258	0	0	0.106	3.152	0	0	4.887	16.29	1.629	6.516	6.516	1.629	0	6.516	0	0	1.629	1.629	0	0	0	0	0	0	1.629	0	0	0	1.629	3.258	3.258	1.629	0	4.887	0	0	0	1.629	0	0	0	0	6.516	9.774	0	0	0	1.629	1.629	0	0	0	0	0	1.629	0	0	0	0	0	0	0	0	0	0	0	0	0	0	0	0	0	0	0	0	0	0	0	0	1.629	0	0	0	0	0	0	0	1.629	8.145	1.629	0	0	0	0	3.258	0	1.629	0	0	1.629	0	0	0	0	0	0	3.258	0	0	0	0	0	0	0	0	0	0	1.629	0	0	1.629	0	0	0	0	0	1.629	0	3.258	0	0	3.258	0	0	3.258	0	3.258	3.258	3.258	6.516	0	0	1.629	1.629	0	1.629	0	0	0	0	0	1.629	1.629	0	0	0	1.629	0	1.629	0	0	0	1.629	0	0	3.258	0	0	0	0	6.516	3.258	0	0	0	0	0	1.629	6.516	0	1.629	3.258	0	1.629	1.629	0	1.629	0	3.258	0	0.138	1.491	0	3.258	3.258	1.629	0	0	3.258	0	0	8.145	1.629	0	0	0	0	0	3.258	0	0	0	0	0	0	0	0	0	0	0	0	8.145	1.629	0	0	0	0	0	0	0	0	0	0	0	0	0	0	0	0	0	0	0	0	0	0	0	0	0	0	0	0	0	0	0	0	0	0	0	0	0	0	0	0	0	0	0	0	1.629	0	0	0	0	50:60,57.915:200,50:80
Dmrtb1-NM_019872	0	0	0	0	0	0	0	0	0	0	0	0	0	0	0	0	0	0	1.629	0	0	0	0	0	0	0	0	0	0	0	0	0	0	0	0	0	0	0	0	0	0	0	0	0	0	0	0	0	0	0	0	0	0	0	0	0	0	0	0	0	3.258	0	0	0	0	0	0	0	0	0	0	0	0	0	0	0	0	0	1.629	0	0	1.629	0	0	0	0	0	0	0	0	0	0	0	0	0	0	0	0	0	0	0	0	0	0	0	0	0	0	0	0	0	0	0	0	0	0	0	0	0	0	0	0	0	0	0	0	0	0	0	0	0	0	0	0	0	0	0	0	0	0	0	0	0	0	0	1.629	0	0	0	0	0	0	0	0	0	0	0	0	0	0	0	0	0	0	1.629	0	0	0	0	0	0	0	0	0	0	0	0	0	0	0	1.629	0	0	0	0	0	0	0	0	0	0	0	0	0	0	0	0	0	0	0	0	0	0	0	0	0	0	0	0	0	0	0	0	0	0	0	0	0	0	0	0	0	0	0	0	0	0	0	0	0	0	0	0	1.629	0	0	0	0	1.629	0	0	0	0	0	1.629	0	0	0	0	0	0	0	0	0	0	0	0	0	0	0	0	0	0	0	0	0	0	0	0	0	0	0	0	0	0	0	0	0	1.629	0	0	0	0	0	0	0	0	0	0	0	0	0	0	1.629	0	0	0	0	0	0	0	0	0	1.629	0	0	0	0	0	1.629	0	1.629	0	0	0	0	0	0	0	0	0	0	0	0	0	0	0	0	0	0	0	0	0	0	0	0	0	0	1.629	0	50:60,39.705:200,50:80
Dpp6-NM_001136060	0	0	0	0	0	0	0	0	0	0	0	0	0	0	0	0	0	0	0	0	0	0	0	0	0	0	0	0	0	0	0	0	0	0	0	0	0	0	0	0	0	0	0	0	0	0	0	0	0	0	0	0	0	0	0	0	0	0	0	0	8.145	4.887	3.258	3.258	6.516	0	1.629	1.629	3.258	8.145	1.629	0	0	4.887	22.806	0	0	4.887	1.629	4.887	1.629	1.629	4.887	0	0	1.629	9.774	4.887	1.629	1.629	0	3.258	0	1.629	4.887	1.629	0	0	3.258	1.629	0	0	0	0	1.629	0	0	0	0	0	0	3.258	1.629	1.629	0	1.629	0	0	0	0	1.629	0	0	0	0	0	0	8.145	11.403	0	0	0	4.887	0	0	0	0	0	0	1.629	1.629	0	24.435	1.629	0	1.629	1.629	0	0	0	0	0	0	0	1.629	1.629	3.258	0	0	0	0	0	0	1.629	0	0	1.629	0	0	0	0	1.629	0	1.629	0	0	0	1.629	3.258	0	0	1.629	1.629	0	3.258	0	0	0	0	0	0	0	0	0	1.629	0	0	1.629	0	1.629	0	3.258	3.258	0	0	3.258	0	0	1.629	0	1.629	0	0	1.629	0	1.629	0	0	0	0	0	0	0	0	3.258	0	0	0	1.629	1.629	1.629	0	0	0	0	3.258	0	1.629	0	0	1.629	1.629	0	0	0	1.629	0	1.629	1.629	0	0	3.258	1.629	1.629	1.629	1.629	0	3.258	3.258	1.629	0	0	0	0	0	0	0	0	0	0	0	0	0	0	0	0	0	0	0	0	0	0	0	1.629	0	0	1.629	0	0	0	0	0	0	0	0	0	1.629	0	0	0	0	0	1.629	0	0	0	0	0	0	0	0	0	0	0	0	0	0	0	0	0	0	0	0	0	0	0	0	0	0	0	0	0	0	0	0	0	0	0	0	0	50:60,2327.83:200,50:80
Dsc2-NM_001317365	0	0	0	0	0	0	0	0	0	0	0	0	0	0	0	0	0	0	0	0	0	0	0	0	0	0	0	0	0	0	0	0	0	0	0	0	0	0	0	0	0	0	0	0	0	0	0	0	0	0	0	0	0	0	0	0	0	0	0	3.258	9.774	0	9.774	0	0	1.629	0	0	0	0	0	1.629	0	0	0	0	0	0	0	0	1.629	0	0	0	0	0	0	0	0	0	0	0	0	0	0	0	0	1.629	0	0	0	0	1.629	0	0	0	1.629	0	0	0	0	0	0	3.258	0	0	0	1.629	0	0	0	0	0	0	0	0	3.258	0	0	0	0	0	0	0	0	0	0	0	0	0	0	0	0	0	0	0	1.629	0	0	0	1.629	0	0	3.258	1.629	0	0	0	0	0	1.629	0	1.629	0	0	0	0	0	0	0	0	0	0	0	1.629	0	0	0	0	0	0	0	0	0	1.629	0	4.887	0	0	0	0	0	0	0	0	0	0	0	1.629	0	0	0	0	0	0	0	0	0	0	0	0	0	0	0	0	0	0	1.629	0	0	0	0	0	0	0	0	0	0	0	0	0	1.629	0	1.629	0	0	0	0	1.629	0	0	0	1.629	0	0	0	0	0	0	0	0	0	0	3.258	1.629	0	0	0	0	1.629	0	0	0	0	1.629	0	0	0	0	0	0	0	0	0	1.629	1.629	0	1.629	0	0	0	0	0	0	0	0	0	0	0	0	0	0	0	0	0	0	0	0	0	0	0	0	0	0	0	0	3.258	0	0	0	0	1.629	1.629	0	0	0	0	0	0	0	0	0	0	0	0	0	0	1.629	0	0	0	1.629	1.629	0	0	0	0	0	0	0	50:60,144.61:200,50:80
Dsg2-NM_007883	0	0	0	0	0	0	0	0	0	0	0	0	0	0	0	0	0	0	0	0	0	0	0	0	0	0	0	0	0	0	0	0	0	0	0	0	0	0	0	0	0	0	0	0	0	0	0	0	0	0	0	0	0	0	0	0	0	17.919	0	1.629	3.258	13.032	13.032	27.693	16.29	22.806	30.95	8.145	13.032	8.145	14.661	3.258	24.435	4.887	0	3.258	4.887	4.887	3.258	0	6.516	1.629	0	8.145	4.887	4.887	3.258	1.629	0	1.629	8.145	21.177	14.661	17.919	14.661	17.919	4.887	11.403	8.145	1.629	11.403	6.516	8.145	8.145	9.774	0	6.516	9.774	1.629	0	3.258	1.629	3.258	3.258	6.516	3.258	4.887	19.548	3.258	4.887	6.516	19.548	4.887	9.774	3.258	1.629	11.403	4.887	0	3.258	11.403	6.516	8.145	1.629	11.403	6.516	8.145	8.145	4.887	8.145	0	0	3.258	3.258	0	11.403	6.516	8.145	6.516	4.887	1.629	9.774	6.516	0	1.629	3.258	0	3.258	3.258	1.629	4.887	6.516	0	11.403	6.516	3.258	3.258	6.516	3.258	8.145	4.887	1.629	1.629	3.258	0	1.629	0	0	1.629	1.629	1.629	0	0	1.629	1.629	3.258	0	0	0	0	1.629	1.629	4.887	32.579	26.064	13.032	3.755	2.761	1.629	0	1.629	0	8.145	3.258	0	3.258	14.661	16.29	3.258	1.629	13.032	3.258	0	6.516	4.887	3.258	0	0	9.774	0	0	9.774	4.887	3.258	4.887	1.629	4.887	0	4.887	3.258	0	3.258	0	9.774	0	37.466	0	1.629	1.629	4.887	3.258	1.629	3.258	4.887	0	3.258	8.145	0	0	1.629	0	1.629	1.629	0	4.887	6.516	11.403	1.629	4.887	0	0	0	0	0	0	0	0	0	1.629	0	17.919	0	0	4.887	0	1.629	0	1.629	3.258	1.629	8.145	1.629	0	0	1.629	0	17.919	6.516	0	1.629	0	0	0	3.258	4.887	1.629	0	0	0	3.258	6.516	3.258	0	0	3.258	0	0	0	0	0	0	0	0	0	0	0	0	0	0	0	1.629	0	0	4.887	0	0	0	0	0	0	0	3.258	1.629	0	0	3.258	1.629	0	0	0	50:60,232.265:200,50:80
Dusp22-NM_001037955	0	0	0	0	0	0	0	0	0	0	0	0	0	0	0	0	0	0	0	0	0	0	0	0	0	0	0	0	0	0	0	0	0	0	0	0	0	0	0	0	0	0	0	0	0	0	0	0	0	0	0	0	0	0	0	0	0	0	1.629	0	8.145	19.548	4.887	3.258	3.258	6.516	6.516	1.629	6.516	0	0	0	0	0	1.629	0	1.629	1.629	1.629	1.629	1.629	0	3.258	9.774	0	1.629	1.629	3.258	1.629	0	0	0	3.258	1.629	1.629	1.629	3.258	0	0	1.629	6.516	0	0	1.629	4.887	0	0	1.629	0	0	0	0	1.629	0	0	1.629	0	0	1.629	1.629	0	0	3.258	0	4.887	0	0	0	0	1.629	0	0	1.629	0	0	0	0	0	0	0	4.887	0	0	0	0	0	0	1.629	1.629	0	1.629	0	3.258	0	0	0	0	0	0	0	0	0	0	0	0	0	0	0	0	0	1.629	3.258	1.629	1.629	4.887	0	1.629	1.629	0	0	3.258	0	0	1.629	0	0	0	1.629	0	1.629	0	0	1.629	0	1.629	3.258	0	1.629	1.629	0	0	0	0	0	0	0	0	0	0	1.629	0	0	0	0	0	0	0	1.629	0	0	0	0	0	0	0	0	1.629	0	1.629	0	0	4.887	1.629	0	0	1.629	0	3.258	1.629	0	0	0	0	0	0	0	0	0	3.258	0	0	1.629	0	0	0	0	0	0	1.629	0	0	0	0	1.629	0	0	0	0	0	0	0	0	0	0	0	0	0	0	0	0	0	0	0	0	0	0	0	0	0	0	0	1.629	0	0	0	1.629	1.629	0	1.629	0	0	0	0	0	0	0	0	0	0	0	0	0	0	0	0	0	1.629	0	0	0	0	0	1.629	0	0	0	0	0	0	0	0	0	0	0	0	0	0	0	0	0	50:60,255.87:200,50:80
Dvl1-NM_010091	0	0	0	0	0	0	0	0	0	0	0	0	0	0	0	1.629	0	0	0	0	0	0	0	0	0	0	0	0	0	0	0	0	0	1.629	0	0	0	0	0	0	0	0	0	1.629	0	0	0	1.629	1.629	0	1.629	4.887	1.629	0	0	0	0	0	0	0	0	1.629	1.629	0	0	0	0	0	0	3.258	3.258	0	1.629	1.629	0	0	1.629	0	0	4.887	3.258	3.258	3.258	0	3.258	3.258	0	1.629	0	0	6.516	3.779	1.108	6.516	4.887	3.258	4.675	1.841	4.887	1.629	11.403	11.403	0	0	8.145	3.258	14.661	0	1.629	0	1.629	1.629	1.629	0	0	0	3.258	8.145	3.258	3.258	0	6.516	0	1.629	1.629	3.258	3.258	4.887	6.516	0	1.629	9.774	3.258	1.629	3.258	3.258	6.516	3.258	0	6.516	8.145	3.258	0	0	1.629	1.629	4.887	0	0	0	0	6.516	6.516	0	0	1.629	3.258	1.629	0	0	3.258	1.629	1.629	3.258	0	1.629	1.629	1.629	6.516	8.145	3.258	8.145	11.403	0.228	1.401	1.629	4.887	1.629	14.661	32.579	1.629	1.629	1.629	0	3.258	0	0	0	0	4.887	6.516	1.629	0	10.882	3.779	0	0	0	1.629	3.258	0	0	0	3.258	0	1.629	8.145	3.258	4.887	1.629	8.145	0	3.258	0	0	0	0	0	0	0	1.808	4.708	0	0	1.629	0	0	0	3.258	1.629	1.629	1.629	3.258	1.629	1.629	0	1.629	1.629	0	0	0	0	1.629	0	3.258	4.887	0	3.258	1.629	1.629	0	3.258	0	0	1.629	0	1.629	0	1.629	6.516	0	0	0	3.258	0	1.629	4.887	0	0	0	1.629	1.629	3.258	3.258	1.629	4.887	8.145	0	4.887	3.258	0	0	1.629	0	1.629	1.629	0	0	0	0	4.887	1.629	8.145	1.629	0	1.629	3.258	1.629	3.258	1.629	1.629	1.629	0	4.887	3.258	1.629	4.887	1.629	4.887	4.887	1.629	6.516	1.629	17.919	6.516	1.629	11.403	0	3.258	9.774	4.887	8.145	1.629	6.516	1.629	9.774	4.887	0	11.403	6.516	3.258	0	0	3.258	3.258	1.629	4.887	6.516	6.516	0	50:60,59.51:200,50:80
Ecsit-NM_001253897	0	0	0	0	0	0	0	0	0	0	0	0	0	0	0	0	0	0	0	0	0	0	0	0	0	0	0	0	0	0	0	0	0	0	0	0	0	0	0	0	0	0	0	0	0	0	0	0	0	0	0	0	0	0	0	0	0	0	0	1.629	40.431	205.544	8.145	1.629	0	3.258	1.629	0	0	0	0	0	0	0	1.629	0	0	0	4.887	3.258	0	0	1.629	1.629	1.629	0	1.629	0	4.887	1.629	3.258	0	0	1.629	0	0	4.887	1.629	1.629	1.629	0	1.629	4.887	1.629	3.258	4.887	1.629	0	0	0	0	1.629	0	0	1.629	1.629	0	0	0	0	0	1.629	0	0	0	0	0	0	3.258	0	1.629	0	1.629	0	1.629	1.629	0	0	0	0	0	0	1.629	0	1.629	0	0	0	0	0	0	1.629	1.629	0	0	0	1.629	0	0	0	0	4.887	0	0	0	1.629	3.258	1.629	0	1.629	1.629	1.629	0	0	4.887	0	3.258	0	1.629	0	0	0	4.887	1.629	0	0	8.145	4.887	3.258	3.258	0	0	0	0	0	4.887	4.887	8.145	0	1.629	1.629	4.887	1.629	0	0	0	0	0	0	0	0	6.516	3.258	1.629	1.629	0	0	0	0	0	0	3.258	3.258	0	0	1.629	0	0	0	0	0	3.258	2.329	0.929	1.629	0	0	0	1.629	0	0	0	0	0	0	1.629	1.629	4.887	3.258	0	0	3.258	1.629	4.887	0	1.629	0	0	3.258	3.258	4.887	0	0	0	0	4.887	4.887	0	0	3.258	4.887	0	0	0	3.258	0	3.258	0	0	0	6.516	0	0	0	0	0	1.629	4.887	1.629	4.887	13.032	0	1.629	0	3.258	0	3.258	1.629	1.629	4.887	0	0	0	0	4.887	3.258	0	0	1.629	4.887	1.629	0	0	0	1.629	0	0	4.887	4.887	0	3.258	0	0	0	1.629	0	1.629	0	0	0	0	0	0	0	1.629	1.629	0	1.629	1.629	0	50:60,65.91:200,50:80
Edn2-NM_007902	0	1.629	0	0	0	0	0	0	0	0	0	0	0	0	0	0	0	0	0	0	0	0	1.629	0	0	1.629	0	0	0	0	0	0	0	0	0	0	0	0	0	0	0	0	0	0	0	0	0	0	0	0	0	0	0	0	0	0	0	0	0	0	0	0	0	0	0	0	0	0	0	0	0	0	0	0	0	0	0	0	0	0	0	0	0	0	1.629	0	0	0	0	0	0	0	0	0	0	0	0	0	0	0	0	0	0	0	0	0	0	0	0	0	0	0	0	0	0	0	0	0	0	0	0	0	0	0	0	0	0	0	0	0	0	0	0	0	0	0	0	0	1.629	0	0	0	0	0	0	1.629	0	0	0	0	0	0	0	0	0	0	0	0	0	0	0	0	0	0	0	0	0	0	0	0	0	0	0	0	0	0	0	0	0	0	0	0	0	0	0	0	0	0	0	0	0	0	0	0	0	0	0	0	0	0	0	0	0	0	0	0	0	0	0	0	0	0	0	0	1.629	0	0	0	0	0	0	0	0	0	0	0	0	0	0	1.222	0.407	0	0	0	0	0	0	0	0	0	0	0	0	0	0	0	0	0	0	0	0	0	0	0	0	0	0	0	0	0	0	0	0	0	0	0	0	0	0	0	0	0	0	0	0	0	0	0	0	0	0	0	0	0	0	0	0	0	0	0	0	0	0	0	0	0	0	0	0	0	0	0	0	0	0	0	0	0	0	0	0	0	0	0	0	0	0	0	0	0	0	0	0	0	0	0	0	0	0	0	0	0	0	0	0	0	0	0	0	0	50:60,30.775:200,50:80
Eef1akmt1-NM_026526	11.403	8.145	45.611	4.887	3.258	1.629	14.661	1.629	6.516	19.548	1.629	0	1.629	1.629	1.629	0	6.516	1.629	4.887	1.629	3.258	0	3.258	0	0	1.629	3.258	3.258	0	0	11.403	8.145	3.258	0	1.629	4.887	0	0	0	0	0	1.629	1.629	0	1.629	0	0	0	1.629	1.629	9.774	9.774	9.774	6.516	4.887	14.661	1.629	1.629	3.258	0	343.713	81.449	100.996	30.95	40.724	0	32.579	102.625	11.403	76.562	0	0	8.145	17.919	6.516	4.887	0	8.145	4.887	3.258	65.159	4.887	11.403	2.541	5.604	84.707	1.629	1.629	0	0	3.258	11.403	19.548	1.629	0	0	4.887	3.258	1.629	0	0	4.887	6.516	6.516	0	8.145	9.774	11.403	1.629	0	1.629	17.919	6.516	0	3.258	0	1.629	0	0	0	4.887	1.629	0	3.258	6.516	4.887	4.887	3.128	3.388	0	9.774	0	8.145	4.887	0	4.887	19.548	1.629	0	4.887	3.258	0	4.887	8.145	4.887	3.258	3.258	6.516	4.887	1.629	0	6.516	9.774	4.887	0	0	3.258	4.887	3.258	8.145	3.258	1.629	15.996	3.16	6.907	0	0	0	0	0	0	0	0	0	4.887	3.258	3.258	0	0	1.629	7.721	3.681	11.403	9.774	3.258	1.629	3.258	0	0	0	0	4.887	1.629	0	4.887	8.145	1.629	1.629	4.887	1.629	1.629	3.258	1.629	0	6.516	1.629	3.258	9.774	0	1.629	4.887	1.629	0	8.145	8.145	0	0	0	0	0	0	0	0	1.629	0	0	3.258	1.629	0	22.806	9.774	3.258	0	6.516	8.145	1.629	0	0	3.258	0	4.887	4.887	4.887	0	1.629	4.887	0	0	0	0	1.629	6.516	13.032	11.403	0	0	0.293	2.965	3.453	12.836	24.435	9.774	3.258	4.887	0	0	0	0	0	1.629	13.032	1.629	4.887	8.145	1.629	1.629	3.258	1.629	3.258	6.516	14.661	1.629	1.629	1.629	0	4.887	0	0	0	0	0	0	0	0	1.629	3.258	1.629	0	1.629	0	0	0	1.629	0	0	1.629	0	0	1.629	1.629	1.629	0	0	1.629	0	4.887	34.208	6.516	8.145	1.629	0	1.629	3.258	0	1.629	1.629	3.258	3.258	0	0	0	0	0	1.629	0	0	0	0	0	0	50:60,109.94:200,50:80
Eml1-NM_001043335	0	0	0	0	0	0	0	0	0	0	0	0	0	0	0	0	0	0	0	0	0	0	0	0	0	0	0	0	0	0	0	0	0	0	0	0	0	0	0	0	0	0	0	0	0	0	0	0	0	0	0	0	0	0	0	0	0	0	0	0	4.887	6.516	6.516	1.629	4.887	3.258	3.258	6.516	3.258	1.629	3.258	4.887	1.629	0	0	1.629	3.258	0	0	3.258	0	0	0	4.887	3.258	4.887	3.258	1.629	1.629	6.516	0	3.258	1.629	1.629	3.258	0	4.887	0	0	0	1.629	0	0	0	0	3.258	0	1.629	0	0	0	1.629	3.258	0	4.887	3.258	0	1.629	0	0	1.629	0	1.629	0	1.629	0	0	3.258	3.258	0	0	0	1.629	3.258	1.629	0	1.629	3.258	0	0	1.629	0	0	0	0	0	1.629	0	3.258	3.258	3.258	3.258	0	0	0	0	3.258	1.629	0	1.629	4.887	1.629	0	1.629	0	3.258	0	0	0	3.258	0	0	0	6.516	0	1.629	0	0	0	0	0	1.629	3.258	1.629	3.258	0	3.258	0	1.629	3.258	0	1.629	0	1.629	1.629	0	1.629	1.629	1.629	0	0	0	1.629	8.145	3.258	0	0	0	1.629	1.629	1.629	0	1.629	3.258	0	3.258	4.887	0	0	3.258	0	0	0	0	0	4.887	0	0	0	1.629	0	0	0	0	0	0	0	0	3.258	4.887	0	4.887	1.629	3.258	1.629	4.887	0	1.629	1.629	3.258	0	1.629	1.629	1.629	0	0	1.629	1.629	0	4.887	0	0	0	0	0	0	0	0	0	0	0	0	0	1.629	0	0	0	0	0	0	0	0	0	0	0	0	0	0	0	0	0	0	1.629	0	1.629	0	0	0	0	0	0	0	1.629	0	0	1.629	1.629	0	0	0	1.629	0	0	0	0	0	0	0	1.629	0	0	0	0	0	0	0	0	0	0	0	0	0	0	0	0	0	0	0	0	3.258	50:60,583.745:200,50:80
En2-NM_010134	0	0	0	0	0	0	0	0	0	0	0	0	0	0	0	0	0	0	0	0	0	0	0	0	0	0	0	0	0	0	0	0	0	0	0	0	0	0	0	0	0	0	0	0	0	0	0	0	0	0	0	0	0	0	8.145	4.887	0	1.629	3.258	3.258	1.629	0	0	0	0	0	0	0	0	0	0	0	0	0	1.629	1.629	0	0	3.258	0	1.629	4.887	1.629	1.629	0	0	0	0	0	0	0	0	0	0	0	0	0	0	0	0	0	0	0	0	0	0	0	0	0	0	1.629	0	0	0	0	0	0	0	0	0	0	0	0	0	0	0	1.629	1.043	0.586	0	0	0	0	0	0	0	0	0	0	4.887	0	0.586	1.043	1.629	1.629	1.629	0	0	0	0	0	0	0	0	0	0	0	0	0	0	0	0	0	0	0	0	0	0	0	0	0	0	0	1.629	0	0	0	0	0	0	0	0	0	0	0	0	0	0	0	0	0	0	0	1.629	0	0	0	0	0	0	0	0	0	0	0	0	0	0	0	0	0	1.629	0	0	1.629	0	0	0	0	0	0	0	1.629	0	0	0	0	0	0	0	0	0	0	0	0	0	0	0	1.629	0	3.258	0	0	0	0	0	0	0	0	0	0	0	0	1.629	0	0	0	0	0	0	3.258	0	1.629	0	0	0	0	0	0	3.258	0	0	0	0	0	0	0	0	3.258	0	0	0	0	1.629	0	1.629	1.629	1.629	0	0	0	0	1.629	0	3.258	3.258	0	1.629	0	0	0	0	0	0	0	3.258	0	0	0	0	0	0	1.629	0	0	0	0	0	1.629	1.629	0	0	0	1.629	0	0	1.629	0	0	1.629	0	0	0	0	0	0	0	0	0	0	50:60,32.48:200,50:80
Engase-NM_172573	0	0	1.629	1.629	0	0	0	0	0	0	1.629	3.258	1.629	0	1.629	4.887	3.258	0	0	0	0	1.629	0	0	0	0	0	0	0	0	0	0	0	3.258	0	0	0	0	0	0	0	0	0	0	0	0	0	0	0	0	0	0	0	0	0	0	0	0	0	3.258	1.425	37.67	14.661	0	1.629	0	0	1.629	8.145	3.258	0	0	4.887	8.145	9.774	3.258	0	4.887	8.145	0	3.258	3.258	0	0	0	8.145	1.629	0	0	1.629	5.091	3.054	0	0	0	0	2.24	4.276	1.629	0	1.629	1.629	0	0	0	0	0	0	0	0	0	0	0	0.407	1.222	1.629	0	0	0	0	0	0	0	0	0	0	0	0	0	0	0	0	0	0	1.629	0	1.629	0	0	0	3.258	0	0	0	0	0	0	0	0	0	4.887	0	0	0	1.629	1.629	0	0	0	3.258	0	0	0	0	0	1.629	0	0	0	3.258	0	0	0	0	0	0	0	0	0	0	0	3.258	0	4.887	1.629	1.629	0	0	0	0	0	4.887	0	0	0	0	0	0	0	0	0	1.629	0	0	0	1.629	1.629	0	0	0	0	0	0	0	1.629	0	0	1.629	0	0	0	0	1.629	1.629	1.629	0	0	0	0	1.629	1.629	0	0	0	1.629	3.258	1.629	1.629	1.629	0	4.887	0	0	4.887	0	1.629	0	0	0	0	0	1.629	8.145	1.629	1.629	1.629	0	0	0	0	3.258	0	0	3.258	0	0	0	0	0	0	6.516	0	0	0	3.258	0	1.629	3.258	0	0	0	0	0	0	0	0	0	0	1.629	0	0	0	0	0	0	0	0	0	1.629	0	0	0	0	0	1.629	0	0	1.629	0	0	0	0	0	0	0	0	1.629	0	0	0	0	0	0	0	0	0	1.629	1.629	0	0	0	0	0	0	0	0	0	0	0	0	50:60,61.875:200,50:80
Enox2-NM_001271447	0	0	0	0	0	0	0	0	0	0	0	0	0	0	0	0	0	0	0	0	0	0	0	0	0	0	0	0	0	0	0	0	0	0	0	0	0	0	0	0	0	0	0	0	0	0	0	0	0	0	0	0	0	0	0	0	0	0	0	1.629	180.816	21.177	6.516	22.806	8.145	11.403	8.145	17.919	8.145	3.258	8.145	8.145	3.258	4.887	3.258	9.774	13.032	3.258	0	8.145	1.629	1.629	1.629	0	1.629	4.887	8.145	13.032	3.258	0	1.629	1.629	0	0	4.887	1.629	0	1.629	3.258	6.516	1.629	4.887	1.629	8.145	0	3.258	0	1.629	4.887	8.145	4.887	6.516	0	4.887	1.629	1.629	0	0	0	0	1.629	1.629	0	0	1.629	4.887	3.258	1.629	0	9.774	0	0	0	0	1.629	1.629	4.887	0	4.887	0	0	1.629	0	0	4.887	3.258	0	3.258	0	0	0	0	6.516	1.629	6.516	1.629	1.629	3.258	0	3.258	4.887	0	4.887	1.629	0	0	0	0	0	0	1.629	3.258	6.516	1.629	0	4.887	1.629	0	1.629	1.629	0	1.629	1.629	3.258	1.629	0	3.258	4.887	0	4.887	8.145	6.516	3.258	1.629	0	1.629	0	0	1.629	4.887	0	0	13.032	1.629	3.258	0	1.629	6.516	4.887	3.258	1.629	3.258	0	1.629	8.145	1.629	1.629	1.629	3.258	3.258	1.629	1.629	8.145	4.887	1.629	3.258	4.887	3.258	3.258	0	6.516	1.629	1.629	0	1.629	1.629	3.258	0	3.258	6.516	4.887	6.516	0	3.258	4.887	3.258	1.629	0	3.258	4.887	0	1.629	4.887	4.887	3.258	0	3.258	4.887	4.887	0	0	1.629	0	0	0	0	0	0	0	0	0	0	0	0	0	0	0	0	0	0	0	0	0	0	0	0	0	0	0	0	0	0	0	0	0	0	0	0	0	0	0	0	1.629	0	0	0	0	0	0	0	0	0	0	0	0	0	0	0	0	0	0	1.629	0	0	0	0	0	0	0	0	0	0	0	0	0	0	0	0	0	0	50:60,1392.68:200,50:80
Enpep-NM_007934	0	1.629	0	0	0	0	0	0	0	0	0	0	0	0	0	0	0	0	0	0	0	0	0	0	0	0	0	0	0	0	0	0	0	0	0	0	0	0	0	0	0	0	0	0	0	0	0	0	0	0	0	0	0	0	0	0	0	0	0	0	4.887	0	4.887	3.258	0	0	0	1.629	0	0	3.258	0	0	0	1.629	0	1.629	1.629	0	0	0	0	0	0	0	0	0	0	1.629	0	0	0	1.629	0	0	0	1.629	1.629	0	1.629	0	0	0	0	0	0	3.258	0	0	1.629	0	0	1.629	0	0	0	1.629	0	0	0	0	0	0	1.629	0	0	0	0	0	0	0	0	0	0	0	0	1.629	0	0	0	0	0	0	0	0	0	0	0	0	0	0	0	0	0	0	1.629	0	0	0	0	0	0	0	0	0	0	0	0	0	0	0	0	0	0	0	1.629	0	0	0	0	0	0	1.629	0	0	0	0	1.629	0	1.629	0	0	0	0	0	1.629	0	0	0	0	0	0	0	0	0	0	0	0	0	0	1.629	0	0	0	0	0	0	0	0	0	0	0	0	0	0	0	0	0	0	0	0	0	0	0	0	0	0	0	0	0	0	0	0	0	0	0	0	0	1.629	0	0	0	0	0	0	0	0	0	0	0	0	0	0	0	0	0	0	0	0	0	0	0	0	0	0	0	0	0	0	0	0	0	0	0	0	0	0	0	0	0	0	0	0	0	0	0	0	0	0	0	0	0	0	0	0	0	0	0	0	0	0	0	0	0	0	0	0	0	0	0	0	0	0	0	0	0	0	0	0	0	0	0	0	0	0	0	0	0	0	0	50:60,317.865:200,50:80
Ercc2-NM_001363981	6.516	0	0	1.629	0	0	0	0	3.258	0	0	0	3.258	0	0	0	0	0	0	0	0	3.258	1.629	0	0	0	0	0	0	0	0	0	0	0	0	0	0	0	0	0	1.629	0	0	0	0	0	0	0	1.629	0	0	0	0	0	0	0	0	0	1.629	0	42.353	52.127	0	0	1.629	0	1.629	0	1.629	34.208	3.73	2.786	0	0	1.629	1.629	0	0	0	4.887	0	1.629	1.629	0	4.887	1.629	0	4.887	0	4.887	1.629	3.258	1.629	1.629	8.145	0	0	3.258	1.629	0	4.887	4.887	3.258	4.887	1.629	1.629	8.145	0	0	0	0	6.516	0	0	0	1.629	3.258	3.258	1.629	18.57	22.154	0	0	0	0	0	6.516	6.516	0	4.887	0	0	0	0	8.145	3.258	0	4.887	9.774	1.629	9.774	1.629	7.119	1.026	0	0	1.629	0	1.629	4.887	0	1.629	9.774	4.887	0	19.548	3.258	3.258	8.145	0	0	3.258	3.258	0	6.434	11.484	3.258	5.082	6.32	0	0	0	0	0	6.516	1.629	1.629	19.548	1.629	3.258	13.032	6.516	1.629	1.629	0	0	1.629	1.629	0	4.887	1.629	4.887	6.516	1.629	1.629	1.629	0	0	0	13.032	3.258	0	1.629	0	1.629	6.516	0	0	0	0	0	11.403	19.548	1.629	3.258	0	0	0	0	8.145	4.887	1.629	1.629	8.145	0	0	0	1.629	0	3.258	3.258	0	1.629	6.516	0	3.258	1.629	0	1.629	4.887	0	0	0	0	3.258	4.887	0	3.258	1.629	4.887	1.629	6.516	6.516	3.258	4.887	8.145	11.403	3.258	0	4.887	3.258	0	0	4.887	1.629	0	16.29	30.95	4.887	19.548	3.258	6.516	0	0	1.629	1.629	22.806	22.806	1.629	4.887	11.403	4.887	0	1.629	0	1.629	1.629	1.629	1.629	3.258	6.516	0	1.629	4.887	0	1.629	0	1.629	1.629	4.887	0	0	1.629	4.887	11.403	0	0	1.629	3.258	4.887	1.629	0	0	0	0	0	0	0	0	0	0	0	0	0	0	0	0	0	0	0	0	0	0	0	1.629	0	0	0	0	0	50:60,68.39:200,50:80
Etv1-NM_001163154	53.756	0	4.887	0	0	3.258	1.629	13.032	4.887	1.629	0	0	0	0	6.516	0	6.516	21.177	1.629	1.629	3.258	0	0	1.629	0	1.629	0	0	0	3.258	0	0	1.629	8.145	1.629	0	0	0	0	0	3.258	1.629	0	0	0	0	0	3.258	0	6.516	1.629	1.629	0	1.629	0	0	0	0	4.887	0	4.887	11.484	10.629	3.95	4.887	1.629	8.145	11.403	16.29	4.887	0	9.774	3.258	0	1.629	4.887	3.258	3.258	9.774	8.145	6.516	14.661	11.403	9.774	4.887	9.774	4.887	3.258	4.887	6.516	6.516	9.774	6.516	9.774	0	6.516	8.145	6.516	8.145	16.29	3.258	8.145	4.887	9.774	1.629	1.629	6.516	11.403	16.29	17.919	14.661	3.258	4.887	0	6.516	13.032	11.403	3.258	3.258	9.774	1.629	8.145	4.887	4.887	1.629	3.258	6.516	14.661	8.145	11.403	1.629	1.629	4.887	9.774	0	3.258	6.516	4.887	1.629	4.887	14.661	8.145	14.661	3.258	0	0	6.516	4.887	1.629	4.887	1.629	1.629	11.403	3.258	19.548	4.887	1.629	1.629	1.629	8.145	0	4.887	0	0	6.516	3.258	8.145	0	0	8.145	0	6.516	1.629	3.258	11.403	3.258	9.774	1.629	4.887	8.145	14.661	1.629	4.887	3.258	13.032	4.887	6.516	6.516	8.145	9.774	8.145	9.774	3.258	8.145	3.258	4.887	4.887	4.887	8.145	11.403	1.629	4.887	1.629	3.258	3.258	8.145	4.887	9.774	6.516	6.516	0	4.887	6.516	8.145	4.887	4.887	11.403	6.516	4.887	6.516	3.258	6.516	4.887	13.032	1.629	4.887	14.661	0	19.548	16.29	13.032	3.258	6.516	3.258	3.258	6.516	3.258	1.629	4.887	4.887	17.919	6.516	3.258	1.629	3.258	1.629	1.629	0	14.661	1.629	1.629	3.258	3.258	6.516	0	0	0	1.629	3.258	6.516	0	0	0	0	0	0	0	0	1.629	0	0	0	0	0	4.887	0	0	0	0	0	0	0	0	0	0	1.629	0	0	4.887	0	1.629	0	1.629	0	0	1.629	1.629	1.629	0	0	1.629	0	0	0	0	1.629	0	0	0	1.629	1.629	6.516	0	0	8.145	0	0	0	0	0	0	3.258	0	1.629	0	0	0	0	0	1.629	0	0	0	1.629	3.258	0	0	0	4.887	3.258	50:60,422.525:200,50:80
F7-NM_010172	0	0	0	0	0	0	0	0	0	0	0	0	1.629	0	0	1.629	1.629	0	0	0	0	0	1.629	0	0	0	1.629	0	0	0	1.629	0	1.629	0	0	0	0	0	0	0	1.629	0	0	0	0	0	1.629	0	1.629	0	0	0	0	0	0	0	1.629	0	0	0	1.629	1.629	3.258	0	0	3.258	1.629	0	0	0	0	0	0	0	0	1.629	0	0	1.629	1.629	1.629	0	0	0	0	0	0	0	1.629	0	0	0	0	8.145	0	0	0	1.629	0	0	1.629	0	0	0	0	1.629	1.629	0	0	0	3.258	1.629	0	0	0	0	1.629	1.629	1.629	0	0	0	0	0	1.629	0	0	0	0	0	0	0	0	1.629	0	0	0	0	0	0	0	0	0	0	0	0	0	0	0	0	0	0	0	0	0	0	0	0	0	0	0	1.629	0	0	0	0	0	0	0	0	0	0	0	0	0	0	0	0	0	0	0	0	0	0	0	0	0	0	0	0	0	0	0	0	0	0	0	0	0	0	0	0	0	0	0	0	0	0	0	0	0	0	0	0	0	0	0	0	0	0	0	0	0	0	0	0	0	0	0	0	0	0	0	0	0	0	0	0	0	0	0	0	0	0	0	1.629	0	0	0	0	0	0	0	0	0	0	0	0	1.629	0	0	1.629	0	0	0	0	0	0	0	0	1.629	0	0	0	0	0	0	0	0	0	1.629	0	0	0	1.629	0	0	0	0	0	0	0	0	0	0	0	0	0	0	0	0	0	0	0	0	0	0	0	0	0	0	0	0	0	0	1.629	0	0	0	0	0	0	0	0	0	0	0	0	0	0	0	0	0	0	1.629	0	0	0	0	0	50:60,48.86:200,50:80
Fam170b-NM_001164485	0	0	0	0	0	0	0	0	0	0	1.629	0	0	0	0	0	0	0	0	0	0	0	0	0	0	0	0	0	0	0	0	0	0	0	0	0	0	0	0	0	0	0	0	0	0	0	0	0	0	0	0	0	0	0	0	0	0	0	0	0	0	0	0	0	0	0	0	0	0	0	0	0	0	0	0	0	0	0	0	0	0	0	0	0	0	0	0	0	0	0	0	0	0	0	0	0	0	0	0	0	0	0	0	0	0	0	0	0	0	0	0	0	0	0	0	0	0	0	0	0	0	0	0	0	0	0	0	0	0	0	0	0	0	0	0	0	0	0	0	0	0	0	0	0	0	0	0	0	0	0	0	0	0	0	0	0	0	0	0	0	0	0	0	0	0	0	0	0	0	0	0	0	0	0	0	0	0	0	0	0	0	0	0	0	0	0	0	0	0	0	0	0	0	0	0	0	0	0	0	0	0	0	0	0	0	0	0	0	0	0	0	0	0	0	0	0	0	0	0	0	0	0	0	0	0	0	0	0	0	0	0	0	0	0	0	0	0	0	0	0	0	0	0	0	0	0	0	0	0	0	0	0	0	0	0	0	0	0	0	0	0	0	0	0	0	0	0	0	0	0	0	0	0	0	0	0	0	0	0	0	0	0	0	0	0	0	0	0	0	0	0	0	0	0	0	0	0	0	0	0	0	0	0	0	0	0	0	0	0	0	0	0	0	0	0	0	0	0	0	0	0	0	0	0	0	0	0	0	0	0	0	0	0	0	0	0	0	0	0	0	50:60,14.135:200,50:80
Fam178b-NM_201365	0	0	0	0	1.629	0	0	0	0	0	0	0	0	0	0	0	0	0	0	0	0	0	0	0	0	0	0	0	0	1.629	1.629	0	0	0	0	0	0	0	0	0	0	0	0	0	0	0	0	0	0	0	1.629	0	0	1.629	3.258	0	0	0	0	0	16.29	32.579	9.774	8.145	6.516	8.145	21.177	14.661	8.145	11.403	8.145	13.032	3.258	3.258	0	3.258	6.516	4.887	1.629	9.774	3.258	11.403	9.774	4.887	6.516	3.258	0	4.887	4.887	9.774	17.919	4.887	4.887	1.629	11.403	0	8.145	1.629	13.032	0	4.887	3.421	9.611	17.919	4.887	4.887	3.258	8.145	6.516	0	3.258	0	9.774	1.629	4.887	1.629	11.403	9.774	4.887	4.887	11.403	1.629	13.032	1.629	11.403	13.032	6.516	6.516	11.403	13.032	6.516	2.606	15.312	17.919	6.516	22.806	7.412	15.394	16.29	8.145	17.919	4.887	16.29	0	9.774	9.774	8.145	16.29	8.145	0	13.032	3.258	8.145	13.032	1.629	3.258	0	0	8.145	9.774	9.774	4.887	9.774	1.629	3.258	3.258	4.887	14.661	3.258	11.403	11.403	3.258	13.032	4.887	4.887	8.145	9.774	4.887	0	4.887	6.516	3.258	1.629	9.774	1.629	16.29	17.919	4.887	1.629	4.887	4.887	13.032	4.887	0	4.887	4.887	1.629	1.629	14.661	11.403	0	3.258	3.258	9.774	9.774	4.887	0	6.516	4.887	4.887	4.887	0	0	1.629	9.774	4.887	6.516	16.29	0	3.258	0	3.258	1.629	8.145	0	1.629	8.145	1.629	4.887	3.258	1.629	4.887	9.774	0	0	4.887	1.629	0	3.258	0	11.403	0	8.145	8.145	14.661	6.516	3.258	6.516	4.887	3.258	8.145	4.887	1.629	11.403	0	6.516	8.145	1.629	1.629	1.629	0	0	0	0	1.629	0	0	0	1.629	0	0	0	0	0	1.629	4.887	0	1.629	0	0	0	0	0	0	0	0	0	3.258	1.629	0	0	0	0	0	0	0	0	1.629	0	0	0	0	0	0	0	0	0	0	1.629	0	0	1.629	0	0	1.629	1.629	0	0	0	0	0	0	0	0	0	0	0	0	0	0	0	0	0	0	1.629	1.629	0	0	0	0	50:60,416.05:200,50:80
Fam187b-NM_175240	3.258	4.887	4.887	0	3.258	1.629	1.629	3.258	4.887	1.629	0	0	0	0	1.629	1.629	4.887	1.629	0	0	0	1.629	3.258	1.629	1.629	0	0	0	3.258	1.629	1.629	0	0	0	0	0	0	0	0	0	6.516	3.258	0	0	0	0	0	0	0	0	0	0	0	1.629	1.629	1.629	0	0	0	1.629	0	0	0	0	1.629	0	1.629	0	0	0	0	0	0	0	1.629	3.258	0	0	0	1.629	1.629	1.629	0	0	0	0	0	0	0	0	0	1.629	4.887	3.258	0	0	0	0	0	0	0	0	0	0	1.629	0	0	0	0	0	0	0	1.629	0	0	4.887	1.629	1.629	0	1.629	1.629	1.629	1.629	4.887	0	0	0	0	0	0	0	0	0	0	0	1.629	0	0	0	0	0	1.629	0	0	0	1.629	0	0	3.152	0.106	0	1.629	0	0	0	0	1.629	1.629	0	0	0	3.258	1.629	0	0	0	0	0	0	0	0	0	0	0	0	0	0	1.629	0	0	0	0	0	0	0	0	0	0	0	0	0	0	0	0	0	0	0	0	1.629	0	0	0	0	1.629	0	0	0	3.258	0	0	0	0	1.629	4.887	0	0	0	0	0	0	1.629	1.629	0	0	0	0	1.629	0	0	0	0	0	1.629	3.258	0	0	0	0	0	0	0	0	0	0	1.629	0	0	0	0	0	0	0	1.629	1.629	1.629	0	3.258	1.629	0	0	0	0	0	0	0	0	0	0	0	0	0	0	0	0	0	0	0	0	3.258	0	0	0	0	0	0	1.629	0	0	0	0	0	0	0	0	0	0	4.887	0	3.258	0	0	0	0	0	0	0	0	0	0	0	0	0	1.629	0	4.887	0	0	0	0	0	0	0	0	0	0	0	0	3.258	0	0	0	0	0	0	0	0	0	0	0	0	50:60,63.415:200,50:80
Fam192a-NM_001363456	0	0	0	0	0	0	0	0	0	0	0	0	0	0	0	0	0	0	0	0	0	0	0	0	0	0	0	0	0	0	0	0	0	0	0	0	1.629	3.258	1.629	0	1.629	0	0	0	0	0	0	0	0	0	0	0	0	0	0	0	0	0	0	34.208	576.656	27.464	23.034	19.548	14.661	21.177	14.661	34.208	14.661	13.032	3.258	1.629	13.032	1.629	24.435	3.258	3.258	6.516	1.629	14.661	1.629	6.516	0	14.661	0	0	0	0	11.403	0	4.887	1.629	4.887	22.806	6.516	5.669	17.137	3.258	3.258	3.258	11.403	11.403	1.629	16.29	3.258	6.516	8.145	11.403	17.919	4.887	6.516	4.887	3.258	19.548	11.403	1.629	8.145	11.403	3.258	3.258	9.774	9.774	0	11.403	0	13.032	6.516	3.258	14.661	19.548	1.629	9.774	21.177	14.661	6.516	0	13.032	9.774	16.29	3.91	0.977	4.887	9.774	4.887	0	8.145	11.11	6.809	16.29	0	6.516	17.919	6.516	13.032	3.258	6.516	3.258	0	0	8.145	3.258	6.516	11.403	11.663	4.626	1.629	4.887	8.145	11.403	1.629	1.629	1.629	16.29	4.887	0	8.145	3.258	26.064	3.258	14.661	1.629	4.887	4.887	11.403	0	14.661	4.887	1.629	9.774	3.258	16.29	1.629	4.887	6.516	3.258	9.774	4.887	3.258	6.516	17.919	1.629	6.516	8.145	24.435	3.258	8.145	0	4.887	1.629	14.661	4.887	8.145	17.919	9.774	4.887	1.629	0	11.403	3.258	4.887	1.629	4.887	1.629	3.258	1.629	3.258	8.145	0	1.629	19.548	17.919	1.629	0	1.336	10.067	4.887	1.629	14.661	6.516	8.145	9.774	4.887	21.177	21.177	43.982	13.032	17.919	6.516	6.516	1.629	4.887	13.032	8.145	3.258	1.629	6.516	3.258	3.258	4.887	0	0	6.516	0	0	0	0	0	16.29	1.629	0	0	0	0	1.629	3.258	6.516	3.258	1.629	1.629	3.258	1.629	8.145	3.258	1.629	1.629	11.403	0	1.629	4.887	0	1.629	9.774	6.516	6.516	3.258	26.064	9.774	1.629	26.064	8.145	0	3.258	0	0	0	0	27.693	1.629	0	4.887	0	4.887	14.661	16.29	14.661	6.516	3.258	0	22.806	0	0	0	11.403	17.919	21.177	1.629	3.258	8.145	3.258	0	1.629	0	4.887	6.516	1.629	14.661	4.887	0	17.919	17.919	50:60,133.93:200,50:80
Fam220a-NM_133703	0	0	0	0	0	0	0	0	0	0	0	0	0	0	0	0	0	0	0	0	0	0	0	0	0	0	0	0	0	0	0	0	0	0	0	0	0	0	0	0	0	0	0	0	0	0	0	0	0	0	0	0	0	0	0	0	0	0	0	1.629	0	1.629	1.629	0	0	1.629	0	0	8.145	16.29	4.887	3.258	6.516	8.145	0	3.193	0.065	0	0	3.258	8.145	8.145	0	0	3.258	0	0	6.516	1.629	0	0	0	0	9.774	0	0	0	3.258	0	0	1.629	1.629	1.629	6.516	4.887	1.629	0	0	11.403	1.629	1.629	4.887	4.887	3.258	0	0	0	0	0	0	0	0	0	0	0	1.629	0	0	0	3.258	1.629	1.629	0	0	0	0	0	0	0	6.516	0	0	1.629	1.629	0	0	8.145	1.629	0	3.258	0	3.258	1.629	0	0	0	0	0	0	1.629	6.516	5.082	6.32	3.258	8.145	17.919	0	1.629	4.887	0	1.629	8.145	8.145	0	4.887	1.629	0	0	0	1.629	3.258	3.258	3.258	0	1.629	0	0	0	0	4.887	1.629	0	0	0	0	1.629	1.629	0	1.629	4.887	1.629	3.258	0	3.258	0	4.887	1.629	1.629	1.629	1.629	3.258	0	0	0	4.887	0	0	0	3.258	1.629	6.516	0	0	0	0	0	1.629	3.258	8.145	1.629	0	0	0	0	1.629	4.887	8.145	0	0	0	0	0	0	0	0	1.629	0	0	0	0	3.258	0	0	0	0	0	0	0	0	0	1.629	0	0	1.629	0	0	0	0	1.629	1.629	8.145	0	0	0	0	1.629	4.887	0	1.629	21.177	1.629	0	0	1.629	1.629	6.516	8.145	8.145	1.629	3.258	27.693	0	0	0	0	0	0	0	0	0	0	0	3.258	3.258	8.145	0	0	0	0	0	1.629	0	0	0	1.629	0	0	0	1.629	0	6.516	1.629	4.887	1.629	1.629	0	1.629	1.629	3.258	0	0	1.629	0	0	0	0	0	0	0	1.629	50:60,79.06:200,50:80
Fance-NM_001163820	0	0	0	0	0	0	0	0	0	0	0	0	0	1.629	0	0	0	0	0	1.629	0	1.629	0	0	1.629	0	1.629	0	0	0	0	0	0	0	1.629	0	0	0	0	1.629	0	0	0	0	0	0	0	0	0	0	0	0	0	3.258	1.629	0	0	0	0	0	83.077	26.064	3.258	1.629	0	1.629	4.887	17.919	1.629	3.258	16.29	4.887	6.516	0	9.774	21.177	0	0	0	0	0	0	0	3.258	8.145	0	1.629	3.258	0	0	1.629	4.887	1.629	3.258	4.683	0.204	1.629	1.629	0	0	1.629	1.629	3.258	1.629	0	0	0	0	1.629	0	0	0	1.629	0	1.629	1.629	1.629	1.629	0	4.887	0	3.176	6.597	6.516	0	0	0	1.629	3.258	0	1.629	0	1.629	0	0	0	0	6.516	0	0	3.258	0	0	0	0	1.629	0	0	8.145	0	1.629	0	0	0	0	4.887	0	1.629	0	1.629	0	0	0	0	0	0	0	1.629	0	0	3.258	0	1.629	0	4.887	0	0	0	0	1.629	0	1.629	0	1.629	0	0	0	1.629	4.887	3.258	0	0	1.629	0	1.629	3.258	1.629	0	0	1.629	0	0	0	1.629	6.516	0	1.629	0.489	1.14	0	0	0	0	0	0	0	0	0	0	0	4.887	1.629	0	4.887	0	0	0	0	0	0	0	1.629	0	0	1.629	0	0	1.629	0	0	4.887	0	3.258	0	0	1.629	0	1.629	0	0	1.629	3.258	3.258	3.258	0	0	0	1.629	9.774	4.887	0	0	1.629	0	3.258	0	0	1.629	1.629	0	1.629	0	1.629	0	0	0	1.629	9.774	1.629	4.887	3.258	0	0	1.629	0	0	0	1.629	3.258	0	0	0	3.258	4.887	1.629	0	0	0	16.29	3.258	29.321	16.29	40.724	6.516	0	0	40.724	128.689	0	14.661	17.919	3.258	0	13.032	13.032	19.548	0	0	13.032	30.95	19.548	0	8.145	11.403	30.95	45.611	35.837	61.901	11.403	71.675	8.145	34.208	11.403	50.498	109.141	34.208	78.191	13.032	99.367	0	50:60,65.225:200,50:80
Fastkd5-NM_001146084	0	1.629	0	0	0	1.629	4.887	0	4.887	0	0	0	0	0	0	16.29	1.629	0	0	0	6.516	0	0	0	1.629	0	0	1.629	1.629	0	1.629	1.629	0	0	3.258	1.629	0	1.629	0	0	0	0	1.629	0	0	0	0	0	0	0	0	1.629	0	0	0	0	0	1.629	1.629	29.321	94.13	31.301	1.629	29.321	8.145	17.446	8.617	4.887	3.258	13.032	3.258	0	26.064	1.629	32.579	1.629	4.887	4.887	0	3.258	1.629	8.145	14.661	3.258	1.629	0	4.887	68.352	27.758	6.516	3.258	3.258	1.629	13.032	6.516	4.887	8.145	0	1.629	1.629	3.559	2.957	0	26.064	9.774	6.516	16.29	3.258	1.629	8.145	19.548	14.661	4.887	8.145	9.774	6.516	57.014	3.258	1.629	0	53.756	0	1.629	14.661	0	0	0	0	8.145	0	3.258	11.403	0	1.629	11.403	6.516	0	8.145	27.692	26.064	4.887	11.403	0	0	0	1.629	6.516	9.774	11.403	6.516	0	16.648	1.271	1.629	3.258	8.145	4.887	0	12.103	33.508	0	0	0	0	3.258	3.258	0	3.258	1.629	11.403	1.629	1.629	24.435	4.887	4.887	1.824	24.239	1.629	0	35.837	34.208	0	1.629	0	0	26.064	3.258	1.629	6.516	45.611	9.774	20.558	42.972	13.032	19.548	30.95	0	0	3.258	16.29	3.258	1.629	47.24	4.887	0	1.629	0	0	0	0	0	9.774	1.629	21.177	0	11.403	1.629	1.629	4.887	3.258	0	4.887	8.145	8.145	13.032	76.562	17.919	0	3.258	3.258	24.435	0	0	3.258	43.982	9.774	1.629	19.548	16.29	6.516	0	0	6.516	4.887	53.756	21.177	30.95	9.774	9.774	1.629	26.064	22.806	11.403	9.774	11.403	8.145	24.435	13.032	1.629	8.145	13.032	9.774	1.629	0	3.258	1.629	0	0	11.403	14.661	3.258	1.629	9.774	43.982	1.629	22.806	3.258	6.516	4.887	9.774	6.516	4.887	6.516	3.258	1.629	1.629	16.29	4.887	1.629	8.145	30.95	13.032	0	0	1.629	1.629	1.629	3.258	0	1.629	32.579	3.258	0	4.887	6.516	14.661	0	3.258	0	9.774	1.629	4.887	1.629	1.629	4.887	3.258	13.032	6.516	17.919	8.145	0	4.887	4.887	0	1.629	0	1.629	0	8.145	6.516	3.258	11.403	6.516	1.629	3.258	0	3.258	9.774	4.887	0	50:60,80.785:200,50:80
Fbxo9-NM_001081490	0	0	0	0	0	0	0	0	0	0	0	0	0	0	0	0	0	0	0	0	0	0	0	0	0	0	0	0	0	0	0	0	0	0	0	0	0	0	0	0	0	0	0	0	0	0	4.887	0	0	0	0	0	0	0	0	0	0	0	0	0	109.141	4.887	0	11.403	0	1.629	11.403	4.887	3.258	6.516	1.629	11.403	4.887	0	3.258	3.258	0	1.629	0	3.258	0	1.629	4.887	1.629	4.887	22.806	0	3.258	0	1.629	1.629	0	0	6.516	21.177	0	3.258	0	0	1.629	1.629	4.887	4.887	4.887	0	8.145	1.629	3.258	3.258	0	0	0	4.887	1.629	0	6.516	0	0	0	1.629	0	0	1.629	0	4.887	1.629	1.629	1.629	0	0	0	1.629	0	0	0	3.258	1.629	1.629	0	0	0	0	0	3.258	1.629	4.887	0	4.887	0	4.887	0	0	0	3.258	3.258	3.258	4.887	0	0	1.629	3.258	0	0	6.516	0	4.887	0	0	0	0	0	0	0	0	1.629	3.258	4.887	3.258	6.516	0	3.258	0	0	3.258	1.629	1.629	3.258	0	1.629	3.258	0	0	1.629	40.724	3.258	1.629	3.258	0	3.258	8.145	14.661	4.887	3.258	0	3.258	4.887	0	0	5.563	17.243	3.258	0	3.258	0	6.516	3.258	0	1.629	1.629	6.516	1.629	0	0	0	3.258	0	1.629	0	0	0	0	3.258	1.629	3.258	3.258	1.629	0	0	0	1.629	3.258	3.258	1.629	6.516	0	4.887	1.629	0	0	0	4.887	0	0	0	0	4.887	0	4.887	0	4.887	1.629	0	1.629	0	0	0	1.629	0	0	0	6.516	0	3.258	8.145	0	0	0	0	1.629	1.629	0	4.887	3.258	4.887	4.887	3.258	0	3.258	1.629	1.629	4.887	0	0	0	0	0	1.629	1.629	1.629	0	0	0	0	0	1.629	0	0	0	0	1.629	0	0	1.629	0	3.258	0	0	0	0	4.887	0	0	0	1.629	0	0	1.629	0	0	0	0	0	0	0	0	0	0	0	0	1.629	50:60,137.835:200,50:80
Fbxw2-NM_001164770	0	0	0	0	0	0	0	0	0	0	0	0	0	0	0	0	0	0	0	0	0	0	0	0	0	0	0	0	0	0	0	0	0	0	0	0	1.629	0	0	0	0	0	0	0	0	0	0	0	0	0	3.258	1.629	0	1.629	0	0	0	0	0	0	262.264	70.046	4.887	3.258	14.661	13.032	1.629	22.806	8.145	14.661	1.629	1.629	34.208	0	6.516	11.403	0	16.29	9.774	11.403	35.837	14.661	0	6.516	16.29	1.629	0	0	0	39.095	9.774	13.032	22.806	1.629	1.629	0	0	4.887	8.145	0	0	9.774	3.258	1.629	6.516	0	1.629	6.516	6.516	4.887	4.887	0	3.258	3.258	0	0	3.258	0	0	0	1.629	19.548	0	0	32.579	5.734	0.782	4.887	8.145	4.887	8.145	3.258	1.629	0	8.145	0	3.258	3.258	3.258	22.806	1.629	3.258	1.629	0	17.919	11.403	4.887	6.516	14.661	0	1.629	19.548	3.258	1.629	0	16.29	6.516	3.258	3.258	8.145	11.403	13.032	6.516	1.629	4.887	0	1.629	0	1.629	6.516	17.919	3.258	8.145	1.629	9.774	8.145	0	6.516	3.258	1.629	4.887	9.644	13.162	3.258	8.145	4.887	16.29	1.629	0	4.887	6.516	9.774	3.258	6.516	25.412	5.538	1.629	8.145	30.95	3.258	4.887	6.516	3.258	13.032	3.258	0	6.516	29.321	6.516	9.774	16.29	4.887	3.258	4.887	0	3.258	4.887	0	1.629	0	4.887	3.258	0	3.258	0	4.887	1.629	1.629	1.629	1.629	3.258	3.258	4.887	1.629	8.145	0	4.887	3.258	4.887	3.258	1.629	4.887	6.516	0	1.629	8.145	4.887	4.887	1.629	8.145	0	1.629	0	6.516	4.887	0	1.629	4.887	0	1.629	0	0	0	0	0	3.258	3.258	1.629	1.629	0	0	0	1.629	1.629	1.629	0	0	0	0	0	0	9.774	3.258	0	0	0	0	0	0	0	0	0	0	0	0	0	0	0	0	0	1.629	0	21.177	29.321	17.919	39.095	14.661	0	0	0	0	0	0	0	19.548	8.145	0	0	1.629	1.629	0	0	0	0	0	8.145	9.774	6.516	0	3.258	0	4.887	1.629	0	4.887	0	0	0	0	0	50:60,109.36:200,50:80
Fcrl1-NM_001136236	0	0	0	0	0	0	0	0	0	0	0	0	0	0	0	0	0	0	0	0	0	0	0	0	0	0	0	0	0	0	0	0	0	0	0	0	0	0	0	0	0	0	0	0	0	0	0	0	0	0	0	0	0	0	0	0	0	0	0	0	0	0	0	0	0	0	0	0	0	0	0	0	0	1.629	0	0	0	0	0	0	4.887	3.258	0	0	0	0	0	0	0	0	0	0	0	0	1.629	0	0	0	0	0	0	0	0	0	0	0	0	0	0	0	0	0	0	0	0	0	0	0	0	0	0	0	0	0	0	0	0	0	0	0	0	0	0	0	0	0	0	0	0	0	0	0	0	0	0	0	0	0	0	0	0	0	0	0	0	0	0	0	0	0	0	0	0	0	0	0	0	0	0	0	0	0	0	0	0	0	0	0	0	0	0	0	0	0	0	0	0	0	0	0	0	0	0	0	0	0	0	0	0	0	0	0	0	0	0	0	0	0	0	0	0	0	0	0	0	0	0	0	0	0	0	0	0	0	0	0	0	0	0	0	0	0	0	0	0	0	0	0	0	0	0	0	0	0	0	0	0	0	0	0	0	0	0	0	0	0	0	0	0	0	0	0	0	0	0	0	0	0	0	0	0	0	0	0	0	0	0	0	0	0	0	0	0	0	0	0	0	0	0	0	0	0	0	0	0	0	0	0	0	0	0	0	0	0	0	0	0	0	0	0	0	0	0	1.629	0	0	0	0	0	0	0	0	0	0	0	0	0	0	0	0	0	0	0	0	0	0	0	0	0	0	50:60,78.735:200,50:80
Fgf17-NM_008004	1.629	0	0	0	0	0	0	0	0	0	0	0	0	0	0	0	3.258	0	0	3.258	0	0	0	0	0	0	0	3.258	1.629	0	0	0	0	0	0	0	1.629	4.887	1.629	1.629	0	0	8.145	0	0	3.258	0	0	0	0	0	0	1.629	0	0	0	0	0	0	1.629	1.629	0	0	0	3.258	0	1.629	0	0	1.629	0	1.629	1.629	1.629	0	0	0	1.629	0	0	0	0	0	1.629	0	0	1.629	1.629	3.258	0	0	0	0	1.629	0	0	3.258	0	6.516	0	0	0	0	0	0	0	0	0	0	0	0	0	1.629	0	0	0	0	0	0	0	0	0	0	3.258	0	0	0	0	0	0	0	0	0	0	0	3.258	0	0	0	1.629	0	0	0	1.629	3.258	0	0	0	0	0	0	0	0	0	0	0	1.629	0	0	1.629	0	0	0	0	0	0	0	0	0	0	0	0	6.516	0	0	0	3.258	0	0	0	1.629	1.629	0	1.629	0	0	0	0	0	0	0	1.629	1.629	0	0	0	0	0	0	0	0	0	1.629	1.629	1.629	0	0	0	0	0	0	1.629	6.516	1.629	0	0	0	0	0	0	4.887	4.887	0	0	1.629	0	0	0	0	0	0	0	0	0	3.258	0	0	0	1.629	4.887	3.258	0	1.629	0	0	3.258	1.629	3.258	0	0	0	0	0	1.629	3.258	3.258	0	0	0	0	3.258	0	0	0	0	0	9.774	4.887	4.887	0	1.629	3.258	1.629	9.774	8.145	9.774	8.145	0	0	8.145	8.145	6.516	19.548	16.29	13.032	6.516	11.403	1.629	6.516	4.887	0	16.29	1.629	0	0	0	1.629	6.516	1.629	1.629	9.774	0	4.887	1.629	3.258	1.629	3.258	0	1.629	1.629	0	0	0	6.516	0	1.629	3.258	0	0	0	0	0	3.258	0	1.629	0	1.629	1.629	1.629	1.629	0	0	0	3.258	0	0	1.629	1.629	11.403	0	50:60,30.33:200,50:80
Fn1-NM_001276411	0	0	0	0	0	0	0	0	0	0	0	0	0	0	0	0	0	0	0	0	0	0	0	0	0	0	0	0	0	0	0	0	0	0	1.629	0	1.629	1.629	0	0	0	0	3.258	0	0	1.629	0	0	0	0	1.629	0	0	0	0	0	0	0	0	0	366.519	153.123	40.724	70.046	50.498	76.562	135.205	79.82	127.532	38.623	22.806	81.449	19.548	129.243	80.895	63.53	37.466	29.321	32.579	35.837	50.498	169.12	72.994	42.956	30.95	40.724	29.321	65.159	26.064	96.109	22.806	24.435	50.498	19.548	47.24	91.222	52.127	14.661	19.548	24.435	26.064	4.887	57.014	81.449	35.837	43.982	48.869	17.919	8.145	47.24	40.724	32.579	21.177	26.064	27.692	73.304	22.806	14.661	52.127	47.24	37.466	21.177	21.177	43.982	13.032	58.643	22.806	22.806	50.498	16.29	40.724	22.806	58.643	42.353	45.611	65.159	21.177	53.756	19.548	89.593	32.579	26.064	63.53	79.82	53.756	68.417	29.321	53.756	76.562	48.869	29.321	43.2	51.28	40.724	42.353	35.837	52.127	22.806	91.222	30.95	26.064	33.589	13.651	16.29	68.417	16.29	9.774	26.064	14.661	26.226	78.028	14.661	27.692	76.562	21.177	9.774	32.579	19.548	47.24	19.548	34.208	30.95	26.064	27.692	26.064	22.806	14.661	26.064	24.435	45.611	19.548	52.127	16.29	47.24	13.032	6.516	16.29	15.931	81.807	13.032	11.403	13.032	4.887	63.53	4.887	13.032	32.579	21.177	9.774	14.661	32.579	6.516	45.611	34.208	47.24	13.032	57.014	73.304	32.579	27.693	16.29	16.29	34.208	42.353	11.403	4.887	16.29	32.84	64.898	29.321	22.806	9.774	14.661	19.548	11.403	13.944	13.749	32.579	22.806	24.435	6.516	30.95	55.385	35.837	58.399	36.082	21.177	60.272	24.435	39.095	19.548	61.901	55.385	19.548	58.561	99.449	30.95	3.258	32.579	21.177	3.258	8.145	11.403	13.032	4.887	4.887	9.774	8.145	4.887	19.548	4.887	1.629	1.629	3.258	13.032	1.629	8.145	3.258	1.629	1.629	3.258	0	3.258	24.435	53.756	9.774	4.887	8.145	17.919	17.919	3.258	0	0	0	1.629	30.95	1.629	32.579	0	9.774	0	0	3.258	1.629	11.403	4.887	3.258	4.887	0	1.629	4.887	0	1.629	3.258	3.258	3.258	3.258	0	0	0	6.516	6.516	0	3.258	0	0	0	0	9.774	1.629	1.629	3.258	0	0	3.258	0	1.629	3.258	0	0	50:60,338.81:200,50:80
Frmd4a-NM_001177843	0	0	0	1.629	0	1.629	0	0	0	0	0	0	0	0	0	0	0	0	0	0	0	0	0	0	0	0	0	0	0	0	0	0	0	0	0	0	0	0	0	0	0	0	1.629	0	0	0	0	0	0	0	0	0	0	0	0	0	0	3.258	3.258	0	29.321	16.29	32.579	9.774	6.516	4.887	8.145	6.516	9.774	6.516	14.661	6.516	6.516	8.145	0	8.145	3.258	4.887	13.032	8.145	0	1.629	4.887	11.403	3.258	0	3.258	11.403	9.774	3.258	3.258	4.887	1.629	1.629	9.774	1.629	6.516	4.887	1.629	9.774	0	3.258	6.516	3.258	0	8.145	1.629	1.629	4.887	0	3.258	3.258	1.629	1.629	4.887	1.629	0	6.516	4.887	8.145	1.629	4.887	4.887	6.516	3.258	0	3.258	4.887	3.258	3.258	1.629	3.258	1.629	1.629	1.629	3.258	3.258	8.145	0	0	6.516	1.629	0	3.258	1.629	9.774	1.629	3.258	6.516	1.629	3.258	0	1.629	6.516	1.629	1.629	1.629	4.887	0	0	1.629	6.516	4.887	8.145	1.629	1.629	1.629	1.629	3.258	1.629	1.629	0	0	0	1.629	0	1.629	0	0	0	3.258	1.629	1.629	1.629	1.629	0	8.145	1.629	3.258	4.887	1.629	1.629	6.516	1.629	3.258	0	4.887	0	4.887	6.516	1.629	6.516	4.887	4.887	9.774	4.887	1.629	6.516	21.177	42.353	11.403	9.774	26.064	3.258	8.145	4.887	13.032	14.661	4.887	6.516	4.887	8.145	9.774	27.692	6.516	14.661	6.516	9.774	14.661	13.032	8.145	6.516	4.887	11.403	21.177	1.629	8.145	13.032	4.887	8.145	27.692	17.919	13.032	9.774	79.82	61.901	45.611	22.806	42.353	50.498	8.145	22.806	16.29	14.661	21.177	27.693	30.95	19.548	32.579	63.53	0	0	0	0	0	1.629	0	0	0	0	0	0	0	3.258	1.629	1.629	3.258	1.629	0	0	0	0	1.629	3.258	0	0	8.145	1.629	0	0	0	0	0	0	0	0	0	0	1.629	0	0	1.629	0	0	1.629	0	0	0	0	0	0	0	0	0	0	0	0	0	0	0	1.629	1.629	0	0	0	0	0	0	0	0	0	0	0	0	0	0	0	0	1.629	0	50:60,1065.34:200,50:80
Ftl1-NM_010240	1.629	1.629	6.516	13.032	6.516	21.177	4.887	17.919	3.258	13.032	9.774	1.629	42.353	17.919	4.887	0	3.258	4.887	3.258	4.887	19.548	4.887	32.579	34.208	0	6.516	6.516	0	21.177	19.548	79.82	118.915	32.579	149.865	13.032	3.258	37.466	79.82	29.322	143.349	57.014	81.449	381.18	9.774	9.774	6.516	22.806	3.258	4.887	22.806	78.191	29.321	13.032	30.95	16.29	16.29	43.982	83.078	21.177	66.788	1.629	27.693	22.806	63.074	15.117	0	0	0	0	0	0	0	0	0	0	0	0	0	0.953	10.45	1.629	0	0	0	0	0	0	0	0	0	0	0	0	0	0.041	6.475	4.887	1.629	0	0	0	0	3.258	3.747	7.656	27.693	55.467	37.906	9.31	12.975	30.836	260.293	159.411	39.78	16.819	15.825	9.709	45.513	24.109	97.184	36.815	9.774	19.621	51.011	147.854	70.461	12.258	9.929	0	0	0	0	0	0	0	0	0	0	0	1.629	3.119	11.541	13.594	9.212	9.774	4.854	12.185	57.503	190.802	179.936	35.903	24.711	28.409	12.087	26.886	13.154	1.629	17.919	22.806	0	34.208	122.173	21.177	3.258	5.009	2.794	8.487	10.132	7.786	1.059	12.568	7.55	4.887	1.629	0.367	2.891	15.728	3.82	11.68	51.524	44.308	17.414	24.94	1.629	1.629	1.629	0	0	0	0	0	0	0	0	0	0	8.072	12.568	5.424	13.032	8.145	11.403	6.882	9.407	4.357	0.529	0	1.629	4.887	8.145	6.516	9.774	3.258	1.629	2.973	17.454	21.926	3.258	22.293	76.097	103.098	81.4	18.473	3.681	12.608	0	0	0	0	0	0	0	0	0	0	0	0	0	0	0	0	0	0	0	0	0	0	0	0	0	0	0	0	0	0	0	0	1.629	4.186	5.587	109.141	114.028	662.991	232.943	43.982	195.477	460.999	215.024	135.205	86.336	81.449	107.512	107.512	58.643	109.141	84.707	259.006	118.915	118.915	30.95	48.869	86.336	55.385	66.788	19.548	63.53	4.887	24.435	1.629	11.403	94.48	16.29	151.494	0	6.516	4.887	14.661	14.661	8.145	0	39.095	35.837	17.919	0	1.629	1.629	3.258	8.145	17.919	0	3.258	3.258	4.887	0	0	3.258	1.629	3.258	3.258	0	1.629	0	1.629	0	9.774	0	0	1.629	0	0	1.629	1.629	3.258	4.887	0	0	0	0	0	3.258	50:60,9.715:200,50:80
Ftx-NR_028380	0	0	0	0	0	0	0	0	0	0	0	0	0	0	0	0	0	0	0	0	0	0	0	0	0	0	0	0	0	0	0	0	0	0	0	0	0	0	0	0	0	0	0	0	0	0	0	0	0	0	0	0	0	0	1.629	0	1.629	0	0	0	9.774	9.774	3.258	1.629	16.697	63.123	13.032	122.173	16.29	22.806	4.887	0	1.629	3.258	0	0	3.258	4.887	11.403	3.258	1.629	6.516	6.516	8.145	27.693	148.236	35.837	24.435	45.611	17.919	14.661	11.403	1.629	3.258	8.145	14.661	8.145	6.516	1.629	6.516	0	1.629	14.661	4.887	11.403	3.258	9.774	3.258	4.887	1.629	4.887	16.29	8.145	9.774	0	0	3.258	17.919	19.548	16.29	3.258	16.29	8.145	24.435	1.629	6.516	4.887	3.258	4.887	17.919	1.629	11.403	1.629	4.887	14.661	4.887	8.145	1.629	4.887	1.629	13.032	13.032	4.887	1.629	0	3.258	8.145	0	14.661	3.258	8.145	0	6.516	6.516	3.258	3.258	3.665	7.738	0	11.403	4.887	6.516	13.032	14.661	6.516	8.145	1.629	0	6.516	4.887	1.629	4.887	1.629	1.629	4.887	8.145	0	6.516	16.29	6.516	11.403	6.516	13.032	3.258	3.258	1.629	4.887	9.774	3.258	26.064	14.661	1.629	0	13.032	8.145	0	1.629	3.258	6.516	4.887	0	3.258	11.403	4.887	11.403	16.29	1.629	3.258	3.258	1.629	1.629	6.516	3.258	9.774	0	1.629	16.29	1.629	1.629	11.403	3.258	3.258	6.516	3.258	3.258	9.774	17.919	4.887	8.145	1.629	16.29	3.258	11.403	9.774	9.367	6.923	3.258	1.629	1.629	1.629	8.145	1.629	9.774	1.629	9.774	14.661	8.145	13.032	3.258	4.887	17.919	8.145	8.145	12.217	20.362	3.258	13.032	16.29	3.258	11.403	8.145	4.887	0	4.887	19.548	0	0	8.145	0	0	3.258	4.887	1.629	0	0	0	0	1.629	0	0	0	0	1.629	0	0	0	11.403	19.548	0	0	0	4.887	0	1.629	1.629	0	1.629	3.258	0	0	1.629	1.629	0	0	1.629	1.629	1.629	3.258	1.629	4.887	6.516	0	0	0	0	0	0	1.629	3.258	1.629	14.661	6.516	0	1.629	0	0	0	0	0	3.258	6.516	3.258	1.629	1.629	0	0	0	0	0	1.629	50:60,271.25:200,50:80
Fxyd5-NM_001287217	0	0	0	0	0	0	0	0	0	0	0	0	0	0	0	0	0	0	0	0	0	0	0	0	0	0	0	0	0	0	0	0	0	0	0	0	0	0	0	0	0	0	0	0	0	0	0	0	0	0	0	0	0	0	0	0	0	0	0	0	0	0	0	0	4.887	0	1.629	0	0	0	0	0	0	0	0	0	0	0	0	0	0	0	0	1.629	0	0	0	0	1.629	0	0	0	0	0	0	0	0	0	0	0	0	0	0	0	0	0	0	0	0	0	0	0	0	0	0	0	0	0	0	0	0	0	0	0	0	1.629	0	0	0	0	0	0	0	0	0	0	0	0	0	0	0	0	0	0	0	0	0	0	0	1.629	0	0	0	0	0	0	0	0	0	0	0	0	0	0	0	0	0	0	0	4.724	21.34	9.774	4.887	0	1.629	3.258	0	0	0	0	0	0	1.629	0	0	0	0	0	0	0	0	0	0	0	0	0	0	0	1.629	0	0	0	1.629	0	0	0	0	0	0	0	0	0	0	1.629	1.629	0	1.629	0	0	0	0	0	0	0	0	0	0	0	0	1.629	0	0	0	0	0	0	0	0	0	0	1.629	0	0	0	0	0	0	0	0	0	0	0	0	0	0	0	0	0	1.629	0	0	0	0	0	1.629	0	0	0	0	0	0	0	0	0	0	0	0	0	0	0	0	0	0	0	1.629	0	0	0	0	0	0	0	0	0	0	1.629	0	0	0	0	0	0	0	0	0	0	0	0	0	1.629	0	0	0	0	0	0	0	0	0	0	0	0	0	0	0	0	0	0	0	0	0	0	1.629	0	1.629	0	0	0	6.516	3.258	50:60,48.045:200,50:80
Gas8-NM_018855	1.629	0	0	0	0	1.629	0	0	0	1.629	1.629	0	1.629	0	0	0	0	0	0	0	0	0	0	0	0	0	0	0	0	0	0	0	0	1.629	0	0	0	0	0	0	0	0	0	0	0	0	0	0	0	0	0	0	0	0	0	0	0	0	0	4.887	62.878	209.16	39.095	2.15	4.366	0	0	1.629	1.629	3.258	6.516	3.258	1.629	0	0	0	3.258	4.887	6.516	1.629	1.629	11.403	3.258	0	0	0	0	1.629	0	0	3.258	1.629	0	0	6.516	0	0	9.774	0	0	0	4.887	0	3.258	3.258	0	0	0	1.629	1.629	0	0	0	1.629	0	1.629	0	0	0	0	1.629	3.258	3.258	0	0	0	0	1.629	0	1.629	4.887	4.887	1.629	0	0	4.887	4.887	1.629	0	3.91	0.977	1.629	0	0	3.258	0	4.887	0	1.629	1.629	4.887	0	0	0	3.258	3.258	0	0	0	0	1.629	13.032	3.258	1.629	4.887	0	1.629	0	3.258	0	13.032	0	14.661	1.629	1.629	0	0	9.774	1.629	3.258	1.629	8.145	1.629	3.258	4.887	1.629	3.258	3.258	0	0	0	0	0	3.258	1.629	3.258	4.887	1.629	11.403	0	1.629	1.629	3.258	11.403	1.629	0	0	3.258	4.887	13.032	8.145	1.629	1.629	1.629	0	1.629	0	6.516	0	1.629	0	0	4.887	1.629	0	0	8.145	0	0	0	1.629	0	3.258	0	0	0	6.516	0	0	0	0	0	0	0	3.258	0	1.629	1.629	0	3.258	0	0	1.629	0	8.145	0	0	1.629	1.629	4.887	6.516	0	0	1.629	1.629	0	4.887	4.887	8.145	1.629	0	3.258	1.629	0	0	0	0	0	0	0	0	0	1.629	0	0	0	0	0	0	0	0	0	0	0	0	0	0	0	0	0	0	0	0	0	0	0	0	0	0	0	0	0	0	0	0	0	0	0	0	0	0	0	0	0	0	0	0	0	0	0	0	0	0	0	0	0	0	0	0	0	50:60,89.08:200,50:80
Gbp7-NM_001083312	0	0	0	0	0	0	0	0	0	0	0	0	0	0	0	0	0	0	0	0	0	0	0	0	0	0	0	0	0	0	0	0	0	0	0	0	0	0	0	0	0	0	0	0	0	0	0	0	0	0	0	0	0	0	0	0	0	0	0	0	0	0	0	0	0	0	0	0	0	0	0	0	0	0	0	0	0	0	0	0	0	0	0	0	0	0	0	0	0	0	0	0	0	0	0	0	0	0	0	0	0	0	0	0	0	0	0	0	0	0	0	0	0	0	0	0	0	0	0	0	0	0	0	0	0	0	0	0	0	0	0	0	0	0	0	0	0	0	0	0	0	0	0	0	0	0	0	0	0	0	0	0	0	0	0	0	0	0	0	0	1.629	0	0	0	0	0	0	0	0	0	0	0	0	0	0	0	0	0	0	0	0	0	0	0	0	0	0	0	0	0	0	0	0	0	0	0	0	0	0	0	0	0	0	0	0	0	0	0	0	0	0	0	0	0	0	0	0	0	0	0	0	0	0	0	0	0	0	0	0	0	0	0	0	0	0	0	0	0	0	0	0	0	0	0	0	0	0	0	0	0	0	0	0	0	0	0	0	0	0	0	0	0	0	0	0	0	0	0	0	0	0	0	0	0	0	0	0	0	0	0	0	0	0	0	0	0	0	0	0	0	0	0	0	0	0	0	0	0	0	0	0	0	0	0	0	0	0	0	0	0	0	0	0	0	0	0	0	0	0	0	0	0	0	0	0	0	0	0	0	0	0	0	0	0	0	0	0	0	0	0	50:60,99.08:200,50:80
Gdpd4-NM_177696	0	0	0	0	1.629	1.629	0	1.629	3.258	0	1.629	0	0	0	0	0	3.258	0	0	0	1.629	0	0	3.258	0	0	0	0	1.629	1.629	0	3.258	1.629	1.629	1.629	0	0	0	1.629	1.629	1.629	1.629	0	0	0	0	1.629	0	0	0	0	0	0	0	0	0	0	0	0	0	18.782	2.395	1.629	0	0	0	0	3.258	1.629	1.629	0	1.629	0	0	0	1.629	0	0	0	0	0	0	0	0	0	0	0	0	0	0	0	0	0	0	0	0	0	0	0	0	0	0	0	0	0	0	0	0	0	0	0	0	0	0	0	0	0	0	0	0	0	0	0	0	0	0	0	0	0	0	0	0	0	0	0	0	0	0	0	0	0	0	0	0	0	0	0	0	0	0	1.629	0	0	0	0	0	0	0	0	0	0	0	1.629	0	0	0	0	0	0	0	0	0	0	0	0	0	0	0	0	0	0	0	0	0	0	0	0	0	0	0	0	0	0	0	0	0	0	0	0	0	0	0	0	0	0	0	0	0	0	0	0	0	0	0	0	0	0	0	0	0	0	0	0	0	0	0	0	0	0	0	0	0	0	0	0	0	0	0	1.629	0	0	0	0	0	0	0	0	0	0	0	0	0	0	0	0	0	0	0	0	0	0	0	0	0	0	0	0	0	0	0	0	0	0	0	0	0	0	0	0	0	0	0	0	0	0	0	0	0	0	0	0	0	0	0	0	0	0	0	0	0	0	0	0	0	0	0	0	0	0	0	0	0	0	0	0	0	0	0	0	0	0	0	0	0	0	0	0	0	0	0	0	0	0	0	0	0	0	0	0	0	50:60,648.53:200,50:80
Gfm2-NM_177266	0	0	0	0	0	0	1.629	0	0	0	0	1.629	0	0	0	0	0	0	0	0	0	0	0	0	0	0	3.258	0	0	0	0	0	0	0	1.629	0	0	0	1.629	0	0	0	1.629	1.629	1.629	0	0	0	0	0	0	0	1.629	0	0	0	0	0	0	0	1037.655	68.417	47.24	1.629	48.869	34.208	0	14.661	16.29	11.403	3.258	17.919	17.919	6.516	29.362	8.104	0	32.579	6.516	3.258	13.032	4.887	11.403	9.513	11.663	4.887	1.629	13.032	16.29	1.629	4.211	3.934	6.516	3.258	0	13.032	21.177	0	1.629	3.258	8.145	3.258	3.258	4.887	9.774	3.258	0	14.661	14.661	4.887	1.629	6.516	3.258	0	6.516	1.629	4.887	9.774	4.887	13.032	4.887	6.516	1.629	6.516	1.629	21.177	6.516	4.887	4.887	0	3.258	0	1.629	3.258	1.629	3.258	3.258	21.177	6.516	8.145	8.145	8.145	27.692	25.966	3.356	4.887	3.258	14.661	1.629	3.502	4.643	6.516	0	8.145	6.516	14.661	9.774	3.258	3.258	14.661	3.258	3.258	0	0	6.516	4.887	4.887	0	4.887	9.774	11.403	13.032	13.032	0	8.145	11.403	0	1.629	1.629	3.584	6.19	3.258	11.403	0	0	1.629	0	0	13.032	3.258	1.629	4.887	0	0	1.629	1.629	3.258	3.258	3.258	0	4.887	6.516	1.629	4.887	1.629	4.887	1.629	9.774	1.629	16.29	4.887	4.887	4.887	6.516	8.145	0	0	3.258	1.629	0	0	6.516	0	0	0	0	0	0	1.629	6.516	4.887	0	1.629	1.629	1.629	0	1.629	0	11.403	17.919	1.629	8.145	1.629	1.629	3.258	6.516	6.516	9.774	1.629	8.145	9.774	1.629	6.516	13.032	0	13.032	13.032	8.145	11.403	1.629	0	0	6.516	0	0	1.629	0	6.516	9.774	0	0	0	0	1.629	11.403	0	1.629	1.629	1.629	0	0	0	0	1.629	0	0	1.629	8.145	0	0	0	0	0	0	0	0	0	0	0	0	0	0	0	0	0	3.258	1.629	6.516	0	0	8.145	9.774	4.887	0	0	0	0	0	0	0	0	1.629	1.629	4.887	0	1.629	0	0	0	1.629	0	0	0	0	0	0	0	3.258	0	3.258	50:60,192.535:200,50:80
Gfod2-NM_001368388	0	0	0	1.629	0	0	0	0	0	0	0	0	0	0	0	0	0	0	0	0	0	0	0	0	0	0	0	0	0	0	0	0	0	0	0	0	0	0	0	0	0	0	0	0	0	1.629	0	0	3.258	0	0	0	0	0	0	0	0	0	0	6.516	26.064	16.29	8.145	21.177	4.887	6.516	12.608	0.424	11.403	0	0	1.629	0	4.887	0	0	1.629	1.629	3.258	4.887	1.629	0	0	1.629	3.258	1.629	0	0	0	3.258	3.258	6.516	1.629	6.516	8.145	1.629	4.887	13.032	1.629	1.629	3.258	3.258	0	0	0	3.258	0	1.629	1.629	3.258	1.629	3.258	0	9.774	3.258	1.629	3.258	0	1.629	0	1.629	0	1.629	0	3.258	11.403	3.258	3.258	4.887	4.887	0	1.629	1.629	1.629	1.629	1.629	0	0	1.629	1.629	1.629	0	4.887	0	0	3.258	3.258	0	0	0	4.887	1.629	4.887	0	0	0	0	0	0	6.516	0	0	0	0	1.629	0	0	0	0	6.516	0	1.629	3.258	0	3.258	0	1.629	3.258	0	1.629	1.629	3.258	1.629	0	0	0	0	3.258	3.258	0	0	0	0	0	0	3.258	0	0	3.258	1.629	0	1.629	3.258	1.629	4.887	0	0	32.579	6.516	1.629	1.629	4.887	4.887	1.629	0	0	1.629	1.629	0	0	4.887	0	0	3.258	1.629	1.629	1.629	8.145	1.629	1.629	8.145	4.887	3.258	1.629	0	1.629	3.258	1.629	0	0	3.258	4.887	4.887	6.516	0	3.258	4.887	8.145	8.145	3.258	21.177	4.887	0	3.258	11.403	11.403	1.629	11.403	4.887	3.258	0	0	0	0	0	0	0	3.258	3.258	3.258	0	4.887	3.258	3.258	0	0	1.629	0	0	0	1.629	8.145	1.629	3.258	0	0	0	0	0	3.258	0	1.629	3.258	0	0	0	6.516	1.629	0	0	0	0	0	0	3.258	1.629	1.629	0	0	0	0	0	0	4.887	0	3.258	1.629	1.629	0	0	0	0	0	0	0	0	1.629	3.258	0	0	0	1.629	0	0	0	0	0	0	1.629	0	50:60,222.82:200,50:80
Ggt7-NM_001362900	0	0	0	1.629	1.629	0	0	0	0	0	0	0	0	0	0	0	0	0	0	0	0	0	0	0	0	0	0	0	0	0	0	0	0	0	0	0	0	0	0	0	0	0	0	0	0	0	0	0	0	0	0	0	0	0	0	0	0	0	0	0	21.177	0	0	1.629	0	0	0	0	1.629	0	0	0	0	0	3.258	0	0	0	0	0	0	0	0	0	0	0	0	0	0	0	0	0	1.629	1.629	0	0	0	0	0	0	0	0	1.629	0	0	0	0	0	0	0	0	0	0	0	0	0	0	0	1.629	0	1.629	0	0	0	0	0	0	1.629	0	3.258	6.516	0	0	0	1.629	0	0	0	0	0	0	0	0	1.629	0	0	0	0	0	0	0	0	0	0	0	0	0	0	0	0	1.629	0	1.629	0	0	0	0	0	0	0	0	0	0	0	0	0	0	0	0	0	0	0	0	0	0	0	0	0	0	0	0	0	0	0	1.629	0	0	3.258	0	0	0	0	0	0	0	0	0	0	1.629	0	0	0	0	0	0	0	0	0	1.629	1.629	0	1.629	0	1.629	0	0	0	0	1.629	0	0	3.258	1.629	0	0	0	0	0	0	0	0	0	0	0	0	1.629	0	0	1.629	1.629	0	0	0	0	3.258	0	3.258	0	0	0	1.629	0	0	0	0	0	0	3.258	0	0	0	0	0	0	0	0	3.258	0	0	0	0	0	1.629	0	0	0	0	0	0	0	0	3.258	0	1.629	0	0	0	0	0	0	0	1.629	0	0	0	0	0	1.629	0	0	0	0	0	0	0	0	0	0	0	0	0	0	0	0	0	0	0	0	0	0	0	0	0	0	0	0	0	0	0	0	50:60,122.335:200,50:80
Gjb1-NM_008124	0	0	0	0	0	0	0	0	0	0	0	0	0	0	0	0	0	0	0	0	0	0	0	0	0	0	0	0	0	0	0	0	0	0	0	1.629	0	0	0	0	0	0	0	0	0	0	0	0	0	0	0	0	0	0	0	0	0	0	0	0	0	0	0	0	0	0	0	0	0	0	0	0	0	0	0	0	0	0	0	0	0	0	0	0	0	0	0	0	0	0	0	0	0	0	0	0	0	0	0	0	0	0	0	0	0	0	0	0	0	0	0	0	0	0	0	0	0	0	0	0	0	0	0	0	0	0	0	0	0	0	0	0	0	0	0	0	0	0	0	0	0	0	0	0	0	0	0	0	0	0	0	0	0	0	0	0	0	0	0	0	1.629	0	0	0	0	0	0	0	0	0	0	0	0	0	0	0	0	0	0	0	0	0	3.258	0	1.629	0	0	0	1.629	1.629	0	0	0	0	0	0	0	0	0	0	0	0	1.629	1.629	0	0	0	0	0	0	0	0	0	0	0	0	1.629	0	0	0	1.629	0	0	0	0	0	0	0	0	0	0	0	0	0	1.629	0	1.629	0	4.887	0	0	0	0	0	0	0	0	0	0	0	0	0	0	0	0	0	0	0	0	0	3.258	0	0	0	0	0	0	0	0	0	0	0	3.258	0	0	0	0	0	0	0	1.629	0	0	0	0	0	0	1.629	0	0	0	1.629	0	0	0	0	0	0	0	0	4.887	1.629	0	0	0	0	0	0	0	0	0	0	0	0	0	0	0	0	0	0	0	0	0	0	0	0	0	0	0	0	0	1.629	0	0	0	0	0	0	0	1.629	50:60,41.975:200,50:80
Glcci1-NM_001286729	3.258	0	0	4.887	0	0	0	0	0	1.629	0	0	0	0	0	0	0	0	0	0	0	1.629	1.629	0	0	0	0	0	0	0	0	0	0	0	0	0	1.629	0	0	0	0	0	0	0	1.629	0	0	0	0	0	0	0	0	0	0	0	0	0	0	0	0	3.258	4.887	0	1.629	3.258	1.629	1.629	10.002	1.401	3.258	3.258	3.258	3.258	0	0	0	1.629	0	4.887	11.403	3.258	0	0	0	0	0	0	1.629	0	6.516	1.629	0	4.3	3.844	0	1.629	0	1.629	1.629	0	0	0	6.516	4.887	0	1.629	0	0	0	0	0	0	0	0	0	0	0	0	0	0	0	0	0	1.629	3.258	11.403	9.774	1.629	0	4.887	6.516	4.887	1.629	0	1.629	0	0	0	4.887	1.629	1.629	0	1.629	8.145	0	4.887	0	1.629	0	8.145	3.258	1.629	4.887	1.629	0	0	1.629	0	0	1.629	1.629	0	1.629	0	3.258	0	0	0	0	0	0	0	1.629	3.258	1.629	0	3.258	1.629	0	1.629	0	0	0	3.258	0	0	0	0	0	0	0	0	0	11.403	3.258	1.629	0	3.258	1.629	4.887	1.629	1.629	1.629	1.629	0	3.258	0	0	1.629	0	6.516	0	1.629	1.629	8.145	3.258	1.629	0	0	0	3.258	0	1.629	0	3.258	1.629	3.258	6.516	3.258	1.629	0	4.887	0	1.629	1.629	0	3.258	3.258	4.887	0	3.258	1.629	1.629	4.887	6.516	9.774	4.887	0	0	0	0	4.887	0	0	8.145	1.629	0	3.258	4.887	8.145	3.258	1.629	0	0	0	0	0	0	3.258	1.629	0	0	0	0	0	0	0	0	3.258	0	0	0	0	0	3.258	0	0	0	0	1.629	0	0	0	0	3.258	1.629	1.629	6.516	0	0	0	0	0	0	0	0	1.629	0	1.629	0	0	0	0	1.629	0	0	1.629	0	0	0	4.887	0	0	0	1.629	0	0	3.258	1.629	0	1.629	0	0	0	0	0	1.629	0	0	50:60,387.46:200,50:80
Gm11437-NM_001037932	0	0	0	0	0	0	0	0	0	0	0	0	0	0	0	0	0	0	0	0	0	0	0	0	0	0	0	0	3.258	0	0	0	0	0	0	0	0	0	0	0	0	0	0	0	0	0	0	0	0	0	0	0	0	0	0	0	0	0	0	0	0	0	0	0	0	0	0	0	0	0	0	0	0	0	0	0	0	0	0	0	0	0	0	0	0	0	0	0	0	0	0	0	0	0	0	0	0	0	0	0	0	0	0	0	0	0	0	0	0	0	0	0	0	0	0	0	0	0	0	0	0	0	0	0	0	0	0	0	0	0	0	0	0	0	0	0	0	0	0	0	0	0	0	0	0	0	0	0	0	0	0	1.629	0	0	1.629	0	0	0	0	0	0	0	0	0	0	0	0	0	0	0	0	0	0	0	0	0	0	0	0	0	0	0	0	0	0	0	0	0	0	0	0	0	0	0	0	0	0	0	0	0	0	0	0	0	0	0	0	0	0	0	0	0	0	0	0	0	0	0	0	0	0	0	0	0	0	0	0	0	0	0	0	0	0	0	0	0	0	0	0	0	0	0	0	0	0	0	0	0	0	0	0	0	0	0	0	0	0	0	0	0	0	0	0	0	0	0	0	0	0	0	0	0	0	0	0	0	0	0	0	0	0	0	0	0	0	0	0	0	0	0	0	0	0	0	0	0	0	0	0	0	0	0	0	0	0	0	0	0	0	0	0	0	0	0	0	0	0	0	0	0	0	0	0	0	0	0	0	0	0	0	0	0	0	0	0	0	0	0	0	0	50:60,95.57:200,50:80
Gm13289-NM_001243165_3	0	0	0	0	0	0	0	0	0	0	0	0	0	0	0	0	0	0	0	0	0	0	0	0	0	0	0	0	0	0	0	0	0	0	0	0	0	0	0	0	0	0	0	0	0	0	0	0	0	0	0	0	0	0	0	0	0	0	0	0	0	0	0	0	0	0	0	0	0	0	0	0	0	0	0	0	0	0	0	0	0	0	0	0	0	0	0	0	0	0	0	0	0	0	0	0	0	0	0	0	0	0	0	0	0	0	0	0	0	0	0	0	0	0	0	0	0	0	0	0	0	0	0	0	0	0	0	0	0	0	0	0	0	0	0	0	0	0	0	0	0	0	0	0	0	0	0	0	0	0	0	0	0	0	0	0	0	0	0	0	0	0	0	0	0	0	0	0	0	0	0	0	0	0	0	0	0	0	0	0	0	0	0	0	0	0	0	0	0	0	0	0	0	0	0	0	0	0	0	0	0	0	0	0	0	0	0	0	0	0	0	0	0	0	0	0	0	0	0	0	0	0	0	0	0	0	0	0	0	0	0	0	0	0	0	0	0	0	0	0	0	0	0	0	0	0	0	0	0	0	0	0	0	0	0	0	0	0	0	0	0	0	0	3.258	0	0	0	1.629	0	0	0	0	0	0	0	1.629	0	1.629	0	0	0	0	0	0	0	0	0	0	0	0	0	0	0	1.629	0	0	0	0	0	0	0	0	0	0	0	0	0	0	0	0	0	0	0	0	0	0	0	0	0	0	0	0	0	0	0	0	0	0	0	0	0	0	0	0	0	0	0	0	0	0	50:60,4.84:200,50:80
Gm19461-NR_037984	0	0	0	0	0	0	0	0	0	0	0	0	0	0	0	0	0	0	0	0	0	0	0	0	0	0	0	0	0	0	0	0	0	0	0	0	0	0	0	0	0	0	0	0	0	0	0	0	0	1.629	0	0	0	0	0	0	0	0	0	0	0	0	0	0	0	0	0	0	0	0	0	0	0	0	0	0	0	0	0	1.629	0	0	1.629	0	0	0	0	0	0	0	0	0	0	0	0	0	0	0	0	0	0	0	0	0	0	0	0	0	4.887	0	0	0	0	0	0	0	0	0	0	0	0	0	0	0	0	0	0	0	0	0	0	0	0	0	0	0	0	0	0	0	0	0	0	0	0	0	0	0	0	0	0	0	0	0	0	0	0	0	0	0	0	0	0	0	0	0	0	0	0	0	0	0	0	0	0	0	0	0	0	0	0	0	0	0	0	0	0	0	0	0	0	0	0	0	0	0	0	0	0	0	0	0	0	0	0	0	0	0	0	0	0	0	0	0	0	0	0	0	0	0	0	0	0	0	0	0	0	0	0	0	0	0	0	0	0	0	0	0	0	0	0	0	0	0	0	0	0	0	0	0	0	0	0	0	0	0	0	0	0	0	0	0	0	0	0	0	0	0	0	0	0	0	0	0	0	0	0	0	0	0	0	0	0	0	0	0	0	0	0	0	0	0	0	0	0	0	0	0	0	0	0	0	0	0	0	0	0	0	0	0	0	0	0	0	0	0	0	0	0	0	0	0	0	0	0	0	0	0	0	0	0	1.629	0	0	0	0	0	0	0	0	50:60,99.785:200,50:80
Gm4969-NM_001370812	0	0	0	0	0	0	0	0	0	0	0	0	0	0	0	0	0	0	0	0	0	0	0	0	0	0	0	0	0	0	0	0	0	0	4.887	3.258	0	0	0	0	4.887	1.629	0	0	0	0	0	0	0	0	0	0	0	0	0	0	0	0	0	0	0	0	0	0	0	1.629	0	0	0	0	0	3.258	0	3.258	0	0	3.258	0	0	0	0	0	0	0	0	0	1.629	0	0	0	3.258	0	0	0	0	0	0	0	0	0	1.629	0	0	1.629	0	0	0	0	0	1.629	0	1.629	0	0	0	0	0	0	0	0	0	0	0	0	0	0	0	1.629	1.629	0	0	0	0	0	0	0	1.629	0	0	0	0	0	0	0	0	0	0	0	1.629	0	0	1.629	0	3.258	0	0	1.629	0	0	0	0	0	0	0	1.629	0	0	0	0	0	0	0	0	0	0	1.629	0	0	0	0	1.629	0	0	0	0	0	0	0	0	0	0	0	0	0	0	0	0	0	4.887	0	0	1.629	3.258	0	0	0	1.629	1.629	0	1.629	1.629	0	0	3.258	0	0	0	0	1.629	0	0	0	0	1.629	0	0	0	1.629	0	0	0	0	0	0	0	0	1.629	1.629	1.629	0	1.629	1.629	1.629	0	0	0	0	0	0	0	1.629	0	1.629	1.629	1.629	1.629	0	3.258	0	0	0	0	0	3.258	0	4.887	0	0	6.516	0	0	0	0	1.629	0	4.887	0	3.258	4.887	1.629	1.629	3.258	0	1.629	0	0	0	0	0	0	1.629	0	3.258	1.629	8.145	0	3.258	1.629	0	8.145	1.629	0	0	4.887	0	0	0	0	1.629	4.887	0	0	0	0	0	0	0	0	0	0	0	3.258	1.629	6.516	3.258	0	0	4.887	0	0	0	0	0	0	0	1.629	9.774	0	1.629	0	50:60,100.37:200,50:80
Gm5106-NR_152133	0	0	0	0	0	0	0	0	0	0	0	0	0	0	0	0	0	0	0	0	0	0	0	0	0	0	0	0	0	0	0	0	0	0	0	0	0	0	0	0	0	0	0	0	0	0	0	0	0	0	0	0	0	0	0	0	0	0	0	0	0	1.629	4.887	1.629	13.032	0	4.887	4.887	0	3.258	1.629	1.629	1.629	3.258	0	1.629	1.629	0	1.629	0	0	0	0	1.043	0.586	0	0	1.629	0	0	0	0	1.629	1.629	0	0	0	0	0	1.629	0	0	0	0	3.258	0	0	0	0	1.629	0	1.629	0	0	0	0	0	0	0	0	0	0	0	0	0	0	0	0	1.629	0	0	0	0	0	0	0	0	0	0	0	0	0	0	0	0	0	0	0	0	0	0	0	0	0	0	0	0	0	0	0	0	0	0	0	0	0	0	0	0	0	0	0	0	0	0	0	0	0	0	0	0	0	0	0	0	0	0	0	0	0	0	0	0	0	0	0	0	0	0	0	0	0	0	0	0	0	0	0	0	0	0	0	0	0	0	0	1.629	0	0	0	0	0	0	0	0	0	0	1.629	0	0	0	0	0	0	0	0	0	0	0	0	0	0	0	0	0	0	0	0	0	0	0	0	0	0	0	0	0	0	0	0	0	0	0	0	0	0	0	0	0	0	0	0	0	0	0	0	0	0	0	0	0	0	0	0	0	0	0	0	0	0	0	0	0	0	0	0	0	0	0	0	0	0	0	0	0	0	0	0	0	0	0	0	0	0	0	0	0	0	0	0	0	0	0	0	0	0	0	0	0	0	0	0	0	0	0	0	0	0	0	0	50:60,124.735:200,50:80
Gm6936-NR_045001	0	0	0	0	0	0	0	0	0	0	0	0	0	0	0	0	0	0	0	0	0	0	0	0	0	0	0	0	0	0	0	0	0	0	0	0	0	0	0	0	0	0	0	0	0	0	0	0	0	0	0	0	0	0	0	0	0	0	0	0	0	0	0	0	0	0	0	0	0	0	0	0	0	0	0	0	0	0	0	0	0	0	0	0	0	0	0	0	0	0	0	0	0	0	0	0	0	0	0	0	0	0	0	0	0	0	0	0	0	0	0	0	0	0	0	0	0	0	0	0	0	0	0	0	0	0	0	0	0	0	0	0	0	0	0	0	0	0	0	0	0	0	0	0	0	0	0	0	0	0	0	0	0	0	0	0	0	0	0	0	0	0	0	0	0	0	0	0	0	0	0	0	0	0	0	0	0	0	0	0	0	0	0	0	0	0	0	0	0	0	0	0	0	0	0	0	0	0	0	0	0	0	0	0	0	0	0	0	0	0	0	0	0	0	0	0	0	0	0	0	0	0	0	0	0	0	0	0	0	0	0	0	0	0	0	0	0	0	0	0	0	0	0	0	0	0	0	0	0	0	0	0	0	0	0	0	0	0	0	0	0	0	0	0	0	0	0	0	0	0	0	0	0	0	0	0	0	0	0	0	0	0	0	0	0	0	0	0	0	0	0	0	0	0	0	0	0	0	0	0	0	0	0	0	0	0	0	0	0	0	0	0	0	0	0	0	0	0	0	0	0	0	0	0	0	0	0	0	0	0	0	0	0	0	0	0	0	0	0	0	50:60,85.08:200,50:80
Gm94-NM_001033280	0	0	0	0	0	0	0	0	0	0	0	0	0	0	0	0	0	0	0	0	0	0	0	0	0	0	0	0	0	0	0	0	0	0	0	0	0	0	0	0	0	0	0	0	0	0	0	0	0	0	0	0	0	0	0	0	0	0	0	0	0	0	0	0	0	0	0	0	0	0	0	0	0	0	0	0	0	0	0	0	0	0	0	0	0	0	0	0	0	0	0	0	0	0	0	0	0	0	0	0	0	0	0	0	0	0	0	0	0	0	0	0	0	0	0	0	0	0	0	0	0	0	0	0	0	0	0	0	0	0	0	0	0	0	0	0	0	0	0	0	0	0	0	0	0	0	0	0	0	0	0	0	0	0	0	0	0	0	0	0	0	0	0	0	0	0	0	0	0	0	0	0	0	0	0	0	0	0	0	0	0	0	0	0	0	0	0	0	0	0	0	0	0	0	0	0	0	0	0	0	0	0	0	0	0	0	0	0	0	0	0	0	0	0	0	0	0	0	0	0	0	0	0	0	0	0	0	0	0	0	0	0	0	0	0	0	0	0	0	0	0	0	0	0	0	0	0	0	0	0	0	0	0	0	0	0	0	0	0	0	0	0	0	0	0	0	0	0	0	0	0	0	0	0	0	0	0	0	0	0	0	0	0	0	0	0	0	0	0	0	0	0	0	0	0	0	0	0	0	0	0	0	0	0	0	0	0	0	0	0	0	0	0	0	0	0	0	0	0	0	0	0	0	0	0	0	0	0	0	0	0	0	0	0	0	0	0	0	0	0	50:60,78.415:200,50:80
Gna14-NM_008137	0	0	0	0	0	0	0	0	0	0	0	0	0	0	0	0	0	0	0	0	0	0	0	0	0	0	0	0	0	0	0	0	0	0	0	0	0	0	0	0	0	0	0	0	0	0	0	0	0	0	0	0	0	0	0	0	0	0	0	0	16.29	1.629	4.887	8.145	4.887	1.629	1.629	0	4.887	1.629	1.629	0	1.629	0	1.629	4.887	1.629	1.629	1.629	0	6.516	8.145	0	1.629	0	0	0	6.516	1.629	0	1.629	0	1.629	14.661	4.887	0	0	3.258	0	1.629	1.629	4.887	1.629	0	1.629	1.629	4.887	1.629	8.145	0	3.258	0	0	1.629	3.258	1.629	0	0	0	4.887	0	0	0	14.661	61.901	19.548	4.887	4.887	1.629	1.629	4.887	3.258	3.258	3.258	3.258	1.629	4.887	0	4.887	0	1.629	0	3.258	0	0	1.629	0	4.887	3.258	1.629	3.258	0	1.629	1.629	0	1.629	0	6.516	0	0	3.258	0	1.629	0	0	3.258	0	1.629	0	1.629	3.258	0	1.629	3.258	3.258	0	0	1.629	1.629	1.629	0	0	1.629	0	0	0	3.258	0	0	1.629	1.629	1.629	0	1.629	0	3.258	0	0	1.629	1.629	0	1.629	0	0	3.258	1.629	1.629	0	3.258	0	0	3.258	0	0	0	0	1.629	4.887	1.629	1.629	3.258	1.629	0	1.629	0	1.629	0	1.629	1.629	1.629	3.258	0	0	1.629	1.629	1.629	0	3.258	8.145	1.629	0	1.629	1.629	3.258	0	0	0	0	1.629	3.258	3.258	0	8.145	4.887	3.258	3.258	4.887	1.629	1.629	4.887	0	0	0	0	0	0	0	0	0	1.629	0	0	0	0	0	0	0	0	0	0	0	0	0	0	0	0	0	0	0	0	0	0	0	0	0	0	0	0	0	0	0	1.629	0	0	0	0	0	0	0	0	0	0	0	0	0	0	0	0	0	0	0	0	0	0	0	0	0	0	0	0	0	0	0	0	0	0	0	0	0	0	50:60,875.76:200,50:80
Gnat2-NM_008141	0	0	0	0	0	1.629	0	3.258	0	0	1.629	0	0	0	0	1.629	0	0	0	1.629	0	0	0	0	0	0	0	0	0	0	0	0	0	0	0	0	0	0	0	0	0	1.629	0	0	0	0	0	0	3.258	0	0	1.629	0	1.629	0	0	0	0	0	0	0	0	0	0	0	0	0	1.629	0	3.258	1.629	0	0	0	0	0	0	0	0	0	0	0	0	0	0	0	0	0	0	0	0	1.629	0	0	0	0	0	0	0	0	0	0	0	0	0	0	0	0	0	0	0	0	0	0	0	0	0	0	0	0	0	0	0	0	0	0	0	0	0	0	0	0	0	0	0	0	0	0	0	0	0	0	0	0	0	0	0	0	0	0	0	0	0	0	0	1.629	0	0	3.258	0	0	0	0	0	0	0	0	0	0	0	0	0	0	0	0	0	0	0	0	0	0	0	0	0	1.629	0	0	0	0	0	0	0	0	0	0	0	0	0	0	0	0	0	0	0	0	0	0	0	0	0	0	0	0	0	0	0	0	0	0	0	0	0	0	0	0	0	0	0	0	0	0	0	0	0	0	0	0	0	0	0	0	0	0	0	0	0	0	0	0	0	0	0	0	0	0	0	0	0	0	0	0	1.629	0	0	1.629	0	0	0	0	0	0	0	0	0	0	0	0	0	1.629	0	0	0	0	0	0	0	0	1.629	0	0	0	0	0	0	0	0	0	0	0	0	0	0	0	0	0	0	0	0	0	0	0	0	0	0	0	0	0	0	0	0	0	0	0	0	0	0	0	0	0	0	0	0	0	0	0	0	0	0	0	0	50:60,41.825:200,50:80
Gria2-NM_001357927	0	0	0	0	0	0	0	0	0	0	0	0	0	0	0	0	0	0	0	0	0	0	0	0	0	0	0	0	0	0	0	0	0	0	0	0	0	0	0	0	0	0	0	0	0	0	0	0	0	0	0	0	0	0	0	0	0	0	0	0	0	0	0	0	0	0	0	0	0	0	0	0	0	0	0	0	0	0	0	0	0	0	0	0	0	0	0	0	0	0	0	0	0	0	0	0	0	0	0	0	0	0	0	0	0	0	0	0	0	0	0	0	0	0	0	0	0	0	0	0	0	0	0	0	0	0	0	0	0	0	0	0	0	0	0	0	0	1.629	0	0	0	0	0	0	0	0	0	0	0	0	0	0	0	0	0	0	0	0	0	1.629	6.516	0	0	0	0	0	0	0	0	0	0	0	0	0	0	0	0	0	0	0	0	0	0	0	0	0	0	0	0	0	1.629	0	0	0	0	0	0	0	0	0	1.629	0	0	0	0	0	0	0	0	0	0	0	0	0	1.629	0	0	0	0	0	0	0	0	0	0	0	0	0	0	0	0	0	0	0	0	0	0	0	0	0	0	0	0	0	0	0	0	0	0	0	0	0	0	0	0	0	0	0	0	0	0	0	0	0	0	0	0	0	0	0	0	0	0	0	0	0	0	0	0	0	0	0	0	0	0	0	0	0	0	0	0	0	0	0	0	0	0	0	0	0	0	0	0	0	0	0	0	0	0	0	0	0	0	0	0	0	0	0	0	0	0	0	0	0	0	0	0	0	0	0	0	0	0	0	0	0	0	0	0	0	50:60,606.93:200,50:80
Gsx2-NM_133256	0	0	0	0	0	0	0	0	0	0	0	0	0	0	0	0	0	0	0	0	0	0	0	0	0	0	0	0	0	0	0	0	0	0	0	0	0	0	0	0	0	0	0	0	0	0	0	0	0	0	0	0	0	0	0	0	0	0	0	0	0	0	0	0	1.629	0	0	0	0	0	0	0	0	0	0	0	0	0	0	0	0	0	0	1.629	0	0	0	0	0	0	0	0	0	0	0	0	0	0	0	0	0	0	0	0	0	0	0	0	0	0	0	0	0	0	0	0	0	0	0	0	0	0	0	0	0	0	0	0	0	0	0	0	0	0	0	0	0	0	0	0	0	0	0	0	0	0	0	0	0	0	0	0	0	0	0	0	0	0	0	0	0	0	0	0	0	0	0	0	0	0	0	0	0	0	0	0	0	0	0	0	0	1.629	0	0	0	0	0	0	0	0	0	0	0	0	0	0	0	0	0	0	0	0	0	0	0	0	0	0	0	0	0	0	0	0	0	0	0	0	0	0	0	0	0	0	0	0	0	0	0	0	0	0	0	0	0	0	0	0	0	0	0	0	0	0	0	0	0	0	0	0	0	0	0	0	0	0	0	0	0	0	0	0	0	0	0	0	0	0	0	0	0	0	0	0	0	0	0	0	0	0	0	0	0	0	0	0	0	0	0	0	0	0	0	0	0	0	0	1.629	0	0	0	0	0	0	0	0	0	0	0	0	0	0	0	0	0	0	0	0	0	0	0	0	0	0	0	0	0	0	0	0	0	0	0	0	0	0	0	0	0	0	50:60,11.465:200,50:80
Gtpbp3-NR_157146	0	0	0	0	0	0	0	1.629	0	0	0	0	0	1.629	0	3.258	1.629	0	0	0	0	0	0	1.629	0	0	0	0	0	0	1.629	0	0	0	0	0	0	0	0	1.629	0	1.629	0	9.774	8.145	0	1.629	0	4.887	3.258	3.258	0	0	6.516	14.661	22.806	1.629	0	1.629	22.806	127.06	21.177	11.403	1.629	4.887	9.774	0	0	0	0	0	0	1.629	4.545	3.6	0	1.629	1.629	3.258	14.661	3.258	8.145	0	0	1.629	0	1.629	11.403	4.887	3.258	8.145	3.258	0	3.258	3.258	0	3.258	0	16.29	1.629	13.032	6.516	3.258	8.145	4.887	6.516	0	0	0	1.629	0	1.629	4.887	9.774	0	4.887	0	0	3.258	0	1.629	0	0	1.629	1.629	0	1.629	0	1.629	1.629	0	0	1.629	1.629	1.629	3.03	0.228	8.145	0	0	0	1.629	3.258	16.29	4.887	1.629	0	1.629	0	0	0	0	0	1.629	0	6.516	1.629	0	0	0	3.258	0	1.629	1.629	1.629	1.629	0	6.516	1.629	1.629	1.629	1.629	16.29	0	0	0	1.629	3.258	0	0	3.258	3.258	21.177	3.258	1.629	1.629	0	21.177	14.661	1.629	1.629	0	1.629	1.629	1.629	12.771	19.808	20.835	50.84	40.724	3.258	24.435	0	3.258	4.887	17.919	3.258	0	11.403	0	19.548	29.321	0	0	0	1.629	1.629	0	1.629	1.629	4.887	4.887	0	1.629	0	0	16.29	32.58	55.385	26.064	9.774	5.571	25.379	1.629	13.032	2.215	9.187	1.629	0	4.887	4.887	13.032	8.145	14.661	6.516	0	1.629	1.629	4.887	3.258	6.516	1.629	3.258	3.258	0	6.516	11.403	0	0	1.629	13.032	1.629	0	0	1.629	1.629	0	0	0	6.516	6.516	0	1.629	0	0	4.887	1.629	0	0	0	0	1.629	0	0	0	0	0	0	0	0	0	4.887	0	0	1.629	0	0	0	0	0	0	0	0	0	0	0	0	0	0	0	0	0	0	0	0	0	0	0	0	1.629	0	0	0	0	0	0	0	0	1.629	0	0	0	0	0	0	0	0	0	0	3.258	50:60,54.485:200,50:80
Gtpbp6-NM_145147	0	0	0	0	0	0	0	0	0	1.629	0	0	0	0	0	0	0	0	0	4.887	1.629	1.629	6.516	0	9.774	1.629	8.145	0	0	0	0	0	0	0	1.629	0	1.629	0	0	0	4.887	0	0	3.258	0	0	0	0	1.629	0	1.629	0	0	0	0	1.629	1.629	0	19.548	1.629	3.258	19.548	17.919	18.342	60.785	3.95	1.629	1.629	1.629	1.629	3.258	0	0	3.258	0	4.887	35.837	3.258	22.806	3.258	3.258	3.258	3.258	3.258	28.711	53.927	95.238	37.051	21.348	9.945	6.272	1.629	7.273	0.871	11.403	3.258	14.661	16.29	19.857	40.415	26.064	18.587	5.848	0	4.887	14.384	1.906	0	0	3.258	0	0	7.436	3.967	0	1.629	1.629	0	0	1.629	1.629	3.258	0	0	1.344	0.285	11.403	3.258	1.629	6.516	1.629	0	0	1.629	0	3.258	1.629	3.258	9.774	0	8.145	1.629	0	0	1.629	0	0	0	4.887	3.991	4.154	15.736	10.328	6.516	24.435	29.321	21.177	14.661	1.629	3.258	1.629	4.887	1.629	0	1.629	0	0	0	0	3.258	0	0	0	1.629	0	0	1.629	1.629	1.629	0	0	0	1.629	0	11.403	4.887	0	1.629	4.887	0	1.629	6.516	0	3.258	0	1.629	0.627	2.631	10.743	12.063	1.629	3.258	0	0	0	0	0	2.509	2.378	0	0	0	3.258	0	3.258	3.258	4.887	14.661	3.258	0	8.145	9.774	11.403	0	0	0	3.258	14.661	6.516	3.258	0	1.629	1.629	0	1.629	0	0	1.629	0	1.629	1.629	3.258	0	0	0	4.887	1.629	1.629	1.629	0	0	0	0	1.629	0	0	0	3.258	0	1.629	1.629	1.629	0	9.774	6.516	42.353	13.032	16.29	16.29	3.258	8.145	0	0	16.29	3.258	1.629	6.516	8.145	3.258	4.887	0	1.629	0	0	4.887	4.887	1.629	11.403	16.29	13.032	11.403	14.661	0	16.29	4.887	14.661	4.887	60.272	39.095	4.887	0	60.272	4.887	40.724	0	3.258	0	3.258	1.629	0	19.548	3.258	6.516	6.516	3.258	3.258	8.145	0	1.629	8.145	1.629	11.403	8.145	4.887	1.629	3.258	3.258	11.403	1.629	0	9.774	3.258	6.516	4.887	8.145	8.145	0	3.258	0	0	50:60,21.105:200,50:80
H2-Ea-NM_010381	0	0	0	0	0	0	0	0	0	0	0	0	0	0	0	0	0	0	0	0	0	0	0	0	0	0	0	0	0	0	0	0	0	0	0	0	0	0	0	0	0	0	0	0	0	0	0	0	0	0	0	0	0	0	0	0	0	0	0	0	0	0	0	0	0	0	0	0	0	0	0	0	0	0	0	0	0	0	0	0	0	0	0	0	0	0	0	0	0	0	0	0	0	0	0	0	0	0	0	0	0	0	0	0	0	0	0	0	0	0	0	0	0	0	0	0	0	0	0	0	0	0	0	0	0	0	0	0	0	0	0	0	0	0	0	0	0	0	0	0	0	0	0	0	0	0	0	0	0	0	0	0	0	0	0	0	0	0	0	0	0	0	0	0	0	0	0	0	0	0	0	0	0	0	0	0	0	0	0	0	0	0	0	0	0	0	0	0	0	0	0	0	0	0	0	0	0	0	0	0	0	0	0	0	0	0	0	0	0	0	0	0	0	0	0	0	0	0	0	0	0	0	0	0	0	0	0	0	0	0	0	0	0	0	0	0	0	0	0	0	0	0	0	0	0	0	0	0	0	0	0	0	0	0	0	0	0	0	0	0	0	0	0	0	0	0	0	0	0	0	0	0	0	0	0	0	0	0	0	0	0	0	0	0	0	0	0	0	0	0	0	0	0	0	0	0	0	0	0	0	0	0	0	0	0	0	0	0	0	0	0	0	0	0	0	0	0	0	0	0	0	0	0	0	0	0	0	0	0	0	0	0	0	0	0	0	0	0	0	0	50:60,13.47:200,50:80
H2-K1-NM_001347346	0	0	0	0	0	0	0	0	0	0	0	0	0	0	0	0	0	0	0	0	0	0	0	0	0	0	0	0	0	0	0	0	0	0	0	0	0	0	0	0	0	0	0	0	0	0	0	0	0	0	0	0	0	0	0	0	0	0	0	0	0	0	6.516	15.834	2.085	1.629	0	1.629	1.629	0	0	0	0	0	0	0	0	1.629	0	0	0	0	0	0	0	1.629	0	0	0	0	0	0	3.258	0	0	0	0	0	0	0	1.629	0	0	0	1.629	1.629	0	0	0	0	0	0	0	0	1.629	0	0	0	0	0	0	0	0	0	0	0	0	0	0	0	0	0	0	0	0	0	0	0	0	1.629	0	0	0	0	0	0	1.629	0	0	0	0	0	0	0	0	0	0	0	0	0	0	0	0	0	0	0	0	0	0	0	0	0	0	0	0	1.629	0	0	1.629	0	0	0	0	0	0	0	0	0	0	0	0	0	0	0	0	0	0	0	0	1.629	0	0	0	0	0	0	0	0	0	0	1.629	1.629	0	0	0	0	0	0	0	0	0	0	0	0	0	0	0	0	0	0	1.629	0	0	0	0	0	0	0	0	0	0	0	0	0	0	0	0	0	0	0	0	0	3.258	0	0	0	0	0	0	0	0	3.258	1.629	0	0	0	0	0	1.629	0	0	1.629	0	0	0	0	0	1.629	0	1.629	0	0	1.629	0	0	0	0	0	0	0	0	0	0	0	0	0	0	0	0	0	1.629	0	0	0	0	0	0	0	1.629	0	0	0	1.629	0	0	0	0	0	0	0	0	0	0	0	0	0	0	0	0	0	0	0	0	0	0	0	0	0	0	3.258	50:60,21.68:200,50:80
H2bc6-NM_178194	0	0	0	0	0	0	0	0	0	0	0	0	0	0	0	0	0	0	0	1.629	0	0	0	0	0	0	0	0	0	0	0	115.657	19.548	3.258	22.806	0	0	0	0	0	0	4.887	0	0	0	60.272	27.693	167.784	415.388	848.695	102.625	76.562	65.159	43.982	70.046	50.498	76.562	53.756	8.145	16.29	39.095	3.258	81.449	6.516	6.516	21.177	11.403	17.919	16.29	4.887	14.661	8.145	0	0	1.629	0	0	1.629	1.629	1.629	3.258	1.629	0	0	4.887	0	0	0	0	0	0	0	3.258	3.258	4.887	1.629	1.629	0	1.629	6.516	0	9.774	0	0	8.145	1.629	0	0	1.629	1.629	1.629	0	0	0	0	0	17.919	0	1.629	3.258	6.516	1.629	1.629	1.629	1.629	0	0	1.629	0	3.258	0	0	0	0	0	8.145	0	0	1.629	1.629	0	0	0	0	0	3.258	0	3.258	3.258	0	0	1.629	0	0	0	0	1.629	0	0	0	0	0	0	0	0	0	0	0	0	0	0	0	0	0	3.258	0	0	3.258	0	1.629	0	0	0	3.258	8.145	0	0	0	1.629	1.629	3.258	3.258	0	0	0	4.887	4.887	13.032	4.887	3.258	8.145	1.629	0	0	1.629	0	0	1.629	1.629	3.258	0	0	11.403	0	1.629	0	1.629	0	1.629	11.403	0	1.629	0	3.258	0	0	3.258	0	0	0	1.629	3.258	0	1.629	1.629	0	0	0	0	0	1.629	1.629	3.258	4.887	81.449	14.661	16.29	496.837	0	0	571.036	956.288	456.764	65.159	151.291	50.702	0	3.258	4.887	1.629	0	0	0	0	0	0	0	1.629	4.887	0	0	0	0	0	0	0	9.774	0	1.629	1.629	0	8.145	0	0	6.516	1.629	0	0	4.887	3.258	0	0	0	0	0	0	0	0	0	0	0	0	1.629	0	3.258	4.887	13.032	9.774	1.629	21.177	24.435	30.95	22.806	27.693	13.032	1.629	1.629	0	0	1.629	0	0	1.629	0	1.629	1.629	0	0	0	0	0	0	0	0	0	0	0	1.629	0	0	50:60,187.275:200,50:80
Haghl-NM_001271433	0	0	0	0	6.516	0	0	0	0	3.258	0	6.516	3.258	0	4.887	0	0	6.516	1.629	1.629	4.887	11.403	4.887	22.806	9.774	6.516	4.887	4.887	3.258	0	3.258	3.258	9.774	1.629	0	3.258	3.258	1.629	3.258	1.629	13.032	4.887	4.887	1.629	0	3.258	0	0	1.629	0	1.629	0	1.629	0	0	0	1.629	3.258	19.548	8.145	1.629	8.145	4.887	14.661	13.032	19.548	29.322	19.548	4.887	3.258	0	1.629	0	0	4.887	0	0	1.629	3.258	6.516	1.629	6.516	4.887	3.258	3.258	4.887	1.629	6.516	0	0	1.629	0	0	0	0	0	0	0	1.629	3.258	4.887	0	0	1.629	0	0	0	0	0	3.258	3.258	1.629	0	0	0	0	0	0	0	0	1.629	4.887	0	0	0	0	1.629	0	0	0	0	0	0	1.629	0	0	0	0	0	0	0	1.629	0	0	0	0	0	0	0	0	0	3.258	0	0	0	0	0	0	0	0	0	0	0	0	0	0	0	0	0	0	0	0	0	0	0	1.629	0	0	0	0	0	0	0	0	0	0	0	0	0	0	0	0	1.629	0	0	0	0	0	0	0	0	0	0	0	0	0	0	0	0	1.629	0	0	0	0	0	1.629	0	0	0	0	3.258	0	1.629	0	0	0	0	0	0	0	0	0	0	0	0	0	0	0	0	0	0	3.258	0	0	0	0	0	1.629	0	3.258	0	0	0	0	0	0	0	0	0	0	0	1.629	0	0	0	1.629	1.629	0	1.629	0	3.258	1.629	0	1.629	0	0	0	0	0	4.887	0	0	3.258	0	0	1.629	0	0	0	0	0	4.887	4.887	6.516	0	0	0	0	3.258	0	1.629	3.258	6.516	0	0	1.629	0	0	0	0	1.629	0	0	1.629	0	0	4.887	0	0	0	0	0	1.629	1.629	1.629	0	1.629	0	0	1.629	0	0	0	0	0	3.258	1.629	0	0	0	50:60,14:200,50:80
Hao1-NM_010403	0	0	0	0	0	0	0	0	0	0	0	0	0	0	0	0	0	0	0	0	0	0	0	0	0	0	0	0	0	0	0	0	0	0	0	0	0	0	0	0	0	0	0	0	0	0	0	0	0	0	0	0	0	0	0	0	0	0	0	0	0	0	0	0	0	0	0	0	0	0	0	0	0	0	0	0	0	0	0	0	0	0	0	0	0	0	0	0	0	0	0	0	0	0	0	0	0	0	0	0	0	0	0	0	0	0	0	0	0	0	0	0	0	0	0	0	0	1.629	1.629	0	0	0	0	0	0	0	0	0	0	0	0	0	0	0	0	0	0	0	0	0	0	0	0	0	0	0	0	0	0	0	0	0	0	0	0	0	0	0	0	0	0	0	0	0	0	0	0	0	0	0	0	0	0	0	0	0	0	0	0	0	0	0	0	0	0	0	0	0	0	0	0	0	0	0	0	0	0	0	0	0	0	0	0	0	0	0	0	0	0	0	0	0	0	0	0	0	0	0	0	0	1.629	0	0	0	0	0	0	0	0	1.629	1.629	0	0	0	0	0	0	0	0	4.887	0	1.629	0	0	0	0	0	0	0	0	0	0	0	0	0	0	0	0	0	1.629	0	0	0	0	0	0	0	0	0	0	0	0	0	0	0	0	0	1.629	0	0	0	0	0	0	0	0	0	0	0	0	0	0	0	0	0	0	0	0	0	0	1.629	0	1.629	0	0	0	0	0	0	0	0	0	0	0	0	0	0	0	0	0	0	0	0	0	0	0	0	0	0	0	0	0	0	0	0	0	0	0	0	0	50:60,284.96:200,50:80
Hcn1-NM_010408	0	0	0	0	0	0	0	0	0	0	0	0	0	0	0	0	0	0	0	0	0	0	0	0	0	0	0	0	0	0	0	0	0	0	0	0	0	0	0	0	0	0	0	0	0	0	0	0	0	0	0	0	0	0	0	0	0	0	0	0	1.629	0	0	0	6.516	3.258	1.629	0	1.629	0	0	0	0	0	0	1.629	0	0	0	0	1.629	3.258	3.258	0	0	3.258	0	0	0	1.629	0	0	1.629	0	0	0	0	0	0	0	1.629	0	0	0	0	1.629	0	0	0	0	3.258	0	0	0	0	0	0	1.629	0	0	1.629	0	0	0	0	0	0	0	0	0	0	0	0	0	0	0	0	0	0	0	0	0	0	0	0	0	3.258	0	0	0	0	0	0	0	0	0	0	0	0	1.629	0	0	0	3.258	0	0	1.629	0	0	0	0	0	0	0	0	0	1.629	0	0	0	0	0	0	0	0	0	0	0	0	0	0	0	0	0	0	0	0	0	0	0	0	0	0	0	0	0	0	1.629	0	0	0	0	0	0	0	0	0	0	0	1.629	0	0	0	0	0	0	0	1.629	0	0	0	0	0	0	0	0	1.629	0	1.629	0	1.629	0	0	3.258	0	0	0	0	1.629	0	0	0	0	0	4.887	0	0	0	0	0	0	0	0	0	0	0	0	0	0	0	0	0	0	0	0	0	0	0	0	0	0	0	0	0	0	0	0	0	0	0	0	0	0	0	0	0	0	0	0	0	0	0	0	0	0	0	0	0	0	0	0	0	0	0	0	0	0	0	0	0	0	0	0	0	0	0	0	0	0	0	0	0	0	0	0	0	1.629	0	0	0	50:60,1893.545:200,50:80
Hilpda-NM_001190461	0	0	0	0	0	0	0	0	0	0	0	0	0	0	0	0	0	0	0	0	0	0	0	0	0	0	0	0	0	0	0	0	0	0	0	0	0	0	0	0	0	0	0	0	0	0	0	0	0	0	0	0	0	0	0	0	0	0	0	3.258	0	0	0	0	0	0	0	0	0	1.629	1.629	0	0	1.629	3.258	24.369	24.125	8.78	31.325	7.51	1.629	0	0	2.346	4.17	1.629	0	0	0	1.629	0	0	0	1.629	0	3.258	11.403	4.887	3.258	0	0	0	0	0	0	0	3.258	0	0	0	0	0	0	0	0	0	0	0	0	0	1.629	0	0	0	0	0	0	0	0	0	0	0	0	0	0	0	0	0	3.258	1.629	1.629	0	0	0	0	17.202	26.78	0	0	0	0	0	0	0	0	0	0	0	0	0	0	0	0	0	0	0	0	0	1.629	0	1.629	1.629	0	3.258	0	0	0	0	0	0	3.258	3.258	3.681	2.834	0	0	4.887	1.629	1.629	0	0	0	0	0	0.57	1.059	0	0	0	0	0	0	0	0	0	0	0	0	0	0	0	0	0	0	0	0	0	0	0	0	0	0	0	0	0	0	1.629	0	0	1.629	0	0	1.629	1.629	0	0	3.258	1.629	0	0	0	0	0	1.629	0	0	0	0	0	0	0	0	0	0	0	0	0	0	1.629	0	0	0	0	0	0	0	0	1.629	1.629	1.629	8.145	3.258	0	3.258	0	1.629	0	1.629	0	1.629	4.887	3.258	0	3.258	8.145	0	0	1.629	4.887	1.629	1.629	0	1.629	1.629	6.516	0	0	0	4.887	1.629	1.629	0	0	0	4.887	0	3.258	0	1.629	3.258	0	0	0	0	1.629	1.629	1.629	6.516	1.629	0	0	0	0	0	0	1.629	0	0	0	0	4.887	0	1.629	0	0	1.629	0	0	0	0	50:60,14.81:200,50:80
Hnrnph3-NM_001079824	0	0	0	0	0	0	0	0	0	0	0	0	0	0	0	0	0	0	0	0	0	0	0	0	0	0	0	0	0	0	0	0	0	0	0	0	0	0	0	1.629	0	4.887	0	3.258	0	0	0	0	0	0	0	0	0	0	0	0	0	0	0	13.032	32.579	19.548	39.095	37.466	1.629	9.774	8.145	3.258	3.258	0	1.629	0	0	0	9.774	1.629	3.258	1.629	1.629	3.258	6.516	30.071	30.201	13.553	43.461	1.629	6.516	4.887	0	1.629	58.089	10.328	1.629	0	6.516	0	1.629	11.957	15.736	9.774	6.516	43.982	8.129	0.016	0	3.258	1.629	16.29	0	8.145	21.877	7.444	8.145	6.516	8.145	22.806	13.032	13.032	1.629	13.032	21.177	0	4.887	3.258	4.887	1.629	4.887	0	1.629	6.516	0	21.177	1.629	3.258	6.516	16.29	14.661	19.548	0	1.629	16.29	8.145	0	0	0	0	9.774	16.29	29.321	6.516	0	14.661	22.806	9.774	0	11.403	0	0	1.629	1.629	9.774	4.887	4.887	3.258	1.629	0	0	0	1.629	0	13.032	9.774	1.629	4.887	13.032	1.629	0	0	0	4.887	1.629	1.629	1.629	8.145	4.887	22.806	9.774	0	3.258	4.887	17.919	4.887	0	1.629	3.258	9.774	1.629	4.887	0	21.177	8.145	4.887	3.258	3.258	0	6.516	0	9.774	1.629	0	0	9.774	0	3.258	0	0	1.629	3.258	0	1.629	1.629	0	6.516	1.629	1.629	4.887	1.629	6.516	11.403	4.887	0	4.887	0	0	1.629	13.032	22.806	43.233	4.007	0	11.403	3.258	1.629	0	0	4.887	0	6.516	4.887	6.516	3.258	6.516	16.29	0	3.258	11.403	0	3.258	0	0	1.629	8.145	1.629	8.145	3.258	0	9.774	0	13.032	0	1.629	3.258	0	0	0	1.629	13.032	42.353	17.919	1.629	1.629	0	0	0	0	0	14.661	1.629	14.661	0	11.403	1.629	9.774	17.919	0	0	0	3.258	1.629	8.145	37.466	3.258	1.629	13.032	0	1.629	0	3.258	9.774	3.258	3.258	1.629	1.629	1.629	6.516	8.145	4.887	3.258	27.692	3.258	1.629	0	0	0	1.629	4.887	1.629	4.887	4.887	9.774	74.933	26.064	3.258	3.258	9.774	1.629	0	1.629	1.629	1.629	50:60,45.93:200,50:80
Hoxa6-NM_010454	0	1.629	0	0	0	0	0	0	0	0	0	0	0	0	0	0	0	0	0	0	0	0	0	0	0	0	0	0	0	0	0	0	0	0	0	0	0	0	0	0	0	0	0	0	0	0	0	0	0	0	0	0	0	0	0	0	0	0	0	0	0	0	0	0	0	0	0	0	0	0	0	0	0	0	0	0	0	0	0	0	0	0	0	0	0	0	0	0	0	0	0	0	0	0	0	0	0	0	0	0	0	0	0	0	0	0	0	0	0	0	0	0	0	0	0	0	0	0	0	0	0	0	0	0	0	0	0	0	0	0	0	0	0	0	0	0	0	0	0	0	0	0	0	0	0	0	0	0	0	0	0	0	0	0	0	0	0	0	0	0	0	0	0	0	0	0	0	0	0	0	0	0	0	0	0	0	0	0	0	0	0	0	0	0	0	0	0	0	0	0	0	0	0	0	0	0	0	0	0	0	0	0	0	0	0	0	0	0	0	0	0	0	0	1.629	0	0	0	0	0	0	0	0	0	0	0	0	0	0	0	0	0	0	0	0	0	0	0	0	0	0	0	0	0	0	0	0	0	0	0	0	0	0	0	0	0	0	0	0	0	0	0	0	0	0	0	0	0	1.629	1.629	0	0	0	0	0	0	0	0	0	0	0	0	0	0	0	0	0	0	0	0	0	1.629	0	0	0	0	0	0	0	1.629	0	0	0	0	0	0	0	3.258	0	0	0	0	0	0	0	0	0	0	0	0	0	0	0	0	0	0	0	0	0	0	0	0	0	0	0	0	0	0	0	0	0	50:60,19.075:200,50:80
Hsd3b7-NM_133943	1.629	6.516	6.516	3.258	11.403	1.629	6.516	21.177	4.887	8.145	6.516	11.403	9.774	11.403	4.887	0	9.774	21.177	16.29	11.403	1.629	0	0	1.629	6.516	1.629	1.629	1.629	8.145	1.629	0	0	4.887	0	0	3.258	3.258	0	0	1.629	1.629	0	17.919	0	3.258	17.919	4.887	4.887	3.258	1.629	1.629	14.661	1.629	9.774	0	0	0	3.258	1.629	8.145	6.516	6.32	1.824	3.258	14.416	10.018	3.258	0	2.818	2.069	0	3.258	0	3.258	0	1.629	3.258	0	0	2.281	0.977	0	0	0	0	0	0	4.887	0	0	0	1.629	4.903	11.354	35.87	3.128	0.13	0	3.258	0	0	0	1.629	0	1.629	0	3.258	1.629	1.629	0	0	0	0	0	0	0	0	0	3.258	3.258	0	0	0	1.759	1.499	4.887	3.258	1.629	6.516	6.516	0	0	0	0	0	1.629	0	1.075	0.554	0	0	0	0	0	1.629	0	0	0	0	0	0	0	0	0	0	0	0	0	0	0	1.629	0	0	0	1.629	0	0	0	0	2.769	10.816	2.704	6.516	0	0	0	0	3.258	0	0	1.629	1.629	0	0	0	0	1.629	0	0	4.887	0.114	1.515	0	0	0	0	0	0	1.629	0	0	0	1.629	0	1.629	0	0	1.629	0	0	0	0	0	0	0	0	0	0	0	0	3.258	6.516	8.503	2.9	1.629	3.258	1.629	0	0	0	3.258	0	0	0	0	0	0	4.887	0	0	0	0	0	0	0	0	0	0	0	0	0.44	2.818	0	0	0	0	0	0	0	0	0	4.887	0	0	1.629	0	1.629	1.629	0	3.258	9.774	3.258	4.887	0	11.403	0	16.29	4.887	0	24.435	8.145	3.258	4.887	0	0	6.516	0	0	8.145	0	0	0	0	0	3.258	0	0	1.629	0	0	3.258	6.516	0	0	1.629	0	0	4.887	0	0	0	0	0	0	0	0	0	1.629	1.629	0	0	0	0	1.629	0	1.629	0	0	0	0	0	0	0	0	0	0	0	0	0	0	50:60,15.97:200,50:80
I0C0044D17Rik-NR_151512	0	0	0	0	0	0	0	0	0	0	0	0	0	0	0	0	0	0	0	0	0	0	0	0	0	0	0	0	0	0	0	1.629	0	0	0	0	0	0	0	0	0	0	0	0	0	0	0	0	0	0	0	0	0	0	0	0	0	0	0	0	0	0	0	0	0	0	0	0	0	0	0	0	0	0	0	0	0	0	0	0	0	0	0	0	0	0	0	0	0	0	0	0	0	0	0	0	0	0	0	0	0	0	0	0	0	0	0	0	0	0	0	0	0	0	0	0	0	0	0	0	0	0	0	0	0	0	0	0	0	0	0	0	0	0	0	0	0	0	0	0	0	0	0	0	0	1.629	0	0	0	0	0	0	0	0	0	0	0	0	0	0	0	0	0	0	0	0	0	0	0	0	0	0	0	0	0	0	0	0	0	0	0	0	0	0	0	0	0	0	0	0	0	0	0	0	0	0	0	0	0	0	0	0	0	0	0	0	0	0	0	0	0	0	0	0	0	0	0	0	0	0	0	0	0	0	0	0	0	0	0	0	0	0	0	0	0	0	0	0	0	0	0	0	0	0	0	0	0	0	0	0	0	0	0	0	0	0	0	0	0	0	0	0	0	0	0	0	0	0	0	0	0	0	0	0	0	0	0	0	0	1.629	0	0	0	0	0	0	1.629	0	0	0	0	0	0	0	0	0	0	0	0	0	0	0	0	0	0	0	0	0	0	0	0	0	0	0	0	0	0	0	0	0	0	0	0	0	0	0	0	0	0	0	0	0	0	0	0	0	0	0	0	0	50:60,26.83:200,50:80
Ifitm2-NM_030694	0	0	0	3.258	0	1.629	6.516	0	0	0	1.629	0	0	0	0	0	0	3.258	0	0	0	0	0	0	0	0	0	0	0	0	0	0	0	1.629	0	0	0	0	1.629	1.629	0	0	0	1.629	0	0	3.258	0	0	0	0	0	8.145	6.516	0	1.629	0	0	0	0	0	0	0	1.629	4.887	0	0	0	0	0	0	0	0	3.258	0	0	0	0	0	0	0	0	0	0	0	0	0	0	0	0	0	0	0	0	0	0	0	0	0	0	0	0	0	0	0	0	0	0	0	0	0.595	2.663	3.258	0.342	1.287	0	0	1.629	9.774	0	1.629	0	0	0.586	1.043	1.629	3.258	0	0	0	0	0	0	0	0	0	0	0	0	0	0	0	0	2.15	1.108	1.629	0	0	4.455	2.061	1.629	1.629	1.629	0	0	0	0	0	0	0	0	0	0	0	0	0	1.629	0	0	0	0	1.629	1.629	6.516	2.362	4.154	0	0	0	0	0	0	0	0	1.629	0	0	0	0	0	0	0	0	0	0	1.629	0	0	4.887	1.629	0	0	0	0	0	0	0	0	0	0	0	0	0	0	0	0	0	0	0	0	0	0	0	0	0	0	0	0	0	0	0	0	0	0	0	0	0	0	0	0	0	0	0	0	0	0	0	0	0	0	0	0	0	0	0	0	9.774	7.396	5.636	8.145	78.191	6.516	4.887	1.629	0	3.258	4.887	13.032	16.29	6.516	0	0	6.516	0	0	14.661	8.145	1.629	6.516	3.258	19.548	24.435	8.145	13.032	8.145	35.837	0	26.064	11.403	3.258	1.629	8.145	30.95	9.774	8.145	9.774	19.548	1.629	3.258	1.629	3.258	3.258	16.29	14.661	1.629	3.258	11.403	1.629	6.516	3.258	0	6.516	0	9.774	6.516	4.887	1.629	4.887	1.629	40.724	4.887	0	4.887	6.516	4.887	43.982	0	1.629	9.774	29.321	14.661	29.321	8.145	4.887	8.145	3.258	27.693	9.774	3.258	0	50:60,5.615:200,50:80
Ift140-NM_134126	0	0	0	0	0	0	0	0	0	1.629	0	3.258	0	3.258	0	0	0	0	0	0	0	0	0	0	0	0	0	0	0	0	0	0	0	0	0	0	0	0	0	0	1.629	0	0	0	0	4.887	1.629	0	0	0	0	0	0	0	0	0	0	0	0	3.258	109.141	29.321	13.032	6.516	11.403	11.403	6.516	4.887	0	14.661	11.403	4.887	3.258	0	1.629	8.145	6.516	1.629	6.516	0	13.032	8.145	3.258	3.258	9.774	1.629	3.258	6.516	14.661	3.258	4.887	8.145	9.774	14.661	6.516	3.258	9.774	4.887	6.516	3.258	22.806	0	6.516	8.145	3.258	13.032	8.145	3.258	9.774	4.887	3.258	6.516	4.887	0	3.258	4.887	6.516	0	1.629	6.516	4.887	4.887	6.516	4.887	0	0	6.516	14.661	11.403	0	6.516	11.403	0	1.629	1.629	11.403	3.258	1.629	9.774	9.774	1.629	3.258	1.629	1.629	0	3.258	1.629	3.258	4.887	3.258	3.258	4.887	1.629	3.258	3.258	0	3.258	1.629	1.629	4.887	0	1.629	1.629	1.629	1.629	0	0	1.629	1.629	3.258	1.629	1.629	3.258	1.629	0	1.629	0	6.516	3.258	6.516	6.516	3.258	0	0	6.516	3.258	6.516	4.887	6.516	6.516	8.145	1.629	6.516	0	8.145	4.887	8.145	3.258	3.258	3.258	3.258	0	9.774	3.258	1.629	3.258	4.887	4.887	3.258	0	8.145	1.629	3.258	1.629	1.629	4.887	3.258	4.887	6.516	6.516	5.962	24.988	26.064	6.516	22.806	9.774	8.145	9.774	13.032	8.145	1.629	11.403	1.629	1.629	0	21.177	1.629	3.258	6.516	8.145	4.887	1.629	11.403	11.403	9.774	1.629	0	0	1.629	1.629	3.258	8.145	4.887	1.629	4.887	0	3.258	8.145	4.887	6.516	0	0	1.629	1.629	0	0	3.258	0	1.629	0	1.629	0	0	0	0	1.629	1.629	0	0	0	3.258	0	0	0	0	0	0	0	0	0	0	11.403	0	0	0	0	0	0	0	0	0	4.887	0	0	0	1.629	1.629	0	0	0	0	0	0	0	0	0	1.629	3.258	0	0	0	0	0	0	0	0	1.629	0	0	1.629	9.774	0	0	0	1.629	0	1.629	0	0	0	50:60,417.06:200,50:80
Igsf1-NM_183335	0	0	0	0	0	0	0	0	0	0	0	0	0	4.887	1.629	0	0	0	0	0	0	0	0	1.629	0	0	0	0	0	0	0	0	0	0	0	0	0	0	0	0	0	0	0	0	0	0	0	0	0	1.629	0	0	0	0	0	0	0	0	0	0	0	0	0	0	0	0	0	0	0	0	0	0	0	0	0	0	0	0	0	0	0	0	0	0	0	0	0	0	0	0	0	0	0	0	0	0	0	0	0	0	0	0	0	0	0	0	0	0	0	0	0	1.629	0	0	0	0	0	0	0	0	0	0	0	0	0	0	0	0	0	0	0	0	0	0	0	0	0	0	0	0	0	0	0	0	0	0	0	0	0	0	0	0	0	0	0	0	0	0	0	0	0	0	0	0	0	0	0	0	0	0	0	0	0	0	0	0	0	0	0	0	0	0	0	0	0	0	0	0	0	0	0	0	0	0	0	0	0	0	0	0	0	0	0	0	0	0	0	0	0	0	0	0	0	0	0	0	0	0	0	0	0	0	0	0	1.629	0	0	0	0	0	0	0	0	0	0	0	0	0	0	0	0	0	0	0	0	0	0	0	0	0	0	0	0	0	0	0	0	0	0	0	0	0	0	0	0	0	0	0	0	0	0	0	1.629	0	0	0	0	0	0	0	0	0	0	0	0	0	0	0	0	0	0	0	0	0	0	0	0	0	0	0	0	0	0	0	0	0	0	0	0	0	0	0	0	0	0	0	0	0	0	0	0	0	0	0	0	0	0	0	0	0	0	0	0	0	0	0	0	0	0	0	50:60,45.08:200,50:80
Inpp4b-NM_001297591	0	0	0	0	0	0	0	0	0	0	0	0	0	0	0	0	0	0	0	0	0	0	0	0	0	0	0	0	0	0	0	0	0	0	0	0	0	0	0	0	0	0	0	0	0	0	0	0	0	0	0	0	0	0	0	0	0	0	0	0	0	0	0	0	0	0	1.629	0	0	0	0	0	0	1.629	0	0	0	0	1.629	0	0	0	0	0	0	0	1.629	0	0	0	0	3.258	4.887	0	0	0	0	0	0	0	0	0	0	0	0	0	0	0	0	0	1.629	3.258	0	0	0	0	1.629	0	0	0	0	0	0	0	0	0	0	0	0	0	0	0	0	0	0	0	0	0	0	0	0	0	0	0	0	0	0	0	4.887	0	0	0	0	0	0	0	0	0	0	0	0	0	0	0	0	0	1.629	0	0	0	0	0	0	0	0	0	0	0	0	0	0	0	0	0	0	0	0	0	0	0	0	0	0	1.629	4.887	1.629	0	0	0	1.629	0	4.887	4.887	0	0	0	0	0	0	0	3.258	0	0	0	0	0	0	0	1.629	0	0	1.629	0	0	0	0	0	4.887	0	0	0	0	0	0	1.629	0	0	1.629	0	0	0	0	0	0	1.629	0	0	0	0	0	0	0	0	0	0	0	0	0	0	0	0	0	0	0	0	0	0	0	0	0	0	0	0	0	0	0	0	0	0	0	0	0	0	0	0	0	0	0	0	0	0	0	0	0	0	0	0	0	0	0	0	0	0	0	0	0	0	0	0	0	0	0	0	0	0	0	0	0	0	0	0	0	0	0	0	0	0	0	0	0	0	0	0	0	0	0	0	0	0	0	50:60,3900.045:200,50:80
Ipo5-NM_001360602	1.629	3.258	0	4.887	9.774	1.629	39.095	11.403	0	13.032	9.774	0	0	1.629	32.579	4.887	1.629	4.887	3.258	0	0	0	3.258	14.661	1.629	1.629	6.516	0	0	3.258	0	1.629	0	0	0	0	8.145	3.258	0	9.774	8.145	0	19.548	1.629	11.403	4.887	0	16.29	8.145	3.258	4.887	1.629	0	6.516	8.145	1.629	13.032	29.321	0	9.774	13.032	8.145	3.258	57.014	11.403	14.661	16.29	6.516	17.919	8.145	34.208	30.95	8.145	40.724	11.403	9.774	17.919	16.29	21.177	4.887	4.887	19.548	39.975	8.894	22.806	6.516	32.579	30.95	45.611	30.95	0	125.431	14.661	8.145	13.032	6.516	21.177	17.919	73.304	1.629	24.435	27.693	1.629	19.548	14.661	8.145	8.145	3.258	21.177	37.466	84.707	99.367	13.032	14.661	16.29	1.629	11.403	8.145	47.24	19.548	47.24	19.548	21.177	6.516	30.95	14.661	61.901	154.752	9.774	11.403	17.919	6.516	48.869	4.887	19.548	16.29	13.032	30.95	4.887	9.774	9.774	8.145	96.386	14.384	9.774	3.258	19.548	9.969	14.465	9.774	16.29	61.901	13.032	13.032	34.208	8.145	29.321	0	11.403	11.403	16.29	13.032	8.145	11.338	17.984	40.724	0	0	1.629	14.661	16.29	33.426	15.443	17.919	79.82	39.095	3.258	22.512	47.533	1.629	43.64	25.689	21.893	9.774	1.629	29.321	34.208	17.919	22.806	8.145	17.919	13.032	8.145	70.046	13.032	8.145	13.032	6.516	16.29	10.1	28.996	1.629	21.177	63.53	4.887	29.321	39.095	9.774	57.014	4.887	6.516	36.619	20.395	45.611	14.661	9.774	22.806	68.417	9.774	37.466	19.548	3.258	21.177	27.693	8.145	13.032	3.258	42.875	14.139	17.919	34.208	11.403	4.887	3.258	27.693	26.064	8.145	4.887	1.629	14.987	38.77	122.173	22.806	9.774	22.806	3.258	3.258	4.887	4.887	3.258	24.435	55.385	17.919	3.258	6.516	16.29	42.353	45.611	3.258	22.806	11.403	4.887	1.629	16.29	1.629	8.145	9.774	21.177	4.887	17.919	3.258	43.982	1.629	14.661	0	17.919	9.774	3.258	0	1.629	0	11.403	19.548	4.887	6.516	19.548	17.919	0	3.258	1.629	34.208	1.629	0	26.064	4.887	3.258	0	14.661	17.919	0	8.145	1.629	1.629	13.032	1.629	6.516	30.95	19.548	0	0	8.145	4.887	6.516	6.516	16.29	3.258	0	8.145	14.661	1.629	4.887	0	3.258	0	11.403	8.145	1.629	13.032	21.177	0	0	0	0	0	0	8.145	0	0	1.629	0	50:60,160.99:200,50:80
Ipo9-NR_151727	0	0	0	0	0	0	3.258	0	0	0	0	0	0	0	0	1.629	0	0	0	0	0	0	0	0	0	0	0	0	0	0	1.629	1.629	0	0	0	0	0	0	0	0	0	0	1.629	0	1.629	0	0	0	0	0	0	0	0	0	0	1.629	0	0	0	0	690.684	24.435	32.579	4.887	11.403	14.661	9.774	11.403	8.145	1.629	14.661	5.343	7.689	8.145	6.516	3.258	4.887	8.145	8.145	32.579	27.693	9.774	4.887	26.064	32.579	1.629	4.887	0.521	23.913	8.145	11.403	13.032	9.774	3.258	6.516	8.145	14.661	11.403	0	0	8.145	9.774	11.403	4.887	19.548	37.466	0	3.258	19.548	11.403	1.629	13.032	3.258	6.516	11.403	8.145	1.629	0	6.516	1.629	9.774	0	3.258	3.258	16.29	4.887	6.516	14.661	1.629	3.258	16.29	8.145	9.155	33.198	19.548	1.629	17.919	1.629	16.29	6.516	9.774	4.887	8.145	6.516	14.661	11.403	6.516	9.774	1.629	4.887	9.774	9.774	4.887	11.403	9.774	22.806	8.438	14.368	9.774	17.919	16.29	14.661	4.887	16.29	6.516	4.887	6.516	3.258	6.516	8.145	15.215	9.22	6.516	27.692	0	3.258	11.403	16.29	8.145	6.516	16.29	3.258	3.258	47.24	21.991	12.217	13.032	3.258	16.29	3.258	17.919	1.629	4.887	0	11.403	0	0	11.403	6.516	9.774	6.516	8.145	1.629	3.258	4.887	0	1.629	16.29	9.774	3.258	9.774	0	6.516	6.516	17.919	9.774	4.887	1.629	0	3.258	17.919	1.629	6.516	9.774	9.774	6.516	16.29	22.806	1.629	6.516	8.145	3.258	21.177	1.629	14.661	0	4.887	1.629	9.774	6.516	11.403	8.145	13.032	13.032	11.403	22.806	4.887	3.258	8.145	3.258	8.145	16.29	17.919	11.403	4.887	17.919	24.435	22.806	27.693	26.064	0	1.629	0	4.887	4.887	8.145	3.258	21.177	14.661	0	0	0	3.258	8.145	13.032	4.887	1.629	4.887	3.258	0	0	19.548	4.887	32.579	1.629	6.516	0	17.919	19.548	30.95	1.629	3.258	3.258	9.774	17.919	8.145	6.516	4.887	27.693	3.258	21.177	16.29	19.548	13.032	1.629	0	0	0	0	19.548	4.887	4.887	0	0	0	0	4.887	16.29	0	0	6.516	19.548	14.661	1.629	11.403	6.516	21.177	11.403	13.032	1.629	4.887	0	0	0	0	3.258	0	0	0	1.629	50:60,240.94:200,50:80
Irx6-NM_001301137	0	0	0	0	0	0	0	0	0	0	0	0	0	0	0	0	0	0	0	0	0	0	0	0	0	0	0	0	0	0	0	0	0	0	0	0	0	0	0	0	0	0	0	0	0	0	0	0	0	0	0	0	0	0	0	0	0	0	0	0	0	0	0	0	0	0	0	0	0	0	0	0	0	0	0	0	0	0	0	0	0	0	0	0	0	0	0	0	0	0	0	0	0	0	0	0	0	0	0	0	0	0	0	0	0	0	0	0	0	0	0	0	0	0	0	0	0	0	0	0	0	0	0	0	0	0	0	0	0	0	0	0	0	0	0	0	0	0	0	0	0	0	0	0	0	0	0	0	0	0	0	0	0	0	0	0	0	0	0	0	0	0	0	0	0	0	0	0	0	0	0	0	0	0	0	0	0	0	0	0	0	0	0	0	0	0	0	0	0	0	0	0	0	0	0	0	0	0	0	0	0	0	0	0	0	0	0	0	0	0	0	0	0	0	0	0	0	0	0	0	0	0	0	0	0	0	0	0	0	0	0	0	0	0	0	0	0	0	0	0	0	0	0	0	0	0	0	0	0	0	0	0	0	0	0	0	0	0	0	0	0	0	0	0	0	0	0	0	0	0	0	0	0	0	0	0	0	0	0	0	0	0	0	0	0	0	0	0	0	0	0	0	0	0	0	0	0	0	0	0	0	0	0	0	0	0	0	0	0	0	0	0	0	0	0	0	0	0	0	0	0	0	0	0	0	0	0	0	0	0	0	0	0	0	0	0	0	0	0	0	50:60,33.34:200,50:80
Izumo1-NM_001018013	0	0	0	0	0	1.629	0	0	0	0	0	0	1.629	0	0	0	0	0	0	1.629	0	0	0	0	0	0	0	0	0	0	0	0	0	0	0	0	3.258	0	0	0	0	0	0	0	0	0	0	0	0	0	0	1.629	0	0	1.629	0	1.629	0	0	0	8.145	1.629	0	0	0	0	1.629	0	0	0	0	0	1.629	0	0	0	0	0	0	0	0	3.258	0	0	3.258	3.258	0	0	0	0	0	0	0	0	0	0	0	0	0	0	0	0	0	0	0	0	0	1.108	2.15	0	0	1.629	0	0	0	0	0	0	0	0	0	0	0	0	1.629	0	1.629	0	0	0	0	0	3.258	0	0	0	0	0	0	0	0	0	1.629	0	0	0	1.629	0	0	0	0	0	0	1.629	1.629	1.629	0	0	0	1.629	0	1.629	0	0	0	0	0	0	0	0	0	0	0	0	0	0	0	0	0	0	0	0	0	0	0	0	4.887	0	0	0	0	0	0	0	0	0	0	0	0	0	0	0	0	0	0	0	4.887	0	0	0	0	0	0	0	0	0	0	0	0	0	0	0	0	0	0	0	0	0	0	0	0	0	0	0	0	0	0	0	0	1.629	0	0	1.629	1.629	0	0	0	0	0	0	0	0	0	0	0	0	1.629	0	0	3.258	0	0	0	1.629	0	0	0	0	0	0	0	0	0	0	0	1.629	0	0	0	3.258	0	1.629	0	0	0	0	0	0	0	0	0	0	0	0	1.629	0	6.516	0	0	4.887	68.417	13.032	11.403	0	0	0	1.629	0	0	0	0	0	0	0	0	0	0	1.629	0	0	1.629	0	1.629	0	0	0	0	4.887	0	1.629	0	0	0	1.629	0	0	0	0	0	0	50:60,27.16:200,50:80
Kcnip3-NM_001111331	0	0	0	0	0	0	0	0	0	0	0	0	0	0	0	0	0	8.145	6.516	0	0	0	0	0	0	0	0	0	4.887	0	0	0	0	0	0	0	0	0	0	0	0	0	0	0	0	0	0	0	0	1.629	0	0	0	0	0	0	0	1.629	0	0	11.403	3.258	1.629	3.258	1.629	0	3.258	0	1.629	0	0	0	1.629	0	0	0	1.629	0	3.258	0	1.629	3.258	0	1.629	1.629	0	0	0	0	0	0	0	0	0	0	0	0	0	3.258	0	0	0	0	1.629	0	0	0	0	1.629	1.629	0	0	1.629	0	0	0	0	4.887	1.629	0	0	0	1.629	1.629	0	0	6.516	3.258	0	1.629	0	0	0	0	1.629	0	0	1.629	6.516	0	0	1.629	0	0	0	1.629	0	0	0	0	1.629	0	1.629	1.629	0	0	0	0	0	0	0	0	0	0	0	1.629	0	1.629	0	0	0	0	1.629	0	0	0	0	0	0	1.629	0	0	0	0	0	0	0	0	0	0	0	0	0	0	0	0	0	0	0	0	1.629	0	0	0	0	0	1.629	0	0	1.629	0	0	0	0	0	0	0	0	0	1.629	0	0	0	0	0	1.629	0	0	0	0	0	0	0	0	0	0	0	0	0	0	0	1.629	0	0	0	0	0	0	0	0	3.258	0	0	0	0	0	1.629	0	0	0	0	0	0	0	4.887	0	0	0	0	0	0	0	1.629	0	4.887	0	0	0	0	0	0	0	0	0	0	0	0	0	0	0	0	0	0	0	0	0	1.629	3.258	0	0	0	0	0	0	1.629	0	0	0	0	0	0	0	0	0	0	0	0	0	0	0	0	1.629	0	0	0	0	0	0	0	0	0	1.629	0	0	0	0	0	0	0	0	50:60,130.01:200,50:80
Kctd10-NM_026145	0	0	0	0	0	0	0	0	0	0	0	0	0	0	0	0	0	0	0	0	0	0	0	1.629	0	0	0	0	0	0	0	0	0	0	0	0	0	0	0	0	0	0	0	0	0	0	0	0	1.629	0	0	0	0	0	0	1.629	0	0	1.629	1.629	104.254	64.084	51.573	14.661	13.602	2.688	4.887	1.629	16.29	13.032	6.516	35.837	37.466	8.145	3.258	6.516	9.774	1.629	6.516	1.629	9.774	3.258	3.258	4.887	13.032	17.919	3.258	4.887	3.258	3.258	3.258	8.145	1.629	6.516	9.774	4.887	1.629	1.629	0	0	4.887	1.629	0	8.145	3.258	0	9.774	14.661	3.258	1.629	3.535	6.239	8.145	6.516	3.258	4.887	6.516	4.887	16.29	3.258	19.548	13.162	9.644	0	0	0	0	6.516	14.661	4.724	6.679	6.516	13.032	0	6.516	6.516	0	1.629	8.145	1.629	1.629	16.29	16.29	3.258	14.661	3.258	1.629	6.516	3.258	0	0	3.258	3.763	7.64	0	3.779	7.624	8.145	1.629	3.258	13.032	16.29	8.145	1.629	1.629	1.629	10.393	10.784	1.629	0	6.516	3.258	1.629	0	6.516	1.629	6.516	3.258	24.435	21.177	1.629	0	1.629	0	6.516	8.145	17.919	6.516	1.629	1.629	0	3.258	1.629	3.258	1.629	1.629	0	27.693	19.548	21.177	4.887	1.629	0	0	0.244	22.561	4.887	3.258	9.774	1.629	4.887	0	0	1.629	1.629	3.258	0	3.258	3.258	6.516	4.887	3.258	3.258	0	11.403	8.503	12.673	19.548	4.887	0	8.145	16.29	9.774	9.774	1.629	0	3.258	11.403	17.919	6.516	9.774	1.629	3.258	0	0	26.454	15.899	19.548	4.887	0	3.258	4.887	4.887	0	0	0	9.774	0	1.629	6.516	1.629	1.629	0	1.629	8.145	0	0	1.629	3.258	1.629	1.629	0	1.629	0	4.887	0	0	0	0	6.516	6.516	8.145	3.258	4.887	1.629	0	1.629	3.258	4.887	0	1.629	8.145	3.258	3.258	0	0	0	9.774	0	0	0	3.258	1.629	0	0	0	4.887	6.516	29.321	8.145	0	0	0	3.258	4.887	3.258	3.258	0	0	3.258	4.887	0	0	1.629	6.516	3.258	0	0	1.629	0	3.258	1.629	8.145	0	3.258	11.403	1.629	1.629	0	0	50:60,84.67:200,50:80
Kdm2a-NM_001001984	0	0	0	0	0	0	0	0	0	0	0	0	1.629	0	0	0	0	0	0	0	0	0	0	0	0	0	0	1.629	0	9.774	9.774	0	0	1.629	0	0	0	17.919	0	3.258	0	0	0	0	1.629	0	0	3.258	0	1.629	1.629	4.887	0	0	0	0	0	0	4.887	42.353	102.625	141.72	73.304	92.851	22.806	27.692	58.643	37.466	53.756	3.258	24.435	17.919	0	14.661	9.774	14.661	9.774	14.661	47.24	13.032	27.692	14.661	68.417	50.498	19.548	21.177	8.145	18.473	15.736	20.606	15.231	32.579	21.177	11.843	45.171	16.29	16.29	45.611	32.579	32.579	6.516	19.548	83.078	16.29	16.29	17.919	40.724	3.258	34.208	37.466	13.691	61.241	19.083	67.252	9.815	12.991	32.579	9.774	1.629	29.321	96.109	73.304	11.403	35.837	19.548	4.887	24.435	35.837	34.208	34.208	4.887	21.177	58.643	21.177	35.837	16.29	30.95	6.516	11.403	0	17.919	19.548	0	30.95	16.29	17.919	22.806	8.145	6.516	11.403	13.032	1.629	16.29	6.516	34.208	3.258	34.208	22.806	30.95	13.032	6.516	22.806	17.805	19.662	6.516	22.806	14.661	3.258	3.258	9.774	14.661	26.064	24.435	4.887	3.258	14.661	1.629	16.29	0	21.177	19.548	13.032	4.887	30.95	8.145	27.692	4.887	32.579	21.177	4.887	8.145	6.516	8.145	24.435	16.29	8.145	42.353	11.403	21.177	11.403	8.145	11.403	26.064	1.629	11.403	26.064	24.435	6.516	3.258	11.403	0	17.919	9.774	81.449	47.24	53.756	102.625	260.635	45.611	171.042	174.3	16.29	26.064	76.562	39.095	24.435	52.127	14.661	37.466	19.548	100.996	27.692	30.95	61.901	68.417	37.466	73.304	47.24	17.919	47.24	6.516	40.724	39.095	37.466	34.208	76.285	27.969	79.82	32.579	45.611	22.806	19.548	16.29	29.321	45.611	76.562	73.304	92.851	140.092	92.851	1.629	3.258	3.258	3.258	32.579	60.272	87.964	1.629	0	1.629	9.774	11.403	6.516	27.693	8.145	3.258	9.774	29.321	13.032	13.032	6.516	21.177	61.901	43.982	16.29	9.774	26.064	3.258	27.693	6.516	13.032	22.806	6.516	1.629	6.516	21.177	11.403	24.435	3.258	16.29	19.548	11.403	21.177	1.629	0	13.032	3.258	3.258	4.887	11.403	3.258	8.145	0	0	1.629	6.516	3.258	3.258	1.629	11.403	4.887	3.258	13.032	1.629	0	14.661	4.887	1.629	8.145	0	3.258	0	1.629	1.629	0	0	0	0	1.629	0	50:60,404.655:200,50:80
Klc3-NM_146182	1.629	0	0	0	0	0	0	0	1.629	0	0	0	0	0	0	0	0	0	0	0	0	0	0	0	0	0	0	0	1.629	0	0	0	0	0	0	0	0	0	0	0	0	1.629	0	0	0	0	0	0	0	0	0	0	0	0	0	0	0	0	0	0	0	8.145	4.887	0	6.516	4.887	1.629	1.629	1.629	0	1.629	0	0	0	1.629	3.258	1.629	3.258	0	3.258	1.629	0	0	0	0	0	0	0	0	0	1.629	3.258	0	1.629	0	0	0	0	0	0	0	0	0	0	0	0	0	0	0	0	0	0	0	0	0	0	0	0	1.629	6.516	9.774	0	0	0	1.629	0	0	0	0	0	0	1.629	0	0	0	0	0	0	0	0	0	1.629	0	0	0	0	0	0	0	0	0	0	0	0	0	0	1.629	0	3.258	0	1.629	0	0	0	0	0	0	0	1.629	0	0	0	0	0	0	0	0	0	0	0	0	0	0	0	0	0	0	0	0	0	0	4.887	0	0	0	0	1.629	0	0	0	0	0	0	0	0	0	4.887	0	0	0	0	0	0	0	0	0	0	0	1.629	0	0	0	0	0	0	0	0	0	0	0	0	0	0	0	0	0	0	0	0	0	0	0	3.258	0	0	0	0	0	0	0	0	0	0	0	0	1.629	0	0	0	0	0	0	0	0	0	0	3.258	0	0	1.629	0	0	0	0	3.258	0	0	0	0	0	0	0	0	0	0	0	0	0	0	1.629	0	0	0	3.258	1.629	0	0	1.629	0	0	0	0	0	0	0	0	1.629	0	0	0	0	8.145	0	0	0	0	0	0	0	0	0	0	0	0	1.629	0	0	0	1.629	0	4.887	0	0	0	0	0	0	1.629	0	3.258	50:60,27.41:200,50:80
Klf8-NM_001357183	0	0	0	0	0	0	0	0	0	0	0	0	0	0	0	0	0	0	0	0	1.629	0	0	0	0	0	0	0	0	1.629	0	0	0	0	1.629	0	0	1.629	0	0	1.629	0	1.629	0	0	0	1.629	0	0	0	0	0	0	0	0	0	0	0	1.629	8.145	13.032	4.887	57.014	10.556	5.734	14.661	8.145	3.258	4.887	4.887	6.516	4.887	1.629	0	0	4.887	6.516	0	8.145	1.629	1.629	0	3.258	1.629	0	0	0	0	0	0	0	3.258	3.258	0	1.629	3.258	1.629	1.629	3.258	9.774	0	0	0	0	3.258	1.629	3.258	1.629	0	3.258	4.887	1.629	0	13.032	1.629	3.258	0	1.629	0	1.629	0	0	3.258	0	0	4.887	1.629	0	1.629	0	0	3.258	0	1.629	0	0	0	3.258	3.258	0	0	3.258	0	1.629	0	0	0	0	0	0	0	0	0	0	1.629	3.258	1.629	0	1.629	0	0	1.629	0	0	4.887	1.629	0	0	0	1.629	0	1.629	0	1.629	0	1.629	3.258	3.258	0	1.629	3.258	1.629	1.629	6.516	1.629	6.516	3.258	0	1.629	1.629	0	0	0	0	1.629	3.258	1.629	0	0	1.629	3.258	0	0	0	1.629	1.629	6.516	3.258	1.629	1.629	0	0	0	0	0	0	0	1.629	1.629	0	0	1.629	4.887	1.629	0	4.887	1.629	1.629	0	4.887	3.258	1.629	0	3.258	0	4.887	1.629	0	0	0	3.258	1.629	1.629	1.629	13.032	3.258	0	1.629	1.629	4.887	0	6.516	1.629	3.258	0	1.629	6.516	0	0	1.629	0	0	0	3.258	0	0	0	1.629	1.629	0	0	1.629	3.258	0	0	4.887	6.516	0	8.145	0	1.629	3.258	0	3.258	0	0	0	1.629	0	0	0	1.629	0	0	0	0	0	14.661	0	0	0	4.887	0	6.516	0	0	0	0	0	0	0	0	0	0	0	0	0	0	0	0	0	1.629	0	0	0	0	0	0	0	0	0	1.629	0	0	0	0	0	0	0	0	50:60,196.56:200,50:80
Kng2-NM_001102409	0	0	0	0	0	0	0	0	0	0	0	0	0	1.629	0	1.629	0	0	0	0	0	0	0	0	0	0	0	0	0	0	0	0	0	0	0	0	0	0	0	0	0	0	0	0	0	0	0	0	0	0	0	0	0	0	0	0	0	0	0	0	0	0	0	0	0	0	0	0	0	0	0	0	0	4.887	3.258	0	0	1.629	0	0	0	3.258	1.629	0	0	1.629	0	0	0	0	0	0	0	0	1.629	0	0	0	0	3.258	0	0	1.629	0	0	0	0	0	0	0	0	0	0	0	0	0	0	0	0	0	0	0	0	0	0	0	1.629	0	0	0	0	0	0	0	0	0	0	0	0	0	0	0	0	0	0	0	0	0	0	0	0	0	0	0	0	0	0	0	0	0	0	0	0	0	0	0	0	0	0	0	0	0	0	0	0	0	0	0	0	0	0	0	0	0	0	0	0	0	0	0	0	0	0	0	0	0	0	0	0	0	0	0	0	0	0	0	0	0	0	0	0	0	0	0	0	0	0	0	0	0	0	0	0	0	0	0	0	0	0	0	0	0	0	0	0	0	0	0	0	0	0	0	0	0	0	0	0	0	0	0	0	0	0	0	0	0	0	0	0	0	0	0	0	0	0	0	0	1.629	0	0	0	0	0	0	0	0	0	0	0	0	0	0	0	0	0	0	0	0	0	0	0	0	0	0	0	0	0	0	0	0	0	0	0	0	0	0	0	0	0	0	0	0	0	0	0	0	0	0	0	0	0	0	0	0	0	0	0	0	0	0	0	0	0	0	0	0	0	0	0	0	50:60,216.25:200,50:80
Lbhd1-NM_001286103	3.258	13.032	27.692	6.516	11.403	0	1.629	4.887	0	0	0	0	0	0	0	0	0	0	3.258	0	1.629	1.629	0	3.258	0	1.629	0	1.629	0	0	0	0	3.258	0	0	0	0	1.629	0	3.258	0	0	1.629	1.629	3.258	1.629	0	0	0	0	0	0	0	0	0	0	0	1.629	0	1.629	0	1.629	0	0	1.629	1.629	0	0	0	0	0	0	0	0	1.629	0	0	0	0	0	0	0	1.629	1.629	0	0	0	0	0	0	0	1.629	0	0	0	0	0	0	0	0	0	0	0	0	0	0	0	0	0	0	0	0	0	1.629	0	0	0	0	0	0	0	0	1.629	0	0	0	0	0	0	0	0	0	0	0	0	0	0	0	0	0	0	0	0	0	0	0	0	0	0	0	0	0	0	0	0	0	0	0	0	0	0	0	0	0	0	0	0	0	0	0	0	0	0	0	0	1.629	0	0	3.258	0	1.629	0	0	0	0	0	0	0	0	0	0	0	0	0	0	0	0	0	0	0	0	0	0	0	0	21.177	99.367	328.531	36.359	72.489	75.747	0	3.258	9.774	9.041	18.652	17.919	0	1.629	2.606	44.65	83.061	1.629	3.258	0	1.629	0	0	0	4.887	4.887	8.145	0	0	1.629	0	17.919	0	0	0	8.145	4.887	0	0	0	0.424	1.205	0	0	1.629	0	0	0	6.516	4.887	1.629	0	0	0	1.629	1.629	3.258	13.032	4.887	0	0	0	1.629	8.145	8.145	1.629	22.806	24.435	32.579	4.887	9.774	11.403	14.661	11.403	0	0	1.629	3.258	30.95	52.127	140.092	29.321	45.611	8.145	11.403	9.774	19.548	22.806	17.919	26.064	1.629	11.403	57.014	9.774	0	73.304	26.064	99.367	257.378	66.788	89.593	6.516	4.887	6.516	43.982	39.095	17.919	27.692	17.919	8.145	11.403	11.403	14.661	6.516	40.724	1.629	0	0	3.258	22.806	34.208	9.774	17.919	84.707	0	11.403	3.258	32.579	8.145	27.693	24.435	19.548	0	1.629	4.887	50:60,34.41:200,50:80
Lcat-NM_008490	0	0	0	0	0	0	3.258	1.629	0	0	4.887	1.629	0	0	0	0	0	0	0	1.629	3.258	1.629	0	0	0	0	11.403	0	0	0	0	0	1.629	1.629	0	0	0	6.516	1.629	0	1.629	0	1.629	1.629	0	3.258	3.258	1.629	0	0	8.145	4.887	1.629	0	0	11.403	0	0	0	4.887	6.516	1.629	3.258	1.629	0	1.629	0	0	0	0	0	0	0	0	0	0	1.629	0	0	0	1.629	1.629	0	0	0.814	2.443	0	0	0	0	0	0	0	0	0	2.215	4.3	1.629	1.629	8.145	3.258	4.887	9.774	1.629	10.914	0.489	0	3.258	0	1.629	6.516	4.105	2.411	1.629	0	0	0	0	0	0	0	0	0	0	0	11.403	3.258	1.629	0	0	0	0	1.629	0	9.774	3.258	0	0	0	0	3.258	0	0	0	0	0	0	0	0	1.629	0	0	4.887	0	0	1.629	3.258	0	0	0	1.629	0	1.629	0	0	0	0	0	0	0	0	0	0	0	0	0	0	0	1.629	0	0	0	0	0	0	0	0	0	0	0	0	0	0	0	0	1.629	1.629	0	0	0	0	0	0	0	0	0	0	0	0	0	0	0	0	0	0	0	0	0	0	0	1.629	1.629	0	1.629	0	1.629	1.629	0	0	0	0	0	0	0	0	0	1.629	0	1.629	0	1.629	0.521	1.108	0	0	0	0	0	0	1.629	0	0	0	0	0	0	0	0	0	1.629	3.258	4.887	22.806	3.258	34.208	66.788	3.258	0	0	26.064	6.516	4.887	0	0	0	0	0	3.258	0	9.774	1.629	0	0	4.887	8.145	6.516	4.887	0	0	3.258	0	1.629	9.774	8.145	14.661	0	0	1.629	8.145	3.258	4.887	1.629	0	3.258	0	0	1.629	0	1.629	1.629	0	17.919	22.806	0	3.258	1.629	0	1.629	3.258	3.258	0	6.516	4.887	3.258	4.887	1.629	3.258	0	3.258	3.258	1.629	1.629	0	0	11.403	6.516	6.516	9.774	0	0	50:60,19.26:200,50:80
Lcorl-NM_001163073	0	0	0	0	0	0	0	0	0	0	0	0	0	0	0	0	0	0	0	0	0	0	0	0	0	0	0	0	0	0	0	0	0	0	0	0	0	0	0	0	0	0	0	0	0	0	0	0	0	0	0	0	0	3.258	3.258	0	0	0	0	0	76.562	52.127	55.385	26.064	16.29	0	0	0	0	0	0	0	0	0	0	11.403	19.548	11.403	22.806	24.435	32.579	6.516	19.548	34.208	14.661	26.064	9.774	3.258	13.032	6.516	3.258	24.435	30.95	6.516	24.435	19.548	13.032	17.919	24.435	16.29	1.629	4.887	21.177	6.516	8.145	8.145	3.258	9.774	1.629	3.258	16.29	14.661	13.032	17.919	0	0	0	1.629	8.145	0	3.258	1.629	0	0	3.258	0	16.29	13.032	6.516	8.145	8.145	1.629	6.516	6.516	11.403	27.692	16.29	4.887	8.145	17.919	1.629	0	1.629	6.516	0	0	0	3.258	0	8.145	9.774	5.115	14.433	17.919	16.29	19.548	9.774	8.145	4.887	21.177	34.208	19.548	17.919	29.321	19.548	50.498	13.032	14.661	9.774	32.579	48.869	24.435	3.258	8.145	6.516	0	24.435	24.94	30.445	76.562	24.435	16.29	22.806	29.321	1.629	26.064	21.177	14.661	16.29	27.693	19.548	14.661	8.145	16.29	6.516	13.032	13.032	6.516	21.177	11.891	23.946	26.064	8.145	1.629	8.145	39.095	3.258	17.919	32.579	19.548	26.064	13.032	11.403	4.887	21.177	17.919	11.403	37.466	21.177	6.516	14.661	22.806	6.516	17.919	32.579	32.579	26.064	40.724	14.661	16.29	6.516	19.548	16.29	4.887	0	6.516	14.661	6.516	8.145	4.887	32.579	14.661	14.661	32.579	9.774	6.516	6.516	20.297	33.459	13.032	21.177	35.837	34.208	30.95	47.24	11.403	26.064	29.321	13.032	19.548	1.629	1.629	0	1.629	0	1.629	0	0	0	0	0	0	0	1.629	0	0	4.887	0	6.516	4.887	0	1.629	0	0	0	1.629	3.258	4.887	3.258	6.516	0	0	0	3.258	1.629	1.629	1.629	1.629	0	0	0	0	0	3.258	1.629	0	1.629	1.629	0	0	3.258	0	0	0	0	0	3.258	0	1.629	0	1.629	1.629	3.258	1.629	0	0	4.887	11.403	3.258	0	0	1.629	3.258	1.629	0	9.774	1.629	0	4.887	0	50:60,636.045:200,50:80
Ldah-NM_001167767	0	0	0	0	0	0	0	0	0	0	0	0	0	0	0	0	0	0	0	0	0	0	0	0	0	0	0	0	0	0	0	0	0	0	0	0	0	0	0	0	0	0	0	0	0	0	0	0	0	0	0	0	0	0	0	0	0	0	0	0	298.102	50.498	16.29	8.145	3.258	24.435	14.661	4.887	21.177	9.774	9.774	9.774	6.516	0	0	6.516	13.032	11.403	16.29	1.629	26.064	1.629	19.548	4.887	8.145	4.887	6.516	9.774	24.435	14.661	30.95	6.516	11.403	9.774	11.403	3.258	11.403	0	1.629	21.177	9.774	17.919	16.29	8.145	1.629	1.629	4.887	0	32.579	6.516	4.887	3.258	6.516	0	1.629	3.258	4.887	8.145	9.774	0	1.629	0	1.629	14.661	6.516	3.258	1.629	1.629	13.032	3.258	6.516	6.516	6.516	13.032	9.774	1.629	6.516	9.774	6.288	8.373	0	0	3.258	8.145	4.887	11.403	9.774	8.145	1.629	14.661	16.29	4.887	19.548	24.435	14.661	6.516	0	11.403	1.629	13.032	43.982	4.887	8.145	3.258	1.629	1.629	0	6.516	4.887	3.258	0	1.629	14.661	6.516	9.774	0	6.516	13.032	3.258	16.29	13.032	1.629	8.145	4.887	4.887	0	13.032	8.145	3.258	0	6.516	0	1.629	1.629	4.887	3.258	3.258	6.516	4.887	14.661	9.774	8.145	4.887	4.887	6.516	1.629	4.887	1.629	22.806	6.516	11.403	3.258	6.516	6.516	3.258	16.29	3.258	1.629	0	3.258	0	0	0	8.145	11.403	1.629	0	1.629	1.629	11.403	3.258	8.145	3.258	19.548	9.774	1.629	8.145	3.258	0	3.258	14.661	3.258	1.629	4.887	4.887	16.29	6.516	16.29	3.258	16.29	4.887	16.29	1.629	0	8.145	6.516	0	8.145	9.774	13.032	1.629	1.629	3.258	0	0	0	9.774	3.258	1.629	1.629	0	0	1.629	0	13.032	17.919	16.29	1.629	3.258	1.629	3.258	1.629	0	0	0	0	11.403	0	1.629	6.516	1.629	0	1.629	9.774	0	1.629	3.258	3.258	3.258	4.887	0	0	0	0	0	1.629	0	1.629	1.629	1.629	21.177	1.629	4.887	0	4.887	1.629	1.629	1.629	1.629	0	1.629	0	1.629	3.258	1.629	3.258	4.887	3.258	0	3.258	1.629	0	3.258	1.629	0	0	1.629	0	3.258	0	50:60,388.17:200,50:80
Lmntd2-NM_028050	0	0	0	0	1.629	0	0	0	0	0	0	0	1.629	0	0	0	0	0	0	0	0	6.516	0	0	0	0	0	3.258	87.964	16.29	14.661	4.887	22.806	0	6.516	3.258	6.516	3.258	9.774	8.145	3.258	0	0	0	4.887	0	0	3.258	1.629	0	1.629	4.887	4.887	6.516	8.145	0	0	0	3.258	3.258	0	0	0	0	3.258	0	0	0	0	0	0	0	0	0	1.385	0.244	1.629	0	1.629	0	1.629	0	0	0	0	0	0	0	0	0	0	0	0	0	0	0	0	0	0	0	0	0	0	1.629	0	0	0	0	0	0	0	0	0	0	0	0	0	0	0	0	0	0	0	0	0	1.629	0	0	0	0	0	0	0	0	0	0	0	0	1.629	0	0	0	0	0	0	0	0	0	0	0	0	0	0	0	0	0	1.629	0	0	0	0	0	1.629	0	0	0	0	0	0	0	0	0	0	0	0	0	0	0	1.629	1.629	0	0	3.258	0	1.629	0	0	0	0	0	0	1.629	0	0	1.629	0	0	0	0	0	0	0	0	0	0	0	0	0	0	0	0	0	0	0	0	0	0	0	0	0	0	1.629	0	0	0	0	0	0	1.629	0	0	0	0	0	0	0	0	1.336	0.293	0	0	0.945	0.684	0	0	0	0	0	1.629	0	0	0	0	0	0	0	0	0	0	0	0	0	0	0	0	0	0	0	0	0	0	0	0	0	0	0	0	0	1.629	0	0	0	0	0	1.629	0	3.258	0	4.887	0	0	0	0	1.629	0	1.629	0	0	0	0	0	1.629	0	0	0	0	0	0	0	0	0	0	0	4.887	0	0	0	0	1.629	0	0	1.629	0	0	0	0	1.629	0	0	1.629	0	0	0	0	0	0	0	0	0	0	50:60,20.19:200,50:80
Lsr-NM_001164184	0	0	0	0	0	0	0	0	0	0	0	0	0	0	0	0	0	0	0	0	0	0	0	0	0	0	0	0	0	0	0	0	0	0	0	0	0	0	0	0	0	0	0	0	0	4.887	9.774	1.629	0	0	0	0	0	0	0	1.629	0	0	0	0	4.887	413.758	4.887	1.629	53.756	11.403	3.258	1.629	16.29	6.516	3.258	9.774	11.403	4.887	13.032	4.887	0	17.919	1.629	0	8.145	0	0	8.145	24.435	0	4.887	1.629	1.629	4.887	4.887	3.258	8.145	3.258	0	4.887	113.214	5.701	3.258	8.145	4.887	4.887	0	1.629	1.629	17.919	17.919	1.629	19.548	4.887	3.258	1.629	8.145	3.258	3.258	1.629	1.629	26.064	9.774	0	13.846	2.443	0	0	1.629	29.321	21.177	1.629	3.258	8.145	3.258	1.629	4.887	1.629	24.435	6.516	1.629	9.774	4.887	8.145	22.806	6.516	1.629	11.403	1.629	3.258	6.516	1.629	8.145	6.516	13.032	6.516	3.258	3.258	4.887	0	3.258	0	0	0	4.887	6.516	3.258	1.629	0	0	0	1.629	9.774	3.258	9.774	3.258	0	1.629	9.774	1.629	0	3.258	3.258	4.887	0	4.887	0	0	0	1.629	0	1.629	0	0	0	13.032	14.661	3.258	0	6.516	0	9.774	24.435	8.145	11.403	11.403	0	8.145	3.258	3.258	1.629	1.629	0	0	3.258	9.774	3.258	3.258	9.774	9.774	0	4.887	1.629	3.258	0	3.258	6.516	4.887	4.887	3.258	1.629	0	9.774	21.177	1.629	0	1.629	0	6.516	3.258	3.258	3.258	3.258	1.629	0	1.629	9.774	1.629	11.403	0	1.629	1.629	4.887	4.887	0	4.887	1.629	6.516	8.145	3.258	0	8.145	19.548	0	0	0	0	22.806	29.321	6.516	0	0	0	0	3.258	6.516	0	0	0	0	3.258	1.629	0	0	1.629	0	0	0	0	0	0	1.629	0	0	0	0	0	0	0	0	0	0	0	0	9.774	11.403	16.29	27.693	0	0	0	0	1.629	1.629	0	0	1.629	0	3.258	0	3.258	0	6.516	17.919	0	1.629	16.29	0	8.145	0	0	0	1.629	0	1.629	6.516	3.258	6.516	1.629	8.145	0	0	1.629	1.629	50:60,78.5:200,50:80
Ltbp1-NM_019919	0	0	0	0	0	0	0	0	0	0	0	0	0	0	0	0	0	0	0	0	0	0	0	0	0	0	0	0	1.629	0	0	0	0	0	0	0	0	0	0	0	0	0	0	0	0	0	0	0	0	0	0	0	0	0	1.629	0	0	0	0	0	9.774	6.516	1.629	4.887	11.403	17.919	8.145	9.774	22.806	3.258	4.887	6.516	6.516	4.887	6.516	4.887	4.887	8.145	1.629	3.258	8.145	9.774	8.145	9.774	6.516	3.258	3.258	6.516	3.258	1.629	6.516	4.887	0	1.629	1.629	0	1.629	4.887	13.032	4.887	3.258	3.258	6.516	13.032	6.516	6.516	4.887	9.774	8.145	3.258	6.516	13.032	9.774	11.403	27.692	13.032	8.145	4.887	8.145	13.032	6.516	13.032	8.145	4.887	1.629	4.887	0	4.887	3.258	3.258	4.887	6.516	3.258	4.887	3.258	19.548	6.516	1.629	3.258	1.629	8.145	3.258	3.258	3.258	11.403	6.516	3.258	8.145	17.919	22.806	22.806	13.032	14.661	19.548	24.435	21.177	19.548	14.661	8.145	14.661	14.661	17.919	26.064	26.064	16.29	8.145	11.403	11.403	14.661	4.887	16.29	1.629	3.258	13.032	15.964	10.1	6.516	24.435	6.516	19.548	17.919	11.403	11.403	16.29	8.145	21.177	13.032	39.095	6.516	8.145	11.403	11.403	17.919	11.403	13.032	8.145	4.887	9.774	16.29	16.29	6.516	9.774	9.774	8.145	3.258	9.774	8.145	13.032	14.661	8.145	13.032	1.629	11.403	9.253	15.182	21.177	8.145	3.258	6.516	6.516	11.403	9.774	6.516	1.629	11.403	11.403	11.403	3.258	6.516	13.032	9.774	3.258	6.516	11.403	6.516	8.145	14.661	8.145	9.774	1.629	11.403	4.887	16.29	8.145	4.887	4.887	1.629	13.032	9.774	1.629	4.887	4.887	13.032	19.548	8.145	14.661	8.145	13.032	17.919	19.548	0	0	3.258	0	0	0	0	0	0	0	0	0	0	0	0	0	0	0	0	0	0	0	0	1.629	0	0	1.629	0	0	0	0	0	0	0	0	0	0	1.629	0	0	0	0	0	0	0	0	0	0	1.629	0	0	0	0	0	0	0	0	1.629	0	0	1.629	1.629	0	0	0	0	0	0	0	0	0	1.629	0	0	0	0	0	0	0	0	50:60,1934.92:200,50:80
Ly6c1-NM_001252055	0	0	0	0	0	0	0	0	0	0	0	0	0	0	0	0	0	0	0	0	0	0	0	0	0	0	0	0	0	0	0	0	0	0	0	0	0	0	0	0	0	0	0	0	0	0	0	0	0	0	0	0	0	0	0	0	0	0	0	0	0	0	0	0	0	0	0	0	0	0	0	0	0	0	0	0	0	0	0	0	0	0	0	0	0	0	0	0	0	0	0	0	0	0	0	0	0	0	0	0	0	0	0	0	0	0	0	0	0	0	0	0	0	0	0	0	0	0	0	0	0	0	0	0	0	0	0	0	0	0	0	0	0	0	0	0	0	0	0	0	0	0	0	0	0	0	0	0	0	0	0	0	0	0	0	0	0	0	0	0	0	0	0	0	0	0	0	0	0	0	0	0	0	0	0	0	0	0	0	0	0	0	0	0	0	0	0	0	0	0	0	0	0	0	0	0	0	0	0	0	0	0	0	0	0	0	0	0	0	0	0	0	0	0	0	0	0	0	0	0	0	0	0	0	0	0	0	0	0	0	0	0	0	0	0	0	0	0	0	0	0	0	0	0	0	0	0	0	0	0	0	0	0	0	0	0	0	0	0	0	0	0	0	0	0	0	0	0	0	0	0	0	0	0	0	0	0	0	0	0	0	0	0	0	0	0	0	0	0	0	0	0	0	0	0	0	0	0	0	0	0	0	0	0	0	0	0	0	0	0	0	0	0	0	0	0	0	0	0	0	0	0	0	0	0	0	0	0	0	0	0	0	0	0	0	0	0	0	0	0	50:60,19.115:200,50:80
Ly9-NR_102726	0	0	0	0	0	0	0	0	0	0	0	0	0	0	0	0	0	0	0	0	0	0	0	0	0	0	0	0	0	0	0	0	0	0	0	0	0	0	0	0	0	0	0	0	0	0	0	0	0	0	0	0	0	0	0	0	0	0	0	0	0	0	0	0	0	0	0	0	0	0	0	0	0	0	0	0	0	0	0	0	0	0	0	0	0	0	0	0	0	0	0	0	0	0	0	0	0	0	0	0	0	0	0	0	0	0	0	0	0	0	0	0	0	0	0	0	0	0	0	0	0	0	0	0	0	0	0	0	0	0	0	0	0	0	0	0	1.629	0	0	0	0	0	0	0	0	0	0	0	0	0	0	0	0	0	0	0	0	0	0	0	0	0	0	0	0	0	0	0	0	0	0	0	0	0	0	0	0	0	0	0	0	0	0	0	0	0	0	0	0	0	0	0	0	0	0	0	0	0	0	0	0	0	0	0	0	0	0	0	0	0	0	0	0	0	0	0	0	0	0	0	0	0	0	0	0	0	0	0	0	0	0	0	0	0	0	0	0	0	0	0	0	0	0	0	0	0	0	0	0	0	0	0	0	0	0	0	0	0	0	0	0	0	0	0	0	0	0	0	0	0	0	0	0	0	0	0	0	0	0	0	0	0	0	0	1.629	0	0	0	0	0	0	0	0	0	0	0	0	0	0	0	0	0	0	0	0	0	0	0	0	0	0	0	0	0	0	0	0	0	0	0	0	0	0	0	0	0	0	0	0	0	0	0	0	0	0	0	0	0	0	0	50:60,93.61:200,50:80
Map3k7-NM_172688	0	0	0	1.629	1.629	6.516	0	0	0	0	1.629	0	0	0	0	0	0	0	0	0	0	0	0	0	0	0	0	0	0	0	0	0	0	1.629	1.629	0	0	0	0	0	0	0	0	0	0	0	0	0	0	0	0	0	0	0	0	0	0	1.629	0	1.629	17.919	47.24	11.403	21.177	13.032	3.258	4.887	8.145	19.548	8.145	9.774	4.887	13.032	21.177	9.774	9.774	4.887	16.29	11.403	11.403	17.919	3.258	9.774	8.145	8.145	22.806	6.516	3.258	30.95	8.145	19.548	1.629	21.177	27.693	4.887	6.516	9.774	6.516	13.358	22.48	6.516	11.403	6.516	13.032	8.145	8.145	13.032	13.032	4.887	16.29	7.819	14.987	11.403	22.806	27.692	4.887	26.064	9.774	14.661	3.258	17.919	6.516	0	14.661	11.403	3.258	19.548	0	0	0	0	3.258	22.806	29.321	0	11.403	26.064	0	0	0	8.145	13.032	19.548	11.403	13.032	6.516	4.887	6.516	42.353	11.403	6.516	9.774	21.177	4.887	27.692	16.29	3.258	4.887	30.95	6.516	6.516	15.638	29.973	27.693	11.403	1.629	9.774	11.403	19.548	14.661	8.145	14.661	11.403	9.774	17.919	9.774	8.145	1.629	16.29	30.95	8.145	14.661	6.516	16.29	3.258	4.887	13.032	22.806	3.258	6.516	1.629	3.258	6.516	8.145	6.516	4.887	9.774	3.258	19.548	32.579	8.145	6.516	45.611	11.403	8.145	9.774	37.466	9.774	16.29	27.692	16.29	29.321	27.693	29.321	26.064	1.629	11.403	16.29	11.403	4.887	4.887	6.516	26.064	26.064	11.403	3.258	6.516	4.887	0	0	0	8.145	24.435	16.29	3.258	11.403	19.548	16.29	8.145	4.887	14.661	27.692	35.837	29.321	1.629	30.625	10.1	3.258	8.145	11.403	17.919	9.774	3.258	37.466	9.774	6.516	22.806	4.887	1.629	27.693	0	0	1.629	17.919	4.887	6.516	14.661	6.516	3.258	0	1.629	0	0	0	0	0	0	1.629	0	0	0	0	0	0	0	11.403	34.208	6.516	6.516	0	9.774	1.629	0	0	1.629	3.258	0	3.258	0	3.258	6.516	1.629	1.629	1.629	19.548	14.661	1.629	1.629	1.629	22.806	8.145	0	1.629	6.516	4.887	37.466	8.145	6.516	3.258	8.145	1.629	9.774	4.887	6.516	1.629	0	6.516	1.629	16.29	9.774	9.774	9.774	16.29	21.177	0	8.145	19.548	3.258	3.258	3.258	50:60,296.8:200,50:80
Mapk7-NM_011841	0	0	0	0	0	0	0	0	0	0	0	0	0	1.629	0	0	4.887	0	0	0	0	0	0	0	1.629	0	0	0	0	0	0	0	0	1.629	0	0	0	0	0	0	1.629	0	1.629	0	0	0	1.629	0	1.629	8.145	1.629	0	1.629	3.258	0	0	1.629	0	1.629	3.258	0	12.299	21.91	1.792	14.498	22.806	8.145	0	0	1.629	1.629	0	0	0	4.887	1.629	1.629	3.258	0	1.629	0	0	6.516	3.258	0	3.258	1.629	0	0	0	3.258	1.629	11.403	8.145	1.629	0	0	1.629	0	1.629	0	0	0	1.629	0	0	1.629	0	1.629	0	3.258	3.258	17.919	14.661	1.629	6.516	9.774	1.629	0	1.629	0	0	6.516	0	0	0	0	0	1.629	0	2.484	0.774	16.29	6.516	11.403	4.887	9.774	4.887	3.258	1.629	0	0	0	4.887	0	0	0	0	4.887	0	0	3.258	0	0	1.629	0	0	3.258	0	1.629	11.403	26.064	4.887	1.629	3.258	1.629	9.774	0	0	1.629	1.629	1.629	0	1.629	1.629	4.887	0	0	1.629	3.258	0	30.951	0	1.629	4.887	3.258	0	0	0	0	0	0	0	3.258	1.833	4.683	4.887	1.629	0	0	0	0	0	0	0	0	0	0	3.258	0	3.258	0	0	0	0	0	0	0	0	1.629	0	1.629	0	5.05	3.095	0	1.507	3.38	3.258	1.629	1.629	1.629	0	7.656	3.747	9.774	15.231	1.059	9.774	1.629	0	0	0	0	1.629	3.258	1.629	1.629	0	0	0	1.303	1.955	0	0	0	0	0	0	0	0	1.629	0	0	9.774	70.046	4.887	27.692	19.548	1.629	32.579	24.435	6.516	19.548	17.919	1.629	0	4.887	9.774	3.258	16.29	21.177	21.177	1.629	17.919	11.403	0	0	0	0	0	0	4.887	0	0	0	1.629	3.258	6.516	1.629	1.629	0	3.258	0	0	0	1.629	8.145	0	0	0	0	0	0	0	1.629	0	0	0	0	0	0	0	0	0	0	0	0	0	0	0	1.629	3.258	0	0	0	0	0	0	0	50:60,27.275:200,50:80
Mapk8ip1-NM_001202445	0	0	0	1.629	1.629	0	0	0	0	0	0	0	1.629	0	0	0	0	0	0	0	0	0	0	0	0	3.258	0	0	0	0	0	0	3.258	1.629	1.629	0	0	0	0	0	0	0	0	0	0	0	0	0	0	0	0	0	0	0	0	0	0	3.258	0	1.629	0	0	0	0	0	0	1.629	0	0	0	0	3.258	0	0	0	0	0	0	0	0	0	0	0	0	0	0	0	0	0	0	0	0	0	0	1.629	0	0	0	0	0	0	1.629	0	0	0	0	3.258	0	0	0	1.629	0	0	0	0	0	0	0	0	0	0	0	0	0	0	0	0	0	0	0	0	0	0	0	0	0	1.629	0	0	0	0	0	0	0	0	1.629	1.629	0	3.258	1.629	0	1.629	0	0	0	0	0	1.629	3.258	0	0	0	0	0	1.629	0	0	0	0	0	0	0	0	0	0	0	0	0	0	0	0	0	0	0	0	0	0	0	0	0	0	0	0	0	0	0	0	0	1.629	0	0	0	1.629	0	0	0	1.629	0	0	0	0	0	0	0	0	0	3.258	0	0	0	0	0	0	0	0	0	0	0	0	0	0	0	0	0	0	0	0	0	0	0	0	0	1.629	0	0	0	0	0	0	0	0	1.629	0	0	0	1.629	0	0	0	6.516	0	0	0	0	1.629	0	0	0	0	0	1.629	0	0	0	0	1.629	0	0	0	0	0	0	0	0	0	0	0	0	0	1.629	0	0	0	1.629	0	1.629	1.629	0	0	0	0	0	0	0	1.629	0	0	1.629	0	0	0	0	1.629	0	0	0	0	0	0	0	0	0	0	0	0	0	0	0	0	0	3.258	0	0	0	0	0	0	0	0	0	50:60,45.04:200,50:80
Mapk9-NM_001163672	1.629	0	0	1.629	0	0	0	0	1.629	0	0	0	1.629	1.629	0	3.258	0	0	0	0	0	0	1.629	0	0	4.887	0	1.629	0	0	0	0	0	0	0	0	1.629	1.629	0	0	0	1.629	0	0	0	0	0	3.258	0	0	1.629	0	0	0	0	0	0	0	0	0	6.516	26.064	11.403	4.887	6.516	9.774	3.258	1.629	1.629	3.258	4.887	9.774	0	4.887	6.516	3.258	0	0	0	0	0	8.145	3.258	0	3.258	6.516	6.516	9.774	1.629	6.516	13.032	0	1.629	21.177	1.629	1.629	1.629	1.629	3.258	3.258	6.516	0	0	8.145	1.629	4.887	8.145	1.629	0	8.145	0	3.258	1.629	1.629	3.258	8.145	4.887	0	4.887	0	6.516	3.258	0	1.629	0	3.258	1.629	3.258	0	1.629	13.032	4.887	3.258	1.629	1.629	0	0	0	1.629	0	0	3.258	0	8.145	1.629	1.629	0	3.258	0	0	1.629	0	0	0	1.629	1.629	1.629	0	0	1.629	0	0	0	3.258	3.258	8.145	4.887	3.258	6.019	2.126	4.887	1.629	4.887	1.629	3.258	3.258	3.258	1.629	1.629	3.258	9.774	4.887	4.887	1.629	0	1.629	0	4.887	0	0	1.629	0	1.629	0	9.774	4.887	1.629	9.774	8.145	0	3.258	0	3.258	1.629	6.516	0	0	1.629	1.629	0	11.403	4.887	3.258	4.887	1.629	3.258	0	0	9.774	4.887	0	0	1.629	0	3.258	1.629	1.629	0	6.516	4.887	1.629	0	0	3.258	0	1.629	1.629	0	6.516	9.774	4.887	1.629	11.403	1.629	4.887	1.629	0	3.258	1.629	0	6.516	1.629	1.629	0	6.516	0	1.629	0.472	7.672	1.629	0	1.629	0	0	1.629	0	0	0	1.629	0	0	0	0	1.629	0	0	1.629	3.258	0	0	0	0	0	0	1.629	0	0	0	0	3.258	1.629	0	0	0	0	3.258	0	0	1.629	0	0	0	0	0	0	0	0	0	0	0	1.629	0	0	0	0	0	1.629	0	4.887	1.629	1.629	0	0	0	0	0	0	0	3.258	0	0	0	0	0	0	0	0	0	0	0	50:60,198.355:200,50:80
Matk-NM_001285855	0	0	0	0	0	0	0	1.629	0	0	0	0	0	0	0	0	0	0	0	0	0	0	0	0	0	0	0	0	0	0	0	0	0	0	1.629	0	0	0	0	0	0	0	0	0	0	0	0	3.258	0	0	0	0	0	0	0	0	0	0	0	0	1.629	1.629	1.629	0	0	0	0	0	1.629	0	0	0	1.629	0	0	0	3.258	0	0	0	0	1.629	1.629	1.629	0	3.258	0	0	1.629	3.258	0	0	0	0	0	0	1.629	0	0	0	0	0	1.629	0	0	0	1.629	0	0	0	0	0	0	0	0	0	0	0	0	0	0	0	0	0	0	0	0	3.258	0	1.629	0	0	1.629	0	0	0	1.629	0	1.629	3.258	0	0	0	0	0	0	0	0	0	0	0	0	1.629	0	1.629	0	1.629	0	0	0	0	0	0	0	0	0	0	0	0	0	0	0	0	0	1.629	0	0	0	0	0	0	0	0	0	0	0	0	0	0	0	0	0	0	0	0	0	0	0	0	0	0	0	0	0	0	0	0	0	0	0	1.629	0	0	0	0	0	0	0	0	0	0	0	0	0	3.258	0	0	0	0	0	0	0	0	0	0	0	0	0	0	0	0	0	0	1.629	0	0	0	0	0	0	0	0	0	0	0	0	0	0	0	0	0	0	0	0	0	0	0	0	0	0	0	0	0	0	0	0	0	0	0	0	0	1.629	0	0	0	0	0	0	0	0	0	0	0	0	1.629	0	0	0	0	0	0	0	0	0	0	0	0	0	0	0	0	0	0	0	0	0	0	0	0	0	0	0	0	0	0	0	0	1.629	0	0	0	0	0	0	13.032	4.887	0	0	1.629	11.403	50:60,50.235:200,50:80
Matn2-NM_001358780	0	0	0	0	0	0	0	0	0	0	0	0	0	0	0	0	0	0	0	0	0	0	0	0	0	0	0	0	0	0	0	0	0	0	0	0	0	0	0	0	0	0	0	0	0	0	0	0	0	0	0	0	0	0	0	0	0	0	0	0	39.095	1.629	3.258	3.258	0	1.629	0	0	4.887	3.258	0	1.629	0	3.258	0	0	1.629	0	0	0	1.629	0	0	0	0	0	0	1.629	0	0	0	0	0	0	0	1.629	3.258	0	1.629	0	0	1.629	0	1.629	0	1.629	0	0	0	0	0	0	0	3.258	0	1.629	0	0	1.629	0	1.629	0	0	0	1.629	0	0	3.258	3.258	0	1.629	1.629	0	0	3.258	0	0	0	0	1.629	0	3.258	0	0	0	0	0	0	0	0	0	0	0	1.629	1.629	21.177	8.145	4.887	0	1.629	0	0	0	0	0	0	0	0	0	3.258	0	0	0	0	0	0	0	0	0	0	0	0	0	0	0	0	0	0	0	0	0	0	0	0	0	0	0	0	0	0	0	1.629	0	1.629	0	0	0	0	0	0	0	0	0	1.629	0	0	0	1.629	0	0	1.629	0	0	4.887	0	3.258	1.629	0	0	1.629	0	0	0	0	0	1.629	0	3.258	0	1.629	0	0	0	0	0	0	0	0	0	0	0	0	1.629	1.629	0	0	0	0	0	0	0	0	0	0	0	0	0	0	0	0	0	0	0	0	0	0	0	0	0	0	0	0	0	0	0	0	0	0	0	0	0	0	0	0	0	0	0	0	0	0	0	0	0	0	0	0	0	0	0	0	0	0	0	0	0	0	0	4.887	3.258	1.629	0	0	0	0	0	0	0	0	0	0	0	0	0	0	0	0	0	0	0	0	50:60,647.8:200,50:80
Mdga1-NM_001081160	0	0	0	0	0	0	0	0	0	0	0	0	0	0	0	0	0	0	0	0	0	0	0	0	0	0	0	0	0	0	0	0	0	0	0	0	0	0	0	0	0	0	0	0	0	0	0	0	0	0	1.629	0	0	0	0	0	0	0	0	0	0	0	0	0	0	0	0	0	0	0	0	1.629	0	0	1.629	1.629	0	0	1.629	0	0	0	1.629	0	0	1.629	6.516	1.629	1.629	3.258	0	0	0	0	0	0	1.629	0	0	0	1.629	1.629	0	0	14.661	0	0	1.629	1.629	0	0	0	0	0	0	0	4.887	0	50.498	17.919	1.629	3.258	1.629	3.258	3.258	1.629	3.258	1.629	0	0	0	1.629	0	0	0	0	1.629	0	0	0	0	0	0	0	0	1.629	1.629	0	1.629	0	0	1.629	1.629	0	0	0	0	0	0	3.258	3.258	0	0	0	0	0	1.629	0	0	0	16.29	8.145	3.258	3.258	1.629	11.403	0	8.145	13.032	8.145	0	8.145	0	4.887	1.629	4.887	4.887	0	1.629	3.258	0	1.629	1.629	3.258	3.258	6.516	6.516	4.887	3.258	0	4.887	1.629	3.258	0	0	4.887	6.516	4.887	1.629	1.629	0	4.887	3.258	11.403	1.629	1.629	0	0	6.516	0	0	1.629	0	1.629	0	1.629	4.887	3.258	1.629	4.887	1.629	1.629	3.258	0	1.629	3.258	4.887	1.629	0	0	6.516	6.516	3.258	4.887	3.258	0	0	1.629	3.258	1.629	3.258	1.629	4.887	9.774	0	1.629	0	3.258	3.258	0	0	0	0	0	1.629	0	0	0	0	0	0	0	0	0	0	0	0	0	0	0	0	1.629	0	0	1.629	0	6.516	1.629	0	0	0	0	1.629	0	1.629	1.629	0	0	0	0	0	0	1.629	0	0	0	0	3.258	0	3.258	0	1.629	1.629	0	0	1.629	1.629	0	0	0	0	0	0	0	0	0	0	0	0	0	0	0	0	0	0	1.629	1.629	0	0	0	50:60,299.625:200,50:80
Meig1-NM_001355207	0	0	0	0	0	0	1.629	0	0	0	0	0	0	0	0	0	0	0	0	0	0	0	1.629	0	0	0	0	0	0	0	0	0	0	0	0	0	0	0	0	0	0	0	0	1.629	0	0	0	0	0	0	1.629	0	0	0	0	0	0	0	0	0	0	0	1.629	0	0	0	0	0	0	0	0	0	0	0	0	0	0	0	0	0	0	0	0	0	0	0	0	0	0	0	0	0	0	0	0	0	0	0	0	0	0	0	0	0	0	0	0	0	0	0	0	0	0	0	0	0	0	1.629	0	0	0	0	0	0	0	0	0	0	0	0	0	0	0	0	0	0	0	1.629	0	0	0	0	0	0	0	0	0	0	0	0	0	0	0	0	0	0	14.661	0	0	0	0	0	0	0	0	0	0	0	0	0	0	0	0	0	0	0	0	0	0	0	0	0	0	0	0	0	0	0	0	0	0	0	0	0	0	0	0	0	0	0	0	0	0	0	0	0	0	0	0	0	0	0	0	0	0	0	0	0	0	0	0	0	0	0	0	0	0	0	0	0	0	0	0	0	0	0	0	0	0	0	0	0	0	0	0	0	0	0	0	0	0	0	0	0	0	0	0	0	0	0	0	0	0	0	0	0	0	0	0	0	0	0	0	0	0	0	0	0	0	0	0	0	0	0	0	0	0	0	0	0	0	0	0	0	0	0	0	0	0	0	0	0	0	0	0	0	0	0	0	0	0	0	0	0	0	0	0	0	0	0	0	0	0	0	0	0	0	0	0	0	0	0	0	0	0	0	0	0	0	0	50:60,50.435:200,50:80
Meis3-NM_008627	1.629	0	0	0	0	1.629	0	0	0	0	0	0	0	0	0	0	4.887	0	0	0	0	0	0	0	0	0	0	0	0	0	0	0	3.258	0	0	0	0	0	0	0	0	0	0	0	1.629	0	0	0	0	0	0	0	0	0	0	0	0	0	0	1.629	0	0	3.258	4.887	0	0	0	1.629	1.629	0	0	0	0	0	3.258	1.629	0	0	0	1.629	0	0	0	0	0	0	0	0	1.629	0	1.629	0	0	0	0	0	0	0	0	3.258	1.629	0	0	0.13	1.499	0	0	0	0	0	0	0	0	0	0	3.258	1.629	0	0	0	0	0	0	0	0	0	0	0	1.629	0	0	0	0	0	0	0	0	0	0	0	0	0	0	0	0	1.629	0	0	0	0	1.629	0	0	0	0	0	0	0	0	0	0	0	0	0	0	0	0	3.258	0	0	0	0	0	0	0	0	0	0	0	0	0	0	1.629	0	0	1.629	0	0	0	0	0	0	0	0	0	0	0	0	0	0	0	1.629	1.629	0	0	0	4.887	0	0	0	0	0	0	0	0	0	0	0	0	0	0	0	0	1.629	0	0	0	0	0	0	0	0	0	0	0	1.629	0	0	0	1.629	0	0	0	0	0	0	0	0	0	0	0	1.629	0	0	0	0	0	0	0	0	0	0	0	0	0	0	0	0	0	0	0	1.629	0	0	0	0	0	0	0	0	0	1.629	0	0	0	0	0	0	0	0	0	0	0	0	0	0	1.629	0	0	0	0	0	0	0	0	0	0	0	0	0	0	0	0	0	0	0	0	0	0	0	0	0	0	0	0	0	0	0	0	0	0	0	0	0	0	0	0	0	0	0	50:60,55.57:200,50:80
Mier2-NM_001316699	0	0	0	0	0	0	0	0	0	0	0	0	0	0	0	0	0	0	0	0	0	0	0	0	0	0	0	0	0	0	0	0	0	0	0	0	0	0	0	0	0	0	0	0	0	0	0	0	0	0	0	0	0	0	0	0	0	0	0	0	8.145	1.629	4.887	0	29.321	13.032	0	0.586	10.816	0	1.629	3.258	4.887	4.887	3.258	3.258	1.629	4.887	1.629	13.032	14.661	4.887	26.064	0	4.887	3.258	0	14.661	8.145	8.145	3.258	0	4.887	1.629	0	11.403	3.258	6.516	0	1.629	11.403	0	0	0	0	6.516	13.032	11.403	8.145	11.403	6.516	1.629	0	11.403	1.629	4.887	16.29	0	1.629	0	1.629	8.145	0	0	1.629	3.258	0	4.887	0	4.887	9.774	0	3.258	0	0	0	1.629	4.887	0	1.629	1.629	0	4.887	0	1.629	4.887	14.661	6.516	0	0	3.258	1.629	0	0	1.629	5.408	4.366	1.629	1.629	0	1.629	1.629	0	1.629	4.887	3.258	4.887	1.629	1.629	1.629	3.258	8.145	1.629	11.403	1.629	1.629	6.516	1.629	0	9.774	0	1.629	14.661	17.919	0	6.516	4.887	11.403	1.629	0	3.258	9.774	0	3.258	1.629	4.887	0	1.629	3.258	8.145	1.629	17.919	1.629	4.887	1.629	0	4.887	4.887	17.919	1.629	4.887	1.629	6.516	14.661	9.774	8.145	0	6.516	3.258	19.548	8.145	1.629	8.145	6.516	11.403	8.145	1.629	9.774	1.629	0	3.258	11.403	3.258	0	3.258	3.258	0	6.516	0	0	0	13.032	1.629	0	0	0	6.516	1.629	1.629	0	0	0	13.032	4.887	0	0	3.258	19.548	9.774	6.516	1.629	1.629	0	4.887	4.887	17.919	13.032	4.887	1.629	6.516	1.629	9.774	3.258	0	1.629	0	0	1.629	16.29	0	0	0	1.629	3.258	9.774	13.032	8.145	4.887	6.516	3.258	22.806	16.29	14.661	0	0	4.887	11.403	6.516	3.258	34.208	4.887	3.258	1.629	16.29	3.258	21.177	4.887	3.258	11.403	8.145	1.629	3.258	17.919	3.258	3.258	6.516	6.516	26.064	14.661	3.258	1.629	0	0	0	3.258	0	0	3.258	4.887	0	1.629	1.629	11.403	6.516	6.516	1.629	1.629	3.258	4.887	0	50:60,74.42:200,50:80
Mif4gd-NM_027162	1.629	0	0	1.629	0	0	0	0	4.887	1.629	0	0	6.516	1.629	0	0	1.629	9.774	1.629	1.629	3.258	4.887	0	0	0	6.516	0	0	0	0	0	0	0	0	1.629	0	1.629	1.629	1.629	1.629	4.887	1.629	21.177	13.032	4.887	4.887	1.629	0	0	0	1.629	6.516	4.887	13.032	0	1.629	1.629	4.887	0	6.516	19.425	34.331	4.887	0	0	0	0	1.629	1.629	0	0	0	0	0	0	0	6.516	4.887	1.629	0	1.629	3.828	2.688	0	0	0	0	0	0	0	0	0	0	0	0	3.258	6.516	3.258	0	0	6.516	1.629	0	0	0	0	0	0	0	0	0	1.629	0	0	0	0	4.887	0	0	0	0	0	0	0	0	0	0	0	0	0	0	0	0	0	0	0	0	0	0	0	0	0	0	0	0	1.629	1.629	0	0	0	0	0	0	0	0	0	0	1.629	1.629	0	0	1.629	0	0	0	0	0	0	0	0	3.258	0	0	0	0	0	0	4.887	0	0	0	0	0	2.281	0.977	0	3.258	0	0	0	0	0	0	0	0	0	1.629	0	1.629	0	0	0	0	0	0	0	0	0	1.629	1.629	8.145	0	0	0	0	0	0	0	0	1.629	1.507	3.38	1.629	0	1.629	1.629	1.629	0	0	0	0	1.629	0	0	0	0	0	0	1.629	0	0	0	1.629	1.629	0	1.629	0	0	0	0	0	0	0	0	0	0	0	4.887	0	0	0	0	0	0	0	0	0	3.258	0	0	1.629	0	6.516	0	0	0	1.629	0	3.258	4.887	0	11.403	3.258	0	0	0	0	0	0	0	0	1.629	1.629	3.258	1.629	0	14.661	4.887	3.258	0	9.774	0	1.629	1.629	0	0	1.629	1.629	0	0	1.629	1.629	1.629	0	0	0	6.516	0	1.629	1.629	3.258	0	3.258	0	1.629	0	0	0	4.887	0	0	1.629	0	0	0	0	3.258	0	0	0	50:60,22.925:200,50:80
Mlxipl-NR_152882	0	0	0	0	0	0	0	0	0	0	0	0	0	0	0	0	0	0	0	0	0	0	0	0	0	0	0	0	0	0	0	0	0	0	0	0	0	0	0	0	0	0	0	0	0	0	0	0	0	0	0	0	0	0	0	0	0	0	0	0	22.806	0	1.629	3.258	0	0	0	0	0	0	0	0	0	3.258	1.629	0	1.629	0	0	0	0	0	0	0	0	1.629	1.629	0	0	0	0	0	0	0	1.629	3.258	0	0	0	1.629	0	1.629	4.887	0	0	0	0	0	0	0	0	0	0	0	0	0	0	0	0	0	0	0	0	0	0	0	0	0	0	0	0	0	1.629	0	0	0	0	1.629	0	0	0	0	0	0	0	0	0	0	3.258	0	0	0	0	0	0	0	0	1.629	0	0	0	0	1.629	0	0	0	0	0	0	0	0	0	0	0	0	0	0	0	0	0	0	0	1.629	0	0	0	0	1.629	0	0	0	0	0	0	0	0	0	0	0	0	0	0	0	0	0	0	0	0	0	0	0	0	0	0	0	0	0	0	0	3.258	0	0	0	0	0	3.258	3.258	1.629	0	9.774	0	1.629	0	0	0	0	0	1.629	3.258	0	0	0	0	0	1.629	0	0	0	0	0	0	0	0	0	0	0	1.629	0	1.629	1.629	3.258	1.629	0	0	0	0	1.629	0	0	0	0	1.629	0	0	4.887	0	0	0	0	0	1.629	0	0	0	0	0	0	0	1.629	0	0	0	0	1.629	0	0	0	0	1.629	0	0	0	0	0	0	0	0	1.629	0	0	0	0	0	0	0	0	0	0	0	0	0	0	0	0	0	0	0	0	0	0	0	0	0	0	0	0	0	0	0	4.887	50:60,156.555:200,50:80
Mospd1-NM_001358456	0	0	0	0	0	0	0	0	0	0	0	0	0	0	0	0	0	0	0	0	0	0	0	0	0	0	0	0	0	0	0	0	0	0	0	0	0	0	0	0	0	0	0	0	0	0	0	0	0	0	0	0	0	0	1.629	0	0	0	0	0	46.963	44.259	3.258	4.887	1.629	1.629	1.629	1.629	0	0	8.145	3.258	0	0	6.516	0	3.258	1.629	0	6.516	0	0	1.629	0	1.629	0	0	1.629	0	0	0	1.629	0	0	0	0	0	0	3.258	1.629	0	0	1.629	3.258	0	0	1.629	0	1.629	0	0	1.629	0	0	0	0	1.629	0	1.629	0	1.629	0	1.629	0	0	1.629	3.258	0	0	3.258	0	0	0	0	0	0	0	1.629	0	0	0	1.629	1.629	0	0	0	0	0	0	0	0	0	0	1.629	0	0	6.516	1.629	0	0	1.629	3.258	0	0	1.873	4.643	0	0	0	0	0	0	0	0	0	0	0	0	0	4.887	0	0	0	1.629	0	0	0	0	0	0	3.258	0	0	3.258	4.887	1.629	4.887	0	0	1.629	0	0	0	1.629	0	0	4.887	0	3.258	0	3.258	0	0	3.258	1.629	0	0	1.629	0	0	1.629	0	0	0	0	1.629	0	0	1.629	1.629	1.629	0	1.629	0	0	0	0	0	0	3.258	1.629	1.629	0	0	0	3.258	0	3.258	1.629	0	0	0	0	0	0	0	0	0	0	1.629	0	0	1.629	0	0	0	1.629	0	0	0	0	1.629	0	1.629	0	4.887	0	0	0	0	0	0	0	1.629	0	3.258	3.258	3.258	4.887	0	0	0	0	0	0	3.258	0	1.629	0	0	4.887	0	0	0	0	0	3.258	0	1.629	0	1.629	0	0	0	0	0	0	0	0	0	0	0	0	0	0	0	0	0	0	0	0	0	0	0	0	0	0	0	0	0	50:60,129.83:200,50:80
Mreg-NM_001357488	0	3.258	0	1.629	6.516	1.629	0	0	0	1.629	0	0	0	0	0	0	0	1.629	1.629	0	0	0	0	1.629	0	4.887	8.145	1.629	0	0	0	0	0	0	0	0	0	0	0	0	0	0	0	0	0	0	0	0	0	1.629	0	0	6.516	0	0	0	0	0	0	0	6.516	50.498	97.738	57.014	24.435	13.032	27.692	34.208	13.032	17.919	34.208	40.724	48.869	9.774	58.643	26.064	37.466	48.869	27.692	32.579	23.799	28.328	3.258	45.611	27.692	6.516	32.579	24.435	13.032	21.177	17.919	16.29	21.177	109.141	35.837	16.29	17.919	9.774	11.403	4.887	18.929	15.28	19.548	9.774	19.548	30.95	35.837	9.774	14.661	9.774	53.756	4.887	14.661	30.95	19.548	35.837	24.435	14.661	24.435	22.806	35.837	16.29	3.258	35.837	19.548	17.919	3.258	29.321	11.403	16.29	26.064	17.919	30.95	8.145	1.629	8.145	27.693	35.837	8.145	16.29	13.032	63.53	14.661	11.403	37.466	30.95	24.435	37.466	34.208	32.579	0	8.145	19.548	24.435	11.403	30.95	19.548	13.032	45.611	13.032	11.403	14.661	40.724	29.321	16.29	48.869	30.95	23.262	17.463	8.145	17.919	35.837	6.516	27.693	30.95	34.208	9.774	22.806	19.548	13.032	9.774	32.579	52.127	42.353	17.919	30.95	22.806	40.724	47.24	17.919	21.177	11.403	22.806	11.403	24.435	8.145	6.516	4.203	38.15	11.403	13.032	17.919	24.435	11.403	11.403	24.435	14.661	56.493	36.359	14.661	29.321	45.611	8.145	5.571	28.637	22.806	30.95	34.208	19.548	66.788	4.887	17.919	50.498	19.548	9.774	1.629	13.032	27.692	32.579	29.321	37.466	24.435	11.403	30.95	24.435	8.145	19.548	17.919	0	21.177	14.661	52.127	16.29	9.774	6.516	32.579	22.806	30.95	24.435	9.774	0	0	1.629	13.032	14.661	37.466	3.258	1.629	0	27.692	1.629	0	1.629	1.629	0	4.887	1.629	1.629	1.629	21.177	0	1.629	1.629	9.774	3.258	4.887	76.562	9.774	3.258	17.919	27.692	1.629	57.014	17.919	0	4.887	11.403	66.788	4.887	1.629	9.774	27.693	1.629	70.046	29.322	14.661	45.611	6.516	0	0	0	24.435	50.498	8.145	30.951	3.258	19.548	16.29	35.837	0	9.774	1.629	0	3.258	16.29	3.258	8.145	6.516	19.548	3.258	3.258	4.887	0	0	0	0	6.516	6.516	14.661	14.661	0	3.258	0	0	0	17.919	3.258	11.403	1.629	11.403	50:60,265.41:200,50:80
Mrm2-NM_026510	0	0	8.145	0	4.887	1.629	0	4.887	9.774	19.548	14.661	0	1.629	40.724	0	0	1.629	0	1.629	3.258	6.516	0	0	0	1.629	0	0	0	0	0	1.629	1.629	0	11.403	14.661	1.629	0	1.629	1.629	4.887	11.403	0	0	17.919	8.145	1.629	0	0	4.887	8.145	19.548	0	0	0	3.258	6.516	1.629	0	1.629	0	1.629	33.394	18.733	17.919	16.29	14.661	8.145	13.032	1.629	3.258	3.258	14.661	21.177	1.629	1.629	0	0	0	1.629	0	1.629	1.629	0	0	0	0	2.443	4.072	0	6.516	0	0	0	0	0	0	0	0	0	0	1.629	0	0	1.629	0	0	0	0	0	0	0	8.145	0	1.629	0	3.258	0	2.036	6.109	1.629	0	3.258	4.887	4.887	0	0	0	0	0	0	0	0	0	1.629	0	1.629	0	0	1.629	0	0	0	0	0	1.629	1.629	0	0	0	0	0	0	1.629	1.629	0	0	0	4.887	1.629	1.629	3.258	0	0	0	0	0	0	0	0	0	0	1.629	0	0	0	0	1.629	4.48	15.068	0	3.258	1.629	0	4.887	0	2.851	10.181	1.629	0	0	0	0	0	0	0	0	0	1.629	0	0	0	0	0	8.145	0	3.258	0	1.629	3.258	0	4.887	8.145	0	4.887	0	3.258	0	1.629	3.258	3.258	1.629	0	0	0	0	0	0	0	0	3.258	0	1.629	0	1.629	0	1.629	0	0	0	0	15.679	15.272	8.145	4.887	0	6.516	0	0	1.629	1.629	3.258	1.629	0	0	6.516	3.258	0	0	1.425	0.204	1.629	0	0	0	6.516	0	0	13.032	21.177	3.258	3.258	0	0	9.774	3.258	4.887	9.774	3.258	0	3.258	4.887	0	0	0	0	0	1.629	0	0	0	0	0	13.032	1.629	0	0	4.887	3.258	1.629	6.516	14.661	0	0	0	0	0	0	4.887	1.629	11.403	13.032	8.145	13.032	22.806	1.629	0	0	0	0	0	0	0	1.629	0	6.516	0	0	1.629	4.887	0	0	0	1.629	0	0	1.629	8.145	3.258	0	0	50:60,21.125:200,50:80
Mrto4-NM_001356476	0	0	0	0	0	0	0	0	0	0	0	0	0	0	0	0	0	0	0	0	0	0	0	0	0	0	0	0	0	0	0	0	0	0	0	0	0	0	0	0	0	0	0	0	0	0	0	0	0	0	0	0	0	0	0	0	0	0	0	0	1.629	14.661	16.379	14.571	1.629	0	0	0	0	0	0.871	7.273	6.052	0.464	9.774	0	1.629	0	0	0	1.629	0	1.629	6.516	19.548	1.629	1.629	3.258	1.629	1.629	3.258	3.128	27.823	3.307	22.757	14.661	1.629	16.29	8.145	15.312	9.122	6.516	8.145	1.629	3.258	3.258	0	0	6.516	9.774	19.548	11.403	0	3.258	28.792	10.303	9.847	6.443	3.258	1.629	0	0	1.629	3.258	3.258	0	3.258	0	3.258	0	3.258	4.887	6.516	14.661	6.516	0	1.629	0	0	0	1.629	0	1.629	0	0	0	12.372	8.805	1.629	0	0	0	0	1.629	0	1.238	0.391	3.258	4.887	4.887	6.516	1.629	0	1.629	1.629	0	0	0	0	0	0.057	1.572	0	0	0	0	0	1.629	3.258	19.873	6.19	3.258	1.629	0	3.258	1.629	1.629	6.516	1.629	8.145	0	0	1.629	3.258	0	6.516	0	0	3.258	0	3.258	1.629	1.629	1.629	0	0	0	0	1.629	0	0	6.516	0	3.258	8.145	4.887	0.888	0.741	8.145	3.258	0	0	0	0	0.041	30.91	4.887	0	0	0	0	0	0	0	11.403	13.032	3.258	1.629	0	0	0	1.629	1.629	1.629	0	0	1.629	0	0	0	0	0	0	0	0	0	3.258	0	1.629	3.258	0	0	0	1.629	11.403	3.258	0	9.774	6.516	8.145	6.516	0	0	8.145	13.032	3.258	14.661	0	0	40.724	73.304	21.177	4.887	4.887	22.806	1.629	1.629	1.629	6.516	6.516	1.629	13.032	8.145	17.919	4.887	3.258	6.516	1.629	1.629	4.887	0	0	0	0	0	0	0	0	0	0	3.258	0	6.516	6.516	0	0	0	1.629	0	0	0	0	1.629	13.032	14.661	13.032	24.435	48.869	8.145	4.887	1.629	17.919	1.629	0	0	0	0	1.629	16.29	4.887	50:60,25.685:200,50:80
Msl3-NM_001370794	0	0	0	0	0	0	0	0	0	0	0	0	0	0	0	0	0	0	0	0	0	0	0	0	0	0	0	0	0	0	0	0	0	0	0	0	0	0	0	0	0	0	0	0	0	0	0	0	0	0	0	4.887	3.258	0	1.629	0	0	0	0	0	32.579	4.887	4.887	127.646	51.541	1.629	1.629	4.887	27.692	4.887	4.887	13.032	57.014	13.032	4.887	27.692	1.629	3.258	1.629	0	0	0	9.774	3.258	1.629	0	0	0	0	0	4.887	3.258	1.629	0	3.258	0	3.258	1.629	0	1.629	0	1.629	0	4.887	0	0	0	0	0	1.629	4.887	1.629	1.629	0	0	1.629	1.629	1.629	0	1.629	0	1.629	0	0	1.629	3.258	0	0	0	0	0	0	3.258	3.258	0	0	3.258	0	4.887	6.516	3.258	4.887	0	9.774	1.629	0	4.887	0	1.629	4.887	3.258	1.629	1.629	0	3.258	4.887	0	8.145	1.629	14.661	0	0	0	0	0	0	0	0	0	0	0	0	0	0	1.629	0	1.629	1.629	0	0	0	0	0	8.145	1.629	3.258	0	1.629	1.629	1.629	1.629	0	0	3.258	1.629	0	0	0	0	0	0	0	0	1.629	0	0	1.629	0	0	1.629	1.629	4.887	0	1.629	3.258	1.629	0	0	1.629	0	4.887	0	1.629	1.629	1.629	0	0	0	3.258	0	3.258	1.629	0	0	1.629	1.629	4.887	0	0	0	4.887	3.258	0	3.258	4.887	3.258	0	3.258	8.145	1.629	1.629	3.258	4.887	0	3.258	0	4.887	6.516	4.887	0	1.629	3.258	0	0	0	0	0	0	0	0	0	1.629	0	1.629	0	0	0	0	0	0	0	0	0	0	0	0	3.258	0	6.516	1.629	0	4.887	0	0	1.629	4.887	0	0	0	0	0	0	0	0	3.258	1.629	0	0	0	1.629	1.629	0	1.629	0	0	0	0	0	0	0	0	3.258	3.258	1.629	0	0	0	0	1.629	0	0	0	0	0	0	1.629	1.629	0	0	0	50:60,113.03:200,50:80
Mterf1a-NM_172135	0	0	0	0	0	0	0	0	0	0	0	0	0	0	0	0	0	0	0	0	0	0	0	0	0	0	0	0	0	0	0	0	0	0	0	0	0	0	0	0	0	0	0	0	0	0	0	0	0	0	0	0	0	0	0	0	0	0	0	0	0	0	0	0	0	0	0	0	0	0	0	0	0	0	0	0	0	0	0	0	0	0	0	0	0	0	0	0	1.629	1.629	3.258	9.774	9.774	22.806	0	0	0	0.114	1.515	0	0	1.629	6.516	1.629	0	13.032	13.032	4.887	1.629	0	0	4.887	1.629	11.403	0	0	6.516	0	0	0	3.258	1.629	0	0	0	0	3.258	3.258	8.145	3.258	0	6.516	1.629	0	0	0	1.629	1.629	0	0	0	1.629	3.258	0	0	0	0	3.258	0	0	6.516	0	3.258	0	2.729	0.529	0	0	0	0	0	0	0	0	0	0	0	3.258	0	0	0	0	1.45	22.985	0	3.258	0	0	0	0	0	0	0	0	0	0	0	0	0	0	0	0	0	0	0	0	0	0	0	0	0	0	0	0	0	0	0	0	0	0	0	0	0	0	0	0	0	0	0	0	0	0	0	0	0	0	0	0	0	0	0	0	0	0	1.629	0	0	0	0	0	0	0	0	0	0	0	0	0	0	0	0	0	1.629	0	1.629	0	0	0	0	0	0	0	0	0	0	1.629	0	4.887	6.516	1.629	0	1.629	0	1.629	0	0	0	0	0	1.629	0	1.629	0	1.629	0	1.629	3.258	0	0	0	0	1.629	0	0	0	1.629	24.435	9.774	0	0	3.258	0	0	0	0	0	0	0	0	0	0	0	0	0	0	0	0	1.629	1.629	1.629	0	1.629	0	1.629	1.629	0	0	0	0	0	0	0	0	3.258	0	0	1.629	0	0	0	50:60,16.765:200,50:80
Mturn-NM_001289741	0	0	0	0	0	0	0	0	0	0	0	0	0	0	0	0	0	0	0	0	0	0	0	0	0	0	0	0	0	0	0	0	0	0	0	0	0	0	0	0	0	0	0	0	0	0	0	0	0	0	0	0	0	1.629	1.629	0	0	0	0	0	0	13.032	0	0	0	0	0	0	1.629	0	0	0	0	0	0	1.629	0	1.629	0	1.629	0	0	0	0	1.629	0	0	0	0	0	0	0	0	1.629	3.258	0	0	0	0	0	0	0	0	0	0	0	0	0	0	0	0	0	0	0	0	0	0	0	0	0	0	0	0	0	0	0	0	1.629	0	0	0	0	0	0	0	0	0	0	0	0	0	0	0	0	0	1.629	0	1.629	0	0	0	0	0	0	0	0	0	0	0	0	0	0	0	0	0	0	1.629	0	0	1.629	0	0	0	0	0	0	0	0	0	0	0	0	0	0	0	0	0	0	0	0	0	0	1.629	1.629	0	0	0	0	0	1.629	0	1.629	0	0	0	1.629	0	0	0	0	0	0	0	0	1.629	0	0	1.629	0	3.258	0	1.629	9.774	6.516	1.629	0	1.629	1.629	3.258	1.629	4.887	0	0	0	0	0	0	0	0	0	0	0	1.629	0	0	0	0	0	0	0	0	0	0	4.887	6.516	1.629	0	0	0	0	0	1.629	1.629	0	0	0	0	0	0	0	0	0	0	0	0	0	0	0	0	0	0	0	0	0	0	1.629	0	0	0	0	0	0	0	0	0	0	0	0	0	0	0	0	0	0	0	0	0	0	1.629	1.629	0	0	0	0	0	0	1.629	0	0	0	0	0	0	0	0	0	0	0	0	0	0	0	0	0	0	0	0	0	0	0	50:60,111.16:200,50:80
Myo18a-NM_011586	0	0	0	1.629	0	0	0	0	6.516	0	0	0	0	0	4.887	0	0	0	0	0	1.629	4.887	0	0	0	0	0	0	0	0	1.629	3.258	0	0	0	3.258	0	0	0	8.145	1.629	1.629	0	0	1.629	3.258	0	0	0	0	0	1.629	1.629	3.258	0	1.629	0	1.629	6.516	0	8.145	3.258	22.806	8.145	6.516	1.629	8.145	3.258	4.887	0	11.403	14.661	6.516	3.258	6.516	8.145	6.516	13.032	11.403	6.516	30.95	22.806	4.887	3.258	13.032	0	4.887	6.516	8.145	4.887	6.516	8.145	24.435	19.548	9.774	26.064	384.437	65.159	8.145	11.403	13.032	8.145	3.258	6.516	6.516	4.887	1.629	0	1.629	8.145	8.145	6.516	0	3.258	4.887	3.258	3.258	3.258	3.258	3.258	3.258	6.516	3.258	3.258	0	8.145	1.629	6.516	0	16.29	9.774	1.629	8.145	4.887	1.629	4.887	3.258	0	1.629	1.629	1.629	3.258	6.516	0	0	11.403	6.516	1.629	1.629	8.145	6.516	9.774	3.258	3.258	1.629	1.629	1.629	6.516	3.258	4.887	9.774	4.887	4.887	4.887	13.032	3.258	3.258	4.887	3.258	1.629	6.516	1.629	1.629	6.516	8.145	1.629	4.887	6.516	0	0	0	0	3.258	8.145	3.258	6.516	3.258	1.629	1.629	0	3.258	0	0	6.516	0	4.887	1.629	1.629	3.258	4.887	9.774	3.258	1.629	3.258	4.887	0	0	0	0	0	0	3.258	4.887	0	6.516	1.629	0	4.887	1.629	0	1.629	3.258	0	0	1.629	1.629	0	3.258	3.258	4.887	3.258	1.629	3.258	1.629	3.258	0	1.629	1.629	4.887	1.629	6.516	3.258	1.629	3.258	0	0	1.629	11.403	6.516	1.629	4.887	3.258	14.661	3.258	1.629	8.145	16.29	1.629	6.516	17.919	0	4.887	3.258	4.887	0	4.887	1.629	0	0	0	3.258	0	1.629	0	0	0	1.629	0	0	0	1.629	3.258	1.629	3.258	0	0	0	0	6.516	0	1.629	0	0	0	0	0	0	0	1.629	0	1.629	3.258	1.629	1.629	9.774	1.629	1.629	4.887	0	0	0	11.403	3.258	0	3.258	1.629	4.887	0	1.629	0	1.629	0	1.629	0	0	0	0	0	1.629	1.629	1.629	0	1.629	1.629	0	0	1.629	3.258	0	0	50:60,443.77:200,50:80
Myt1l-NM_008666	0	0	0	0	0	0	0	0	0	0	0	0	0	0	0	0	0	0	0	0	0	0	0	0	0	0	0	0	0	0	0	0	0	0	0	0	0	0	1.629	0	0	0	0	0	0	0	0	0	0	0	0	0	0	0	0	0	0	0	0	0	1.629	0	0	1.629	0	0	0	0	1.629	0	0	0	0	0	0	0	0	0	0	0	0	0	0	0	0	0	0	0	0	0	0	0	1.629	0	0	1.629	0	0	0	0	0	0	0	0	0	0	0	0	0	0	0	0	0	0	0	0	4.887	0	0	0	0	0	0	0	0	0	0	0	0	0	0	0	0	0	0	0	0	0	0	0	0	0	0	0	0	0	0	0	0	0	0	0	0	0	0	0	0	0	0	0	0	0	0	0	0	0	0	0	0	0	1.629	0	0	0	0	0	1.629	0	0	0	0	0	0	0	0	0	0	0	0	0	0	0	0	0	0	0	0	1.629	0	1.629	0	0	0	1.629	0	0	1.629	0	0	0	0	0	0	0	0	0	0	1.629	1.629	0	0	0	1.629	0	0	0	0	1.629	0	0	0	0	0	0	0	0	0	1.629	0	1.629	1.629	0	0	0	0	0	0	0	0	0	0	0	0	0	0	0	0	0	0	0	0	0	0	0	0	0	0	0	0	0	0	0	0	0	0	0	0	0	0	0	0	0	0	0	0	0	0	0	0	0	0	0	0	0	0	0	0	0	0	0	0	0	0	0	0	0	0	0	0	0	0	0	0	0	0	0	0	0	0	0	0	0	0	0	0	0	0	0	0	0	0	0	0	0	0	0	0	0	0	0	50:60,1974.13:200,50:80
Nat8f5-NM_023493	0	0	0	0	0	0	0	0	0	0	0	0	0	0	0	0	0	0	0	0	0	0	0	0	0	0	0	0	0	0	0	0	0	0	0	0	0	0	0	0	0	0	0	0	0	0	0	0	0	0	0	0	0	0	0	0	0	0	0	0	0	0	0	0	0	0	0	0	0	0	0	0	0	0	0	0	0	0	0	0	0	0	0	0	0	0	0	0	0	0	0	0	0	0	0	0	0	0	0	0	0	0	0	0	0	0	0	0	0	0	0	0	0	0	0	0	0	0	0	0	0	0	0	0	0	0	0	0	0	0	0	0	0	0	0	0	0	0	0	0	0	0	0	0	0	0	0	0	0	0	0	0	0	0	0	0	0	0	0	0	0	0	0	0	0	0	0	0	0	0	0	0	0	0	0	0	0	0	0	0	0	0	0	0	0	0	0	0	0	0	0	0	0	0	0	0	0	0	0	0	0	0	1.629	0	0	0	0	0	0	0	0	0	0	0	0	0	0	0	0	0	0	0	0	0	0	1.629	0	0	0	0	0	0	0	0	0	0	0	0	0	0	0	0	0	0	0	0	0	0	0	0	0	0	0	0	0	0	0	0	0	0	0	0	0	0	0	0	0	0	0	0	0	0	0	0	0	0	0	0	0	0	0	0	0	0	0	0	0	0	0	0	0	0	0	0	0	0	0	0	0	0	0	0	0	0	0	0	0	0	0	0	0	0	0	0	0	0	0	0	0	0	0	0	0	0	0	0	0	0	0	0	0	0	0	0	0	0	0	0	0	0	50:60,18.775:200,50:80
Ncoa7-NM_001358842	0	0	0	0	0	0	0	0	0	0	0	0	0	0	0	0	0	0	0	0	0	0	0	0	0	0	0	0	0	0	0	0	0	0	0	0	0	0	0	0	0	0	0	0	0	0	0	0	0	0	0	0	0	0	0	0	0	0	0	0	35.837	48.869	34.208	13.032	19.548	1.629	14.661	19.548	21.177	6.516	6.516	0	0	1.629	0	34.208	21.177	11.403	4.887	3.258	30.95	6.516	6.516	6.516	6.516	1.629	3.258	9.774	0	3.258	4.887	9.774	1.629	4.887	11.403	21.177	14.661	3.258	30.95	22.806	17.919	4.887	6.516	11.403	4.887	3.258	1.629	1.629	1.629	17.919	6.516	6.516	4.887	8.145	16.29	4.887	13.032	6.516	8.145	3.258	11.403	8.145	0	8.145	16.29	1.629	13.032	11.403	9.774	6.516	8.145	6.516	8.145	16.29	3.258	9.774	13.032	3.258	4.887	11.403	0	0	9.774	14.661	16.29	8.145	6.516	8.145	19.548	14.661	14.661	37.466	6.516	19.548	8.145	3.258	11.403	11.403	1.629	3.258	6.516	3.258	4.887	8.145	4.887	11.403	13.032	4.887	8.145	3.258	1.629	1.629	0	8.145	6.516	11.403	11.403	8.145	4.887	6.516	0	1.629	9.774	6.516	1.629	4.887	8.145	11.403	8.145	8.145	4.887	3.258	1.629	1.629	4.887	3.258	6.516	4.887	6.516	1.629	6.516	13.032	4.887	7.167	5.864	4.887	4.887	6.516	1.629	8.145	3.258	3.258	1.629	4.887	9.774	1.629	1.629	1.629	1.629	6.516	24.435	16.29	1.629	4.887	6.516	4.887	21.177	8.145	8.145	1.629	8.145	0	0	1.629	3.258	6.516	6.516	4.887	3.258	3.258	0	4.887	3.258	8.145	4.887	3.258	4.887	29.321	26.064	11.403	6.516	6.516	9.774	3.258	21.177	8.145	21.177	17.919	6.516	6.516	0	3.258	0	0	0	0	0	3.258	0	0	0	6.516	0	4.887	0	0	0	3.258	0	0	0	0	0	1.629	1.629	0	0	0	0	1.629	3.258	3.258	0	0	0	1.629	0	0	0	1.629	1.629	1.629	0	0	1.629	0	0	0	0	0	0	0	0	3.258	0	3.258	0	0	0	1.629	0	1.629	0	0	0	0	0	0	0	0	0	0	0	0	0	1.629	3.258	0	0	0	50:60,788.725:200,50:80
Ndufaf4-NM_026742	0	0	0	0	0	0	0	0	0	0	0	0	0	0	0	0	0	0	0	0	0	0	0	0	0	0	0	0	0	0	0	0	0	0	0	0	0	0	0	0	0	0	0	0	0	0	0	0	0	0	0	0	0	0	0	0	0	0	0	0	4.887	29.631	30.641	0	0	0	0	0	0	0	0	0	0	0	0	0	0	6.516	3.258	0	3.258	0	0	0	9.774	4.887	6.516	0	0	1.629	3.258	0	4.887	1.629	1.629	8.145	8.145	0	0	0	0	6.5	9.79	0	0	1.629	0	0	0	0	4.887	4.887	0	0	0	1.629	3.258	0	0	1.629	0	0	0	0	0	0	0	1.629	0	3.258	3.258	0	3.258	8.145	6.516	0	0	0	1.629	1.629	1.629	0	0	0	0	0	0	0	0	8.145	1.629	0	0	0	1.629	9.969	12.836	8.145	0	0	1.629	2.753	3.763	0	1.629	0	0	0	1.393	0.236	0	0	0	1.629	1.629	3.258	1.629	0	6.516	6.516	1.629	0	0	0	3.258	3.16	1.727	0	0	1.629	0	0	3.258	0	0	1.629	0	0	0	0	0	0	0	0	8.145	1.629	1.629	1.629	0	0	0	0	0	0	0	0	1.629	3.258	11.403	9.774	0	0	1.629	8.145	0	8.145	9.774	4.887	6.516	3.258	10.157	4.504	26.064	30.95	6.516	0	3.771	1.116	0	0	0	23.278	12.559	1.629	0	6.516	1.629	0	0	0	0	0	0	27.937	9.529	1.629	1.629	26.064	1.629	0	4.887	4.887	3.258	0	0	8.145	0	4.887	9.774	1.629	3.258	1.629	8.145	6.516	3.258	0	0	13.032	8.145	3.258	0	1.629	1.629	0	0	0	0	0	0	1.629	1.629	0	0	1.629	1.629	1.629	0	0	0	0	0	0	0	0	0	0	0	1.629	0	1.629	0	0	0	0	0	0	1.629	0	0	0	0	0	0	0	0	0	0	0	0	0	0	0	1.629	0	1.629	0	0	0	0	0	50:60,34.595:200,50:80
Nedd8-NM_008683	3.258	0	0	0	0	4.887	17.919	1.629	0	24.435	6.516	0	1.629	0	4.887	0	4.887	17.919	0	4.887	1.629	0	3.258	3.258	0	1.629	4.887	0	1.629	4.887	24.435	0	3.258	0	1.629	4.887	1.629	14.661	6.516	9.774	1.629	4.887	1.629	6.516	1.629	9.774	3.258	6.516	3.258	1.629	0	6.516	14.661	4.887	3.258	6.516	43.982	6.516	3.258	0	9.774	19.548	6.516	0	14.661	1.629	16.29	14.661	1.629	6.516	6.516	4.887	21.177	7.005	36.978	0	4.887	1.629	3.258	8.145	4.887	3.258	0	0	6.516	9.774	16.99	0.929	1.629	0	19.548	3.258	1.629	1.629	0	1.629	0	3.258	13.032	6.516	0	0	1.629	0	1.629	1.629	0	3.258	4.887	1.629	0	0	1.629	0	0	0	8.145	11.403	1.629	1.629	0	0	0	3.258	0	0	0	8.145	6.516	0	0	0	0	0	9.774	4.887	4.887	11.403	11.403	6.516	1.629	1.629	0	0	0	3.258	3.258	3.258	4.887	3.258	0	4.887	1.629	3.258	0	1.629	10.523	5.767	26.064	3.258	1.629	0	0	0	0	0	0	3.258	13.032	3.258	4.887	8.145	3.258	0	1.629	6.516	11.403	1.629	3.258	1.629	3.258	3.258	1.629	0	1.629	4.887	1.629	0	0	0	0	0	0	0	0	1.629	13.032	22.806	19.548	9.774	0	6.516	13.032	11.403	3.258	0	4.887	3.258	29.321	8.145	14.661	0	0	11.403	13.032	1.629	1.629	0	0	0	0	0	0	1.629	1.629	6.223	6.809	0.195	3.062	4.887	0	0	0	0	8.145	0	4.887	1.629	0	1.629	3.258	1.629	1.629	22.806	14.091	3.828	4.887	0	1.629	0	1.629	4.887	1.629	1.629	0	0	1.629	3.258	11.256	9.92	1.629	3.258	3.258	4.887	4.887	0	0	0	3.258	3.258	0	3.258	0	1.629	0	1.629	0	8.145	1.629	9.774	22.806	1.629	1.629	4.887	9.774	68.417	1.629	13.032	4.887	6.516	13.032	0	8.145	14.661	4.887	21.177	78.191	92.851	68.417	4.887	3.258	1.629	6.516	6.516	6.516	13.032	3.258	3.258	1.629	1.629	0	0	1.629	0	0	6.516	1.629	1.629	4.887	0	1.629	1.629	4.887	3.258	0	0	3.258	13.032	0	0	0	1.629	1.629	3.258	3.258	4.887	0	0	0	0	50:60,48.09:200,50:80
Nip7-NR_028367	0	0	3.258	0	0	1.629	0	0	0	0	0	0	0	0	0	0	0	1.629	1.629	3.258	1.629	1.629	0	4.887	0	0	4.887	0	0	0	0	0	0	3.258	3.258	0	0	0	0	1.629	0	3.258	0	1.629	0	1.629	0	0	0	0	0	0	0	0	0	0	1.629	0	1.629	0	8.568	36.261	36.619	42.549	408.026	446.99	37.173	16.583	7.624	8.666	6.516	3.258	6.516	0	19.548	4.887	6.516	9.774	9.774	8.145	1.629	4.887	0	1.629	0	0	0	0	1.629	3.258	3.258	21.177	5.832	12.087	0	0	0	3.258	0	0	1.629	4.757	37.597	9.774	3.258	3.258	0	0	0	0	0	1.629	0	3.258	0	1.629	1.629	0	0	0	1.629	0	4.887	7.558	0.586	1.89	6.255	0	4.887	1.629	0	17.919	6.516	0	0	0	0	0	0	1.629	0	0	3.258	6.516	3.258	3.258	0	0	0	0	0	1.629	0	1.433	46.947	0.489	0	0	0	0	4.887	1.629	11.044	3.616	0	1.629	7.852	3.551	0	3.258	3.03	0.228	0	0	0	0	3.258	4.887	19.548	19.873	11.077	3.258	0	1.629	0	0	6.516	0	0	3.258	0	0	9.774	9.774	0	0	0	0	0	0	0	0	0	5.604	15.573	34.143	19.613	3.258	6.516	22.806	38.313	21.959	8.145	50.628	25.933	8.145	1.629	40.724	24.435	6.516	15.638	4.3	7.754	0	0	0	0	0	0	1.629	9.774	1.629	1.629	3.258	0	0	0	0	0	0	19.548	3.258	3.258	26.064	35.837	26.064	4.887	21.177	17.919	0	0	4.887	6.809	7.852	0	9.578	3.453	0.782	2.476	4.887	43.982	35.837	16.29	13.032	1.629	0	21.177	19.548	9.774	14.661	74.933	4.887	0	0	6.516	0	14.661	27.693	19.548	17.919	42.353	60.272	1.629	0	6.516	1.629	17.919	24.435	0	0	0	0	0	6.516	9.774	0	8.145	1.629	16.29	0	0	0	0	0	1.629	0	0	0	6.516	16.29	3.258	3.258	0	0	1.629	1.629	0	3.258	1.629	0	0	3.258	4.887	0	6.516	0	0	0	0	0	0	0	0	0	3.258	1.629	0	0	0	0	50:60,20.26:200,50:80
Nlrp5-NR_131241	0	0	0	0	0	0	0	0	0	0	0	0	0	0	0	0	0	0	0	0	0	0	0	0	0	0	0	0	0	0	0	0	0	0	0	0	0	0	0	0	0	0	0	0	0	0	0	0	0	0	0	0	0	0	0	0	0	0	0	0	0	0	0	0	0	0	0	0	0	0	0	0	0	0	0	0	0	0	0	0	0	0	0	0	0	0	0	0	0	0	0	0	0	0	0	0	0	0	0	0	0	0	0	0	0	0	0	0	0	0	0	0	0	0	0	0	0	0	0	0	0	0	0	0	0	0	0	0	0	0	0	0	0	0	0	0	0	0	0	0	0	0	0	0	0	0	0	0	0	0	0	0	0	0	0	0	0	0	0	0	0	0	0	0	0	0	0	0	0	0	0	0	0	0	0	0	0	0	0	0	0	0	0	0	0	0	0	0	0	0	0	0	0	0	0	0	0	0	0	0	0	0	0	0	0	0	0	0	0	0	0	0	0	0	0	0	0	0	0	0	0	0	0	0	0	0	0	0	0	0	0	0	0	0	0	0	0	0	0	0	0	0	0	0	0	0	0	0	0	0	0	0	0	0	0	0	0	0	0	0	0	0	0	0	0	0	0	0	0	0	0	0	0	0	0	0	0	0	0	0	0	0	0	0	0	0	0	0	0	0	0	0	0	0	0	0	0	0	0	0	0	0	0	0	0	0	0	0	0	0	0	0	0	0	0	0	0	0	0	0	0	0	0	0	0	0	0	0	0	0	0	0	0	0	0	0	0	0	0	0	50:60,189.11:200,50:80
Nlrp5-ps-NR_045119	0	0	0	0	0	0	0	0	0	0	0	0	0	0	0	0	0	0	0	0	0	0	0	0	0	0	0	0	0	0	0	0	0	0	0	0	0	0	0	0	0	0	0	0	0	0	0	0	0	1.629	0	0	0	0	0	0	0	0	0	0	0	0	12.12	0.912	4.887	4.887	0	4.887	6.516	4.887	30.95	4.887	0	0	1.629	4.887	1.629	3.258	16.29	0	0	1.629	1.629	8.145	0	0	0	0	0	0	0	1.629	0	0	0	0	1.629	3.258	0	0	3.258	0	0	6.516	1.629	4.887	4.887	0	0	1.629	0	0	0	0	0	0	0	1.629	1.629	0	1.629	1.629	0	2.802	2.085	0	0	0	1.629	0	0	1.629	0	0	1.629	0	1.629	1.629	4.887	1.629	0	0	0	0	4.887	3.258	0	0	0	0	4.887	0	6.516	0	3.258	1.629	4.887	0	0	1.629	0	0	1.629	0	0	3.258	1.629	0	0	0	0	0	0	0	0	0	0	0	0	1.629	3.258	1.629	1.629	0	1.629	0	0	3.258	0	0	0	0	3.258	0	1.629	1.629	0	0	1.629	0	0	0	1.629	0	0	0	0	0	0	0	0	0	0	0	0	0	0	0	0	0	0	1.629	0	0	0	0	0	0	0	0	0	4.887	0	1.629	0	3.258	0	1.629	1.629	0	1.629	0	0	1.629	0	0	0	0	0	0	0	0	0	1.629	0	0	0	0	1.629	0	0	0	0	0	0	0	0	0	0	0	0	0	0	0	0	0	0	0	0	0	0	0	0	0	0	0	0	0	0	0	0	0	0	0	0	0	0	0	0	0	0	0	0	0	0	0	0	0	0	0	0	0	0	0	0	0	0	0	0	0	0	0	0	0	0	0	0	0	0	0	0	0	0	0	0	0	0	0	0	0	50:60,309.48:200,50:80
Nop53-NM_133831	0	0	0	0	1.629	0	1.629	0	0	0	0	1.629	1.629	0	0	0	9.774	0	4.887	3.258	3.258	4.887	1.629	3.258	0	0	0	0	1.629	0	0	0	0	0	0	0	0	0	1.629	0	1.629	0	0	0	0	0	3.258	4.887	0	0	0	0	1.629	0	0	0	0	0	0	0	6.516	0	9.929	1.474	4.887	1.629	4.887	6.516	8.145	4.887	48.894	92.436	11.794	1.629	3.258	11.403	19.548	6.516	6.516	22.806	11.403	0	0	4.887	0	0	0	3.258	3.258	8.145	11.403	0	3.258	1.629	0	0	0	3.258	13.032	0	1.629	14.661	6.019	7.013	0	0	14.661	1.629	13.032	1.629	0	0	0	13.032	22.806	4.887	3.258	1.629	26.064	6.353	16.453	6.516	8.145	9.774	0	4.887	2.37	7.404	39.095	0	0	0	1.629	3.274	17.902	11.403	4.887	4.887	0	0	4.887	8.145	6.516	0	6.516	6.516	14.661	0	0	0	0	0	0	0	17.389	15.19	8.145	1.629	8.145	3.258	4.887	8.145	1.629	17.919	0	3.258	6.516	6.516	1.629	11.403	9.774	13.032	21.177	16.29	1.629	0	3.258	1.629	1.629	22.806	13.032	0	22.806	6.516	3.258	0	1.629	0	0	0	0	4.887	0	4.887	4.887	43.982	6.516	7.721	10.197	3.258	16.29	0	0	0	0	4.887	0	0.033	8.112	11.403	11.403	0	0	0	4.887	1.629	11.403	3.258	0	0	1.629	4.887	4.887	3.258	4.887	0	0	1.629	0	1.629	0	9.774	3.258	6.516	1.629	9.774	0	8.145	11.403	3.258	6.516	3.258	5.848	26.731	6.516	0	3.258	0	0	0	3.258	3.258	4.887	0	1.629	1.629	1.629	8.145	4.887	16.29	4.887	3.258	6.516	0	1.629	34.208	42.353	9.774	4.887	0	1.629	1.629	19.548	0	3.258	1.629	0	3.258	1.629	13.032	1.629	0	17.919	0	6.516	30.95	4.887	6.516	24.435	58.643	47.24	0	3.258	55.385	11.403	0	9.774	14.661	39.095	53.756	6.516	22.806	35.837	87.964	17.919	3.258	43.982	50.498	6.516	3.258	13.032	3.258	0	19.548	24.435	1.629	6.516	11.403	29.321	8.145	8.145	13.032	24.435	6.516	3.258	8.145	1.629	6.516	1.629	0	4.887	0	0	6.516	6.516	1.629	0	0	4.887	6.516	50:60,41.365:200,50:80
Notch4-NM_010929	0	0	0	1.629	0	0	0	0	0	0	0	0	0	0	0	0	0	0	0	0	0	0	0	0	0	0	0	0	0	0	0	0	0	0	0	0	0	0	0	0	0	0	0	8.145	0	0	0	0	0	0	0	0	0	1.629	0	1.629	0	0	0	3.258	22.806	1.629	0	0	0	0	3.258	0	1.629	0	0	1.629	1.629	0	1.629	1.629	0	1.629	0	0	0	0	0	0	3.258	0	3.258	0	1.629	0	0	3.258	1.629	0	3.258	0	1.629	1.629	0	0	0	0	3.258	0	0	0	0	0	0	0	0	0	0	0	0	1.629	0	0	0	1.629	0	0	0	0	0	0	0	0	0	1.629	1.629	0	0	0	0	0	1.629	0	0	0	0	0	0	0	0	0	0	0	0	0	0	1.629	0	3.258	0	0	0	0	0	0	1.629	0	0	3.258	1.629	0	1.629	0	0	0	0	0	0	0	0	0	1.629	0	0	0	0	0	1.629	0	0	0	0	0	0	1.629	3.258	0	0	0	0	1.629	0	1.629	6.516	1.629	0	1.629	0	1.629	0	0	0	0	3.258	0	0	0	3.258	4.887	0	0	1.629	1.629	0	3.258	3.258	4.887	1.629	3.258	0	0	0	0	0	0	0	1.629	0	3.258	0	0	0	3.258	0	0	1.629	1.629	0	3.258	9.774	0	3.258	1.629	1.629	0	11.403	0	216.653	8.145	3.258	4.887	11.403	13.032	16.29	3.258	0	0	1.629	4.887	1.629	0	0	0	0	0	0	1.629	0	0	0	0	0	1.629	0	0	8.145	0	0	0	1.629	4.887	3.258	0	0	6.516	0	0	0	1.629	0	1.629	0	0	0	0	0	0	0	0	0	0	0	0	0	0	0	0	0	3.258	0	1.629	1.629	0	0	0	0	0	3.258	1.629	0	0	4.887	0	0	0	0	0	0	0	4.887	4.887	1.629	0	0	0	50:60,121.245:200,50:80
Nrap-NM_198059	0	0	0	0	0	0	0	0	0	0	0	0	0	0	0	0	0	0	0	0	0	0	0	0	0	0	0	0	3.258	0	0	0	0	0	0	0	0	0	0	0	0	0	0	0	0	0	0	0	0	0	0	0	0	0	0	0	0	0	0	0	0	0	0	0	0	0	0	1.629	0	0	0	0	0	0	0	0	0	0	0	0	0	0	0	0	0	0	0	0	0	0	0	0	0	0	0	0	0	0	0	0	0	0	0	0	0	0	0	0	0	0	0	0	0	0	0	0	0	0	0	0	0	0	0	0	0	0	0	1.629	0	0	0	0	0	0	0	0	0	0	0	0	0	0	0	0	0	0	1.629	0	0	0	0	0	0	0	0	0	0	0	0	0	0	0	0	0	0	0	0	0	0	0	0	0	0	0	0	0	0	0	0	0	0	0	0	0	0	0	0	0	0	0	0	0	0	0	0	0	0	0	0	0	1.629	0	0	0	0	1.629	0	0	0	0	0	0	0	0	0	0	0	0	0	0	0	0	0	0	0	0	0	0	0	0	0	0	0	0	0	0	0	0	0	0	0	0	0	0	0	0	0	0	0	0	0	0	0	0	0	0	0	0	0	0	0	0	0	0	0	0	0	0	0	0	0	0	0	0	0	0	0	0	0	0	0	1.629	0	0	0	0	0	0	0	0	0	0	0	0	0	0	0	0	0	0	0	0	0	0	0	0	0	0	0	0	0	0	0	0	0	0	0	0	0	0	0	0	0	0	0	0	0	0	0	0	0	0	0	0	0	0	0	0	0	0	50:60,349.99:200,50:80
Nrf1-NM_001361695	0	3.258	1.629	4.887	0	1.629	0	0	29.321	0	0	9.774	0	0	0	1.629	0	0	0	0	3.258	3.258	6.516	8.145	0	0	3.258	0	1.629	0	1.629	0	1.629	11.403	4.887	0	1.629	1.629	0	0	0	0	0	0	0	0	0	0	1.629	3.258	0	0	1.629	8.145	8.145	0	4.887	0	0	0	17.919	6.516	8.145	8.145	13.032	13.032	39.095	9.774	8.145	30.95	66.788	27.693	21.177	9.774	26.064	6.516	21.177	14.661	37.466	13.032	27.692	16.29	14.661	35.837	16.29	16.29	1.629	8.145	17.919	34.208	4.887	9.774	8.145	13.032	37.466	30.95	9.774	11.403	16.29	8.145	37.466	13.032	11.403	13.032	34.208	13.032	16.29	4.887	24.435	3.258	19.548	21.177	16.29	0	19.303	19.792	22.806	27.692	19.548	16.29	12.494	13.569	21.177	16.29	6.516	21.177	0	6.451	21.242	11.403	14.661	11.403	21.177	4.887	8.145	9.774	70.046	16.29	11.403	16.29	3.258	4.887	14.661	37.466	6.516	8.145	13.032	6.516	8.145	45.611	14.661	6.516	19.548	16.29	19.548	39.095	6.516	24.435	58.643	13.032	8.145	40.627	18.016	4.887	1.629	16.29	16.29	0	1.629	4.887	14.661	14.661	11.403	40.724	17.919	30.95	6.516	14.661	21.177	1.629	8.145	42.907	45.057	6.516	22.806	19.548	13.032	35.837	8.145	1.629	11.403	16.29	16.29	17.886	21.209	32.579	21.177	17.919	4.887	9.774	1.629	0	3.258	3.258	17.919	32.579	6.516	6.516	13.032	14.661	24.435	6.516	32.579	26.064	6.516	8.145	30.95	13.032	8.145	14.661	42.353	24.435	17.919	9.774	14.661	24.435	11.403	13.032	21.177	27.692	48.869	56.493	216.556	75.552	382.808	96.109	60.272	0	9.774	34.208	123.802	24.435	11.403	89.593	24.435	27.693	70.046	76.562	26.064	42.353	27.692	11.403	11.403	16.29	19.548	14.661	14.661	40.724	17.919	8.145	1.629	0	0	0	1.629	1.629	1.629	0	0	1.629	0	8.145	1.629	0	0	0	0	4.887	1.629	0	1.629	0	0	3.258	4.887	1.629	0	8.145	1.629	0	3.258	1.629	0	0	0	1.629	1.629	0	3.258	0	6.516	1.629	0	3.258	0	0	1.629	9.774	1.629	6.516	0	0	1.629	0	0	3.258	0	0	0	0	0	0	0	0	0	3.258	0	1.629	0	0	3.258	0	3.258	9.774	1.629	0	1.629	0	0	0	50:60,331.47:200,50:80
Nrg1-NM_001364422	0	1.629	0	1.629	0	0	0	0	1.629	0	0	1.629	3.258	0	0	3.258	0	0	1.629	1.629	1.629	0	1.629	1.629	0	1.629	0	0	9.774	6.516	0	1.629	0	3.258	1.629	1.629	1.629	0	1.629	0	0	0	0	0	0	0	0	0	4.887	0	4.887	6.516	0	0	0	0	0	0	1.629	3.258	6.516	19.548	14.661	9.774	11.403	0	13.032	8.145	19.548	8.145	4.887	9.774	9.774	17.919	29.321	17.919	16.29	8.145	14.661	16.29	19.548	9.774	11.403	4.887	11.403	14.661	26.064	19.548	0	17.919	11.403	14.661	13.032	27.692	9.774	14.661	17.919	16.29	8.145	9.774	4.993	3.152	6.516	6.516	3.258	4.887	6.516	8.145	9.774	19.548	4.887	8.145	8.145	9.774	11.403	17.919	1.629	0	8.145	6.516	3.258	4.887	19.548	13.032	17.919	8.145	17.919	8.145	9.774	4.887	8.145	4.887	11.403	19.548	4.887	8.145	11.403	1.629	11.403	17.919	16.29	8.145	19.548	3.258	4.887	8.145	8.145	1.629	1.629	6.516	8.145	6.516	8.145	8.145	8.145	4.887	1.629	6.516	0	11.403	4.887	8.145	6.516	4.887	13.032	3.258	6.516	6.516	14.661	9.774	11.403	17.919	4.887	14.661	13.032	1.629	4.887	16.29	11.403	16.29	9.774	6.516	13.032	4.887	6.516	19.548	4.887	4.887	3.258	16.29	13.032	6.516	0	11.403	11.403	0	4.887	3.258	6.516	0	1.629	8.145	3.258	1.629	4.887	6.516	1.629	8.145	3.258	1.629	4.887	3.258	8.145	3.258	4.887	4.887	4.887	1.629	6.516	4.887	3.258	6.516	4.887	6.516	4.887	0	3.258	3.258	4.887	1.629	1.629	1.629	8.145	0	4.887	6.516	4.887	11.403	9.774	1.629	1.629	8.145	3.258	1.629	6.516	4.887	8.145	1.629	4.887	7.086	15.72	13.032	9.774	3.258	6.516	11.403	6.516	4.887	6.516	8.145	0	0	0	0	0	0	0	0	0	0	0	0	0	0	0	0	0	0	0	0	0	0	0	6.516	0	0	0	4.887	0	0	1.629	0	0	0	0	0	0	0	0	0	0	0	0	0	0	0	0	0	0	1.629	4.887	0	4.887	0	0	0	1.629	1.629	0	0	1.629	1.629	0	0	0	1.629	0	0	0	0	0	0	3.258	0	0	0	0	0	0	1.629	50:60,521.465:200,50:80
Nrp2-NM_001077403	0	0	0	0	0	0	0	0	0	0	0	0	0	0	0	0	0	0	0	0	0	0	0	0	0	0	0	0	0	0	0	0	0	0	0	0	0	0	0	0	0	0	0	0	0	0	0	0	0	0	0	0	0	0	0	0	0	0	0	0	3.258	4.887	13.032	1.629	10.425	14.009	0	11.403	3.258	4.887	1.629	1.629	9.774	3.258	1.629	1.629	0	1.629	8.145	1.629	1.629	3.258	0	3.258	3.258	6.516	8.145	6.516	3.258	6.516	3.258	0	0	1.629	4.887	6.516	4.887	6.516	9.774	3.258	0	0	1.629	0	0	3.258	1.629	0	3.258	9.774	1.629	0	0	8.145	4.887	4.887	11.403	3.258	21.177	13.032	37.466	34.208	11.403	9.774	9.774	11.403	6.516	3.258	4.887	8.145	4.887	11.403	11.403	3.258	8.145	8.145	3.258	11.403	6.516	3.258	9.774	3.258	1.629	6.516	4.887	1.629	3.258	0	0	0	3.258	3.258	0	6.516	1.629	3.258	11.403	4.887	1.629	6.516	13.032	6.516	4.887	3.258	1.629	0	3.258	3.258	6.516	0	21.177	22.806	86.335	21.177	13.032	35.837	8.145	14.661	6.516	13.032	11.403	1.629	24.435	6.516	1.629	13.032	24.435	1.629	4.887	17.919	1.629	9.774	16.29	9.774	8.145	6.516	11.403	9.774	14.661	8.145	22.806	13.032	3.258	8.145	6.516	3.258	9.774	4.887	1.629	8.145	3.258	9.774	16.29	17.919	8.145	8.145	9.774	3.258	11.403	21.177	8.145	14.661	1.629	1.629	6.516	4.887	3.258	3.258	6.516	8.145	3.258	9.774	6.516	6.516	8.145	1.629	22.806	3.258	14.661	16.29	8.145	3.258	8.145	1.629	0	6.516	4.887	4.887	3.258	17.919	0	1.629	1.629	0	4.887	6.516	3.258	3.258	6.516	3.258	0	0	0	0	1.629	0	0	0	3.258	1.629	4.887	3.258	3.258	0	0	0	0	3.258	0	0	0	1.629	0	0	0	1.629	0	0	0	0	0	0	8.145	0	0	0	0	3.258	1.629	0	3.258	1.629	0	0	0	1.629	0	0	0	0	0	0	0	0	0	0	0	0	0	0	0	0	0	0	0	0	0	0	0	0	1.629	0	0	0	0	0	0	0	0	0	50:60,576.88:200,50:80
Nsmf-NM_001039387	0	0	0	0	0	1.629	1.629	3.258	0	0	1.629	0	0	0	0	0	0	0	1.629	0	1.629	0	0	0	1.629	1.629	0	0	0	0	0	0	1.629	0	0	1.629	1.629	0	0	1.629	0	0	0	0	0	0	0	0	0	0	0	0	0	0	0	1.629	0	0	0	0	0	9.774	1.629	0	4.887	0	0.986	2.272	0	0	3.258	3.258	0	0	11.403	0	0	0	0	0	0	0	0	3.258	0	0	0	1.629	0	0	0	0	0	0	0	0	0	0	0	0	1.629	0	0	0	0	0	0	0	1.629	0	0	0	0	0	0	1.629	0	0	0	0	0	0	1.629	0	0	0	0	0	0	0	1.629	0	0	0	0	0	0	0	0	0	0	0	0	0	0	0	0	0	0	0	0	0	0	0	0	0	0	0	1.629	0	0	0	0	0	0	0	0	0	0	3.258	1.629	0	0	0	0	0	0	0	1.629	0	0	0	0	0	1.629	0	1.629	0	0	0	0	0	0	0	0	0	0	0	0	0	0	0	1.629	0	0	1.629	0	0	0	0	0	1.629	0	1.629	1.629	0	0	0	0	0	0	0	1.629	0	0	0	0	0	3.258	0	0	1.629	0	0	0	0	0	0	0	0	0	0	0	0	0	0	0	1.629	0	0	0	0	1.629	0	0	0	1.629	0	0	1.629	0	0	0	0	0	0	0	0	0	0	0	0	0	0	0	0	0	0	0	3.258	0	0	0	0	0	3.258	0	0	0	0	0	0	1.629	0	0	0	0	0	0	0	0	0	0	0	0	0	0	0	0	0	0	0	0	0	0	1.629	0	1.629	0	0	0	0	0	0	3.258	0	0	0	0	0	0	0	0	0	0	1.629	0	3.258	0	0	50:60,42.515:200,50:80
Nt5dc2-NM_027289	0	6.516	1.629	0	11.403	1.629	0	3.258	1.629	1.629	9.774	0	8.145	21.177	6.516	1.629	0	1.629	4.887	3.258	9.774	9.774	8.145	4.887	1.629	1.629	0	0	0	3.258	3.258	4.887	4.887	3.258	0	1.629	4.887	4.887	1.629	1.629	4.887	1.629	1.629	1.629	1.629	4.887	3.258	8.145	9.774	3.258	1.629	1.629	1.629	8.145	4.887	3.258	0	4.887	1.629	8.145	0	3.079	5.066	0	1.629	3.258	1.629	0	0	0	0	0	0	6.516	0	0	0	0	0	0	1.629	0	1.629	0	0	0	3.258	0	3.258	0	0	0	0	0	1.629	1.629	0	0	0	0	0	0	0	0	0	3.258	0	2.215	10.816	0	0.318	2.94	0	0	0	0	0	0	0	0	0	1.629	0	1.629	0	0	0	0	0	5.62	5.783	1.629	0	1.629	0	1.629	0	0	9.774	1.629	1.629	0	0	3.258	0	0	0	1.629	0	0	0	1.629	0	0	0	1.629	1.629	0	1.629	0	0	0	0	0	0	0	0	4.887	0	0	0	0	0	1.629	0	0	1.629	0	3.258	1.629	4.887	0	0	0	1.629	1.629	1.629	0	0	1.629	0	0	0	0	3.258	0	0	0	1.629	0	0	0	0	0	0	0	0	0	0	3.258	0	0	0	0	0	1.629	0	1.629	1.629	0	0	0	0	0	0	0	0	0	0	0	0	0	0	0	0	0	0	0	1.629	0	0	0	1.629	0	0	0	0	0	0	0	0	0	1.629	3.258	0	0	0	0	0	1.629	0	0	0	0	0	0	0	0	4.887	0	0	1.629	0	0	3.258	4.887	6.516	3.258	8.145	0	3.258	0	3.258	0	1.629	1.629	1.629	1.629	4.887	0	0	0	0	0	1.629	1.629	0	11.403	0	0	1.629	0	0	0	0	0	0	0	0	1.629	3.258	0	0	0	0	0	0	0	0	1.629	3.258	0	0	0	0	0	0	0	0	0	0	0	0	4.887	0	1.629	0	0	0	1.629	50:60,21.945:200,50:80
Nudt13-NR_153364	0	0	0	0	0	0	0	0	0	0	0	0	0	0	0	0	0	0	0	0	0	0	0	0	0	0	0	0	0	0	0	0	0	0	0	0	0	0	0	0	0	0	0	0	0	0	0	0	0	0	0	0	0	0	0	0	0	0	0	0	92.851	9.774	0	1.629	0	0	1.629	1.629	0	1.629	1.629	1.629	1.629	1.629	1.629	0	0	3.258	0	1.629	6.516	0	0	0	3.258	0	0	1.629	1.629	0	1.629	0	0	0	0	0	0	0	0	3.258	0	0	0	3.258	0	0	0	0	0	0	0	1.629	3.258	0	0	0	1.629	0	1.629	1.629	0	0	3.258	0	0	0	0	0	0	0	1.629	1.629	1.629	1.629	0	6.516	1.629	0	1.629	4.887	0	0	0	1.629	1.629	1.629	1.629	3.258	0	0	0	0	0	0	0	0	0	0	0	3.258	1.629	0	0	0	0	0	0	1.629	0	3.258	0	0	0	0	1.629	0	1.629	0	1.629	0	0	0	1.629	0	0	0	0	0	0	1.629	0	0	0	0	0	0	0	0	0	0	0	1.629	0	0	0	9.774	0	1.629	8.145	0	0	0	0	0	0	0	0	0	0	0	1.629	1.629	0	0	0	1.629	0	0	3.258	0	0	1.629	0	0	1.629	6.516	0	0	0	0	4.887	1.629	0	1.629	0	0	0	0	1.629	0	1.629	3.258	1.629	0	0	4.887	0	0	1.629	1.629	0	0	1.629	3.258	0	1.629	0	0	0	0	0	0	0	1.629	0	0	1.629	0	0	0	0	0	0	0	0	0	3.258	0	0	1.629	3.258	1.629	0	13.032	0	1.629	1.629	0	0	0	3.258	1.629	1.629	0	0	0	0	0	0	0	0	0	0	0	0	0	1.629	1.629	0	0	0	0	0	1.629	0	0	0	0	0	0	0	0	0	0	0	1.629	0	1.629	0	1.629	50:60,114.445:200,50:80
Oard1-NM_207219	0	0	0	0	0	0	0	0	0	0	3.258	0	0	0	0	0	0	0	0	0	0	4.887	8.145	1.629	1.629	0	0	0	0	0	0	0	0	0	0	1.629	0	1.629	1.629	0	0	0	8.145	58.643	13.032	4.887	0	0	0	0	1.629	3.258	0	1.629	0	0	0	0	6.516	1.629	0	7.672	13.504	8.145	0	16.501	388.274	186.542	8.145	0	1.629	0	3.258	1.629	14.661	27.693	4.887	9.774	19.548	29.321	14.661	8.145	19.816	42.084	4.887	4.887	3.258	13.032	0	1.629	1.629	3.258	61.901	0	3.258	4.887	39.095	4.887	13.032	9.774	1.629	29.321	8.145	1.629	3.258	0.538	20.639	0	0	9.774	13.716	10.719	0	1.629	0	4.887	3.258	11.403	0	1.629	4.325	8.707	0	0	4.887	0	6.516	9.774	0	1.629	4.887	8.145	0	1.629	3.258	0	3.258	1.629	3.258	0	1.629	11.403	16.29	3.258	0	8.145	3.258	0	0	0	0	0	0	0	0	0	0	1.629	0	1.629	1.629	1.629	1.629	0	9.774	0	0	0	1.629	0	0.66	0.969	1.629	4.887	0	3.258	3.258	8.145	4.887	4.887	0	0	0	0	0	0	0	3.258	0	3.258	0	0	0	1.629	0	0	1.629	6.516	11.403	1.629	1.629	14.661	4.887	1.629	0	0	1.629	0	8.145	0	0	4.887	8.145	1.629	4.887	0	0	1.629	0	3.258	1.629	0	1.409	18.497	24.076	0	3.258	4.887	4.887	1.629	0	4.887	0	0	0	1.629	1.629	0	1.629	0	0	0	4.887	14.661	6.516	0	6.516	4.887	3.258	4.887	1.629	0	3.258	3.258	6.516	1.629	0	0	0	1.629	4.887	3.258	21.177	9.774	0	1.629	1.629	6.516	0	1.629	14.661	3.258	1.629	14.661	0	8.145	1.629	8.145	6.516	19.548	0	1.629	3.258	22.806	16.29	11.403	22.806	3.258	11.403	0	3.258	0	6.516	4.887	0	24.435	13.032	4.887	0	3.258	29.321	3.258	1.629	27.693	9.774	30.95	3.258	0	1.629	21.177	13.032	1.629	0	0	19.548	9.774	8.145	9.774	3.258	3.258	0	1.629	0	3.258	0	4.887	3.258	8.145	0	4.887	4.887	6.516	1.629	0	0	0	0	1.629	8.145	9.774	50:60,36.355:200,50:80
Ogdhl-NM_001081130	0	0	1.629	0	0	1.629	1.629	0	9.774	3.258	0	0	0	0	1.629	0	0	0	8.145	3.258	3.258	1.629	0	0	0	0	0	0	0	0	1.629	0	1.629	0	1.629	0	1.629	0	1.629	0	0	0	0	0	1.629	0	1.629	0	0	1.629	1.629	1.629	0	0	0	0	0	0	0	0	26.064	9.774	26.064	21.177	67.317	10.873	8.145	11.403	27.692	13.032	32.579	4.887	16.29	30.95	8.145	19.548	11.403	1.629	6.516	4.887	21.177	1.629	1.629	0	0	0	8.145	14.661	26.064	3.258	22.806	6.516	0	8.145	6.516	9.774	1.629	8.145	0	3.258	19.548	4.887	1.629	9.774	4.887	13.032	13.032	1.629	0	1.629	4.887	0	0	6.516	1.629	8.145	3.258	3.258	0	0	0	0	1.629	3.453	14.465	6.516	4.887	3.258	0	8.145	0	0	0	1.629	3.258	0	1.629	0	6.516	0	1.629	3.258	8.145	1.629	0	9.774	17.919	21.177	6.516	4.887	6.516	1.629	11.403	26.064	11.403	6.516	0	0	3.258	24.435	3.258	0	0	4.887	9.774	1.629	9.774	3.258	0	1.629	4.887	1.629	1.629	8.145	6.516	4.887	6.516	1.629	4.887	14.661	1.629	9.774	0	1.629	3.258	11.403	8.145	0	3.258	8.145	3.258	0	6.516	11.403	1.629	4.887	22.806	0	6.516	4.887	1.629	11.403	6.516	1.629	8.145	1.629	1.629	0	13.032	9.774	1.629	0	0	1.629	0	0	6.516	3.258	1.629	15.312	12.38	0	0	9.774	13.032	9.774	0	0	6.516	9.774	6.516	0	1.629	3.258	1.629	0	6.516	21.177	1.629	4.887	6.516	3.258	4.887	1.629	6.516	4.382	0.505	3.258	4.887	1.629	3.258	8.145	0	17.919	6.516	6.516	13.032	1.629	3.258	0	8.145	4.887	0	13.032	8.145	1.629	0	0	4.887	0	1.629	1.629	0	1.629	6.516	1.629	4.887	0	1.629	0	0	1.629	3.258	0	0	0	0	1.629	3.258	1.629	0	0	1.629	1.629	1.629	0	0	0	0	0	9.774	0	3.258	3.258	0	6.516	8.145	0	4.887	22.806	3.258	6.516	8.145	6.516	4.887	0	1.629	0	1.629	6.516	6.516	6.516	8.145	9.774	19.548	0	0	0	0	0	8.145	21.177	34.208	29.322	0	4.887	1.629	1.629	11.403	0	50:60,130.665:200,50:80
Olfml2b-NM_177068	0	0	0	0	0	0	0	0	0	0	0	0	0	0	0	0	0	0	0	0	0	0	0	0	0	0	0	0	0	0	0	0	0	0	0	0	0	0	0	0	0	0	0	0	0	0	0	0	0	0	0	0	0	0	0	0	0	0	0	0	0	1.629	4.887	0	1.629	0	0	0	0	0	0	0	0	0	0	1.629	0	0	0	0	0	0	1.629	0	0	0	0	1.629	0	0	0	0	0	1.629	0	0	0	3.258	1.629	1.629	1.629	0	0	0	0	0	0	0	0	0	0	1.629	0	0	0	0	0	0	0	0	0	0	0	0	0	0	0	0	0	0	0	0	0	0	0	0	0	0	0	0	0	0	0	0	0	0	0	0	0	0	0	0	0	0	0	0	0	0	0	0	0	0	0	0	0	0	0	0	0	0	0	1.629	0	0	0	0	0	0	0	0	0	0	0	0	0	0	0	0	0	0	0	0	0	0	0	1.629	0	0	0	0	0	0	0	0	0	0	0	0	0	0	0	0	0	0	0	0	0	0	0	0	0	0	0	0	0	0	0	0	0	0	0	0	0	1.629	0	0	0	0	0	0	0	0	0	0	0	0	0	0	0	1.629	0	0	0	0	0	0	0	0	0	0	0	0	0	0	0	0	0	0	0	0	0	0	0	0	0	0	0	0	0	0	0	0	0	0	0	0	0	0	0	0	0	0	0	0	0	0	0	0	0	0	0	0	0	0	1.629	0	0	0	0	0	0	0	0	0	0	0	0	0	0	0	0	0	0	0	0	0	0	0	0	0	0	0	0	0	0	0	0	0	0	0	50:60,191.29:200,50:80
Olfr225-NM_001011740	0	0	0	0	0	0	0	0	0	0	0	0	0	0	0	0	0	0	0	0	0	0	0	0	0	0	0	0	0	0	0	0	0	0	0	0	0	0	0	0	0	0	0	0	0	0	0	0	0	0	0	0	0	0	0	0	0	0	0	0	0	0	0	0	0	0	0	0	0	0	0	0	0	0	0	0	0	0	0	0	0	0	0	0	0	0	0	0	0	0	0	0	0	0	0	0	0	0	0	0	0	0	0	1.629	0	0	0	0	0	0	0	0	0	0	0	0	0	0	0	0	0	0	0	0	0	0	0	0	0	0	0	0	0	0	0	0	0	0	0	0	0	0	0	0	0	0	0	0	0	0	0	0	0	0	0	0	0	0	0	0	0	0	0	0	0	0	0	0	0	0	0	0	0	0	0	0	0	0	0	0	0	0	0	0	0	0	0	0	0	0	0	0	0	0	0	0	0	0	0	0	0	0	0	0	0	0	0	0	0	0	0	0	0	0	0	0	0	0	0	0	0	0	0	0	0	0	0	0	0	0	0	0	0	0	0	0	0	0	0	0	0	0	0	0	0	0	0	0	0	0	0	0	0	0	0	0	0	0	0	0	0	0	0	0	0	0	0	0	0	0	0	0	0	0	0	0	0	0	0	0	0	0	0	0	0	0	0	0	0	0	0	0	0	0	0	0	0	0	0	0	0	0	0	0	0	0	0	0	0	0	0	0	0	0	0	0	0	0	0	0	0	0	0	0	0	0	0	0	0	0	0	0	0	0	0	0	0	0	0	0	50:60,6.3:200,50:80
Olfr64-NM_013617	0	0	0	0	0	0	0	0	0	0	0	0	0	0	0	0	0	0	0	0	0	0	0	0	0	0	0	0	0	0	0	0	0	0	0	0	0	0	0	0	0	0	0	0	0	0	0	0	0	0	0	0	0	0	0	0	0	0	0	0	0	0	0	0	0	0	0	0	0	0	0	0	0	0	0	0	0	0	0	0	0	0	0	0	0	0	0	0	0	0	0	0	0	0	0	0	0	0	0	0	0	0	0	0	0	0	0	0	0	0	0	0	0	0	0	0	0	0	0	0	0	0	0	0	0	0	0	0	0	0	0	0	0	0	0	0	0	0	0	0	0	0	0	0	0	0	0	0	0	0	0	0	0	0	0	0	0	0	0	0	0	0	0	0	0	0	0	0	0	0	0	0	0	0	0	0	0	0	0	0	0	0	0	0	0	0	0	0	0	0	0	0	0	0	0	0	0	0	0	0	0	0	0	0	0	0	0	0	0	0	0	0	0	0	0	0	0	0	0	0	0	0	0	0	0	0	0	0	0	0	0	0	0	0	0	0	0	0	0	0	0	0	0	0	0	0	0	0	0	0	0	0	0	0	0	0	0	0	0	0	0	0	0	0	0	0	0	0	0	0	0	0	0	0	0	0	0	0	0	0	0	0	0	0	0	0	0	0	0	0	0	0	0	0	0	0	0	0	0	0	0	0	0	0	0	0	0	0	0	0	0	0	0	0	0	0	0	0	0	0	0	0	0	0	0	0	0	0	0	0	0	0	0	0	0	0	0	0	0	0	50:60,8.31:200,50:80
Olfr986-NM_146615	0	0	0	0	0	0	0	0	0	0	0	0	0	0	0	0	0	0	0	0	0	0	0	0	0	0	0	0	0	0	0	0	0	0	0	0	0	0	0	0	0	0	0	0	0	0	0	0	0	0	0	0	0	0	0	0	0	0	0	0	0	0	0	0	0	0	0	0	0	0	0	0	0	0	0	0	0	0	0	0	0	0	0	0	0	0	0	0	0	0	0	0	0	0	0	0	0	0	0	0	0	0	0	0	0	0	0	0	0	0	0	0	0	0	0	0	0	0	0	0	0	0	0	0	0	0	0	0	0	0	0	0	0	0	0	0	0	0	0	0	0	0	0	0	0	0	0	0	0	0	0	0	0	0	0	0	0	0	0	0	0	0	0	0	0	0	0	0	0	0	0	0	0	0	0	0	0	0	0	0	0	0	0	0	0	0	0	0	0	0	0	0	0	0	0	0	0	0	0	0	0	0	0	0	0	0	0	0	0	0	0	0	0	0	0	0	0	0	0	0	0	0	0	0	0	0	0	0	0	0	0	0	0	0	0	0	0	0	0	0	0	0	0	0	0	0	0	0	0	0	0	0	0	0	0	0	0	0	0	0	0	0	0	0	0	0	0	0	0	0	0	0	0	0	0	0	0	0	0	0	0	0	0	0	0	0	0	0	0	0	0	0	0	0	0	0	0	0	0	0	0	0	0	0	0	0	0	0	0	0	0	0	0	0	0	0	0	0	0	0	0	0	0	1.629	0	0	0	1.629	0	0	0	0	0	0	0	0	0	0	0	0	50:60,5.08:200,50:80
Ormdl2-NM_001359170	0	0	0	0	0	0	0	0	0	0	0	0	0	0	0	0	0	0	0	0	0	0	0	0	0	0	0	0	0	1.629	0	0	1.629	0	0	0	0	0	1.629	4.887	0	0	1.629	0	0	0	0	0	1.629	0	0	0	0	0	0	0	0	0	0	0	0	0	3.258	34.208	45.611	17.919	33.361	13.879	11.403	26.064	21.177	11.403	70.046	29.322	0	1.629	0	4.887	13.032	0	1.629	1.629	0	1.629	0	3.258	3.258	0	0	1.629	1.629	11.403	1.629	0	0	1.629	0	0	1.629	0	0	0	0	0	0	0	0	0	1.629	0	0	0	1.629	0	0	0	0	0	1.629	1.629	1.694	1.564	0	0	0	0	0	0	0	0	0	0	0	0	0	0	0	0	0	0	0	0	0	0	0	0	0	0	0	4.887	0	0	0	0	3.258	0	0	0	0	0	0	0	0	0	0	0	0	0	1.629	8.145	1.629	1.629	0	0	0	0	0	0	1.629	0	0	0	0	0	0	0	0	0	0	0	1.629	0	0	0	0	0	0	0	0	0	0	0	0	0	0	0	0	0	0	0	0	0	0	0	0	0	0	0	0	0	0	0	0	0	0	0	0	3.258	0	0	0	0	0	0	0	0	0	0	0	0	1.629	0	0	0	0	0	0	0	0	3.258	0	4.887	0	0	0	0	0	0	0	0	0	0	0	0	4.887	6.516	3.258	0	6.516	4.887	11.403	4.887	3.258	1.629	1.629	3.258	0	3.258	0	0	0	1.629	0	0	3.258	3.258	0	1.629	0	0	9.774	3.258	0	1.629	1.629	0	13.032	4.887	0	0	0	0	1.629	0	0	0	0	0	3.258	3.258	1.629	0	0	0	6.516	3.258	0	0	0	4.887	0	29.321	0	3.258	0	0	1.629	0	0	1.629	3.258	1.629	1.629	4.887	0	0	0	0	0	8.145	50:60,18.64:200,50:80
Oscar-NM_175632	1.629	1.629	4.887	1.629	0	1.629	0	1.629	1.629	0	0	0	1.629	4.887	0	0	0	0	0	1.629	6.516	16.29	3.258	0	1.629	1.629	3.258	4.887	1.629	0	0	1.629	1.629	0	0	0	9.774	8.145	1.629	0	0	0	0	0	0	0	0	0	0	0	0	0	0	0	0	0	3.258	0	0	0	0	0	1.629	0	0	1.629	0	0	0	0	0	0	0	0	0	0	0	0	0	0	0	0	0	0	0	0	0	1.629	0	0	0	0	0	0	0	0	0	0	0	3.258	1.629	0	0	0	0	0	0	0	0	0	0	0	0	0	0	0	0	0	0	0	0	0	0	0	0	0	0	0	0	0	0	0	0	0	0	0	0	0	0	0	0	0	0	0	0	0	0	0	0	0	0	0	0	0	0	0	0	0	0	0	0	0	0	0	0	0	0	0	0	0	0	0	0	0	0	0	0	0	0	0	0	0	0	0	0	0	0	0	0	0	0	1.629	0	0	0	0	0	0	0	0	0	0	0	1.629	4.887	0	1.629	0	0	0	0	0	0	0	0	0	0	0	0	0	0	0	0	0	0	0	0	0	0	0	0	0	0	1.629	0	0	1.629	0	0	0	0	0	0	0	0	0	0	0	0	0	0	0	1.629	0	0	0	0	0	0	0	0	0	0	0	0	0	0	0	0	0	0	0	0	1.629	0	0	3.258	0	0	0	0	0	0	0	0	0	0	0	0	0	0	0	0	0	1.629	0	0	0	0	0	0	0	0	0	0	0	0	0	0	0	0	0	1.629	3.258	0	0	1.629	1.629	1.629	0	0	0	0	0	0	0	0	0	0	0	0	0	0	0	0	0	0	0	0	0	50:60,31.72:200,50:80
Oxr1-NM_001130163	0	0	0	0	0	0	0	0	0	0	0	0	0	0	0	0	0	0	0	0	0	0	0	1.629	0	0	0	0	0	0	0	0	0	0	0	0	0	0	0	0	0	0	0	0	0	0	4.887	0	0	24.435	37.466	1.629	0	0	0	0	0	0	0	6.516	6.516	73.304	13.032	17.919	21.177	16.29	9.774	11.403	26.064	0	6.516	3.258	11.403	8.145	1.629	4.887	16.29	4.887	4.887	4.887	11.403	1.629	6.516	4.887	0	3.258	3.258	4.887	6.516	0	9.774	3.258	6.516	1.629	3.258	16.29	4.887	1.629	4.887	4.887	1.629	4.887	0	4.887	4.887	3.258	0	0	0	0	0	0	0	0	0	0	0	1.629	0	0	0	0	3.258	16.29	14.661	6.516	6.516	14.661	1.629	8.145	1.629	1.629	0	9.774	9.774	3.258	6.516	13.032	30.95	4.887	1.629	3.258	0	6.516	1.629	3.258	3.258	4.887	1.629	3.258	1.629	4.887	6.516	4.887	4.887	0	8.145	3.258	1.629	3.258	13.032	3.258	8.145	0	0	9.774	8.145	11.403	14.661	8.145	9.774	1.629	0	11.403	0	17.919	4.887	3.258	9.774	3.258	9.774	0	1.629	8.145	8.145	1.629	3.258	8.145	0	0	0	0	0	0	9.774	3.258	17.919	9.774	3.258	8.145	8.145	16.29	3.258	3.258	0	1.629	11.403	6.516	6.516	1.629	3.258	6.516	11.403	6.516	6.516	4.887	5.547	9.114	3.258	6.516	8.145	8.145	3.258	4.887	3.258	3.258	4.887	0	1.629	13.032	6.516	11.403	3.258	9.774	14.661	3.258	11.403	3.258	1.629	0	4.887	0	14.661	1.629	1.629	4.887	0	8.145	0	3.258	3.258	1.629	1.629	6.516	0	0	3.258	1.629	1.629	4.887	0	1.629	1.629	1.629	1.629	3.258	0	0	0	0	1.629	1.629	0	0	0	0	0	0	0	0	0	1.629	0	0	1.629	1.629	0	0	0	1.629	0	3.258	0	0	0	0	0	0	0	0	1.629	0	0	0	0	0	1.629	1.629	0	1.629	1.629	0	0	3.258	3.258	3.258	4.887	0	0	3.258	3.258	0	0	0	0	0	1.629	0	0	1.629	0	0	0	0	0	0	1.629	0	0	0	50:60,357.665:200,50:80
Pan2-NM_001358822	0	0	1.629	0	0	0	0	0	0	0	0	0	1.629	1.629	0	0	0	0	0	0	0	0	0	0	0	0	0	0	0	0	0	1.629	0	0	0	0	0	0	0	0	0	0	3.258	0	0	0	3.258	0	0	0	0	0	1.629	0	0	0	0	0	0	1.629	143.545	16.094	11.403	42.353	99.367	57.014	32.579	17.919	11.403	42.353	1.629	11.403	11.403	15.768	10.295	6.516	22.806	1.629	0	0	0	0	6.516	13.032	0	0	0	0	1.629	0	8.145	9.774	3.258	0	1.629	0	1.629	3.258	0	4.887	4.887	17.919	6.516	11.403	1.629	14.661	13.032	13.032	3.258	0	0	1.629	0	4.887	3.258	8.145	11.403	27.693	1.629	5.213	4.561	9.774	1.629	1.629	0	0	1.629	0	6.516	1.629	0	1.629	3.258	1.629	14.661	4.887	6.516	0	0	3.258	0	3.258	3.258	0	0	3.258	1.629	4.887	4.887	6.516	8.145	0	3.258	0	0	0	0	0	0	0	0	0	0	0	0	0	0	3.258	1.629	1.629	4.887	3.258	1.629	0	3.258	3.258	0	0	0	0	0	1.629	1.629	1.629	0	6.516	3.258	0	0	4.887	4.887	4.887	3.258	1.629	1.629	3.258	1.629	3.258	4.887	8.145	1.629	0	1.629	0	0	0	0	0	1.629	1.629	1.629	3.258	1.629	3.258	4.887	1.629	4.887	0	0	3.258	3.258	0	0	4.887	1.629	0	1.629	1.629	1.629	1.629	0	0	3.258	1.629	0	4.887	0	1.629	0	1.629	4.887	1.629	0	3.258	6.516	0	8.145	0	1.629	4.887	6.516	0	1.629	4.887	0	1.629	0	1.629	4.887	3.258	0	0	0	0	0	0	27.693	4.887	0	3.258	4.887	0	1.629	0	0	4.887	11.403	0	0	0	4.887	1.629	3.258	50.498	55.385	24.435	35.837	57.014	110.77	43.982	35.837	47.24	35.837	17.919	29.321	17.919	6.516	11.403	0	0	8.145	8.145	3.258	6.516	13.032	1.629	14.661	19.548	1.629	4.887	0	1.629	0	9.774	39.095	4.887	8.145	63.53	3.258	9.774	0	0	3.258	43.982	8.145	0	0	13.032	4.887	1.629	0	0	0	0	0	0	0	0	1.629	17.919	50:60,90.12:200,50:80
Pax2-NM_001368748	0	0	0	0	0	0	0	0	0	0	0	0	0	0	0	0	0	0	0	0	0	0	0	0	0	0	0	0	0	0	0	0	0	0	0	0	0	0	0	0	0	0	0	0	0	0	0	0	0	0	0	0	0	0	0	0	0	0	0	0	0	0	0	0	0	0	0	1.629	0	0	0	0	0	0	0	0	0	0	0	0	0	0	0	0	0	1.629	0	0	0	0	0	0	0	0	0	0	0	0	0	0	0	0	0	0	0	0	0	0	1.629	0	0	0	0	0	0	0	0	0	0	0	0	0	0	0	0	0	0	0	0	0	0	0	0	0	0	0	0	0	0	0	0	0	0	0	0	0	0	0	0	0	0	0	0	0	0	0	0	0	0	0	0	0	0	0	0	0	0	0	0	0	0	0	0	0	0	0	0	0	0	0	0	0	0	0	0	0	0	0	4.887	0	0	0	0	0	0	0	0	0	0	0	0	0	0	0	0	0	0	0	0	0	0	0	0	0	0	0	0	0	0	0	0	0	0	0	0	0	0	0	0	0	0	0	0	0	0	0	0	0	0	0	0	0	0	0	0	0	0	0	0	0	0	0	0	0	1.629	1.629	3.258	0	0	0	0	0	0	0	0	0	0	0	0	0	0	0	0	0	0	0	0	0	0	0	0	0	0	0	0	0	0	0	0	0	0	0	0	0	0	0	0	0	0	0	0	0	0	0	0	0	0	0	0	0	0	0	0	0	0	0	0	0	0	0	0	0	0	0	0	0	0	0	0	0	0	0	0	0	0	0	0	0	0	0	50:60,406.82:200,50:80
Pax6-NM_001310146	0	0	0	0	0	0	1.629	0	0	1.629	0	0	0	0	0	0	0	0	0	0	0	0	0	0	0	4.887	0	0	1.629	1.629	0	0	1.629	0	1.629	1.629	1.629	0	0	1.629	0	0	0	0	1.629	0	1.629	0	0	0	0	0	0	0	0	0	0	0	0	0	0	0	0	3.258	1.629	3.258	0	0	0	0	1.629	1.629	0	0	0	0	0	0	0	0	0	0	0	0	0	0	0	1.629	0	1.629	1.629	0	0	0	1.629	0	0	0	0	0	3.258	0	3.258	0	0	1.629	0	0	0	0	4.887	0	1.629	0	0	0	3.258	0	1.629	0	0	1.629	0	0	1.629	1.629	0	0	3.258	0	0	1.629	0	0	0	1.629	3.258	0	0	0	4.887	0	0	0	0	3.258	1.629	1.629	0	0	0	0	0	0	1.629	3.258	0	0	1.629	0	0	0	1.629	0	1.629	0	0.293	1.336	0	1.629	0	8.145	6.516	0	3.258	4.887	3.258	0	0	0	3.258	0	0	0	0	1.629	0	0	0	0	0	0	0	0	1.629	0	0	0	0	1.629	1.629	1.629	0	0	0	1.629	0	0	0	0	0	0	0	0	0	0	0	3.258	0	0	3.258	0	0	1.629	0	0	0	1.629	0	0	0	0	0	0	0	0	0	0	0	0	0	0	0	0	0	0	0	0	0	0	3.258	0	0	0	1.629	0	0	0	0	0	3.258	0	0	0	0	0	0	0	0	1.629	0	0	0	0	0	0	0	0	0	0	1.629	3.258	0	0	0	0	0	0	0	0	0	3.258	0	0	0	0	0	0	0	0	1.629	1.629	1.629	0	0	1.629	0	0	0	0	0	0	0	0	0	0	1.629	0	0	0	0	0	0	0	0	0	0	1.629	0	0	0	0	0	0	0	0	0	0	0	0	50:60,79.74:200,50:80
Pbx4-NM_001024954	0	0	1.629	1.629	17.919	8.145	0	3.258	1.629	0	0	0	0	0	0	3.258	1.629	0	0	0	3.258	0	0	1.629	4.887	3.258	4.887	0	1.629	0	1.629	0	0	0	0	1.629	4.887	14.661	0	3.258	1.629	9.774	16.29	0	9.774	0	0	0	0	0	4.887	1.629	0	0	1.629	6.516	3.258	0	0	4.887	13.032	6.516	0	0	0	1.629	0	8.145	0	1.629	0	0	0	0	1.629	0	0	6.516	3.258	1.629	3.258	1.629	0	8.145	3.258	0	0	0	0	0	0	0	0	3.258	1.629	0	0	0	3.258	4.887	1.629	0	9.774	0	3.258	3.258	0	6.516	3.258	11.403	1.629	4.887	1.629	3.258	0	1.629	1.629	0	0	1.629	4.887	0	3.258	0	1.629	1.629	0	0	0	3.258	0	0	9.774	0	1.629	0	1.629	3.258	1.629	1.629	1.629	0	1.629	8.145	6.516	8.145	3.258	8.145	0	0	8.145	3.258	1.629	4.887	0	1.629	1.629	3.258	0	3.258	1.629	8.145	0	0	3.258	0	0	0	1.629	0	1.629	0	4.887	3.258	4.887	0	6.516	0	3.258	4.887	0	0	0	1.629	0	0	0	1.629	9.774	3.258	3.258	0	0	0	0	0	0	0	0	0	0	0	0	0	0	0	0	0	0	0	3.258	0	0	0	0	0	0	0	0	0	1.629	0	0	0	6.516	1.629	1.629	0	0	0	0	1.629	0	0	0	0	4.887	0	0	0	0	0	0	0	0	0	0	0	0	0	0	0	0	1.629	0	0	0	0	0	3.258	0	0	3.258	1.629	0	0	0	0	0	0	0	0	0	0	0	0	0	0	1.629	1.629	0	0	0	0	1.629	0	1.629	0	0	0	0	0	0	0	0	0	0	1.629	0	0	0	1.629	0	0	3.258	3.258	0	0	0	0	0	0	0	0	0	0	0	0	0	1.629	0	0	0	0	0	0	0	0	0	0	0	1.629	0	3.258	0	0	0	0	0	0	50:60,198.345:200,50:80
Pcdh9-NM_001346722	0	0	0	0	0	0	0	0	0	0	0	0	0	0	0	0	0	0	0	0	0	0	0	0	0	0	0	0	0	0	0	0	0	0	0	0	0	0	0	0	0	0	0	0	0	0	0	0	0	0	0	0	0	0	0	0	0	0	0	0	24.435	1.629	0	1.629	1.629	0	0	0	4.887	0	0	0	3.258	0	0	0	0	1.629	1.629	1.629	0	0	0	1.629	0	1.629	0	0	1.629	0	0	0	1.629	0	0	1.629	0	0	0	0	0	0	1.629	0	0	0	1.629	3.258	0	0	0	0	0	0	0	0	0	3.258	0	0	1.629	0	0	1.629	3.258	1.629	0	0	1.629	0	0	0	0	1.629	0	0	0	0	0	0	0	0	0	0	0	0	0	1.629	0	0	0	0	1.629	0	1.629	0	0	0	1.629	0	0	0	0	1.629	0	0	0	0	0	0	0	1.629	0	0	0	0	1.629	0	0	0	0	0	0	0	0	0	0	0	0	0	0	0	0	0	0	0	0	1.629	1.629	0	3.258	0	0	0	1.629	0	0	0	0	0	0	0	0	3.258	0	52.127	21.177	17.919	8.145	0	3.258	0	1.629	1.629	0	1.629	0	0	0	0	0	0	1.629	0	0	0	0	0	0	0	0	1.629	0	0	1.629	0	0	0	0	0	0	1.629	1.629	1.629	0	1.629	0	0	0	0	0	0	0	0	0	0	0	0	0	0	0	0	0	0	0	0	0	0	0	0	0	0	0	0	0	0	0	0	0	0	0	0	0	0	0	0	0	0	0	0	0	0	0	0	0	0	0	0	0	0	0	0	0	0	0	0	0	0	0	0	0	0	0	0	0	0	0	0	0	0	0	0	0	0	0	0	0	0	0	0	50:60,4384.9:200,50:80
Pcdhgb1-NM_033574	0	1.629	0	0	0	0	1.629	0	1.629	0	0	0	0	0	0	0	0	0	0	0	0	0	0	1.629	0	1.629	0	0	0	0	0	0	1.629	0	0	0	0	0	0	1.629	0	0	0	0	0	0	0	0	0	0	0	0	0	0	0	0	0	0	0	0	35.837	3.258	0	9.774	3.258	0	13.032	8.145	4.887	0	6.516	13.032	4.887	9.774	4.887	4.887	3.258	3.258	24.435	3.258	4.887	3.258	1.629	0	0	3.258	6.516	4.887	0	3.258	4.887	3.258	14.661	1.629	6.516	1.629	4.887	3.258	1.629	34.208	4.887	0	27.693	3.258	4.887	1.629	1.629	4.887	3.258	39.095	6.516	21.177	4.887	3.258	4.887	1.629	61.901	8.145	13.032	14.661	21.177	21.177	27.692	13.032	11.403	9.774	13.032	4.887	1.629	11.403	30.95	4.887	8.145	6.516	4.887	8.145	4.887	6.516	1.629	6.516	6.516	1.629	22.806	3.258	4.887	17.919	0	1.629	11.403	13.032	4.887	8.145	1.629	24.435	24.435	9.774	9.774	11.403	0	3.258	16.29	13.032	1.629	1.629	0	1.629	9.774	9.774	11.403	35.837	9.774	1.629	13.032	11.403	17.919	8.145	3.258	9.774	0	6.516	9.774	0	3.258	3.258	4.887	4.887	11.403	3.258	3.258	17.919	6.516	11.403	4.887	0	0	6.516	0	1.629	6.516	17.919	3.258	1.629	0	0	3.258	0	6.516	3.258	3.258	13.032	6.516	11.403	4.887	4.887	9.774	14.661	68.417	14.661	9.774	11.403	14.661	1.629	11.403	4.887	0	11.403	14.661	17.919	14.661	3.258	9.774	9.774	35.837	17.919	6.516	13.032	48.869	13.032	78.191	78.191	52.127	81.449	14.661	9.774	6.516	24.435	11.403	13.032	9.774	22.806	0	6.516	37.466	3.258	8.145	1.629	1.629	14.661	13.032	17.919	3.258	1.629	4.887	0	6.516	9.774	4.887	0	0	0	0	1.629	0	6.516	1.629	4.887	4.887	1.629	4.887	4.887	4.887	0	0	0	1.629	0	1.629	3.258	1.629	0	1.629	0	0	0	0	0	0	0	0	3.258	0	0	1.629	0	1.629	0	0	0	0	4.887	0	0	1.629	0	0	0	0	0	0	0	0	0	0	0	0	0	0	0	0	0	0	0	0	0	0	0	1.629	0	0	0	50:60,807.995:200,50:80
Pclo-NM_011995	0	0	0	0	0	0	0	0	0	0	0	0	0	0	0	0	0	0	0	0	0	0	0	0	0	0	0	0	0	0	0	0	0	0	0	0	0	0	0	0	0	0	0	0	0	0	0	0	0	0	0	0	0	0	0	0	0	0	0	0	13.032	3.258	0	0	1.629	6.516	1.629	1.629	3.258	1.629	1.629	0	4.887	0	1.629	8.145	1.629	4.887	0	0	0	1.629	0	0	0	4.887	4.887	1.629	4.887	4.887	1.629	0	3.258	0	1.629	1.629	6.516	0	0	0	1.629	4.887	1.629	0	0	1.629	1.629	1.629	0	0	0	0	3.258	1.629	1.629	0	0	0	0	1.629	0	0	0	3.258	4.887	0	1.629	0	0	0	1.629	0	0	0	0	1.629	0	3.258	1.629	0	1.629	0	1.629	1.629	1.629	0	0	0	0	0	0	0	0	0	0	3.258	3.258	1.629	0	0	0	0	0	1.629	0	1.629	1.629	1.629	1.629	1.629	1.629	11.403	3.258	3.258	0	0	0	0	1.629	1.629	0	0	0	3.258	0	0	1.629	0	0	0	0	0	1.629	0	1.629	0	0	0	0	1.629	0	0	0	0	0	0	0	1.629	0	0	0	1.629	0	0	0	0	0	0	3.258	0	0	1.629	0	3.258	0	0	0	0	0	0	0	0	0	0	0	0	0	0	0	0	0	0	0	0	0	0	0	0	0	0	0	0	0	0	0	0	0	0	0	0	0	0	0	0	0	0	0	0	0	0	0	0	0	0	0	0	0	0	0	0	0	0	0	0	0	0	0	0	0	0	0	0	0	0	0	0	0	0	0	0	0	0	0	0	0	0	0	0	0	0	0	0	0	0	0	0	0	0	0	0	0	0	0	0	0	0	0	0	0	0	0	0	0	0	0	0	0	0	0	0	50:60,1742.71:200,50:80
Pdcd6-NM_011051	0	0	0	0	0	0	0	0	4.887	3.258	3.258	0	1.629	1.629	0	0	3.258	4.887	11.403	1.629	0	9.774	1.629	0	1.629	0	0	13.032	0	16.29	3.258	8.145	3.258	19.548	1.629	6.516	0	0	4.887	4.887	21.177	1.629	3.258	0	29.321	3.258	17.919	0	3.258	0	3.258	6.516	13.032	0	8.145	17.919	4.887	0	0	1.629	4.887	42.353	3.258	0	1.629	1.629	6.516	4.887	3.258	1.629	0	6.516	0	8.145	0	1.629	3.258	2.509	4.007	0	0	0	0	0	0	0	1.629	3.258	3.258	0	8.145	1.629	1.629	0	14.661	6.516	4.887	1.629	3.258	0	1.629	1.629	1.629	0	0	6.516	1.629	0	0	0	0	0	0	0	1.629	1.629	9.774	8.145	1.629	0	3.258	4.887	14.661	3.258	4.887	1.629	0	0	4.887	9.774	3.258	3.258	1.629	1.629	1.629	0	3.258	1.629	0	3.258	1.629	1.629	1.629	0	8.145	1.629	6.516	0	0	0	6.516	0	0	1.629	0	0	0	0	3.258	6.516	1.629	4.887	0	3.258	4.887	4.887	9.774	4.887	4.887	1.629	1.629	1.629	1.629	4.887	1.629	6.516	0	6.516	0	3.258	6.516	4.887	11.403	1.629	1.629	9.774	4.887	9.774	3.258	0	1.629	1.629	0	0	1.629	3.258	1.987	2.9	0	1.629	8.145	1.629	1.629	4.887	14.661	3.258	4.887	0	1.629	1.629	0	0	1.629	3.258	8.145	0	3.258	1.629	1.629	0	0	0	0	9.774	3.258	1.629	6.516	0	1.629	0	1.629	3.258	3.258	0	0	1.629	0	6.516	3.258	3.258	3.258	0	5.685	4.089	13.032	1.629	0	1.629	4.887	8.145	0	0	1.629	0	4.887	3.258	0	0	4.887	1.629	0	17.919	24.435	3.258	4.887	1.629	6.516	32.579	11.403	0	1.629	0	9.774	3.258	4.887	0	1.629	3.258	0	0	0	0	3.258	4.887	1.629	3.258	0	9.774	1.629	3.258	16.29	3.258	3.258	1.629	3.258	1.629	16.29	13.032	4.887	0	0	0	0	1.629	0	0	0	0	1.629	1.629	6.516	1.629	0	0	0	0	0	0	0	0	0	0	0	0	0	0	0	0	0	0	0	0	1.629	0	0	0	0	0	3.258	1.629	50:60,71.03:200,50:80
Pfkfb3-NM_001177753	0	0	0	0	0	0	0	0	0	0	1.629	0	0	0	0	0	0	0	0	0	0	0	0	0	0	0	0	1.629	0	0	1.629	0	1.629	0	0	0	0	0	0	0	0	0	3.258	0	0	0	0	0	0	1.629	0	1.629	0	0	0	0	0	0	0	1.629	201.992	11.403	3.258	1.629	4.887	4.887	32.579	4.887	11.403	6.516	0	3.258	17.919	8.145	1.629	0	3.258	9.774	3.258	4.887	1.629	6.516	0	6.516	0	0	0	3.258	1.629	4.887	11.403	14.661	11.403	8.145	13.032	1.629	1.629	1.629	11.403	3.258	1.629	3.258	1.629	4.887	1.629	0	4.887	0	1.629	4.887	3.258	1.629	11.403	3.258	1.629	4.887	0	0	0	8.145	1.629	1.629	4.887	1.629	0	1.629	3.258	0	1.629	1.629	0	0	0	0	3.258	3.258	0	1.629	1.629	6.516	0	1.629	6.516	1.629	0	1.629	0	0	0	8.145	1.629	1.629	0	0	3.258	1.629	4.887	1.629	1.629	0	5.376	2.769	3.258	1.629	0	3.258	0	6.516	1.629	1.629	3.258	1.629	11.403	3.258	17.919	1.629	4.887	1.629	4.887	4.887	3.258	6.516	8.145	3.258	0	1.629	1.629	3.258	3.258	1.629	0	1.629	0	3.258	3.258	0	3.258	3.258	0	4.887	4.887	4.887	0	9.774	0	0	1.629	0	1.629	6.516	1.629	6.516	9.774	3.258	0	3.258	1.629	6.516	0	0	8.145	0	1.629	3.258	0	0	0	0	3.258	0	3.258	0	4.887	14.661	3.258	1.629	3.258	3.258	3.258	0	0	4.887	6.516	4.887	6.516	4.887	0	3.258	3.258	1.629	4.887	1.629	0	3.258	3.258	4.887	3.258	0	0	1.629	0	0	0	0	0	0	0	1.629	0	0	1.629	4.887	0	0	1.629	1.629	3.258	0	0	1.629	0	1.629	3.258	3.258	0	9.774	0	0	1.629	3.258	0	1.629	1.629	0	0	1.629	0	0	0	0	0	0	0	0	3.258	1.629	0	0	0	1.629	0	1.629	0	0	0	0	0	0	0	0	0	0	0	0	0	0	0	0	0	0	0	0	0	0	0	0	0	0	0	0	50:60,153.3:200,50:80
Phkb-NM_001364411	0	0	0	0	0	0	0	0	0	0	0	0	0	0	0	0	0	0	0	0	0	0	0	0	0	0	0	0	0	0	0	0	0	0	0	0	0	0	0	3.258	0	0	0	1.629	0	0	1.629	6.516	0	0	6.516	19.548	1.629	0	0	0	0	1.629	0	0	224.798	39.095	37.466	16.29	22.806	30.95	16.29	11.403	14.661	9.774	21.177	32.579	131.947	26.064	24.435	26.064	11.403	22.806	19.548	26.064	6.516	4.887	17.919	4.887	13.032	6.516	16.29	9.774	32.579	24.435	8.145	6.516	8.145	4.887	4.887	17.919	3.258	13.032	14.661	6.516	13.032	0	0	0	1.629	14.661	13.032	11.403	11.403	4.887	8.145	8.145	6.516	0	24.435	9.774	8.145	1.629	17.919	16.29	8.145	8.145	8.145	4.887	14.661	8.145	4.887	0	0	0	0	0	16.29	8.145	3.258	3.258	14.661	14.661	4.887	6.516	1.629	0	0	9.774	9.774	13.032	16.29	8.145	13.032	13.032	11.403	8.145	4.887	11.403	17.919	8.145	9.774	3.258	0	0	0	0	0	0	8.145	9.774	6.516	11.403	8.145	13.032	21.177	14.661	8.145	9.774	4.887	8.145	17.919	21.177	14.661	6.516	4.887	13.032	8.145	6.516	0	0	0	0	0	6.516	3.258	1.629	0	0	0	1.629	8.145	3.258	3.258	6.516	9.774	3.258	11.403	6.516	6.516	0	13.032	1.629	4.887	6.516	4.887	1.629	14.661	17.919	1.629	14.661	8.145	8.145	4.887	6.516	4.887	4.887	3.258	4.887	13.032	8.145	22.806	8.145	9.774	8.145	1.629	8.145	9.774	9.774	1.629	11.403	14.661	24.435	4.887	8.145	13.032	13.032	8.145	3.258	11.403	9.774	9.774	3.258	6.516	14.661	9.774	17.919	9.774	9.774	0	8.145	8.145	22.806	14.661	6.516	0	0	0	0	1.629	0	0	0	0	0	1.629	1.629	0	0	1.629	0	3.258	0	0	1.629	0	0	0	0	3.258	0	3.258	0	0	0	1.629	1.629	1.629	0	0	0	4.887	9.774	1.629	0	0	0	0	0	1.629	1.629	1.629	3.258	1.629	0	0	0	0	0	0	0	0	0	0	0	0	0	0	0	0	0	0	0	1.629	0	0	0	0	0	3.258	6.516	0	0	0	0	50:60,1098.275:200,50:80
Phkg1-NR_145486	16.29	8.145	55.385	1.629	4.887	4.887	6.516	9.774	3.258	8.145	21.177	27.693	42.353	0	0	6.516	1.629	0	27.693	6.516	0	4.887	1.629	11.403	11.403	0	48.869	13.032	3.258	0	34.208	19.548	4.887	0	0	0	6.516	94.48	71.675	0	1.629	0	32.579	4.887	4.887	4.887	6.516	9.774	11.403	26.064	24.435	40.724	0	9.774	4.887	0	4.887	1.629	1.629	3.258	9.774	22.806	14.661	16.29	11.403	6.516	0	0	0	0	0	0	1.629	0	0	0	0	1.629	0	0	0	0	1.629	6.516	0	0	0	1.629	0	0	0	0	0	0	0	0	0	0	0	0	0	0	0	1.629	0	1.629	0	0	0	0	0	0	0	0	0	0	0	0	0	0	0	0	0	1.629	26.064	0	0	1.629	0	0	0	3.258	0	0	0	0	0	0	0	0	0	0	0	0	0	0	0	0	0	1.629	0	0	0	0	0	0	0	0	1.629	0	0	0	3.258	0	0	0	0	0	0	0	0	0	1.629	1.629	0	0	0	0	0	0	0	4.887	0	1.629	0	3.258	1.629	0	0	0	0	0	0	0	0	0	0	0	0	0	0	0	0	0	0	0	0	0	0	0	1.629	0	0	0	0	0	0	0	0	0	0	3.258	0	0	0	0	0	3.258	0	0	0	0	0	0	0	1.629	0	0	0	1.14	0.489	0	0	0	1.629	0	1.629	4.887	0	0	0	0	0	0	0	0	0	0	0	0	0	0	0	0	0	0	0	0	0	0	0	0	0	0	0	0	0	1.629	0	0	0	0	0	0	0	0	0	0	0	0	0	0	0	0	0	0	0	0	0	0	0	0	0	0	0	0	0	0	0	0	0	0	0	0	0	0	0	0	0	0	0	0	0	0	0	0	0	0	0	0	0	0	0	0	0	0	0	0	0	0	50:60,78.265:200,50:80
Pianp-NM_001145926	0	0	0	0	0	0	0	0	0	0	0	1.629	0	0	0	0	0	0	0	0	1.629	0	0	0	0	0	0	0	0	0	0	0	0	0	0	0	0	0	0	0	0	0	0	0	1.629	0	0	0	0	0	0	0	1.629	0	3.258	6.516	0	0	0	0	1.629	1.629	0	0	0	0	0	1.629	1.71	6.434	4.887	0	0	0	1.629	1.629	0	0	0	0	0	0	0	0	0	0	0	1.629	0	0	0	0	0	0	0	0	4.887	0	0	0	0	0	0	0	0	0	0	0	0	0	1.629	4.887	3.258	0	0	3.258	0	0	1.629	0	1.629	7.982	0.163	0	0	0	0	0	0	0	0	0	0	0	0	0	0	0	0	0	1.629	0	2.199	5.946	0	0	0	0	0	0	0	0	0	0	0	0	0	0	0	0	0	0	0	0	0	0	0	0	0	0	0	0	0	0	0	0	0	0	0	1.629	0	0	0	0	0	0	0	0	0	0	0	0	0	0	0	0	0	0	0	0	0	0	0	0	0	0	0	1.629	0	0	0	0	0	0	0	0	0	0	0	0	0	0	0	0	0	0	0	1.629	0	0	0	0	0	0	0	0	1.629	0	0	0	0	0	1.629	3.258	0	0	0	0	0	0	0	0	0	0	0	0	3.258	0	0	0	0	0	0	0	1.629	0	1.629	1.629	0	0	0	0	0	0	1.629	0	4.887	0	0	0	0	0	0	0	0	0	1.629	0	0	1.629	0	0	0	0	0	0	0	0	0	1.629	0	0	0	0	0	0	0	1.629	0	0	1.629	0	0	1.629	1.629	1.629	0	0	0	0	0	1.629	0	0	0	0	0	0	0	0	0	0	0	0	1.629	0	0	0	0	0	50:60,22.45:200,50:80
Pifo-NM_029604	0	0	0	0	0	0	0	0	0	0	0	0	0	0	0	0	0	0	0	0	0	0	0	0	0	0	0	0	0	0	0	0	0	0	0	0	0	0	0	0	0	0	0	0	0	0	0	0	0	0	0	0	0	0	0	0	0	0	0	0	0	0	0	0	0	0	0	0	0	0	0	0	0	0	0	0	0	0	0	0	0	0	1.629	0	0	0	0	0	0	0	0	0	0	0	0	0	0	0	0	0	0	0	0	0	0	1.629	0	0	0	0	0	0	0	0	0	0	0	0	0	0	0	0	0	0	0	0	0	0	0	0	0	0	0	0	0	0	0	0	0	0	0	0	0	0	0	0	0	0	0	0	0	0	0	0	0	0	0	0	0	0	0	0	0	0	0	0	0	0	0	0	0	0	0	0	0	0	0	0	0	0	0	0	0	0	0	0	0	0	0	0	0	0	0	0	0	0	0	0	0	0	0	0	0	0	0	0	0	0	0	0	0	0	0	0	0	0	0	0	0	0	0	0	0	0	0	0	0	0	0	0	0	0	0	0	0	0	0	0	0	0	0	0	0	0	0	0	0	0	0	0	0	0	0	0	0	0	0	0	0	0	0	0	0	0	0	0	0	0	0	0	0	0	0	0	0	0	0	0	0	0	0	0	0	0	0	0	0	0	0	0	0	0	0	0	0	0	0	0	0	0	0	0	0	0	0	0	0	0	0	0	0	0	0	0	0	0	0	0	0	0	0	0	0	0	0	0	0	0	0	0	0	0	0	0	0	0	0	0	0	0	50:60,22.705:200,50:80
Pitx2-NM_011098	0	0	0	0	0	0	0	0	0	0	0	0	0	0	0	0	0	0	0	0	0	0	0	0	0	0	0	0	0	0	0	0	0	0	0	0	0	0	0	0	0	0	0	0	0	0	0	0	0	0	0	0	0	0	0	0	0	0	0	0	0	0	0	0	0	0	0	0	0	0	0	0	0	0	0	0	0	0	0	0	0	1.629	0	0	0	0	0	0	0	0	0	0	0	0	0	0	0	0	0	0	0	0	0	0	0	0	0	0	0	0	0	0	1.629	0	0	0	0	0	0	0	0	0	0	0	0	0	0	0	0	0	0	0	0	0	0	0	0	0	0	0	0	0	0	0	0	0	0	0	0	0	0	0	0	0	0	0	0	0	1.629	0	0	0	0	0	0	0	0	0	0	0	0	0	0	0	0	0	0	0	0	0	0	0	0	0	0	0	0	0	0	0	0	0	0	0	0	0	0	0	0	0	0	0	58.081	26.626	0	11.777	43.608	16.29	3.527	4.618	0	6.516	3.258	6.516	3.258	1.629	0	1.629	6.516	17.919	1.629	1.629	3.258	0	0	0	3.258	3.258	1.629	0	8.145	3.258	0	3.258	1.629	0	3.258	4.887	6.516	8.145	6.516	4.789	22.993	12.942	8.145	4.887	19.548	1.629	8.145	6.516	24.435	4.887	11.403	9.774	3.258	1.629	1.629	6.516	13.032	17.919	0	0	1.629	0	0	1.629	3.258	0	1.629	0	0	1.629	6.516	4.887	1.629	3.258	1.629	3.258	4.887	1.629	0	0	0	1.629	1.629	3.258	0	0	0	4.887	0	0	3.258	1.629	1.629	3.258	0	0	0	3.258	0	0	1.629	1.629	0	0	3.258	0	4.887	0	1.629	0	0	0	0	0	1.629	0	4.887	1.629	1.629	1.629	0	0	0	1.629	3.258	1.629	1.629	0	1.629	1.629	4.887	1.629	1.629	0	1.629	0	1.629	4.887	50:60,98.585:200,50:80
Plch2-NM_001113360	0	0	0	0	1.629	0	0	0	0	0	0	1.629	0	0	0	0	0	1.629	1.629	0	0	0	0	0	0	1.629	0	0	0	0	0	0	0	0	0	0	0	0	0	0	0	0	0	0	1.629	0	1.629	1.629	1.629	0	0	0	0	0	0	0	0	0	0	0	0	0	0	0	0	0	0	0	0	1.629	0	0	1.629	1.629	0	0	0	0	0	0	0	0	0	0	0	0	0	0	0	0	0	0	0	0	0	0	0	0	0	0	0	0	0	1.629	0	0	0	0	0	0	0	0	0	0	0	1.629	0	0	0	0	0	0	0	0	0	0	0	0	0	0	0	1.629	1.629	0	0	0	0	0	0	0	0	0	0	0	0	1.629	0	3.258	0	0	0	0	0	0	0	0	0	0	0	0	0	0	0	0	0	0	0	0	0	0	0	3.258	0	0	0	1.629	1.523	0.106	1.629	1.629	1.629	0	1.629	0	1.629	1.629	0	0	0	0	0	0	0	0	0	0	0	0	0	1.629	0	1.629	0	0	0	0	1.629	1.629	0	0	0	1.629	0	0	0	0	0	0	0	1.629	0	0	0	0	0	0	0	0	0	0	0	0	0	0	0	0	1.629	0	0	0	1.629	0	0	1.629	0	3.258	1.629	1.629	0	0	0	0	0	0	0	0	0.546	1.083	4.887	0	0	0	1.629	1.629	0	0	0	0	0	0	0	0	0	0	0	0	0	0	0	0	0	0	0	1.629	0	0	0	0	0	1.629	0	1.629	0	0	0	0	0	0	0	0	0	0	0	0	0	0	0	0	0	1.629	0	0	0	0	0	0	0	0	0	0	0	0	0	0	0	1.629	1.629	0	0	0	0	0	0	0	0	0	0	0	0	0	50:60,139.555:200,50:80
Plod2-NM_011961	0	0	0	0	0	0	0	0	0	0	0	0	0	0	0	0	0	0	0	0	0	0	0	0	0	0	0	0	0	0	0	0	0	0	0	0	0	0	0	0	0	0	0	0	0	0	0	0	0	0	0	0	0	0	0	0	0	0	0	0	57.014	57.014	16.29	14.661	39.095	19.548	39.095	17.919	37.466	6.516	8.145	29.321	34.208	13.032	6.516	8.145	13.032	1.629	21.177	39.095	34.208	22.806	1.629	17.919	8.145	21.177	8.145	6.516	4.887	9.774	16.29	3.258	19.548	6.516	14.661	1.629	17.919	3.258	3.258	14.661	14.661	39.095	4.887	24.435	16.29	13.032	4.887	3.584	25.738	11.403	8.145	11.403	11.403	3.258	19.548	6.516	37.466	9.774	8.145	3.258	4.887	22.806	27.693	27.692	19.548	16.29	13.032	14.661	9.774	0	17.919	29.321	16.29	14.661	11.403	6.516	4.887	8.145	3.258	13.032	9.774	14.661	4.887	4.887	3.258	1.629	29.321	8.145	17.919	4.887	3.258	6.516	19.548	24.435	14.661	1.629	6.516	4.887	17.919	8.145	0	9.774	8.145	9.774	11.403	21.177	14.661	8.145	8.145	6.516	6.516	0	4.887	24.435	9.774	8.145	4.887	13.032	6.516	1.629	0	0	0	1.629	1.629	8.145	4.887	26.064	0	32.579	11.403	13.032	11.403	13.032	4.887	16.941	4.235	3.258	22.806	3.258	0	3.258	35.837	6.516	8.145	13.032	4.887	16.29	24.435	14.661	3.258	4.887	4.887	1.629	14.661	52.127	21.177	4.887	27.692	3.258	1.629	4.887	8.145	4.887	14.864	11.199	9.774	19.548	13.032	4.887	4.887	17.919	8.145	1.629	8.145	6.516	1.629	6.516	6.516	19.548	8.145	29.321	14.661	9.774	8.145	13.032	29.321	0	3.258	6.516	21.177	13.032	21.177	8.145	13.032	13.032	34.208	6.516	3.258	11.403	8.145	0	0	1.629	1.629	11.403	0	0	0	3.258	0	1.629	0	0	3.258	3.258	0	0	0	0	0	3.258	0	3.258	1.629	0	0	1.629	1.629	3.258	3.258	3.258	1.629	4.887	4.887	1.629	1.629	3.258	11.403	0	0	1.629	0	1.629	1.629	21.177	0	4.887	8.145	0	0	3.258	1.629	0	3.258	1.629	0	3.258	1.629	0	0	0	1.629	1.629	0	0	0	1.629	0	0	0	0	0	13.032	0	0	1.629	8.145	4.887	3.258	50:60,331.025:200,50:80
Pls3-NM_145629	0	0	0	0	0	0	0	0	0	0	0	0	0	0	0	0	0	0	0	0	0	0	0	0	0	0	0	0	0	0	0	0	0	0	0	0	0	0	0	0	0	0	0	0	0	0	0	0	4.887	48.869	13.032	6.516	6.516	3.258	0	0	0	0	0	0	14.661	6.516	6.516	11.403	16.29	6.516	1.629	11.403	4.887	6.516	16.29	8.145	6.516	6.516	0	1.629	1.629	1.629	1.629	4.887	4.887	6.516	8.145	4.887	11.403	3.258	3.258	8.145	19.548	8.145	4.887	8.145	1.629	16.29	11.403	3.258	13.032	6.516	4.887	1.629	6.516	0	3.258	8.145	0	6.516	14.661	8.275	4.757	16.29	1.629	8.145	1.629	11.403	6.516	6.516	8.145	6.516	4.887	1.629	4.887	1.629	0	3.258	11.403	4.887	6.516	11.403	4.887	1.629	13.032	13.032	1.629	4.887	3.258	4.887	4.887	6.516	1.629	3.258	3.258	4.887	0	4.887	4.887	1.629	1.629	0	6.516	8.145	9.774	1.629	8.145	3.258	0	8.145	6.516	6.516	6.516	4.887	1.629	4.887	11.403	3.258	3.258	0	9.774	3.258	3.258	0	0	4.887	0	1.629	1.629	8.145	0	0	1.629	0	1.629	11.403	3.258	3.258	3.258	3.633	1.254	0	0	0	0	4.887	0	1.629	1.629	1.629	6.516	1.629	0	0	1.629	6.516	1.629	6.516	0	0	6.516	4.887	0	0	0	1.629	0	6.516	1.629	4.887	4.887	3.258	1.629	0	1.629	0	1.629	1.629	0	0	6.516	0	1.629	0	1.629	0	1.629	0	1.629	1.629	0	4.887	1.629	0	1.629	0	1.629	1.629	8.145	1.629	1.629	1.629	1.629	0	0	1.629	1.629	6.516	0	0	0	6.516	1.629	1.629	1.629	0	0	0	0	0	1.629	0	0	0	0	0	0	0	0	0	0	0	0	0	0	0	0	0	0	0	1.629	0	0	0	1.629	0	0	0	0	0	0	3.258	0	3.258	4.887	1.629	0	1.629	3.258	8.145	0	0	0	0	0	0	3.258	0	0	1.629	0	1.629	0	0	0	0	0	1.629	1.629	0	0	0	0	0	0	0	0	0	0	0	0	0	0	0	50:60,444.605:200,50:80
Plscr3-NM_023564	1.629	0	0	0	0	0	0	0	1.629	1.629	0	0	0	0	0	0	0	1.629	0	0	0	0	0	0	0	0	0	0	0	0	0	0	0	0	0	1.629	0	0	0	0	0	0	0	1.629	0	1.629	0	6.516	1.629	1.629	1.629	0	1.629	1.629	0	0	0	0	0	0	1.629	0	1.629	0	4.887	0	0	0	0	0	0	6.516	41.913	16.73	0	0	0	0	0	0	0	0	0	0	0	0	0	0	0	0	0	0	0	0	0	3.258	0	0	0	1.629	0	0	0	0	3.258	0	4.887	1.629	0	0	0	1.629	1.629	1.629	0	0	0	0	0	0	0	0	0	0	0	0	1.629	0	0	0	0	0	0	0	0	0	0	0	0	0	0	0	0	0	0	0	1.629	0	0	0	0	1.629	0	6.516	3.258	3.258	0	0	0	1.629	0	0	1.629	0	0	0	0	0	0	0	0	0	0	0	0	0	0	1.629	0	0	0	0	0	0	1.629	0	1.629	0	0	0	0	1.173	3.714	0	0	0	0	0	0	0	0	0	0	0	0	0	0	0	0	0	0	0	0	1.629	3.258	0	0	0	0	1.629	0	1.629	1.629	0	0	0	0	0	0	0	1.629	0	0	1.629	0	0	0	0	0	0	0	0	0	0	0	0	0	0	0	0	0	0	0	0	0	0	0	1.629	0	0	3.258	3.258	9.774	4.887	0	1.629	0	0	1.629	0	0	0	0	3.258	0	3.258	0	0	0	0	0	4.887	1.629	0	0	0	0	0	0	0	0	0	0	1.629	0	0	0	0	3.258	0	0	1.629	0	1.629	0	0	3.258	0	0	0	0	0	0	0	0	1.629	1.629	1.629	0	3.258	4.887	0	0	1.629	0	0	0	0	0	1.629	0	0	0	4.887	0	1.629	0	0	0	0	50:60,27.21:200,50:80
Pmfbp1-NM_019938	0	0	0	0	0	0	0	0	0	0	0	0	0	0	0	0	0	0	0	0	0	0	0	0	0	0	0	0	0	0	0	0	0	0	0	0	0	0	0	0	0	0	0	0	0	0	0	0	0	0	0	0	0	0	0	0	0	0	0	0	0	0	0	0	0	0	0	0	0	0	0	0	0	0	0	0	0	0	0	0	0	0	0	0	0	0	0	0	0	0	0	0	0	0	0	0	0	0	0	0	0	0	0	0	0	0	0	0	0	0	0	0	0	0	0	0	0	0	0	0	0	0	0	0	0	1.629	0	0	0	0	0	0	0	0	0	0	0	0	0	0	0	0	0	0	0	0	0	0	0	0	0	0	1.629	0	0	0	0	0	0	0	0	0	4.887	0	0	0	0	0	0	0	0	0	0	0	0	0	0	0	0	0	0	0	0	0	0	0	0	0	0	0	0	0	0	0	0	0	0	0	0	0	0	0	0	0	0	0	0	0	0	0	0	0	0	0	0	0	0	0	0	0	0	0	0	0	0	0	0	0	0	0	0	0	0	0	0	0	0	0	0	0	0	0	0	0	0	0	0	0	0	0	0	0	0	0	0	0	0	0	0	0	0	0	0	0	0	0	0	0	0	0	0	0	0	0	0	0	0	0	0	0	0	0	0	0	0	0	0	0	0	0	4.887	0	0	0	0	0	1.629	0	0	0	1.629	0	0	0	0	0	0	0	0	0	0	0	0	0	0	0	0	0	0	0	0	0	0	0	0	0	0	0	0	0	0	0	0	0	0	0	0	0	0	0	50:60,243.08:200,50:80
Polg2-NM_001353435	58.643	13.032	8.145	42.353	11.403	0	0	1.629	0	1.629	0	0	0	0	3.258	1.629	0	8.145	26.064	70.046	6.516	3.258	19.548	17.919	3.258	8.145	234.572	40.724	19.548	55.385	27.693	55.385	57.014	4.887	16.29	60.272	11.403	29.321	9.774	109.141	4.887	6.516	34.208	4.887	39.095	3.258	13.032	8.145	19.548	3.258	9.774	26.064	47.24	83.078	200.364	61.901	11.403	19.548	158.01	493.579	8.145	45.774	135.286	12.787	34.208	19.548	4.887	51.15	55.466	48.136	1.629	3.258	13.032	6.516	6.516	0	0	0	1.629	1.629	11.403	3.258	4.887	4.887	0	16.29	3.258	3.258	0	9.774	3.258	1.629	0	9.774	6.516	0	0	4.887	0	22.806	11.403	27.693	3.258	1.629	3.258	11.403	1.629	0	0	1.629	3.258	0	1.629	8.145	3.258	0	3.014	6.76	3.258	1.629	6.516	3.258	0	1.629	16.29	3.258	11.403	0	6.516	8.145	0	1.629	11.403	17.919	3.258	0	3.258	4.887	14.661	3.258	1.629	0	6.516	4.887	3.258	0	1.629	1.629	3.258	1.629	8.145	0	0	0	0	0	6.516	8.145	4.887	0	0	3.258	17.919	0	0	0	1.629	2.281	2.606	3.258	1.629	0	1.629	0	2.851	5.294	1.629	1.629	0	1.629	8.145	0	0	0	0	0	0	0	13.032	1.629	4.887	0	0	0	0	3.258	0	1.629	0	1.629	0	0	0	0	4.887	1.629	1.629	3.258	0	0	3.258	6.516	0	0	0	4.887	1.629	1.629	0	0	0	0	3.258	0	0	2.606	2.281	0	0	0	0	1.629	1.629	6.516	1.629	3.258	3.258	3.258	0	0	0	0	1.629	1.629	9.774	0	0	6.516	1.629	8.145	1.629	0	0	1.629	0	1.629	0	1.629	3.258	0	1.629	11.403	1.629	0	0	0	0	1.629	0	1.629	1.629	4.887	1.629	0	0	1.629	1.629	1.629	3.258	1.629	0	0	1.629	0	1.629	0	0	0	0	0	0	0	0	0	0	0	1.629	1.629	0	0	3.258	0	0	0	0	0	0	0	0	1.629	3.258	4.887	6.516	4.887	0	0	22.806	16.29	1.629	0	1.629	0	0	0	8.145	4.887	0	0	1.629	0	4.887	1.629	13.032	0	16.29	1.629	3.258	1.629	0	0	50:60,56.05:200,50:80
Pparg-NM_011146	0	0	0	0	0	0	0	0	0	0	0	0	0	0	0	0	0	0	0	0	0	0	0	0	0	0	0	0	0	0	0	0	0	0	0	0	0	0	0	0	0	0	0	0	0	0	0	0	0	0	0	0	0	0	0	0	0	0	0	0	0	0	0	0	0	0	0	0	0	0	0	0	0	0	0	0	0	0	0	0	0	0	0	0	0	0	0	0	0	0	0	0	0	0	0	0	0	0	0	0	0	0	0	0	0	0	0	0	0	0	0	0	0	0	0	0	0	0	0	0	0	0	0	0	0	0	0	0	0	0	0	0	0	0	1.629	0	0	0	0	0	0	0	0	0	0	0	0	0	0	0	0	0	0	0	0	0	0	0	0	0	0	0	0	0	0	0	0	0	1.629	0	0	0	0	0	0	0	0	0	0	0	1.629	0	0	0	0	0	1.629	0	0	0	0	0	0	0	0	0	0	0	0	0	0	0	0	0	0	0	0	0	0	0	0	0	0	0	0	0	0	0	0	0	0	0	0	0	0	0	0	0	0	0	0	0	1.629	1.629	0	0	0	0	0	0	0	0	0	0	0	0	0	0	0	0	0	0	0	0	0	0	0	0	0	0	0	0	0	0	0	0	0	0	0	0	0	0	0	0	0	0	0	0	0	0	0	0	0	0	0	0	0	0	0	0	0	0	0	0	0	0	0	0	0	0	0	0	0	0	0	0	0	0	0	0	0	0	0	0	0	0	0	0	0	0	0	0	0	0	0	0	0	0	0	0	0	0	0	0	0	0	0	0	0	0	50:60,341.68:200,50:80
Ppp1r8-NM_001355198	0	0	0	0	3.258	0	1.629	0	1.629	0	4.887	1.629	0	0	0	0	0	0	0	0	0	0	0	0	1.629	0	0	0	0	0	0	0	0	6.516	0	6.516	4.887	3.258	0	0	3.258	1.629	0	0	0	0	0	3.258	4.887	0	11.403	14.661	0	0	1.629	1.629	1.629	0	0	65.159	1159.095	1434.228	45.611	13.032	0	4.887	4.887	3.258	43.982	11.403	1.629	9.774	22.806	11.403	3.258	16.29	22.806	8.145	9.774	8.145	13.032	6.516	6.516	3.258	9.774	6.516	0	3.258	11.403	3.258	0	9.774	6.516	3.258	22.806	3.258	3.258	8.145	4.887	11.403	4.887	13.032	4.887	1.629	4.887	3.258	6.516	1.629	13.032	3.258	0	1.629	14.661	13.032	3.258	9.774	16.29	4.887	0	6.516	29.321	19.548	3.258	24.435	8.145	4.887	1.629	19.548	1.629	1.629	4.887	11.403	21.177	3.258	8.145	0	6.516	4.887	3.258	4.887	11.403	11.403	34.208	6.516	4.357	3.787	17.919	3.258	16.29	0	1.629	8.145	1.629	1.629	1.629	1.629	0	3.893	14.025	11.403	16.469	4.708	1.629	8.145	8.145	4.887	6.516	9.774	0	0	11.403	3.258	6.516	37.466	6.516	4.887	9.774	3.258	1.629	0	1.629	1.629	0	4.887	4.887	42.353	11.403	3.258	4.887	29.321	8.145	0	8.145	6.516	0	1.629	0	1.629	9.774	6.516	4.887	37.466	24.435	3.258	0	3.258	0	1.629	0	0	11.403	9.774	47.24	4.887	0	18.863	5.571	6.516	30.95	0	0	9.774	4.887	0	3.258	11.403	22.806	19.548	14.661	3.258	6.516	4.887	4.887	11.403	0	3.258	0	0	1.629	16.29	17.919	21.177	1.629	6.516	4.887	1.629	6.516	0	3.258	4.887	22.806	30.95	3.258	6.516	14.661	11.403	1.629	1.629	0	6.516	1.629	0	0	8.145	16.29	17.919	6.516	0	4.887	3.258	4.887	73.304	40.724	3.258	1.629	4.887	22.806	1.629	14.661	37.466	8.145	0	4.887	11.403	14.661	1.629	1.629	0	6.516	4.887	35.837	1.629	0	1.629	8.145	19.548	3.258	3.258	1.629	0	1.629	3.258	3.258	0	1.629	9.774	24.435	1.629	0	4.887	6.516	1.629	4.887	11.403	1.629	11.403	14.661	1.629	0	0	4.887	1.629	0	3.258	0	4.887	0	3.258	0	0	3.258	19.548	14.661	0	0	1.629	0	0	1.629	0	50:60,81.055:200,50:80
Ppp2r1b-NM_028614	0	1.629	0	0	1.629	3.258	0	0	3.258	0	0	0	1.629	3.258	1.629	1.629	1.629	1.629	1.629	0	0	1.629	0	0	0	0	0	0	0	0	0	0	0	3.258	0	0	0	0	0	0	0	0	0	0	0	0	0	0	1.629	0	0	1.629	0	3.258	0	3.258	0	1.629	0	0	118.899	30.967	1.629	0	3.258	6.516	3.258	4.887	6.516	1.629	9.774	9.774	0	0	8.145	13.032	3.258	4.447	0.44	3.258	3.258	11.403	8.145	6.32	18.114	4.887	8.145	16.29	4.887	9.774	14.661	6.516	26.064	6.516	3.258	4.887	6.516	6.516	6.516	0	3.258	0	0	1.629	0	3.258	14.661	4.887	14.661	3.258	9.774	0	0	0	3.624	1.262	13.032	3.258	26.064	13.032	1.629	0	0	13.032	9.774	29.321	11.403	9.774	14.661	1.629	1.629	6.516	1.629	0	1.629	4.887	18.106	7.958	4.887	3.258	3.258	8.145	8.145	14.661	22.806	0	17.919	8.145	1.629	1.629	3.258	0	1.629	4.887	4.887	8.145	0	9.774	6.516	6.516	6.516	3.258	0	0	4.887	0	9.774	1.629	3.258	9.774	6.516	3.258	3.258	1.629	0	11.403	3.258	0	0	0	0	0	0	0	4.887	3.258	4.887	9.774	1.629	0	4.887	13.032	16.29	0	8.145	4.887	1.629	0	4.887	4.887	4.887	0	14.661	6.516	3.258	4.887	0	3.258	29.321	6.516	1.629	3.258	8.145	4.887	3.258	1.629	1.629	17.919	22.806	3.258	3.258	9.774	22.806	5.18	2.965	3.258	3.258	1.629	13.032	3.258	4.887	0	1.629	3.258	9.774	4.887	8.145	3.258	11.403	6.516	8.145	13.032	1.629	1.629	0.937	2.321	1.629	4.887	4.887	6.516	16.29	16.29	9.774	6.516	1.629	8.145	0	1.629	3.258	11.403	0	17.919	1.629	0	4.887	1.629	3.258	0	0	1.629	3.258	0	6.516	0	0	0	19.548	4.887	13.032	9.774	1.629	0	3.258	0	0	0	1.629	4.887	1.629	0	1.629	13.032	3.258	3.258	1.629	0	0	1.629	1.629	3.258	0	0	11.403	0	3.258	1.629	0	0	8.145	0	0	1.629	4.887	0	3.258	0	6.516	1.629	0	3.258	0	0	3.258	1.629	0	0	0	3.258	9.774	6.516	0	0	0	0	4.887	1.629	0	0	0	0	50:60,123.495:200,50:80
Ppp2r3c-NM_021529	0	0	0	0	0	0	0	0	0	0	0	0	0	0	0	0	0	0	0	0	0	0	0	0	0	0	0	0	0	0	0	0	0	0	0	0	0	0	1.629	0	0	0	0	0	0	0	0	1.629	1.629	0	0	0	0	0	0	6.516	6.516	4.887	1.629	0	34.208	6.516	22.806	110.77	102.625	3.258	1.629	4.887	3.258	6.516	1.629	3.258	9.774	16.29	8.145	4.887	3.258	3.258	0	0	3.258	0	8.145	0	6.516	3.258	0	1.629	4.887	0	1.629	11.403	4.887	0	11.403	1.629	1.629	3.258	3.258	8.796	2.606	3.258	0	0	1.629	0	0	0	0	6.516	4.887	4.887	0	0	1.629	9.774	0	0	0	0	0	0	4.887	1.629	1.629	3.258	1.629	6.516	8.145	0	0	0	0	0	0	0	0	0	0	3.258	0	0	0	29.321	0	3.258	4.887	3.258	9.774	0	3.258	4.887	27.619	3.331	0	0	0	0	0	0	0	0	0	8.145	1.629	8.145	1.629	0	0	0	1.629	0	0	3.258	0	1.629	0	0	0	0	0	0	0	1.629	0	0	0	0	0	0	0	0	0	0	0	0	0	0	0	0	0	0	0	0	0	0	0	0	0	0	0	0	0	0	0	0	0	0	0	0	0	0	0	0	0	0	0	0	0	0	0	1.629	0	0	0	0	0	0	0	0	0	0	0	0	0	0	1.629	4.887	0	0	0	0	0	0	0	0	0	0	0	0	0	0	1.629	0	0	0	0	0	0	0	0	0	0	0	0	0	0	0	0	0	0	0	0	0	0	0	0	0	0	0	0	0	0	0	0	1.629	0	0	0	0	0	0	0	0	0	0	0	0	0	0	0	0	0	0	0	0	0	0	0	0	0	0	0	3.258	0	0	0	0	0	0	0	0	0	0	0	0	0	1.629	0	0	50:60,110.935:200,50:80
Ppt1-NM_008917	0	0	0	0	0	0	0	0	0	0	0	0	0	0	0	0	0	0	0	0	0	0	0	0	0	0	0	0	0	0	0	0	0	0	0	0	0	0	0	0	0	0	0	0	0	0	0	0	0	0	0	0	0	0	0	0	0	0	0	0	63.53	17.919	4.887	0	0	21.177	3.258	1.629	0	3.258	8.145	13.032	2.745	20.061	4.887	0	0	8.145	8.145	3.258	1.629	1.629	1.629	3.258	6.516	0	0	3.258	1.629	0	8.145	1.629	1.629	1.629	0	1.629	3.258	3.258	0	4.887	1.629	0	1.629	0	0	4.887	0	0	0	3.258	0	0	1.629	3.258	3.258	0	6.516	1.629	0	3.258	1.629	17.919	0	1.629	0	6.516	1.629	0	3.258	4.887	0	6.516	0.627	1.002	4.887	1.629	0	0	0	0	2.191	2.696	1.629	3.258	1.629	1.629	0	0	1.629	0	0	0	0	0	0	8.145	0	3.258	0	0	0	16.29	1.629	11.403	1.629	4.887	6.516	1.629	4.887	0	0	0	1.629	1.629	5.986	0.529	0	1.629	1.629	6.516	6.516	9.774	0	3.258	0	3.258	17.919	4.887	4.887	9.774	1.629	0	3.258	0	8.145	0	3.258	3.258	4.887	3.258	1.629	1.629	6.516	13.032	0	3.258	6.516	4.887	0	13.032	6.516	0	0	4.887	0	4.887	4.887	4.887	19.548	1.955	9.448	4.887	8.145	0	11.403	1.629	3.258	1.629	1.629	1.629	0	3.258	0	9.774	4.887	0	1.629	1.629	4.887	11.403	3.258	4.887	0	0	0	0	0	0	1.629	0	9.774	3.258	0	1.629	0	4.887	8.145	4.887	1.629	3.258	0	0	0	0	0	0	3.258	0	1.629	4.887	0	1.629	0	0	0	0	0	0	1.629	3.258	3.258	0	0	0	0	0	0	0	0	0	0	0	0	0	0	0	0	0	0	0	0	1.629	1.629	8.145	0	0	3.258	0	8.145	0	1.629	0	0	0	0	3.258	0	0	0	0	1.629	1.629	1.629	0	1.629	0	0	3.258	0	1.629	0	0	0	3.258	0	0	0	0	6.516	0	50:60,114.745:200,50:80
Prpf40b-NM_001370635	0	0	0	0	0	0	0	0	0	0	0	0	0	0	0	0	0	0	0	0	0	0	0	0	0	0	0	0	0	0	0	0	0	0	0	0	0	0	0	0	0	0	0	0	0	3.258	0	0	0	0	0	1.629	0	0	0	0	0	1.629	0	4.887	3.258	13.032	30.022	7.444	11.403	9.774	0	4.887	14.661	4.887	3.258	6.516	0	9.774	14.661	14.661	0	3.258	1.629	6.516	1.629	0	16.29	6.516	8.145	1.629	13.032	8.145	32.579	8.145	6.516	4.822	9.839	1.629	3.258	9.774	3.258	11.403	0	3.258	0	0	11.403	9.774	17.919	16.29	24.435	11.403	1.629	16.29	6.516	3.258	6.516	9.774	1.629	0	6.516	1.629	8.145	1.629	1.629	0	11.403	0	3.258	0	0	3.258	0.725	9.049	1.629	4.887	8.145	3.258	13.032	0	0	6.516	13.032	6.516	3.258	0	8.145	3.258	0	1.629	0	1.629	6.516	6.516	0	1.629	9.774	4.887	1.629	0	6.516	4.887	0	8.145	3.258	0	1.629	0	1.629	11.403	0	16.29	1.629	8.145	0	9.774	3.258	0	1.629	0	3.258	3.258	3.258	3.258	3.258	14.661	6.516	0	3.258	4.887	0	0	0	1.629	3.258	3.258	0	3.258	1.629	0	1.629	0	0	3.258	3.258	0	1.629	1.629	1.629	0	1.629	0	0	4.887	1.629	4.887	0	3.258	0	0	0	1.629	1.629	3.258	1.629	0	3.258	9.774	0	1.629	4.887	1.629	0	3.258	4.887	3.258	11.403	8.145	1.629	4.887	8.145	4.887	1.629	4.887	3.258	0	8.145	8.145	6.516	1.629	1.629	1.629	0	0	1.629	4.887	4.887	3.258	0	3.877	1.01	0	1.629	3.258	1.629	0	0	0	0	0	0	0	0	1.629	0	0	1.629	1.629	0	0	0	0	0	0	0	0	0	0	4.887	0	0	0	0	0	0	1.629	0	0	1.629	1.629	0	0	0	0	0	0	0	0	0	4.887	3.258	0	0	1.629	0	0	0	0	0	0	1.629	0	1.629	4.887	0	0	0	0	0	0	0	6.516	0	0	0	1.629	8.145	3.258	1.629	3.258	0	0	1.629	1.629	50:60,108.905:200,50:80
Prss55-NM_001081063	0	0	0	0	0	0	0	0	0	0	0	0	0	0	0	0	0	0	0	0	0	0	0	0	0	0	0	0	0	0	0	0	0	0	0	0	0	0	0	0	0	0	0	0	0	0	0	0	0	0	0	0	0	0	0	0	0	0	0	0	0	0	0	0	0	0	0	0	0	0	0	0	0	0	0	0	0	0	0	0	0	0	0	0	0	0	0	0	0	0	0	0	0	0	0	0	0	0	0	0	0	0	0	0	0	0	0	0	0	0	0	0	0	0	0	0	0	1.629	0	0	0	0	0	0	0	0	0	0	0	0	0	0	0	0	0	0	0	0	0	0	0	0	0	0	0	0	0	0	0	0	0	0	0	0	0	0	0	0	0	0	0	0	0	0	0	0	0	0	0	0	0	0	0	0	0	0	0	0	0	0	0	0	0	0	0	0	0	0	0	0	0	0	0	0	0	0	0	0	0	0	0	0	0	0	0	0	0	0	0	0	0	0	0	0	0	0	0	0	0	0	1.629	0	0	0	0	0	0	0	0	0	0	0	0	0	0	0	0	0	0	0	0	0	0	0	0	0	0	0	0	0	0	0	0	0	0	0	0	0	0	0	0	0	0	0	0	0	0	0	0	0	0	0	0	0	0	0	0	0	0	0	0	0	0	0	0	0	0	0	0	0	0	0	0	0	0	0	0	0	0	0	0	0	0	0	0	0	0	0	0	0	0	0	0	0	0	0	0	0	0	0	0	0	0	0	0	0	0	0	0	0	0	0	0	0	0	0	0	0	0	0	50:60,49.865:200,50:80
Psap-NM_001146121	0	0	0	0	0	0	0	0	0	0	0	0	0	0	0	0	0	0	0	0	0	0	0	0	0	0	0	0	0	0	0	0	0	1.629	0	0	0	0	0	0	0	0	0	0	0	0	0	0	0	0	0	0	0	0	0	0	0	0	0	0	48.869	14.661	26.064	30.95	14.661	22.806	8.145	6.516	3.258	1.629	17.919	3.258	8.145	3.258	3.258	8.145	0	0	6.516	0	16.29	48.918	4.838	4.887	11.403	16.29	0	9.774	1.629	6.516	0	0	0	4.887	3.258	3.258	6.516	3.258	8.145	6.516	16.29	1.629	3.258	3.258	9.774	0	1.629	1.629	1.629	3.258	6.516	9.774	3.258	4.887	6.516	0	16.29	0	4.887	0	3.258	3.258	0	0	0	6.516	1.629	0	9.774	0	1.629	1.629	3.258	6.516	3.258	1.629	0	8.145	4.887	6.516	1.629	3.144	11.517	1.629	1.629	3.258	0	1.629	3.258	13.032	3.258	3.258	1.629	3.258	6.516	0	0	1.629	3.258	1.629	1.629	6.516	1.629	4.887	1.629	3.258	4.887	3.258	3.258	1.629	0	0	0	1.629	0	4.887	9.774	1.629	1.629	6.516	6.516	3.258	1.629	6.516	3.258	1.629	9.774	8.145	4.887	3.258	3.258	3.258	11.403	8.145	1.629	1.629	0	1.629	24.435	0	3.258	4.887	3.258	4.887	1.629	6.516	4.887	0	11.403	1.629	6.516	10.556	3.038	1.067	0	0	1.629	0	3.258	0	17.919	1.629	0	6.516	4.887	1.629	1.629	13.032	0	0	0	2.541	3.975	4.887	0	3.258	3.258	1.629	9.774	0	4.887	0	1.629	4.887	4.887	1.629	0	4.887	0	4.887	0	3.258	3.258	1.629	0	3.258	4.887	3.258	1.629	0	0	0	0	0	0	0	0	1.629	4.887	0	0	0	3.258	0	0	3.258	0	0	0	3.258	3.258	0	1.629	1.629	3.258	3.258	8.145	6.516	6.516	0	0	1.629	0	0	0	0	4.887	3.258	0	0	0	3.258	0	1.629	1.629	8.145	1.629	1.629	0	0	0	0	0	1.629	8.145	0	0	0	4.887	3.258	0	0	1.629	0	0	0	1.629	0	0	0	0	0	0	0	0	0	0	0	1.629	0	50:60,124.865:200,50:80
Psmd5-NM_001355544	0	0	0	0	0	0	0	0	0	0	0	1.629	0	0	0	0	0	0	0	0	0	0	0	0	0	0	0	0	0	0	0	0	0	0	0	0	0	0	0	0	0	0	0	0	0	0	0	0	0	0	0	0	1.629	0	19.548	4.887	0	0	1.629	0	62.504	10.8	9.774	13.032	1.629	13.032	13.032	4.887	1.629	6.516	24.435	3.258	9.774	18.212	2.965	9.774	3.73	6.043	0	14.661	24.06	16.664	4.887	3.258	6.516	0	3.258	9.774	1.629	3.258	3.258	1.629	0	6.516	6.516	0	8.145	8.145	0	0	4.887	4.887	4.887	4.887	3.258	3.258	9.774	3.258	3.258	9.774	0	6.516	4.887	1.629	6.516	8.145	16.29	0	3.258	0	3.258	3.258	1.629	11.403	3.258	6.516	3.258	9.774	0	6.516	1.629	11.403	0	6.516	1.629	0	3.258	0	0	4.887	16.29	0	0	16.29	0	16.29	0	0	6.516	4.887	11.403	13.032	1.629	6.516	3.258	0	0	0	0	0	0	6.516	4.887	4.887	8.145	0	0	3.258	1.629	0	6.516	1.629	3.258	0	0	0	0	9.774	24.435	24.435	1.629	8.145	0	9.774	3.258	9.774	6.516	9.774	4.887	1.629	14.661	0	0	6.516	3.258	6.516	4.887	1.629	8.845	33.508	4.887	8.145	3.258	0	1.629	6.516	1.629	4.887	11.403	8.145	0	12.576	15.117	8.145	8.145	0	3.258	0	1.629	3.258	0	0	1.629	11.403	9.774	1.629	3.258	3.258	1.629	3.095	0.163	19.548	0	6.516	8.145	14.661	1.629	0	3.258	2.606	12.054	3.258	3.258	1.629	1.629	0	3.258	0	1.629	1.629	14.661	3.258	13.032	0	6.516	3.258	14.661	8.145	4.887	9.774	1.629	4.887	1.629	0	0	1.629	0	3.258	0	0	1.629	0	0	0	1.629	0	0	0	3.258	3.258	0	27.693	22.806	3.258	0	1.629	8.145	3.258	14.661	34.208	1.629	4.887	3.258	0	0	0	6.516	6.516	8.145	0	1.629	8.145	1.629	1.629	16.29	11.403	3.258	8.145	0	0	0	0	0	1.629	0	0	6.516	1.629	4.887	1.629	4.887	6.516	3.258	22.806	0	1.629	4.887	6.516	4.887	0	0	0	1.629	1.629	0	0	1.629	1.629	1.629	0	50:60,94.37:200,50:80
Ptges-NM_022415	0	0	0	0	1.629	1.629	0	0	0	0	0	1.629	0	0	0	0	0	0	0	0	0	0	0	0	0	0	0	0	0	0	0	0	0	0	0	0	0	0	0	0	0	1.629	0	0	0	0	0	0	0	0	0	0	0	0	0	0	0	0	0	0	0	3.258	0	1.629	4.887	0	1.629	0	0	0	0	0	0	0	0	0	0	0	0	0	0	0	0	0	0	0	0	0	0	0	0	0	0	0	0	0	0	0	0	0	0	0	0	0	0	0	0	1.629	0	0	0	1.629	0	0	1.629	0	0	1.629	0	0	0	0	0	0	0	0	0	0	0	0	0	0	1.629	0	0	0	0	0	0	0	0	0	0	0	0	0	0	0	0	0	0	0	1.629	0	0	0	0	1.629	0	0	0	0	0	1.629	1.629	0	0	0	0	0	0	0	0	0	0	0	0	0	0	0	1.629	0	0	0	1.425	0.204	0	0	0	0	0	0	1.629	0	0	1.629	1.629	0	0	0	0	0	1.629	0	0	0	1.629	1.629	0	0	0	0	0	0	0	0	0	0	0	0	0	0	0	0	0	0	0	0	0	0	0	1.629	0	0	0	1.629	0	0	0	0	0	0	0	0	0	0	3.258	0	0	0	0	0	0	0	0	1.629	1.629	0	0	0	0	0	0	0	0	0	0	0	3.258	0	3.258	0	0	0	0	0	0	0	0	0	0	0	0	0	0	0	0	0	1.629	0	0	0	0	0	0	0	0	0	0	0	0	0	0	0	0	0	0	0	0	0	0	0	0	0	0	0	0	0	0	0	0	0	0	0	0	0	0	0	0	0	0	0	0	0	0	0	0	0	0	0	50:60,69.135:200,50:80
Pwwp2a-NM_001363141	0	0	0	0	0	0	0	0	0	0	0	0	0	0	0	0	0	0	0	0	0	0	0	0	0	0	0	0	0	0	0	0	0	0	0	0	0	0	0	0	0	0	0	0	0	0	0	0	0	0	0	0	0	0	0	0	0	0	1.629	0	48.869	0	11.403	0	14.661	21.177	17.919	19.548	6.516	35.837	32.547	42.386	27.693	30.95	26.064	19.548	4.887	9.774	17.919	17.919	48.869	22.806	30.95	21.177	3.258	13.032	22.806	9.774	16.29	13.032	14.661	1.629	19.548	34.208	26.064	11.403	39.095	4.887	4.887	16.29	22.806	0	26.064	17.919	24.435	39.095	11.403	16.29	6.516	13.032	29.615	20.883	14.661	61.901	8.145	4.887	79.82	3.258	16.29	1.629	9.774	19.548	0	16.29	4.887	0	0	6.516	14.661	17.919	8.145	6.516	29.321	22.806	13.032	9.774	30.95	3.258	124.519	83.99	50.498	8.145	27.692	9.774	21.665	38.607	13.032	58.643	3.258	9.774	39.095	9.774	17.919	52.127	30.95	8.145	39.095	9.774	9.774	19.548	99.367	4.887	1.629	4.887	6.516	1.629	27.692	19.548	35.837	1.629	22.806	32.579	22.806	22.806	3.258	17.919	52.127	17.919	24.435	14.661	26.064	45.611	1.629	1.629	11.403	58.643	1.629	6.516	96.109	24.435	83.078	17.919	29.321	6.516	1.629	37.466	55.385	76.562	34.208	24.435	3.258	0	35.837	14.661	16.29	6.516	16.29	16.29	3.258	16.29	17.919	22.806	9.774	3.258	9.774	37.466	21.177	21.177	30.103	33.426	17.919	21.177	19.548	13.032	4.887	17.919	26.064	48.869	16.29	19.548	1.629	3.258	9.774	29.321	52.127	14.139	10.295	19.548	35.837	9.774	0	0	6.516	27.692	26.064	6.516	14.661	9.774	17.919	14.661	13.032	4.887	7.298	8.992	3.258	8.145	16.29	11.403	9.774	13.032	1.629	3.258	1.629	3.258	3.258	8.145	0	0	11.403	3.258	0	0	1.629	8.145	0	1.629	3.258	39.095	11.403	3.258	1.629	9.774	0	0	0	11.403	17.919	0	3.258	14.661	1.629	1.629	3.258	35.837	4.887	8.145	0	6.516	19.548	0	11.403	1.629	1.629	6.516	0	3.258	11.403	4.887	19.548	11.403	3.258	6.516	1.629	8.145	3.258	71.675	19.548	14.661	8.145	17.919	19.548	14.661	9.774	1.629	1.629	1.629	1.629	8.145	6.516	3.258	13.032	0	4.887	1.629	3.258	9.774	13.032	32.579	16.29	3.258	50:60,203.18:200,50:80
Rab37-NM_021411	0	0	0	0	0	0	0	0	0	0	0	0	0	0	0	0	0	0	0	0	0	3.258	0	0	0	0	0	0	0	0	0	0	0	0	0	0	0	0	0	0	0	0	0	0	0	0	0	0	0	0	0	0	0	0	0	0	0	0	0	3.258	4.887	0	0	0.424	2.834	0	0	0	0	0	0	0	0	0	0	0	0	0	0	0	0	0	0	0	0	0	0	0	0	0	0	0	0	0	0	0.554	1.075	0	0	0	0	0	0	0	0	0	0	0	0	0	0	0	0	0	0	0	0	0	0	0	1.629	0	0	0	0	0	0	0	0	0	0	0	0	0	0	0	0	0	0	0	0	0	0	0	0	0	0	0	0	0	0	0	0	0	0	0	0	0	0	0	0	0	0	0	0	0	0	0	0	0	0	0	0	0	0	0	0	0	0	0	0	0	0	0	0	0	0	0	0	0	0	0	0	0	0	0	0	0	0	0	0	0	0	0	0	0	0	0	0	0	0	0	0	0	0	0	0	0	0	0	0	0	0	0	0	0	0	0	0	0	0	0	0	0	0	0	0	0	0	0	0	0	0	0	0	0	0	1.629	0	0	0	0	0	0	0	0	0	0	0	0	0	0	0	0	0	0	0	0	0	1.629	0	0	4.887	0	0	0	0	0	0	0	1.629	0	185.703	29.321	8.145	4.887	0	3.258	3.258	3.258	0	0	1.629	8.145	8.145	0	1.629	0	0	0	1.629	0	1.629	0	1.629	3.258	0	1.629	1.629	0	0	1.629	0	0	0	1.629	0	3.258	1.629	1.629	3.258	1.629	0	0	0	3.258	3.258	9.774	4.887	0	1.629	1.629	0	0	0	6.516	3.258	1.629	0	11.403	50:60,40.315:200,50:80
Ralgapa1-NM_001286263	0	0	0	0	0	0	0	0	0	0	0	0	0	0	0	0	0	0	0	0	0	0	0	0	0	0	0	0	0	0	0	0	0	0	0	0	0	0	0	0	0	0	0	0	0	0	0	0	0	0	0	0	0	0	0	0	0	0	0	0	14.661	43.982	30.95	11.403	8.145	19.548	8.145	17.919	26.064	11.403	27.693	37.466	26.064	19.548	35.837	9.774	16.29	11.403	9.774	53.756	13.032	26.064	24.435	26.064	11.403	16.29	1.629	9.774	14.661	3.258	6.516	17.919	6.516	27.693	11.403	11.403	4.887	6.516	0	9.774	22.806	14.661	4.887	24.435	4.887	26.064	17.919	14.661	4.887	27.692	22.806	17.919	13.032	16.29	6.516	8.145	22.309	8.642	9.774	22.806	8.145	1.629	6.516	4.887	6.516	3.258	9.774	9.774	22.806	13.032	14.661	8.145	22.806	4.887	11.403	13.032	13.032	14.661	16.29	11.403	8.145	24.435	19.548	3.258	1.629	11.403	17.919	19.548	16.29	13.032	9.774	8.145	6.516	14.661	30.95	13.032	19.548	8.145	11.403	8.145	11.403	14.661	9.774	9.774	6.516	8.145	0	3.258	1.629	13.032	9.774	4.887	11.403	3.258	3.258	11.403	29.321	11.403	11.403	22.806	3.258	16.29	17.919	6.516	6.516	9.774	19.548	9.774	4.887	11.403	3.258	3.258	0	4.887	13.032	8.145	3.258	9.774	3.258	4.887	1.629	48.869	14.661	0	4.887	13.032	11.403	3.258	3.258	4.887	4.887	8.145	4.887	3.258	8.145	1.629	3.258	4.887	11.403	8.145	8.145	3.258	3.258	0	6.516	3.258	0	0	0	0	0	0	26.064	14.661	19.548	13.032	9.774	19.548	40.724	40.724	4.887	13.032	4.887	19.548	8.145	16.29	14.661	6.516	35.837	17.919	21.177	3.258	8.145	6.516	9.774	14.661	9.774	19.548	8.145	3.258	0	0	0	0	0	0	0	0	0	0	0	0	0	0	0	0	0	1.629	0	0	1.629	0	0	0	0	4.887	0	0	0	0	0	1.629	0	4.887	4.887	0	3.258	0	0	1.629	1.629	0	1.629	0	0	0	0	0	1.629	4.887	3.258	0	1.629	3.258	0	0	0	0	0	1.629	0	0	0	0	0	0	0	0	0	0	1.629	0	0	0	0	0	0	0	3.258	1.629	50:60,1093.135:200,50:80
Rasal2-NM_177644	0	0	0	0	0	0	0	1.629	0	0	0	0	0	0	0	0	0	0	0	0	0	0	0	0	0	0	0	0	0	0	0	0	0	0	0	0	0	0	0	0	0	0	0	0	0	0	0	0	1.629	0	0	0	0	0	0	0	0	0	3.258	0	48.869	40.724	21.177	19.548	13.032	22.806	11.403	0	3.258	8.145	3.258	0	13.032	9.774	14.661	8.145	6.516	17.919	32.579	21.177	14.661	11.403	19.548	26.064	39.095	16.29	1.629	21.177	19.548	11.403	16.29	13.032	9.774	34.208	34.208	16.29	14.661	30.95	16.29	9.774	6.516	6.516	29.321	4.887	6.516	11.403	17.919	9.774	3.258	16.29	8.145	11.403	19.548	13.032	11.403	17.919	17.919	16.29	13.032	8.145	17.919	16.29	11.403	17.919	16.29	24.435	22.806	17.919	6.516	24.435	9.774	27.692	11.403	22.806	11.403	11.403	30.95	14.661	16.29	8.145	6.516	24.435	14.661	14.661	14.661	19.548	17.919	14.661	14.661	13.032	9.774	24.435	14.661	16.29	4.887	6.516	8.145	8.145	11.403	11.403	17.919	13.032	9.774	11.403	6.516	19.548	16.29	11.403	13.032	0	14.661	14.661	22.806	9.774	16.29	0	16.29	26.064	6.516	14.661	24.435	16.29	9.774	26.064	6.516	3.258	11.403	1.629	3.258	6.516	9.774	11.403	16.29	8.145	21.177	6.516	0	6.516	6.516	11.403	4.887	8.145	9.774	3.258	6.516	0	9.774	9.774	6.516	6.516	3.258	3.258	9.774	13.032	3.258	8.145	4.887	11.403	8.145	11.403	17.919	9.774	1.629	6.516	3.258	6.516	4.887	8.145	6.516	8.145	11.403	21.177	8.145	1.629	6.516	11.403	13.032	6.516	8.145	4.887	3.258	8.145	13.032	9.774	4.887	14.661	13.032	8.145	4.887	4.887	6.516	14.661	8.145	11.403	11.403	11.403	14.661	8.145	13.032	9.774	0	1.629	0	0	0	0	0	0	0	0	0	1.629	1.629	0	0	0	0	0	0	0	0	0	0	0	0	0	0	0	0	0	0	0	0	0	0	0	0	1.629	0	3.258	0	0	0	0	1.629	1.629	1.629	0	0	0	1.629	0	0	0	0	0	0	0	0	0	0	0	0	0	0	0	0	0	0	0	1.629	1.629	0	0	1.629	0	0	0	1.629	0	50:60,1387.065:200,50:80
Rbfox2-NM_001358770	0	0	1.629	0	4.887	6.516	1.629	0	1.629	0	1.629	1.629	3.258	0	0	0	0	3.258	0	0	4.887	0	0	0	0	0	0	1.629	1.629	0	1.629	0	0	0	0	1.629	0	0	0	1.629	1.629	1.629	3.258	11.403	4.887	4.887	0	1.629	3.258	0	1.629	1.629	0	1.629	6.516	3.258	0	1.629	3.258	0	48.869	26.064	35.837	19.548	9.774	6.516	16.29	35.837	22.806	13.032	16.29	19.548	19.548	35.837	17.919	11.403	30.323	18.546	50.498	30.95	8.145	37.466	30.95	19.548	16.29	35.837	9.065	31.659	13.032	14.661	29.321	42.353	14.661	26.064	13.032	22.806	31.789	41.514	37.466	24.435	26.064	14.661	14.661	39.095	43.982	22.806	17.919	21.177	11.403	27.692	24.435	42.353	39.095	13.032	22.806	37.466	19.548	27.692	50.498	30.462	23.294	34.208	40.724	22.806	21.177	29.321	29.321	19.548	14.661	37.466	14.661	19.548	16.29	11.403	8.145	13.032	16.29	14.661	45.611	13.032	22.806	16.29	16.29	22.806	14.661	27.692	42.353	21.177	6.516	26.064	58.643	22.806	30.95	17.919	21.177	16.29	45.611	47.24	14.661	24.435	29.321	22.806	19.548	24.435	8.145	14.661	6.516	50.498	19.548	16.29	47.24	58.643	66.788	37.466	76.562	39.095	9.774	45.611	24.435	19.548	19.548	19.841	42.06	40.724	29.321	24.435	35.837	16.29	37.466	32.579	22.806	11.403	27.693	30.95	42.353	21.177	24.459	34.184	39.095	14.661	22.806	19.548	55.385	22.806	8.145	4.887	39.095	19.548	14.661	45.611	9.774	14.661	35.837	11.403	22.806	29.321	17.919	16.29	24.435	24.435	24.435	39.095	28.483	22.016	26.064	37.466	42.353	26.064	37.466	96.109	47.24	28.246	22.252	14.661	14.661	17.919	8.145	6.516	19.548	14.661	14.661	30.95	26.064	40.724	17.919	13.032	26.064	52.127	8.145	13.032	26.064	17.919	21.177	14.661	29.321	47.24	42.353	73.304	37.466	35.837	3.258	0	1.629	3.258	1.629	0	0	0	3.258	0	0	1.629	0	0	0	0	0	0	1.629	0	1.629	1.629	3.258	0	0	0	3.258	1.629	8.145	0	3.258	0	0	0	0	1.629	0	1.629	0	0	3.258	1.629	0	1.629	0	1.629	0	0	1.629	3.258	3.258	0	0	0	0	3.258	0	3.258	1.629	0	1.629	1.629	0	3.258	6.516	4.887	0	0	0	0	4.887	8.145	8.145	0	6.516	11.403	4.887	0	0	0	50:60,833.095:200,50:80
Rbm45-NM_153405	0	0	0	0	0	0	0	0	0	0	0	0	1.629	0	0	0	0	0	0	0	0	0	0	0	0	0	0	0	0	0	0	0	0	0	0	0	0	0	0	0	0	0	0	1.629	0	1.629	0	0	0	0	0	0	0	0	0	0	1.629	1.629	0	1.629	1.629	4.887	0	3.258	1.629	1.629	84.707	13.032	11.403	11.403	6.516	17.919	4.822	1.694	8.145	0	1.629	0	1.629	6.516	0	0	0	1.629	0	6.386	1.759	0	3.258	0	47.24	0	9.774	0	0	0	3.258	1.629	1.629	1.629	3.258	0	0	0	0	0	6.516	6.516	8.145	3.258	1.629	1.629	19.548	0	0	1.629	0	1.629	3.258	0	1.629	1.629	0	3.258	1.629	3.258	16.29	8.145	0	6.516	1.629	0	16.29	3.258	17.919	9.774	1.629	1.629	4.887	4.887	4.887	0	4.887	1.629	0	1.629	0	11.338	1.694	3.258	0	4.887	4.887	6.516	0	0	1.629	0	0	0	0	0	0	1.629	0	1.629	1.629	0	0	0	3.258	1.629	3.258	6.516	0	0	9.774	6.516	1.629	0	1.629	3.258	1.629	0	1.629	0	3.258	11.403	4.887	0	4.887	1.629	1.629	6.516	6.516	9.774	1.629	1.629	0	1.629	3.258	0	0	3.258	26.715	15.638	3.258	1.629	1.629	14.661	1.629	11.403	0	0	0	8.145	3.258	1.629	0	0	1.629	0	1.629	0	9.774	1.629	9.774	9.774	9.774	0	0	1.629	0	1.629	0	4.887	13.879	12.185	4.887	1.629	4.887	0	0	4.887	8.145	3.258	3.258	8.145	3.258	1.629	0	1.629	0	1.629	1.629	13.032	1.629	3.258	0	0	3.258	3.258	3.258	0	1.629	11.403	4.887	0	3.258	4.887	3.258	0	6.516	1.629	6.516	0	16.29	3.258	0	1.629	8.145	3.258	3.258	1.629	4.887	1.629	0	0	1.629	3.258	8.145	58.643	24.435	6.516	0	9.774	0	0	0	0	0	0	0	0	0	0	0	0	0	0	0	0	0	0	0	3.258	6.516	8.145	3.258	1.629	9.774	13.032	1.629	1.629	0	0	0	0	3.258	0	8.145	11.403	3.258	1.629	0	0	0	1.629	4.887	3.258	50:60,68.92:200,50:80
Rhbdf1-NM_010117	0	1.629	3.258	4.887	6.516	1.629	0	3.258	0	4.887	1.629	0	0	1.629	0	1.629	0	1.629	0	0	0	1.629	0	0	0	1.629	9.774	0	3.258	0	1.629	0	0	0	0	0	0	3.258	11.403	0	0	0	1.629	1.629	0	4.887	1.629	0	3.258	6.516	0	6.516	11.403	0	0	0	1.629	0	0	0	3.258	55.385	26.064	0	3.258	0	1.629	0	1.629	4.887	0	4.887	1.629	16.29	3.258	3.258	0	3.258	4.887	0	0	1.629	0	0	1.629	8.145	1.629	3.258	1.629	4.887	1.629	3.258	3.258	1.629	0	1.629	0	0	8.56	2.843	3.258	4.887	3.258	0	1.629	0	4.887	1.629	11.403	0	1.629	0	9.774	4.887	3.258	3.258	1.629	3.258	11.403	9.774	1.629	0	0	0	1.629	3.258	4.887	0	0	1.629	16.29	0	1.629	1.629	0	1.629	0	0	0	1.629	1.629	1.629	6.516	4.887	0	6.516	0	4.887	0.823	0.806	1.629	14.661	14.661	1.629	0	0	3.258	0	1.629	0	4.887	1.629	0	0	6.516	8.145	13.032	1.629	4.887	8.145	3.258	1.629	4.887	0	0	0	0	1.629	0	1.629	0	3.258	0	1.629	4.887	1.629	0	0	0	1.629	8.145	3.258	8.145	1.629	0	3.258	1.629	0	0	0	3.258	9.774	4.781	3.364	0	0.929	5.587	1.629	3.258	0	0	1.629	0	0	0	0	0	1.629	1.629	3.258	8.145	1.629	0	0	0	4.887	3.258	0	3.258	1.629	0	3.258	4.887	4.887	0	0	0	3.258	3.258	1.629	0	13.032	4.887	3.258	0	0	0	1.629	0	0	0	4.887	1.629	3.258	2.077	2.81	0	6.516	0	4.887	3.258	3.258	0	0	3.258	1.629	0	0	0	3.258	0	0	0	3.258	1.629	0	0	0	4.887	3.258	3.258	1.629	3.258	1.629	0	0	3.258	0	3.258	4.887	3.258	0	0	0	0	1.629	0	1.629	0	4.887	1.629	0	1.629	0	8.145	0	1.629	1.629	43.982	0	0	4.887	1.629	0	0	0	0	0	3.258	3.258	0	0	0	0	0	3.258	3.258	0	0	0	1.629	0	0	0	0	0	0	0	0	1.629	50:60,63.545:200,50:80
Rims1-NM_183018	0	0	0	0	0	0	0	0	0	0	0	0	0	0	0	0	0	0	0	0	0	0	0	0	0	0	0	0	0	0	0	0	0	0	0	0	0	0	0	0	0	0	0	0	0	0	0	0	0	0	0	0	0	0	0	0	0	0	0	0	0	1.629	1.629	0	0	0	0	0	0	0	0	0	0	0	0	0	0	0	0	0	1.629	0	0	1.629	0	0	0	0	0	0	0	0	1.629	0	0	0	0	0	0	1.629	0	0	0	0	0	0	0	0	0	0	0	0	0	0	0	0	0	0	1.629	0	0	50.498	0	0	0	0	0	1.629	0	0	0	0	0	0	0	0	0	0	0	0	0	0	0	0	0	0	0	0	0	0	0	0	58.643	0	0	0	0	0	0	0	0	8.145	4.887	11.403	9.774	6.516	4.887	6.516	4.887	3.258	8.145	1.629	0	11.403	0	4.887	4.887	4.887	3.258	3.258	8.145	3.258	0	9.774	3.258	6.516	4.887	0	0	0	0	0	0	0	0	0	0	0	0	0	0	0	0	0	0	11.403	6.516	6.516	8.145	6.516	8.145	6.516	4.887	3.258	1.629	3.258	6.516	4.887	4.887	8.145	3.258	1.629	4.887	1.629	1.629	14.661	4.887	4.887	3.258	3.258	0	3.258	1.629	3.258	0	6.516	3.258	1.629	0	0	0	1.629	1.629	0	0	1.629	0	1.629	0	3.258	0	1.629	3.258	0	0	0	0	1.629	3.258	0	0	0	0	0	0	0	0	0	0	0	0	0	0	0	0	0	0	0	0	0	0	0	0	0	0	0	0	0	0	0	0	0	0	0	0	0	0	0	0	0	0	0	0	0	0	0	0	0	0	0	0	0	0	0	0	0	0	0	0	0	0	0	0	0	0	0	0	0	0	0	0	0	0	0	0	0	0	0	0	0	50:60,2683.945:200,50:80
Rnf130-NM_001290749	0	0	0	0	0	0	0	0	0	0	0	0	0	0	0	0	0	0	0	0	0	0	0	0	0	0	0	0	0	0	0	0	0	0	0	0	0	0	0	0	0	0	0	0	0	0	0	0	0	0	0	0	3.258	1.629	1.629	0	0	0	0	0	4.887	4.887	21.177	4.887	8.145	6.516	4.887	0	6.516	0	3.258	3.258	4.887	0	0	0	1.629	1.629	3.258	1.629	0	0	1.629	1.629	0	0	8.145	3.258	3.258	0	3.258	0	0	0	0	0	0	0	0	0	4.887	0	1.629	0	1.629	1.629	3.258	0	0	3.258	1.629	1.629	1.629	0	4.887	0	0	1.629	0	1.629	3.258	6.516	0	0	0	4.887	1.629	0	0	0	0	1.629	0	0	0	1.629	0	0	0	0	0	1.629	0	0	6.516	1.629	0	0	0	3.258	1.629	4.887	0	1.629	0	1.629	1.629	0	3.258	0	1.629	6.516	0	0	3.258	0	0	0	1.629	3.258	0	1.629	0	1.629	1.629	4.887	1.629	3.258	3.258	0	1.629	1.629	0	1.629	4.887	1.629	0	0	1.629	1.629	0	0	4.887	0	0	1.629	0	0	3.258	0	0	3.258	0	1.629	1.629	0	0	0	0	1.629	1.629	1.629	0	1.629	0	0	3.258	1.629	0	0	1.629	1.629	0	1.629	3.258	1.629	1.629	0	3.258	0	0	1.629	3.258	1.629	0	1.629	0	0	9.774	3.258	0	0	3.258	0	1.629	3.258	0	1.629	0	1.629	0	0	0	0	4.887	3.258	4.887	1.629	4.887	6.516	0	1.629	0	0	0	1.629	0	0	0	0	0	0	0	0	0	0	0	0	0	0	1.629	0	0	0	0	1.629	1.629	0	0	1.629	0	0	0	0	0	0	1.629	3.258	0	0	0	0	0	0	0	0	0	3.258	1.629	0	0	0	1.629	0	0	0	0	0	0	1.629	0	0	0	0	0	0	0	0	0	1.629	0	0	0	0	0	0	0	0	0	1.629	50:60,397.145:200,50:80
Rnf181-NM_001331173	0	0	0	0	0	3.258	0	1.629	0	0	0	0	0	0	1.629	1.629	0	0	0	0	0	0	0	0	0	0	0	0	0	0	0	0	0	0	0	0	1.629	0	0	1.629	0	0	0	0	0	0	0	0	0	0	0	0	1.629	0	0	0	0	0	0	0	0	0	1.629	3.258	3.258	40.724	29.216	70.152	14.661	129.015	32.254	7.363	5.669	20.786	24.826	10.882	5.408	0	5.661	9	1.629	1.629	0	0	1.629	8.145	0	1.629	1.629	1.629	0	0	0	0	1.629	1.629	0	0	1.629	0	0	0	0	1.01	0.619	3.258	0	0.065	3.193	1.629	0	0	0	0	0	1.629	0	0.147	1.482	1.629	0	0	0	3.258	3.258	6.516	11.403	6.516	0	0	0	1.629	0	0	0	0	0	0	0	3.258	0	1.629	0	1.629	1.629	1.629	0	0	0	1.629	1.629	0	0	0	0	0	1.629	0	0	0	0	0	0	0	1.629	0	0	0	1.629	0	0	0	0	0	0	0	0	0	0	0	1.629	1.629	0	11.403	3.258	0	4.887	0	0	0	0	0	0	0	1.629	0	0	1.629	0	1.629	0	0	0	0	0	0	0	0	1.629	0	0	0	0	1.906	4.61	0	1.629	1.629	3.258	0	0	0	1.629	1.629	0	0	0	0	1.629	0	0	1.629	0	0	3.258	3.258	0	1.629	4.887	0	4.887	8.145	4.887	3.258	0	3.356	11.305	2.834	0.424	1.629	4.162	0.725	0	4.887	0	0	0	0	4.887	1.629	1.629	1.629	0	4.887	1.629	1.629	1.629	4.887	11.403	3.258	14.661	14.661	9.774	3.258	1.629	0	1.629	1.629	1.629	1.629	4.887	8.145	3.258	4.887	0	1.629	8.145	0	16.29	6.516	0	1.629	24.435	6.516	8.145	1.629	1.629	3.258	22.806	13.032	11.403	0	0	0	3.258	3.258	11.403	0	0	3.258	6.516	4.887	1.629	1.629	3.258	1.629	6.516	13.032	6.516	3.258	4.887	3.258	1.629	3.258	1.629	1.629	19.548	1.629	4.887	17.919	4.887	1.629	1.629	8.145	4.887	3.258	1.629	1.629	0	0	50:60,13.605:200,50:80
Rpgr-NM_001177951	0	0	0	0	0	0	0	0	0	0	0	0	0	0	0	0	0	0	0	0	0	0	0	0	0	0	0	0	0	0	0	0	0	0	0	0	0	0	0	0	0	0	0	0	0	0	0	0	0	0	0	0	0	0	0	0	0	0	0	0	6.516	68.417	26.064	8.145	8.145	3.258	1.629	3.258	0	3.258	1.629	0	1.629	0	4.887	3.258	0	1.629	1.629	1.629	0	0	1.629	4.887	0	0	0	0	1.629	3.258	8.145	3.258	0	3.258	0	0	0	1.629	0	1.629	0	9.774	0	0	0	1.629	0	1.629	3.258	1.629	4.887	0	1.629	1.629	1.629	0	0	0	1.629	0	1.629	3.258	1.629	3.258	1.629	0	6.516	0	0	0	1.629	0	0	3.258	0	0	0	0	0	0	1.629	0	0	0	0	0	0	1.629	0	0	0	0	0	0	0	0	0	0	0	0	0	0	0	1.629	0	3.258	0	0	4.887	3.258	6.516	0	0	0	0	1.629	0	0	0	0	0	0	4.887	1.629	1.629	0	0	1.629	0	3.258	1.629	0	1.629	3.258	0	0	0	1.629	3.258	0	0	1.629	0	3.258	1.629	0	0	0	0	0	0	0	1.629	0	1.629	0	0	0	1.629	0	1.629	0	4.887	1.629	0	0	3.258	1.629	1.629	3.258	0	0	3.258	0	0	3.258	0	0	0	0	1.629	3.258	1.629	0	1.629	0	1.629	0	0	0	0	0	1.629	0	0	0	0	0	0	0	0	0	0	0	0	0	0	0	0	0	0	0	0	0	0	0	0	0	0	1.629	0	0	0	0	0	0	0	0	0	0	0	0	0	0	1.629	0	0	0	0	1.629	0	0	0	0	0	0	0	0	0	0	0	0	0	0	0	0	0	0	0	0	0	0	0	0	0	0	0	0	0	0	0	0	0	0	0	0	0	0	0	0	50:60,280.935:200,50:80
Rps27l-NM_001311101	0	0	0	0	0	0	0	0	0	0	0	0	0	0	0	0	0	0	0	0	0	0	0	0	0	0	0	0	0	0	0	0	0	0	0	0	0	0	0	0	0	0	0	0	0	0	0	0	0	0	3.258	8.145	0	0	0	0	0	0	0	0	1.629	6.516	24.435	7.721	22.863	567.574	265.197	29.321	4.887	35.837	16.29	14.661	11.403	0	0	0	1.629	0	0	1.629	0	1.629	23.221	28.906	1.629	4.887	0	0	1.629	0	1.629	0	3.258	6.516	1.629	8.145	1.629	13.032	11.403	47.892	7.493	3.258	9.774	9.774	0	0	0	0	0	1.629	0.709	3.559	0.619	6.516	1.629	0	0	11.403	1.629	5.05	1.466	0	0	0	3.258	3.258	1.629	0	3.258	0	6.736	3.038	4.887	1.629	1.629	4.887	0	6.516	6.516	0	3.258	6.793	45.334	0	0	1.629	0	0	3.258	6.516	0	0	0	0	0	0	0	0	0	0	0	0	0	1.629	6.516	3.258	42.019	0.334	6.516	1.629	3.258	8.145	3.258	0	1.629	0	0	0	0	0	0	0	0	3.258	1.629	0	0	0	0	0	0	0	0	0	0	0	0	0	0	0	0	0	0	0	0	0	3.576	4.569	9.774	0	0	3.258	0	1.629	1.629	0	1.629	3.258	0	0	0	1.629	0	3.258	2.484	5.188	5.359	8.145	6.516	1.629	1.629	8.145	4.887	0	1.629	4.887	0	0	0	0	0	0	0	0	0	0	0	1.629	3.258	1.629	0	0	0	0	0	0	0	0	6.215	5.188	0	0	0	0	11.403	8.145	34.208	37.466	13.032	8.145	4.887	29.321	3.258	0	0	0	0	0	0	0	0	0	0	0	0	0	0	0	0	0	0	0	0	0	6.516	8.145	11.403	70.046	9.774	34.208	27.692	17.919	0	0	13.032	8.145	0	0	1.629	1.629	4.887	1.629	9.774	32.579	3.258	0	0	4.887	6.516	4.887	16.29	4.887	0	4.887	3.258	0	0	8.145	0	0	0	1.629	0	0	0	0	0	0	0	0	50:60,17.185:200,50:80
Rps6kb2-NR_153661	0	0	1.629	0	0	0	0	1.629	0	0	1.629	4.887	0	0	0	0	0	0	0	0	0	0	0	1.629	0	0	0	0	0	0	0	0	0	0	0	0	0	0	0	0	1.629	0	0	0	0	0	0	0	0	0	0	0	0	0	0	1.629	0	0	1.629	0	0	0	9.774	11.142	125.692	8.145	27.692	1.629	1.629	0	0	0	0	0	0	1.629	1.629	1.629	1.629	0	1.629	1.629	1.629	1.629	0	0	8.145	1.629	3.258	1.629	8.145	0	0	0	0	0	0	0	3.258	1.629	0	1.629	0	4.887	0	1.629	0	1.629	1.629	0	0	0	0	0	6.516	0	3.258	3.258	4.887	1.629	1.629	1.629	0	0	6.516	0	4.887	8.601	2.802	0	0	3.258	4.887	8.145	0	3.258	1.629	0	0	1.629	0	3.258	0	0	0	0	0	0	0	0	0	0	1.629	0	0	0	1.629	1.629	0	1.629	0	0	0	0	0	0	0	0	0	0	3.258	4.887	0	9.774	16.29	0	1.629	0	0	0	0	0	0	0	0	0	0	0	1.629	0	0	0	1.629	0	1.629	0	1.629	0	0	1.629	0	0	0	1.629	0	1.629	4.887	0	3.258	3.258	4.887	1.629	0	0	0	1.629	0	0	0	0	0	0	0	0	0	0	0	4.887	0	1.629	0	0	0	1.629	1.629	1.629	0	0	0	3.258	3.258	0	1.629	0	1.629	0	1.629	0	0	0	0	0	1.629	1.629	1.629	1.629	0	4.887	4.887	4.887	1.629	0	1.629	4.887	1.629	0	0	3.258	24.435	0	0	0	1.629	0	0	1.629	1.629	9.774	1.629	3.258	14.661	3.258	4.887	1.629	4.887	6.516	3.258	3.258	3.258	14.661	11.403	11.403	1.629	1.629	3.258	1.629	4.887	17.919	0	3.258	1.629	4.887	6.516	0	3.258	13.032	11.403	27.692	9.774	6.516	35.837	0	1.629	1.629	1.629	0	4.887	1.629	1.629	1.629	24.435	0	0	1.629	1.629	0	1.629	8.145	6.516	0	3.258	3.258	17.919	4.887	0	4.887	11.403	0	0	0	50:60,32.96:200,50:80
Rreb1-NR_033218	0	0	0	0	0	0	0	1.629	1.629	0	0	3.258	1.629	0	0	6.516	1.629	0	0	0	0	0	0	0	0	0	1.629	0	1.629	0	0	0	0	0	0	4.887	0	3.258	0	0	0	0	0	0	0	1.629	0	0	1.629	0	0	0	0	0	1.629	0	0	3.258	0	1.629	6.516	4.887	1.629	6.516	1.629	4.887	0	0	1.629	0	1.629	3.258	1.629	3.258	1.629	0	4.887	0	3.258	3.258	3.258	0	1.629	1.629	0	8.145	9.774	1.629	3.258	11.403	0	0	0	6.516	8.145	4.887	3.258	8.145	6.516	4.887	8.145	4.887	6.516	4.887	0	3.258	1.629	4.887	1.629	1.629	1.629	1.629	4.887	0	0	3.258	0	4.887	1.629	6.516	1.629	1.629	0	1.629	3.258	1.629	8.145	6.516	4.887	1.629	1.629	1.629	4.887	4.887	8.145	9.774	8.145	4.887	9.774	0	0	0	1.629	14.661	8.145	1.629	3.258	3.258	9.774	1.629	0	8.145	4.887	6.516	3.258	1.629	3.258	1.629	1.629	3.258	0	4.887	6.516	4.887	3.258	13.032	4.887	1.629	4.887	6.516	6.516	0	1.629	1.629	6.516	17.528	3.649	1.629	0	3.258	3.258	8.145	3.258	0	4.887	0	9.774	0.13	4.757	1.629	1.629	1.629	8.145	9.774	4.887	0	4.887	6.516	0	1.629	6.516	8.145	1.629	1.629	3.258	1.629	4.887	4.887	0	4.887	4.887	11.403	0	4.887	1.629	1.629	16.29	1.629	8.145	0	1.629	1.629	9.774	11.403	16.127	6.679	4.887	3.258	4.887	4.887	3.258	3.258	16.29	39.095	0	3.258	0	3.258	4.887	6.516	11.403	6.516	3.258	3.258	6.516	3.258	6.516	6.516	8.145	8.145	0	3.258	4.887	0	0	4.887	4.887	0	1.629	4.887	0	1.629	3.258	0	0	0	1.629	0	0	1.629	0	0	14.661	0	0	0	3.258	1.629	0	1.629	3.258	1.629	3.258	6.516	4.887	3.258	0	0	0	0	0	0	0	0	0	0	0	0	8.145	1.629	0	0	0	0	0	0	1.629	0	0	0	0	3.258	1.629	0	1.629	0	0	0	3.258	0	1.629	0	0	0	0	1.629	1.629	0	0	0	0	0	0	0	0	0	0	1.629	0	0	50:60,317.86:200,50:80
Rsrc2-NR_153357	0	0	0	0	0	0	0	0	0	0	0	0	0	0	0	0	0	0	0	0	0	0	0	0	0	0	0	0	0	0	0	0	0	0	0	0	0	0	0	0	0	0	0	0	0	0	3.258	0	0	0	0	0	0	0	0	0	0	0	0	1.629	439.196	2830.152	37.198	70.315	26.064	11.403	11.403	24.435	48.112	18.676	30.95	193.848	13.032	0	34.208	45.611	37.466	47.256	29.305	70.046	17.919	47.24	21.177	21.177	29.321	13.032	19.548	43.982	21.177	70.046	37.466	16.29	14.661	11.403	47.24	16.29	29.321	0	0	11.403	21.177	13.032	43.982	50.498	3.258	8.145	60.272	16.29	9.774	3.258	3.258	14.661	6.516	0	17.919	21.177	1.629	39.095	1.629	17.919	6.516	9.774	1.629	1.629	11.403	1.629	79.82	11.403	14.661	26.064	0	9.774	37.466	4.887	50.498	51.834	44.275	6.516	24.883	7.697	29.321	1.629	1.629	1.629	26.064	19.548	4.887	3.519	2.997	0	19.548	69.948	52.225	9.22	24.988	13.032	5.97	31.496	26.064	6.516	41.449	31.855	0	6.516	21.177	84.707	0	0	9.774	71.675	26.064	3.258	33.386	18.741	35.837	6.516	0	8.145	3.999	28.58	91.222	3.258	3.258	14.661	50.905	27.285	13.032	30.95	11.403	9.774	11.403	66.788	22.806	3.258	9.774	21.177	1.629	76.562	4.887	16.29	1.629	8.145	8.145	22.806	8.145	16.29	16.29	40.496	19.776	60.272	13.032	11.403	6.516	30.95	25.127	41.661	34.803	4.292	8.145	61.901	78.191	4.887	0	76.562	9.652	19.67	0	11.403	16.29	13.032	1.629	0	0	8.145	8.145	4.887	39.095	37.466	11.403	11.403	8.145	9.774	6.516	4.887	8.145	3.258	11.403	39.095	0	3.258	11.403	11.403	1.629	3.796	9.236	63.53	1.629	8.145	43.982	6.516	4.887	0	4.887	13.032	48.869	3.258	42.353	117.286	8.145	11.403	0	3.258	6.516	6.516	6.516	11.403	42.353	40.724	27.693	42.353	11.403	0	11.403	11.403	9.774	81.449	4.887	1.629	11.403	43.982	73.304	14.661	24.435	0	0	4.887	9.774	35.837	4.887	19.548	11.403	13.032	27.693	29.321	3.258	0	24.435	1.629	0	0	0	0	0	47.24	1.629	1.629	1.629	0	0	0	0	0	0	0	1.629	1.629	0	0	0	0	1.629	0	1.629	0	0	0	0	0	0	0	50:60,104.945:200,50:80
Runx3-NM_019732	0	0	0	0	0	0	0	0	0	0	0	0	0	0	0	0	0	0	0	0	0	0	0	0	0	0	0	0	0	0	0	0	0	0	0	0	0	0	0	0	0	0	0	0	0	0	0	0	0	0	0	0	0	0	0	0	0	0	0	0	0	0	0	0	0	0	0	0	0	0	0	0	0	0	0	0	0	0	0	0	0	0	0	0	0	1.629	0	0	0	4.887	0	0	0	0	0	0	0	0	0	0	0	0	0	0	0	0	0	0	0	0	0	0	0	0	0	0	0	0	0	0	0	0	0	0	0	0	0	1.629	0	0	0	0	6.516	0	0	0	0	0	0	0	0	0	3.258	0	0	0	0	0	0	0	0	0	0	0	0	0	0	0	0	0	0	0	1.629	0	0	0	0	0	0	0	0	1.629	1.629	0	0	0	0	0	1.629	0	0	1.629	0	0	0	1.629	0	0	0	0	0	0	0	0	3.258	3.258	1.629	0	0	0	1.629	0	0	0	0	0	0	1.629	0	0	0	0	0	1.629	0	0	0	0	0	0	3.258	0	1.629	0	0	1.629	1.629	1.629	0	0	0	1.629	0	0	0	1.629	0	0	0	0	0	3.258	0	0	0	0	0	1.629	0	0	3.258	0	0	0	0	0	0	0	0	0	1.629	0	0	0	0	0	0	0	0	0	0	0	0	0	0	1.629	1.629	0	0	0	1.629	0	0	0	0	0	0	0	0	0	0	0	3.258	0	0	0	0	0	0	1.629	0	0	0	0	0	0	0	0	0	0	0	0	0	0	0	0	1.629	1.629	0	0	3.258	0	0	0	0	0	0	0	0	1.629	0	0	0	0	0	0	0	0	0	0	50:60,286.73:200,50:80
S100a1-NM_011309	0	0	0	0	0	0	0	0	0	0	0	0	0	0	0	0	0	0	0	0	0	0	0	0	0	0	0	0	0	0	0	0	0	0	0	0	0	0	0	0	0	0	0	0	0	0	0	0	0	6.516	24.435	3.258	1.629	0	0	1.629	0	0	0	4.887	1.629	0	0	14.172	78.679	4.887	0	1.629	1.629	0	1.629	0	0	1.629	0	3.258	4.887	3.258	0	1.629	0	0	0	0	1.629	0	0	0	0	0	0	0	0	3.225	8.177	0	1.629	1.629	0	0	0	0	0	0	0	0	0	0	0	0	0	1.629	0	0	0	0	1.629	0	1.629	1.629	1.629	1.629	0	0	0	1.629	0	1.629	0	0	0	0	0	0	0	0	0	0	3.258	0	3.258	6.141	2.004	0	0	0	0	0	0	0	0	0	0	0	0	0	9.774	1.629	0	0	3.258	0	0	0	0	0	0	0	1.629	0	0	0	0	0	1.629	0	0	0	0	1.629	0	0	0	0	0	0	0	0	0	0	0	1.629	3.258	1.629	1.629	0	0	0	0	0	0	0	0	0	0	0	0	0	0	0	0	1.629	3.258	0	0	0	0	0	0	0	0	0	0	0	0	0	0	0	0	0	0	0	0	0	0	0	0	0	0	0	1.629	3.258	0	2.02	1.238	1.629	1.629	0	0	0	0	0	0	0	0	0	0	0	1.629	0	0	0	3.258	4.887	0	0	0	0	0	0	1.629	0	0	0	0	0	0	0	0	0	1.629	3.258	1.629	0	6.516	8.145	0	0	1.629	3.258	3.258	1.629	0	0	0	0	26.064	21.177	9.774	26.064	146.607	29.321	4.887	32.579	29.321	0	1.629	1.629	1.629	4.887	34.208	6.516	22.806	8.145	4.887	9.774	4.887	0	35.837	3.258	4.887	14.661	13.032	0	6.516	4.887	4.887	52.127	16.29	3.258	0	8.145	0	3.258	9.774	1.629	8.145	14.661	3.258	6.516	50:60,16.485:200,50:80
Samd10-NM_172676	0	0	0	0	0	0	0	0	0	0	0	0	0	0	0	0	0	0	3.258	37.466	47.24	58.643	3.258	4.887	3.258	4.887	9.774	4.887	9.774	0	0	19.548	4.887	0	1.629	1.629	1.629	0	1.629	0	0	0	0	0	1.629	0	0	0	0	0	0	0	0	0	0	0	0	0	0	0	1.629	1.629	0	0	6.516	0	0	1.629	0	0	0	0	0	3.111	0.147	1.629	1.629	0	0	1.629	0	0	0	1.629	1.629	0	0	0	0	0	1.629	0	0	0	0	11.403	0	0	0	0	0	0	0	0	0	0	0	0	0	1.629	0	0	0	0	0	0	0	1.629	0	0	8.145	3.258	0	1.629	0	0	0	0	0	0	0	0	0	0	0	0	0	0	0	0	0	1.629	3.258	0	0	0	0	0	0	0	0	0	0	0	0	0	0	0	0	0	0	0	1.629	0	1.344	0.285	3.258	0	0	0	0	0	1.629	0	0	0	0	0	0	0	0	0	0	0	0	0	0	0	0	0	0	0	0	0	0	0	0	0	0	0	0	0	1.629	0	0	1.629	0	0	0	0	0	0	0	0	0	0	0	0	0	0	0	0	0	0	0	0	0	0	0	0	3.258	3.258	0	1.629	0	0	0	0	0	0	0	0	0	0	0	0	0	0	0	0	0	0	0	0	0	0	0	0	0	0	1.629	1.629	0	0	0	4.887	3.258	0	0	1.629	0	0	0	0	0	0	0	0	0	1.629	1.629	0	0	4.887	0	0	0	0	0	0	0	0	0	8.145	0	0	0	4.887	3.258	4.887	11.403	0	1.629	3.258	3.258	0	0	0	0	0	1.629	0	0	0	1.629	0	0	0	0	1.629	16.29	16.29	4.887	8.145	22.806	4.887	1.629	1.629	1.629	9.774	24.435	6.516	13.032	0	6.516	34.208	11.403	0	6.516	3.258	50:60,20.065:200,50:80
Samd4b-NM_175021	0	1.629	1.629	0	0	0	0	0	0	0	0	0	0	0	0	0	0	0	0	0	0	0	0	0	0	0	0	0	0	0	0	0	0	0	1.629	0	0	13.032	0	1.629	0	9.774	11.403	0	3.258	0	0	0	0	4.887	0	0	1.629	0	0	0	0	0	0	1.629	1.629	11.403	3.258	1.629	13.032	13.032	4.887	8.145	3.502	17.674	0	4.887	4.887	1.629	4.887	8.145	1.629	4.887	32.579	9.774	32.579	4.887	6.516	34.208	6.516	9.774	1.629	16.29	9.774	11.403	26.064	17.919	3.258	4.887	3.258	1.629	1.629	13.032	3.258	0	4.887	17.919	8.145	13.032	21.177	9.774	22.806	43.982	4.887	13.032	8.145	30.95	9.774	0	3.258	0	47.24	13.032	1.629	4.887	6.516	0	8.145	8.145	3.258	11.403	4.887	6.516	16.29	14.661	3.258	13.032	21.177	3.258	6.516	8.145	6.516	1.629	6.516	1.629	19.548	9.774	8.145	4.887	6.516	8.145	8.145	1.629	3.258	19.548	6.516	1.629	3.258	11.403	6.516	26.064	0	8.145	4.887	9.774	37.466	1.629	9.774	45.611	19.548	3.258	13.765	7.412	1.629	3.258	8.145	0	27.693	11.403	3.258	8.145	3.258	11.403	8.145	4.887	4.887	1.629	14.661	2.281	14.009	8.145	0	26.064	11.403	11.403	11.403	66.788	19.548	14.661	29.321	21.177	6.516	16.29	9.774	9.774	24.435	13.032	8.145	86.335	55.385	0	73.304	14.661	4.887	21.991	2.443	9.774	21.177	0	3.258	9.774	3.258	39.584	43.494	16.29	8.145	4.887	0	0	8.145	1.629	1.629	9.774	3.258	40.724	6.516	1.629	14.661	9.774	6.516	3.258	21.177	4.887	4.887	24.435	27.692	16.29	16.29	3.258	14.661	9.774	8.145	6.516	0	1.629	3.258	3.258	1.629	9.774	3.258	3.258	3.176	13.113	1.629	4.887	1.629	3.258	1.629	0	4.887	6.516	0	3.258	0	1.629	0	11.403	1.629	1.629	4.887	3.258	0	1.629	0	1.629	0	1.629	3.258	13.032	6.516	11.403	1.629	3.258	1.629	21.177	0	11.403	0	13.032	8.145	0	3.258	1.629	9.774	0	0	1.629	4.887	1.629	0	0	0	0	0	0	0	1.629	0	1.629	9.774	0	0	0	1.629	0	4.887	4.887	3.258	6.516	6.516	14.661	8.145	13.032	1.629	26.064	3.258	1.629	3.258	21.177	0	0	3.258	1.629	1.629	0	50:60,183.35:200,50:80
Satb1-NM_001357640	0	0	0	0	0	0	0	0	0	0	0	0	1.629	0	0	0	0	0	0	0	1.629	0	0	0	0	0	0	0	0	0	0	0	1.629	0	0	0	0	0	0	0	0	0	0	0	0	1.629	0	1.629	0	0	0	0	1.629	0	1.629	0	0	0	0	0	0	6.516	1.629	8.145	4.887	0	1.629	3.258	11.403	0	0	0	0	1.629	1.629	0	1.629	11.403	4.887	1.629	1.629	0	1.629	1.629	0	1.629	1.629	3.258	0	1.629	0	1.629	0	1.629	4.887	0	3.258	0	1.629	0	1.629	0	0	0	0	1.629	0	0	3.258	0	1.629	1.629	1.629	1.629	0	0	3.258	0	1.629	0	3.258	0	3.258	1.629	0	0	0	0	1.629	0	0	0	3.258	0	0	0	0	0	0	1.629	1.629	0	0	3.258	0	1.629	1.629	3.258	4.887	0	0	3.258	0	1.629	0	0	0	1.629	4.887	0	0	1.629	4.887	1.629	0	6.516	0	0	0	1.629	4.887	6.516	3.258	3.258	0	0	6.516	3.258	3.258	1.629	0	0	1.629	1.629	1.629	0	0	1.629	0	0	0	1.629	0	0	0	0	0	0	1.629	1.629	0	1.629	1.629	3.258	0	0	0	0	0	1.629	3.258	0	1.629	0	0	0	0	1.629	1.629	1.629	0	0	1.629	1.629	0	3.258	1.629	1.629	0	1.629	1.629	0	1.629	1.629	3.258	0	0	0	0	0	6.516	0	0	0	0	1.629	1.629	6.516	1.629	1.629	0	0	0	3.258	0	19.548	1.629	8.145	1.629	1.629	0	0	0	0	0	0	0	0	0	0	0	1.629	0	0	0	0	0	0	0	0	0	0	0	0	0	0	0	0	0	0	0	0	0	0	0	0	0	0	0	0	0	0	0	0	0	0	0	0	0	1.629	0	0	0	0	0	0	0	0	0	0	0	0	0	0	0	0	0	0	0	0	0	0	0	0	0	0	0	0	0	0	50:60,379.99:200,50:80
Scfd1-NR_157117	3.258	3.258	1.629	3.258	43.982	0	4.887	1.629	3.258	3.258	6.516	13.032	0	1.629	0	1.629	3.258	11.403	13.032	8.145	16.29	0	0	6.516	8.145	0	1.629	3.258	8.145	8.145	1.629	1.629	6.516	14.661	1.629	0	1.629	13.032	1.629	0	4.887	3.258	1.629	8.145	0	0	47.24	27.693	0	16.29	19.548	9.774	1.629	0	11.403	14.661	74.933	42.353	68.417	3.258	636.928	102.625	40.724	21.177	8.145	53.756	35.837	22.806	24.435	27.693	3.258	35.837	27.692	13.032	53.756	8.145	35.837	11.403	17.919	35.837	8.145	0	35.837	47.24	3.258	3.258	8.145	13.032	19.548	3.258	3.258	3.258	8.145	6.516	50.498	8.145	6.516	27.693	21.177	19.548	16.29	1.629	1.629	14.661	8.145	29.321	35.837	6.516	16.876	4.3	1.629	21.177	27.692	55.385	16.29	11.403	9.774	4.887	1.629	4.887	14.661	3.258	6.516	16.29	3.258	4.887	1.629	0	4.887	8.145	6.516	9.774	6.06	8.601	1.629	3.258	11.403	16.29	21.177	3.258	13.032	47.24	8.145	32.579	24.435	4.887	8.145	8.145	8.145	6.516	0	0	0	0	1.629	0	3.258	3.258	17.919	3.258	4.887	13.032	11.403	47.24	3.258	11.403	22.806	17.919	8.145	14.661	21.177	11.403	9.774	6.516	3.258	9.774	1.629	0	24.435	6.516	4.887	0	8.145	9.774	4.887	14.661	8.145	11.403	0	0	1.629	6.516	14.661	11.403	14.661	21.177	8.145	1.629	1.629	8.145	21.177	14.661	3.258	1.629	4.887	17.919	1.629	9.774	52.127	13.032	11.403	3.258	3.258	0	40.724	19.548	3.258	6.516	4.887	6.516	11.403	30.95	0	3.258	14.661	8.145	3.258	6.516	17.919	4.887	16.29	8.145	4.887	8.145	3.258	1.629	6.516	22.806	13.032	13.358	15.964	13.032	11.403	8.145	17.919	30.95	22.806	4.887	4.887	3.258	14.661	16.29	9.774	1.629	4.887	21.177	9.774	1.629	13.032	3.258	0	0	0	0	0	0	0	0	0	0	0	0	3.258	3.258	0	0	0	0	0	0	0	4.887	1.629	17.919	0	1.629	1.629	3.258	0	3.258	0	3.258	0	8.145	0	3.258	1.629	3.258	4.887	0	4.887	4.887	1.629	1.629	8.145	0	1.629	13.032	1.629	0	1.629	0	3.258	6.516	3.258	0	0	0	0	0	1.629	0	0	1.629	0	0	0	0	0	0	0	11.403	0	1.629	1.629	8.145	1.629	8.145	0	0	50:60,346.64:200,50:80
Sec14l5-NM_001127725	0	0	0	0	0	0	0	0	0	0	0	0	0	0	0	0	0	0	0	0	0	0	0	0	0	0	0	0	0	0	0	0	0	0	0	0	0	0	0	0	0	0	0	0	0	0	0	0	0	0	0	0	1.629	0	0	0	0	17.919	74.933	0	0	3.258	0	1.629	1.629	1.629	1.629	1.629	0	0	0	1.629	0	1.629	0	0	0	0	0	0	0	4.887	4.887	3.258	0	0	0	0	0	0	0	0	0	1.629	0	0	0	3.258	0	0	0	0	0	0	0	0	0	0	0	0	1.629	0	1.629	0	0	1.629	0	0	0	0	0	0	0	0	0	0	0	0	0	0	1.629	1.629	0	0	0	0	0	0	0	1.629	0	0	3.258	1.629	0	0	0	0	0	0	1.629	0	0	1.629	0	0	0	0	0	0	1.629	0	6.516	0	0	0	6.516	1.629	0	0	0	0	1.629	0	1.629	0	0	0	0	0	1.629	0	1.629	0	3.258	1.629	0	0	0	0	0	0	0	1.629	0	1.629	0	0	0	0	0	0	0	0	0	0	3.258	0	0	0	1.629	0	0	0	0	0	0	0	0	0	0	0	1.629	0	0	0	0	0	0	0	0	0	0	0	0	0	0	0	1.629	0	0	0	0	1.629	0	0	0	0	0	1.629	1.629	0	0	0	1.629	0	0	1.629	0	0	0	0	0	0	0	0	1.629	0	0	0	0	0	0	0	0	1.629	0	0	0	0	0	0	0	0	0	0	0	0	0	0	0	0	0	0	0	0	0	0	0	0	0	0	0	0	0	0	0	0	0	0	0	0	0	0	0	0	0	1.629	0	0	0	0	0	0	0	0	3.258	0	0	0	0	0	0	0	0	0	0	0	0	0	50:60,184.13:200,50:80
Septin8-NM_001361968	0	0	0	0	0	0	0	0	0	0	0	0	1.629	0	0	0	0	0	0	0	0	1.629	0	0	0	0	0	0	0	0	0	0	0	0	0	0	0	0	0	0	0	0	0	0	0	0	0	0	0	0	0	0	0	0	0	0	0	0	0	0	1.629	0	0	0	0	4.887	3.258	11.403	1.629	0	3.258	0	1.629	0	1.629	6.516	3.258	0	0	3.258	8.145	0	0	0	0	1.629	0	1.629	0	1.629	0	0	4.154	0.733	0	0	1.629	0	1.629	0	0	0	3.258	1.629	0	1.629	0	0	0	1.629	0	0	0	1.629	3.258	0	0	4.887	0	1.629	0	3.258	0	1.629	0	0	0	3.258	0	0	1.629	6.516	0	0	3.258	0	0	0	0	0	6.516	0	0	0	0	0	0	0	0	0	0	0	0	0	0	0	1.629	0	0	0	0	0	0	0	4.887	0	1.629	0	0	1.629	0	1.629	0	0	0	3.258	0	0	3.258	0	0	1.629	0	0	0	0	0	0	0	0	1.629	0	0	0	0	0	0	0	0	1.629	0	4.887	0	0	1.629	0	1.629	0	3.258	0	4.887	0	4.887	1.629	1.629	0	1.629	11.403	1.629	1.629	4.887	16.29	1.629	1.629	1.629	0	9.774	3.258	1.629	1.629	0	3.258	0	1.629	0	0	0	0	0	0	0	4.887	0	0	4.887	0	3.258	0	0	0	0	1.629	1.629	8.145	0	0	0	0	0	0	3.258	0	0	0	1.629	0	0	0	0	0	0	0	0	0	0	0	0	0	0	0	0	0	0	0	0	0	0	0	0	0	0	0	0	0	0	0	0	0	0	0	0	0	0	0	0	0	0	0	0	0	0	0	0	0	0	0	0	0	0	0	0	0	0	0	0	0	0	0	0	0	0	0	0	0	0	0	0	0	0	0	50:60,149.35:200,50:80
Setx-NM_198033	0	0	0	0	0	0	0	0	0	0	0	1.629	1.629	3.258	3.258	1.629	3.258	16.29	4.887	0	0	8.145	3.258	0	0	0	0	0	0	0	3.258	1.629	11.403	1.629	0	8.145	0	0	0	0	0	3.258	1.629	8.145	9.774	0	0	0	1.629	3.258	1.629	3.258	16.29	3.258	1.629	8.145	0	0	21.177	1.629	34.208	100.996	21.177	26.064	91.222	50.498	35.837	50.498	1.629	8.145	0	0	8.145	45.611	74.933	13.032	16.29	8.145	78.191	27.693	60.272	17.919	57.014	45.611	8.145	31.602	46.589	22.806	9.122	36.489	6.516	45.611	35.837	19.548	24.435	3.258	34.208	9.774	34.208	53.756	40.724	50.498	30.95	9.774	8.145	91.222	34.208	11.403	21.177	22.806	3.258	17.919	24.435	8.145	0	43.982	0	6.516	14.661	0	0	17.919	19.548	65.159	22.806	4.887	30.95	24.435	8.145	19.548	4.887	1.629	24.435	30.95	13.032	19.548	22.806	45.611	6.516	11.403	19.548	4.887	57.014	79.82	29.321	26.064	30.95	21.177	9.774	35.837	14.661	42.353	18.244	27.367	17.919	27.693	16.29	27.693	30.95	19.548	16.941	25.412	16.29	3.258	4.887	8.145	9.774	22.806	0	26.064	13.032	16.29	29.321	48.869	14.661	13.032	17.919	26.064	16.29	14.661	13.032	14.661	9.774	22.806	14.661	3.258	17.919	13.032	16.29	3.258	8.145	24.435	9.774	9.774	0	16.29	8.145	35.837	35.837	0	22.806	14.661	1.629	4.887	4.887	1.629	0	0	8.145	27.693	1.629	29.321	6.516	9.774	8.145	11.403	16.29	6.516	17.919	3.258	4.887	0	16.29	16.29	11.403	24.435	11.403	24.435	4.887	19.548	11.403	11.403	1.629	19.548	3.258	32.579	16.29	21.177	6.516	16.29	17.919	3.258	16.29	11.403	11.403	21.177	11.403	16.29	13.032	6.516	3.258	6.516	39.095	16.29	27.692	27.692	11.403	42.353	13.032	6.516	0	1.629	0	0	0	0	0	1.629	1.629	0	0	0	3.258	0	0	0	0	1.629	0	0	6.516	3.258	1.629	1.629	4.887	8.145	3.258	0	8.145	9.774	6.516	11.403	29.321	6.516	9.774	0	0	1.629	16.29	1.629	1.629	0	0	0	1.629	0	1.629	13.032	9.774	3.258	1.629	4.887	0	6.516	0	0	0	3.258	8.145	0	0	0	3.258	0	0	0	0	0	0	0	3.258	0	1.629	1.629	0	1.629	0	0	1.629	0	50:60,287.4:200,50:80
Sfrp4-NM_016687	0	1.629	0	0	0	1.629	1.629	0	0	0	0	0	0	0	0	0	3.258	0	0	0	0	0	3.258	0	0	0	0	0	0	0	0	0	0	0	0	0	0	0	0	0	0	0	0	0	0	0	0	0	0	0	0	0	0	0	0	0	1.629	0	14.661	6.516	3.258	0	0	0	0	0	0	0	0	0	0	1.629	0	1.629	0	0	0	0	0	0	0	0	1.629	6.516	0	4.887	0	0	0	0	1.629	0	0	0	3.258	0	0	0	1.629	3.258	0	0	1.629	1.629	0	0	0	0	1.629	3.258	0	0	0	0	0	0	0	3.258	0	1.629	0	0	0	0	0	0	0	3.258	0	0	1.629	0	0	0	0	0	0	0	0	0	0	0	0	0	0	1.629	0	0	0	0	0.481	1.148	0	0	0	0	1.629	0	0	0	0	0	0	0	0	0	0	0	0	0	0	0	0	0	0	1.629	0	1.629	5.139	3.005	0	0	1.629	0	0	0	0	3.258	6.516	0	1.629	1.629	0	0	0	0	0	0	0	0	0	0	0	0	0	0	0	1.629	0	0	0	0	0	0	0	0	0	0	0	0	0	0	0	0	0	0	0	0	0	0	0	0	0	0	0	1.629	0	1.629	0	4.887	0	0	0	0	0	0	1.629	1.629	0	0	0	0	0	0	8.145	6.516	0	0	0	1.629	1.629	0	0	0	0	3.258	1.629	0	1.629	0	0	0	3.258	0	1.629	0	0	4.887	0	0	0	0	0	0	0	1.629	0	0	0	0	0	0	0	0	0	0	0	0	0	0	0	0	0	0	0	0	0	0	1.629	0	0	1.629	0	0	0	0	0	0	1.629	0	0	1.629	1.629	0	0	0	0	0	0	0	0	0	0	0	0	1.629	3.258	1.629	1.629	0	50:60,48.245:200,50:80
Sipa1l2-NM_001081337	0	0	1.629	0	0	0	4.887	3.258	0	0	0	1.629	0	1.629	0	0	0	0	0	1.629	0	0	0	4.887	0	1.629	0	3.258	0	1.629	0	0	4.887	1.629	1.629	0	0	0	0	0	0	0	1.629	0	0	0	0	0	3.258	0	0	0	1.629	0	0	3.258	0	1.629	1.629	0	6.516	4.887	0	3.258	4.887	6.516	11.403	16.29	6.516	3.258	3.258	3.258	1.629	8.145	3.258	6.516	0	3.258	3.258	6.516	4.887	3.258	3.258	4.887	1.629	8.145	8.145	1.629	8.145	3.258	1.629	0	4.887	1.629	3.258	22.806	21.177	6.516	8.145	0	4.887	0	24.435	3.258	0	13.032	3.258	11.403	1.629	1.629	1.629	3.519	7.884	6.516	4.887	6.516	14.661	11.403	1.629	4.887	9.774	4.887	3.258	13.032	8.145	14.661	21.177	1.629	6.956	1.189	8.145	6.516	11.403	11.403	6.516	8.145	11.403	9.774	9.774	9.774	19.548	11.403	1.629	6.516	3.258	8.145	19.548	26.064	8.145	8.145	6.516	14.661	3.258	4.887	3.258	26.064	13.032	3.258	22.806	13.032	34.208	34.208	11.403	13.032	16.29	1.629	22.806	9.774	8.145	8.145	22.806	1.629	14.661	14.661	8.145	1.629	4.887	9.774	9.774	1.629	9.774	4.887	9.774	16.29	9.774	16.29	21.177	11.403	8.145	4.887	4.887	9.774	22.806	14.661	4.887	1.629	13.032	13.032	3.258	1.629	1.629	4.887	13.032	6.516	4.887	3.258	4.887	3.258	9.774	14.661	1.629	6.516	3.258	1.629	4.887	1.629	13.032	19.548	14.661	8.145	6.516	11.403	9.774	13.032	3.258	1.629	21.177	1.629	6.516	8.145	6.516	6.516	11.403	6.516	13.032	4.887	9.774	4.887	3.258	1.629	4.887	8.145	19.548	6.516	0	4.887	6.516	8.145	8.145	1.629	4.887	22.806	1.629	6.516	11.403	3.258	1.629	3.258	30.95	6.516	9.774	0	0	0	0	0	0	0	0	1.629	1.629	3.258	1.629	0	1.629	1.629	1.629	0	0	0	0	0	0	1.629	0	0	0	1.629	0	0	1.629	0	3.258	0	0	1.629	3.258	9.774	6.516	0	0	3.258	0	0	0	0	0	0	0	0	0	0	0	0	0	0	0	0	3.258	3.258	0	3.258	17.919	3.258	0	1.629	0	0	1.629	0	0	6.516	3.258	0	0	3.258	1.629	3.258	6.516	0	50:60,373.83:200,50:80
Slc12a4-NM_009195	0	0	0	0	0	0	0	0	0	0	0	0	0	0	0	0	0	0	0	0	0	0	0	0	0	0	0	0	0	0	0	0	0	0	0	0	0	0	3.258	1.629	1.629	4.887	0	0	0	0	0	0	0	3.258	0	0	0	0	0	0	0	0	0	0	75.959	51.101	3.258	0.847	25.216	16.29	6.516	16.29	9.774	4.887	26.064	19.548	11.403	6.516	26.064	3.258	0	0	3.209	6.565	6.516	0	0	0	14.661	11.403	1.629	6.516	1.629	0	8.145	14.661	17.919	3.258	3.258	0	8.145	6.516	17.919	8.145	3.258	3.258	3.258	6.516	1.629	13.032	0	8.145	8.145	1.629	0	1.629	6.516	1.629	11.403	8.145	3.258	0	1.629	0	16.99	10.702	1.629	1.629	0	1.629	13.032	8.145	13.032	1.629	1.629	0	6.516	4.887	4.887	11.403	0	0	0	0	1.629	0	0	24.435	6.516	3.258	1.629	0	1.629	3.258	0	4.887	0	3.258	0	9.774	1.629	0	0	1.629	0	0	11.403	0	1.629	3.258	4.887	8.145	13.032	11.403	0	0	0	0	0	1.629	0	3.258	0	0	3.258	0	0	3.258	3.258	1.629	6.516	0	4.887	4.887	0	8.405	4.626	16.29	42.353	1.629	3.258	3.258	3.258	7.167	14.009	4.887	3.258	1.629	0	1.629	3.258	26.064	0	1.629	0	0	6.516	0	0	3.258	0	1.629	11.403	3.258	13.032	6.516	3.258	6.516	1.629	1.629	3.258	0	0	1.629	0	3.258	1.629	1.629	0	0	0	3.258	1.629	6.516	0	0	0	3.258	3.258	0	11.403	0	0	3.258	0	8.145	1.629	1.629	1.629	6.516	1.629	13.032	1.629	11.403	0	0	0	11.403	6.516	1.629	0	0	0	1.629	0	1.629	1.629	3.258	0	0	0	6.516	11.403	11.403	17.919	3.258	3.258	13.032	1.629	0	0	0	8.145	8.145	0	1.629	13.032	0	3.258	0	0	0	1.629	4.887	4.887	0	1.629	1.629	0	0	0	0	0	1.629	0	0	0	0	0	0	3.258	0	0	0	0	0	0	0	0	3.258	1.629	3.258	0	0	0	1.629	1.629	3.258	0	0	1.629	0	0	0	50:60,112.63:200,50:80
Slc25a47-NM_001012310	0	0	0	0	6.516	0	1.629	3.258	3.258	4.887	1.629	6.516	1.629	0	1.629	4.887	1.629	0	0	0	0	0	0	0	3.258	0	0	0	3.258	3.258	0	3.258	17.919	4.887	1.629	0	1.629	0	6.516	6.516	0	4.887	3.258	0	1.629	0	0	4.887	1.629	4.887	0	0	0	0	1.629	3.258	0	8.145	0	17.919	3.258	4.887	1.629	1.629	0	0	0	1.629	0	14.661	0	3.258	1.629	4.887	1.629	0	6.516	0	0	1.629	0	0	1.629	0	0	0	0	0	0	0	0	3.258	0	1.629	4.887	3.258	1.629	0	0	0	0	0	0	0	0	6.516	0	0	0	1.629	6.516	1.629	0	3.258	0	3.258	11.403	1.629	0	0	0	0	3.258	0	0	0	1.629	1.629	0	4.887	3.258	0	0	0	0	1.629	0	0	0	1.629	8.145	0	0	0	0	0	0	1.629	1.629	0	0	1.629	0	0	0	0	0	0	4.887	0	0	1.629	0	0	0	0	0	0	1.629	0	0	0	0	0	3.258	6.516	1.629	0	1.629	1.629	1.629	0	4.887	0	1.629	0	0	0	0	1.629	0	1.629	0	0	1.181	0.448	0	1.629	0	0	1.629	0	0	0	0	3.258	0	0	0	1.629	0	0	0.904	0.725	0	1.629	1.629	0	0	0	0	0	2.948	1.938	3.258	0	1.629	0	3.258	4.887	0	0	0	0	0	0.912	3.975	3.258	0	0	0	0	0	0	1.629	0	6.516	0	0	0	0	0	0	0	0	0	0	4.887	3.258	13.032	0	4.887	0	1.629	0	1.629	1.629	0	0	1.629	0	3.258	3.258	0	0	0	0	1.629	1.629	0	1.629	1.629	0	3.258	0	6.516	0	0	1.629	1.629	0	0	1.629	0	0	0	0	0	0	3.258	1.629	9.774	3.258	1.629	1.629	4.887	3.258	4.887	0	0	0	1.629	3.258	0	0	0	1.629	0	0	0	1.629	0	0	1.629	1.629	1.629	0	0	1.629	0	0	3.258	3.258	0	3.258	0	0	0	0	0	50:60,28.435:200,50:80
Slc30a1-NM_009579	0	0	0	0	0	0	0	0	0	0	0	0	0	0	0	0	0	0	0	0	0	0	0	0	0	0	0	0	0	0	0	0	0	1.629	0	0	0	0	0	0	0	0	0	0	3.258	0	1.629	0	1.629	0	0	0	0	0	0	0	0	0	0	1.629	8.691	44.528	8.682	0	4.887	1.629	0	0	3.258	3.258	4.887	11.403	9.774	8.145	1.629	3.258	4.887	8.145	1.629	0	0	0	0	0	4.072	4.072	3.258	0	11.403	41.05	37.141	40.724	3.258	3.258	1.629	21.177	24.435	0	1.629	1.629	24.435	16.29	22.806	25.64	90.017	8.145	0	3.258	3.258	15.882	2.036	14.661	1.629	1.629	4.887	0	1.629	3.258	3.258	6.679	4.724	7.396	31.7	131.947	6.516	21.177	59.368	7.42	8.145	4.887	30.951	6.516	0	0	9.774	0	1.629	9.774	13.789	7.387	4.887	0	1.629	13.032	50.498	6.516	3.258	32.579	9.774	0	3.258	3.258	0	1.629	6.516	35.837	6.516	4.887	0	0	11.403	10.328	28.768	1.629	14.661	1.629	0	0	1.629	6.272	5.131	4.105	0.782	4.887	1.629	0	1.629	0	8.145	0	0	1.629	0	10.653	13.781	1.971	12.69	0	0	6.516	16.29	21.177	21.177	11.403	1.629	9.774	9.774	1.629	4.887	3.258	1.629	11.403	6.516	32.579	29.321	24.435	1.629	27.953	7.884	19.955	4.48	3.128	16.42	0	0	3.258	8.145	4.887	6.516	0	0	0	6.516	3.16	11.501	13.032	3.258	0	4.887	4.887	15.589	34.681	13.26	2.101	14.188	1.629	1.629	4.887	6.516	21.177	9.774	4.887	0	4.887	9.774	6.516	0	8.145	4.887	0	21.103	76.635	13.032	6.5	5.433	31.496	13.586	1.629	0	4.887	9.774	8.145	6.516	1.629	6.516	1.629	8.145	47.24	9.774	21.177	50.498	73.304	11.403	177.558	66.788	53.756	11.403	0	0	1.629	0	4.887	35.837	19.548	1.629	11.403	60.272	1.629	19.548	11.403	1.629	22.806	4.887	34.208	6.516	1.629	8.145	13.032	11.403	1.629	8.145	1.629	19.548	6.516	0	0	0	0	8.145	1.629	4.887	1.629	0	0	0	4.887	17.919	8.145	3.258	4.887	3.258	8.145	3.258	0	0	0	0	0	0	3.258	6.516	0	1.629	1.629	4.887	0	1.629	1.629	1.629	1.629	50:60,32.335:200,50:80
Slc35a2-NM_001083937	0	1.629	0	0	0	0	1.629	9.774	14.661	4.887	1.629	19.548	11.403	1.629	1.629	4.887	4.887	0	6.516	0	0	6.516	0	3.258	0	0	0	0	0	0	0	0	0	0	0	0	1.629	0	1.629	6.516	0	1.629	0	1.629	8.145	9.774	8.145	1.629	6.516	9.774	1.629	11.403	43.982	78.191	22.806	86.336	63.53	112.399	172.671	1.629	8.145	24.435	176.776	36.619	107.512	13.032	32.579	64.703	23.262	24.435	4.887	3.258	9.774	3.258	3.258	0	9.774	6.516	1.629	0	1.629	0	0	3.258	0	3.258	0	1.629	1.629	1.629	0	0	6.516	1.629	0.652	7.493	6.516	3.258	0	0	0	0	0	0	0.652	2.606	0	1.629	1.629	3.258	0	0	0	4.887	0	0	0	1.629	1.629	0	0	0	0	0	1.629	4.887	3.258	0	0	13.032	0	11.403	0	1.629	8.145	1.629	0	0	0	0	0	4.887	0	0	0	8.145	1.629	1.629	0	0	0	0	14.661	1.629	3.258	0	6.516	4.887	0	1.629	0	0	0	1.629	0	0	1.629	0	4.887	1.629	1.629	0	0	0	3.258	1.629	0	0	6.516	0	0	0	0	0	3.258	0	3.258	0	1.629	0	0	0	0	0	1.629	0	6.516	1.629	0	0	0	0	1.629	0	0	0	0	0	0	0	0	1.629	7.754	5.278	0	0	1.629	9.774	1.629	0	0	1.629	0	0	0	1.629	0	0	0	1.629	3.258	3.258	0	0	1.629	0	1.629	1.629	0	0	1.629	1.629	0	0	0	0	0	0	0	3.258	1.629	0	0	0	0	0	6.516	0	3.258	0	0	1.629	1.629	0	1.629	0	1.629	0	3.258	0	0	0	0	6.516	0	3.258	6.516	3.258	0	0	0	0	1.629	0	0	0	0	0	0	0	0	4.887	4.887	1.629	4.887	9.774	3.258	0	0	0	1.629	3.258	1.629	0	1.629	0	0	0	1.629	0	0	0	1.629	3.258	0	4.887	0	0	0	0	1.629	1.629	0	1.629	0	0	0	0	0	1.629	4.887	3.258	3.258	0	0	0	0	1.629	0	3.258	50:60,48.92:200,50:80
Slc6a15-NM_001252330	0	0	0	0	0	0	0	0	0	0	0	0	0	0	0	0	0	0	0	0	0	0	0	0	0	0	0	0	0	0	0	0	0	0	0	0	0	0	0	0	0	0	0	0	0	0	0	1.629	0	0	0	0	6.516	17.919	1.629	0	1.629	0	0	0	0	48.674	13.227	22.806	6.516	13.032	14.661	3.258	1.629	0	13.032	1.629	4.887	4.887	0	3.258	1.629	0	0	4.887	3.258	1.629	1.629	17.919	1.629	0	4.887	0	0	3.258	0	1.629	0	1.629	3.258	0	1.629	3.258	0	8.145	1.629	0	0	0	0	0	0	0	3.258	0	3.258	0	4.887	3.258	0	1.629	1.629	1.629	0	0	4.887	0	0	1.629	0	0	1.629	1.629	1.629	0	0	1.629	0	3.258	0	1.629	1.629	6.516	0	3.258	0	4.887	1.629	4.887	3.258	3.258	1.629	4.887	1.629	3.258	3.258	0	6.516	1.629	0	0	0	0	3.258	8.145	1.629	1.629	1.629	0	1.629	4.887	1.629	0	1.629	0	0	3.258	6.516	0	0	1.629	8.145	0	3.258	3.258	0	1.629	0	1.629	4.887	3.258	1.629	3.258	4.887	6.516	1.629	1.629	1.629	3.258	3.258	0	4.887	3.258	0	0	3.258	0	0	1.368	0.261	0	1.629	4.887	1.629	0	0	1.629	0	2.346	4.17	0	0	3.258	8.145	1.629	1.629	1.629	0	0	0	0	1.629	0	1.629	0	0	0	0	0	0	0	1.629	0	1.629	0	0	1.629	1.629	1.629	3.258	0	0	0	1.629	1.629	4.887	1.629	0	0	1.629	0	3.258	0	3.258	1.629	0	0	0	0	0	0	0	0	0	0	0	0	0	1.629	4.887	0	1.629	1.629	1.629	0	3.258	0	0	1.629	0	0	0	0	0	0	0	0	0	0	0	0	0	0	0	0	1.629	0	0	0	0	0	0	1.629	0	1.629	0	0	0	0	0	0	0	0	0	0	0	0	1.629	0	0	0	3.258	6.516	0	0	0	0	0	0	0	0	0	0	0	0	50:60,257.86:200,50:80
Slc9a3r2-NM_001357796	0	0	0	0	0	0	0	0	0	0	0	0	0	0	0	0	0	1.629	1.629	0	0	0	0	0	0	0	0	0	0	0	0	0	0	0	0	0	0	0	0	0	0	0	0	0	0	0	0	0	0	0	0	0	1.629	0	0	0	0	0	0	0	0	0	0	0	0	0	0	0	4.887	3.258	0	0	0	1.629	0	1.629	0	0	0	0	0	0	0	0	0	1.629	0	0	0	0	3.258	0	0	0	0	0	4.887	0	3.258	0	0	0	0	1.629	0	6.516	0	4.887	0	1.629	1.629	0	0	0	1.629	0	1.629	0	0	0	0	0	1.629	0	0	0	0	0	1.629	3.258	4.887	0	3.258	0	0	1.629	0	0	0	4.887	0	0	4.887	0	0	1.629	0	0	0	0	1.629	0	0	0	0	0	0	1.629	0	0	1.629	1.629	0	1.629	0	0	0	10.751	3.91	1.629	0	0	3.258	0	4.072	0.814	0	0	0	3.258	0	0	0	0	3.258	1.629	0	0	0	1.629	0	0	1.629	0	1.629	0	0	0	1.629	0	0	0	0	3.258	0	0	1.629	0	1.629	0	0	0	0	0	0	0	0	0	0	0	0	0	0	1.629	0	0	0	3.258	0	0	0	1.629	0	0	1.629	0	0	0	0	0	0	4.887	1.629	1.629	0	0	0	0	0	0	0	0	0	0	0	1.629	1.629	0	0	1.629	0	0	0	0	1.629	3.258	0	1.629	0	0	1.629	0	0	0	0	1.629	1.629	4.887	0	3.258	1.629	0	0	1.629	0	0	1.629	0	0	0	0	3.258	0	0	0	0	0	0	0	0	0	0	0	0	1.629	0	1.629	1.629	0	0	0	1.629	9.774	11.403	1.629	0	0	0	0	0	0	3.258	0	0	0	0	1.629	0	1.629	0	0	0	0	0	0	0	0	0	0	0	50:60,55.1:200,50:80
Slfn10-ps-NM_001355513	0	0	0	0	0	0	0	0	0	0	0	0	0	0	0	0	0	0	0	0	0	0	0	0	0	0	0	0	0	0	0	0	0	0	0	0	0	0	0	0	0	0	0	0	0	0	0	0	0	0	0	0	0	0	0	0	0	0	0	0	0	0	0	0	0	0	0	1.629	0	0	0	0	0	0	0	0	0	0	0	0	0	0	0	0	0	0	0	0	0	0	0	0	0	0	0	0	0	0	0	0	0	0	0	0	0	0	0	0	0	0	0	0	0	0	0	0	1.629	0	0	0	0	0	0	0	0	0	0	0	0	0	0	0	0	0	0	0	0	0	0	0	0	0	0	0	0	0	0	0	0	0	0	0	0	0	0	0	0	0	0	0	0	0	0	0	0	0	0	0	0	0	0	0	0	0	0	0	1.629	0	0	0	0	0	0	0	0	0	0	0	0	0	0	0	0	0	0	0	0	0	0	0	0	0	0	0	0	0	0	0	0	0	0	0	0	0	0	0	0	0	0	0	0	0	0	0	0	0	0	0	0	0	0	0	0	0	0	0	0	0	0	0	0	0	0	0	0	0	0	3.258	0	0	0	0	0	0	0	0	0	0	0	0	0	0	0	0	0	0	0	0	0	0	0	0	0	0	0	0	0	0	0	0	0	0	0	0	0	0	0	0	0	0	0	0	0	0	0	0	0	0	0	0	0	0	0	0	0	0	0	0	0	0	0	0	0	0	0	0	0	0	0	0	0	0	0	0	0	0	0	0	0	0	0	0	0	0	0	0	0	0	0	0	50:60,62.015:200,50:80
Slitrk5-NM_198865	0	0	0	0	0	0	0	0	0	0	0	0	0	0	0	0	0	0	0	0	0	0	0	0	0	0	0	0	0	0	0	0	0	0	0	0	0	0	0	0	0	0	0	0	0	0	0	0	0	0	0	0	0	0	0	0	0	0	0	0	0	0	0	0	0	1.629	0	0	0	0	0	0	0	0	0	0	0	0	0	0	0	0	0	0	0	0	0	0	0	1.629	1.629	0	0	0	0	0	1.629	0	0	0	0	0	0	0	0	0	0	0	0	0	0	0	0	0	0	0	0	0	0	0	0	0	0	0	0	0	0	0	0	0	0	0	0	0	0	1.629	0	0	0	0	0	0	0	0	0	0	0	0	0	0	0	0	0	0	0	0	0	0	0	0	0	0	0	0	0	0	0	0	0	0	0	0	0	0	0	0	0	0	1.629	0	0	0	0	0	0	0	0	0	0	0	0	0	0	0	0	0	0	0	0	0	0	0	0	0	0	0	0	0	1.629	0	0	0	0	0	0	0	0	0	1.629	0	0	0	0	0	0	0	0	0	0	0	0	0	0	0	0	0	0	0	0	0	0	0	0	0	0	0	0	0	0	0	0	0	0	0	0	0	0	0	0	0	0	0	0	0	0	0	0	0	0	0	0	0	0	0	0	0	0	0	0	0	0	0	0	0	0	0	0	0	0	0	0	0	0	0	0	0	0	0	0	0	0	0	0	0	0	0	0	0	0	0	0	0	0	0	0	0	0	0	0	0	0	0	0	0	0	0	0	0	0	0	0	0	0	0	0	0	0	0	0	0	50:60,40.105:200,50:80
Smad2-NM_010754	0	0	0	0	0	0	0	0	0	0	0	0	0	0	0	0	0	0	0	0	0	0	0	0	0	0	0	0	0	0	0	0	0	0	0	0	0	0	0	0	0	0	0	0	0	0	0	0	0	0	0	0	1.629	4.887	3.258	8.145	1.629	0	0	0	6.516	13.032	76.562	48.869	19.548	115.657	50.498	65.159	61.901	47.24	34.208	24.435	35.837	9.774	61.901	32.579	24.435	30.95	35.837	42.353	22.806	50.498	13.691	12.372	4.887	34.208	13.032	17.919	40.724	70.046	40.724	34.208	19.548	34.208	6.516	47.989	51.378	27.692	11.403	21.177	11.403	9.562	14.872	9.774	19.548	29.321	8.145	27.692	30.95	29.321	29.321	22.806	21.177	16.29	21.177	27.953	14.4	8.145	37.466	24.435	24.435	40.724	22.806	65.159	61.901	34.208	52.127	9.774	39.095	32.579	55.385	16.29	17.919	26.064	6.516	6.516	16.29	0	4.887	0	0	0	0	0	0	3.258	0	3.258	0	4.887	60.272	20.558	46.23	23.099	32.286	39.095	58.643	19.548	27.693	42.353	6.516	21.177	19.548	14.661	14.661	11.403	6.516	76.562	17.919	9.774	14.661	9.774	73.304	16.29	29.321	14.661	26.064	37.466	34.208	30.95	55.385	30.95	21.177	37.922	15.834	8.145	16.29	8.145	22.806	9.774	1.629	16.29	22.806	24.435	16.29	9.774	11.403	11.403	9.774	22.806	32.579	26.064	26.064	1.629	6.516	8.145	16.29	35.837	4.887	4.887	16.29	34.208	17.919	21.177	57.014	19.548	14.661	4.887	26.064	11.403	11.403	13.032	17.919	0	24.435	19.548	14.661	24.435	21.177	24.435	53.756	11.403	9.774	39.095	66.788	73.304	19.548	50.498	40.724	18.896	31.602	6.516	24.435	24.435	14.661	39.095	60.272	29.321	30.95	45.611	16.29	30.95	13.032	42.353	91.222	22.806	14.661	92.851	35.837	26.064	3.258	0	0	14.661	1.629	1.629	1.629	11.403	1.629	1.629	0	0	0	3.258	4.887	11.403	14.661	4.887	40.724	1.629	0	1.629	1.629	6.516	27.693	26.064	0	0	0	0	8.145	0	0	1.629	0	1.629	3.258	3.258	1.629	8.145	22.806	0	22.806	3.258	6.516	3.258	0	8.145	27.693	0	0	0	4.887	4.887	1.629	6.516	8.145	3.258	26.064	6.516	3.258	1.629	0	0	6.516	4.887	4.887	4.887	0	1.629	13.032	0	4.887	11.403	3.258	6.516	8.145	6.516	32.579	21.177	50:60,350.235:200,50:80
Smarcb1-NM_001161853	0	4.887	0	0	0	0	0	0	0	0	0	1.629	1.629	0	0	0	0	0	0	1.629	0	0	0	0	0	1.629	0	1.629	3.258	3.258	3.258	0	3.258	0	0	1.629	1.629	0	0	0	1.629	0	0	0	1.629	1.629	0	1.629	4.887	3.258	0	3.258	0	3.258	0	0	0	3.258	0	0	22.806	17.919	45.611	3.258	47.24	37.466	131.947	6.516	4.887	1.629	0	0	0	0	26.064	6.516	9.774	19.548	6.516	11.403	26.064	16.29	3.258	41.571	80.602	0	6.516	3.258	1.629	8.145	3.258	3.258	6.516	13.032	26.064	0	11.403	1.629	3.258	0	15.133	32.107	16.111	6.695	14.661	3.258	3.258	9.774	10.214	1.189	4.887	6.516	4.887	9.774	11.403	4.887	0	0	0	0	3.258	0	3.258	8.145	21.177	4.887	6.516	6.516	9.774	11.403	3.796	2.72	19.548	17.919	3.258	0	0	9.774	4.887	6.516	6.516	1.629	11.403	8.145	14.661	21.177	1.629	3.258	3.258	4.887	8.145	11.403	11.403	1.629	6.516	4.887	0	0	0	0	0	0	0	11.403	0	8.145	3.258	6.516	6.516	6.516	0	1.629	1.629	11.403	1.629	6.516	4.887	9.774	4.887	6.516	4.887	1.629	6.516	4.887	8.145	0	4.887	6.516	1.629	0	0	8.145	9.774	4.594	3.551	11.403	1.629	19.548	6.516	6.516	0	0	1.629	0	3.258	0	14.661	13.227	12.836	1.629	16.29	13.032	3.258	9.774	8.145	6.516	6.516	1.629	11.403	4.887	4.887	1.629	0.798	8.976	13.032	1.629	1.629	3.258	29.321	35.837	11.403	21.177	1.629	0	4.887	4.887	3.258	0	8.145	0	13.032	11.403	13.032	14.661	3.258	1.629	6.516	0	13.032	43.982	8.145	1.629	1.629	8.145	0	0	3.258	1.629	0	3.258	4.887	0	3.258	4.887	1.629	4.887	3.258	1.629	0	0	3.258	4.887	1.629	0	0	0	3.258	4.887	0	1.629	0	0	0	3.258	4.887	13.032	8.145	1.629	0	1.629	1.629	0	1.629	6.516	0	0	1.629	4.887	1.629	0	6.516	6.516	0	0	1.629	0	0	3.258	1.629	1.629	1.629	11.403	0	1.629	0	3.258	4.887	1.629	1.629	3.258	0	27.692	13.032	1.629	0	4.887	1.629	1.629	3.258	29.322	169.413	87.965	14.661	70.046	79.82	17.919	30.95	22.806	6.516	1.629	50:60,124.23:200,50:80
Smn1-NM_001252629	0	0	0	0	0	0	0	0	0	0	0	0	0	0	0	0	0	0	0	0	0	0	0	0	0	0	0	0	0	0	0	0	0	0	0	0	0	0	0	0	0	0	0	0	0	0	0	0	0	0	0	0	0	0	0	0	0	0	0	0	0	0	0	0	0	0	0	0	0	0	0	0	0	0	1.629	1.629	0	0	0	0	0	0	4.887	98.651	30.038	21.535	25.705	4.887	3.258	1.629	4.887	14.661	15.492	13.83	13.032	0	1.629	0	0	11.077	16.616	26.064	17.919	16.29	14.661	8.145	0	1.629	14.661	0	6.516	0	4.887	0	11.403	0	3.258	3.258	1.629	16.615	11.077	9.513	26.324	9.774	4.154	3.991	0	6.516	1.629	3.258	13.032	6.516	0	1.629	1.629	0	19.548	8.145	1.629	29.321	1.629	1.629	0	11.403	1.629	9.774	1.629	0	0	0	0	0	0	0	1.629	0	0	0	0	0	0	11.403	1.629	3.258	13.032	0	9.774	0	0	0	1.629	11.403	1.629	5.832	8.829	8.145	0	13.032	6.516	11.403	3.258	3.258	0	0	0	1.629	4.887	13.032	1.629	6.516	20.476	3.958	0	8.145	3.258	11.403	9.774	4.887	4.887	1.629	0	0	3.258	1.629	0	0	4.887	3.258	3.258	1.629	3.258	1.629	4.887	3.258	0	0	11.403	16.29	0	1.629	11.403	3.258	0	0	3.258	8.145	3.258	6.516	1.629	4.887	3.258	0	0	0	19.548	23.522	2.541	3.258	1.629	30.95	3.258	1.629	0	0	3.258	3.258	19.548	4.887	1.629	0	0	0	0	1.629	4.887	6.516	0	4.887	6.516	3.258	4.887	9.774	1.629	4.887	8.145	14.661	14.661	0	1.629	1.629	6.516	1.629	3.258	0	11.403	4.887	0	0	0	0	0	0	3.258	1.629	3.258	13.032	3.258	3.258	11.403	0	1.629	1.629	11.403	6.516	3.258	9.774	0	0	0	0	0	0	0	0	1.629	3.258	9.774	16.29	4.887	1.629	0	19.548	65.159	45.611	4.887	22.806	21.177	1.629	6.516	13.032	22.806	4.887	8.145	0	0	1.629	3.258	9.774	1.629	3.258	1.629	1.629	1.629	1.629	3.258	0	3.258	1.629	21.177	9.774	50:60,72.47:200,50:80
Snap23-NM_001177793	0	0	0	0	0	0	0	0	0	0	0	0	0	0	0	0	0	0	0	0	0	0	0	0	0	0	0	0	0	0	1.629	0	0	0	0	1.629	0	0	0	0	0	0	0	0	1.629	0	0	1.629	1.629	1.629	1.629	0	1.629	4.887	1.629	0	0	0	1.629	1.629	669.507	29.321	21.177	11.403	45.611	3.258	13.032	1.629	0	8.145	13.032	0	6.516	4.887	4.887	0	0	0	0	6.516	9.774	3.258	3.258	0	0	0	6.516	1.629	3.258	0	11.403	4.887	21.177	13.032	0	4.887	0	3.258	3.258	3.258	3.258	1.629	8.145	8.862	13.944	0	1.629	27.693	11.403	0	9.774	1.629	8.145	4.887	11.403	22.806	4.887	6.516	3.258	1.629	3.258	0	3.258	3.258	3.258	13.032	13.032	35.837	13.032	1.629	1.629	1.629	0	0	0	0	4.887	4.887	3.258	3.258	1.629	0	8.145	3.258	0	0	3.258	0	4.887	3.258	1.629	6.386	1.759	3.258	1.629	1.629	4.887	6.516	1.629	1.629	1.629	11.403	0	0	6.516	1.629	1.629	4.887	1.629	0	9.774	1.629	0	4.887	13.032	8.145	4.887	6.516	0	0	0	0	0	0	4.887	0	4.887	1.629	1.629	0	4.985	8.047	4.887	3.258	1.629	6.516	3.258	3.258	0.228	22.578	1.629	4.887	6.516	3.258	0	0	4.887	3.258	0	1.629	1.629	1.629	3.258	0	6.516	4.887	0	1.629	1.629	1.629	1.629	3.453	19.352	3.258	4.887	3.258	0	8.145	1.629	0	16.29	4.887	3.258	6.516	1.629	4.887	1.629	13.032	0	0	4.887	9.774	3.258	4.887	3.258	1.629	1.629	17.919	9.774	1.629	0	0	4.887	1.629	0	1.629	1.629	8.145	0	0	0	0	0	0	0	1.629	0	3.258	4.887	0	0	1.629	1.629	0	1.629	3.258	0	0	1.629	3.258	0	0	0	0	0	0	1.629	0	0	0	0	0	0	0	0	0	0	0	6.516	0	0	0	19.548	4.887	0	1.629	0	0	1.629	0	0	0	0	0	0	3.258	6.516	0	1.629	4.887	13.032	6.516	4.887	8.145	3.258	0	0	0	3.258	0	0	4.887	0	0	6.516	6.516	0	1.629	1.629	4.887	50:60,165.26:200,50:80
Snap25-NM_001355255	0	0	0	0	0	0	0	0	0	0	0	0	0	0	0	0	0	0	0	0	0	0	0	0	0	0	0	0	0	0	0	0	0	0	0	0	0	0	1.629	1.629	0	6.516	0	0	0	0	0	0	0	0	0	0	0	0	0	0	0	0	0	0	11.232	0.171	1.629	0	3.258	0	1.629	0	0	0	0	0	0	0	0	0	0	0	0	1.629	1.629	0	0	0	0	0	1.629	0	0	0	0	0	0	0	0	0	0	1.629	0	1.629	0	1.629	0	0	1.629	0	0	1.629	0	0	1.629	1.629	0	0	0	0	0	0	3.258	1.629	0	0	0	0	0	0	0	1.629	0	3.258	1.629	0	0	1.629	0	0	0	1.629	0	0	0	0	0	0	0	0	1.629	1.629	0	0	1.629	0	1.629	0	0	0	0	0	0	0	0	0	0	0	0	0	0	0	1.629	0	0	0	0	0	0	0	1.629	0	1.629	0	0	0	0	0	0	0	0	0	0	0	0	0	0	0	0	1.629	0	0	0	0	0	0	0	0	0	0	1.629	0	0	0	0	3.258	0	0	0	0	0	0	0	0	0	0	0	0	0	1.629	0	0	0	3.258	0	0	0	0	0	0	1.629	3.258	0	0	0	0	0	0	1.629	0	0	0	0	1.629	0	0	1.629	0	0	0	1.629	0	0	0	0	0	0	0	0	0	0	0	0	0	0	0	0	0	0	0	0	0	0	0	0	0	0	0	0	0	0	0	0	0	0	0	0	0	0	0	0	0	0	0	0	0	0	0	0	0	0	0	0	0	0	0	0	0	0	0	0	3.258	0	0	0	0	0	0	0	0	0	0	0	0	0	0	0	0	0	0	0	0	0	0	50:60,344.895:200,50:80
Snapc2-NM_133968	0	0	3.258	1.629	0	3.258	0	3.258	0	4.887	1.629	0	1.629	1.629	0	0	8.145	16.29	3.258	9.774	1.629	3.258	4.887	1.629	1.629	0	0	1.629	3.258	0	1.629	1.629	0	0	0	0	0	0	0	0	0	1.629	0	0	0	1.629	1.629	0	6.516	1.629	11.403	11.403	6.516	0	0	0	0	1.629	0	1.629	0	0	0	0	8.145	3.258	0	0	0	0	0	0	0	0	0	0	9.774	1.629	0	1.629	4.887	3.258	3.258	0	8.145	3.258	0	1.629	0	1.629	4.887	8.145	0	5.636	18.798	8.145	9.774	6.516	6.516	1.629	3.258	0	6.516	3.258	0	1.629	0	0	1.629	1.629	0	0	0	0	0	0	0	0	0	0	0	1.45	0.179	0	0	1.629	0	0	0	0	1.629	0	1.629	0	0	0	0	0	0	0	0	0	0	0	0	0	0	0	0	0	0	0	1.629	0	0	0	0	0	0	0	0	0	0	0	0	0	0	0	0	0	0	0	0	0	0	1.629	0	0	1.629	0	0	0	0	0	0	0	0	0	0	0	0	0	0	0	0	0	0	0	0	0	0	0	0	0	0	1.629	0	3.258	1.629	0	0	1.629	0	0	0	0	0	0	0	0	0	0	0	0	0	0	0	0	0	0	0	0	0	0	0	0	0	0	0	0	0	0	0	0	0	0	0	0	0	0	0	0	0	0	0	4.887	0	0	0	8.145	1.629	1.629	3.258	3.258	0	34.208	17.919	29.321	24.435	1.629	6.516	11.403	6.516	11.403	0	0	22.806	3.258	4.887	0	3.258	6.516	4.887	11.403	19.548	14.661	11.403	14.661	1.629	0	3.258	3.258	1.629	22.806	3.258	11.403	1.629	1.629	3.258	3.258	3.258	3.258	0	0	0	0	0	0	0	0	1.629	0	0	0	0	0	0	0	0	0	0	4.887	0	3.258	3.258	6.516	0	0	0	0	0	0	0	0	0	0	1.629	0	0	0	50:60,15.595:200,50:80
Sncaip-NM_001199154	0	0	0	0	0	0	0	0	0	0	0	0	0	0	0	0	0	0	0	0	0	0	0	0	0	0	0	0	0	0	0	0	0	0	0	0	0	0	0	0	0	0	0	0	0	0	0	0	0	0	0	0	0	0	0	0	0	0	0	0	0	0	0	0	0	0	0	0	0	1.629	0	0	0	0	0	0	0	0	0	0	0	0	0	0	0	0	0	0	0	0	0	0	0	0	0	0	0	0	0	0	0	0	0	0	0	0	0	0	0	0	0	0	0	0	0	0	0	0	0	0	0	0	0	0	0	0	0	0	0	0	0	0	0	0	0	0	0	0	0	0	0	0	0	0	0	0	0	0	0	0	0	0	0	0	0	0	0	0	1.629	0	0	0	0	0	0	0	0	0	0	0	0	0	0	0	0	0	0	0	0	0	0	0	0	0	0	0	1.629	0	0	0	0	0	0	0	0	0	1.629	0	0	0	0	0	0	0	1.629	0	1.629	0	0	0	0	0	0	0	0	6.516	21.177	1.629	1.629	1.629	3.258	0	4.887	0	1.629	6.516	1.629	8.145	0	0	0	1.629	0	0	0	0	0	0	0	0	0	0	0	0	0	0	0	0	0	0	1.629	0	1.629	3.258	0	0	0	0	3.258	1.629	0	0	0	0	0	0	0	0	0	0	0	0	0	0	1.629	0	0	0	0	0	0	0	0	0	1.629	0	0	0	0	0	0	0	0	0	0	0	0	0	0	0	0	0	0	0	0	0	0	0	0	0	0	0	0	0	0	0	0	0	0	0	0	0	0	0	0	0	0	0	0	0	0	0	0	0	0	0	0	0	0	0	50:60,738.94:200,50:80
Sntb2-NM_001368316	0	3.258	4.887	0	1.629	0	0	0	0	0	3.258	0	0	0	0	0	0	0	3.258	1.629	0	0	0	0	0	0	0	0	1.629	0	0	0	0	0	3.258	1.629	0	0	0	0	0	1.629	0	0	0	0	0	8.145	1.629	0	0	0	0	0	0	0	0	0	0	0	70.803	15.532	9.774	14.661	16.29	34.208	0	8.145	8.145	9.774	29.321	0	8.145	16.29	17.919	26.064	3.258	3.258	3.258	6.516	19.548	8.145	13.032	13.032	9.774	0	14.661	13.032	16.29	17.919	9.774	7.558	15.247	6.516	13.032	0	27.693	9.774	6.516	14.661	8.145	11.403	9.774	13.032	22.806	11.403	42.353	17.919	21.177	17.919	3.258	26.064	16.29	14.661	9.774	14.661	3.258	16.29	3.258	4.887	13.032	8.145	8.145	16.29	3.258	16.29	0	14.661	19.548	18.815	20.281	8.145	8.145	22.806	30.95	6.516	0	30.95	11.403	11.403	9.774	9.774	1.629	1.629	3.258	0	3.258	16.29	11.403	9.774	3.258	16.29	13.032	6.516	4.887	6.516	8.145	4.887	3.258	1.629	37.466	4.887	1.629	1.629	3.258	6.516	4.887	8.145	9.774	6.516	4.887	1.629	14.661	1.629	8.145	6.516	11.403	6.304	1.841	11.403	1.629	4.887	3.258	3.258	9.774	0	4.977	11.313	3.258	3.258	1.629	6.516	16.29	13.032	1.629	3.258	3.258	0	11.403	4.887	0	4.887	3.258	14.661	0	3.258	9.774	0	6.516	4.887	0	3.258	8.145	1.629	1.629	1.629	14.661	1.629	4.887	1.629	0	8.145	3.258	8.145	3.258	3.258	0	1.629	1.629	8.145	4.887	0	4.887	0	11.403	3.258	9.774	3.258	6.516	4.887	9.774	1.629	1.629	0	13.032	9.774	3.258	3.258	4.887	16.29	0	6.516	6.516	6.516	9.774	4.887	6.516	17.919	11.403	4.887	0	0	0	0	3.258	1.629	0	0	0	0	0	0	0	1.629	0	1.629	0	0	1.629	0	0	0	6.516	6.516	3.258	0	0	0	0	1.629	0	0	0	0	0	0	0	0	0	0	3.258	3.258	4.887	1.629	0	0	0	0	6.516	1.629	1.629	3.258	1.629	1.629	0	0	0	3.258	8.145	1.629	6.516	1.629	1.629	1.629	1.629	3.258	0	1.629	0	0	0	0	0	1.629	0	0	0	0	6.516	0	50:60,392.465:200,50:80
Snx25-NM_207213	0	0	0	0	0	0	0	0	0	0	0	0	0	0	0	0	0	0	0	0	0	0	0	0	0	0	0	0	0	0	0	0	0	0	0	0	0	0	0	0	0	0	0	0	0	0	0	4.887	43.982	0	0	0	0	0	0	0	0	0	1.629	0	29.321	1.629	3.258	6.516	4.887	3.258	1.629	3.258	6.516	1.629	4.887	17.919	19.548	3.258	8.145	9.774	3.258	9.774	3.258	3.258	8.145	11.403	3.258	4.887	3.258	0	0	11.403	0	0	0	0	0	9.774	3.258	3.258	1.629	4.887	6.516	3.258	0	0	0	0	3.258	0	1.629	0	1.629	6.516	4.887	4.887	0	4.887	1.629	1.629	1.629	9.774	11.403	9.774	1.629	4.887	1.629	4.887	6.516	3.258	9.774	6.516	0	11.403	6.516	6.516	0	4.887	4.887	0	0	0	3.258	0	4.887	6.516	3.258	0	0	3.258	1.629	3.258	1.629	0	0	1.629	0	0	0	1.629	3.258	1.629	1.629	1.629	0	4.887	1.629	0	3.258	0	0	1.629	3.258	0	9.774	1.629	4.887	3.258	4.887	0	4.887	6.516	1.629	3.258	4.887	1.629	0	9.774	6.516	0	1.629	6.516	3.258	9.774	3.258	6.516	3.258	0	1.629	6.516	9.774	11.403	0	3.258	6.516	6.516	0	0	0	1.629	3.258	0	1.629	0	0	0	0	0	9.774	1.629	0	3.258	6.516	1.629	3.258	4.887	0	0	6.475	3.299	6.516	6.516	3.258	4.887	4.887	17.919	1.629	4.887	1.629	8.145	13.032	3.258	6.516	9.774	0	6.516	3.258	4.887	3.258	14.661	8.145	3.258	6.516	4.887	4.887	8.145	9.774	4.887	13.032	3.258	1.629	8.145	4.887	0	0	1.629	1.629	0	0	0	1.629	1.629	0	0	0	1.629	1.629	0	3.258	0	0	0	0	1.629	1.629	0	0	0	0	0	0	0	0	0	0	0	0	0	0	0	0	0	0	0	0	0	0	0	0	0	0	0	0	0	0	0	0	0	1.629	0	0	0	0	0	0	0	0	1.629	1.629	1.629	1.629	0	0	0	0	0	0	0	0	0	0	0	0	1.629	50:60,592.515:200,50:80
Snx33-NM_175483	1.629	0	0	0	0	0	0	0	0	0	0	0	0	0	0	0	0	0	0	0	0	0	0	0	0	0	0	0	0	0	0	0	0	0	0	0	0	0	0	0	0	0	0	0	0	0	0	0	0	0	0	0	0	0	0	0	0	0	0	0	1.629	0	0	4.887	1.629	0	0	3.258	0	0	3.258	1.629	1.629	0	0	0	4.887	0	0	0	0	1.629	0	0	0	0	0	1.629	0	0	0	0	0	0	4.887	0	0	0	1.629	0	0	0	0	0	0	1.629	0	0	0	0	0	0	0	0	0	0	1.629	0	0	0	0	0	0	0	0	0	1.629	3.258	0	1.629	1.629	0	1.629	0	0	0	1.629	0	0	0	0	1.629	0	0	0	0	0	0	0	0	0	1.629	0	0	1.629	0	0	0	0	0	0	0	0	0	0	0	0	0	0	1.629	0	0	1.629	0	0	0	0	0	0	0	0	0	0	0	0	0	0	0	0	0	0	0	0	0	0	0	0	0	0	0	0	0	0	0	0	0	0	0	0	0	0	0	0	0	0	0	0	0	1.629	0	1.629	0	0	0	0	0	0	0	1.629	0	0	0	0	0	0	0	0	0	0	0	1.629	0	3.258	0	0	0	1.629	0	0	1.629	0	0	0	0	0	0	0	0	0	0	0	0	0	0	0	0	0	8.145	1.629	0	0	0	0	0	0	0	0	0	0	0	4.887	0	0	0	0	0	1.629	0	0	6.516	0	0	0	0	3.258	0	0	0	0	0	1.629	0	1.629	0	0	1.629	0	0	0	0	0	0	0	0	0	1.629	1.629	1.629	1.629	1.629	0	0	1.629	0	0	0	0	0	0	0	3.258	0	0	0	1.629	0	0	0	0	0	50:60,55.86:200,50:80
Sox3-NM_009237	0	0	0	0	0	0	0	0	0	0	0	0	0	0	0	0	0	0	0	0	0	0	0	0	0	0	0	0	0	0	0	0	0	0	0	0	0	0	0	0	0	0	0	0	0	0	0	0	0	0	0	0	0	0	0	0	0	0	0	0	3.258	0	1.629	0	1.629	0	0	0	0	0	0	0	0	0	0	0	0	0	0	0	0	0	0	0	0	0	0	0	0	0	0	0	0	0	0	0	0	0	0	0	0	0	0	0	0	0	0	0	0	0	0	0	0	0	0	0	0	0	0	0	0	0	0	0	0	0	0	0	0	0	0	0	0	0	0	0	0	0	0	0	0	0	0	0	0	0	0	0	0	0	0	0	0	0	0	0	0	0	0	0	0	0	0	0	0	0	0	0	0	0	0	0	0	0	0	0	0	0	0	0	0	0	0	0	0	0	0	0	0	0	0	0	0	0	0	0.652	2.606	3.258	0	0	0	0	0	0	3.258	0	0	0.814	7.33	0	0	0	0	0	0	0	0	1.629	1.629	0	0	0	3.217	0.041	0	0	0	0	0	0	0	0	0	0	0	0	0	0	0	0	0	0	0	0	0	0	0	0	0	0	0	0	0	0	0	0	0	0	0	0	0	0	0	0	0	0	1.629	1.629	0	0	0	8.145	0	0	0	0	0	0	0	0	0	1.629	0	1.629	0	0	3.258	0	0	0	0	0	0	0	0	0	0	0	0	0	0	0	0	0	0	0	0	0	0	0	0	0	0	0	0	0	0	0	0	0	0	0	0	0	0	0	0	0	0	1.629	0	0	0	0	0	0	0	0	0	0	50:60,10.325:200,50:80
Sp140-NM_001013817	0	0	0	0	0	0	1.629	0	0	0	0	0	0	0	0	0	0	0	0	0	0	0	0	0	0	0	0	0	0	0	0	0	0	0	0	0	0	0	0	0	0	0	0	0	0	0	0	0	0	0	0	0	0	0	0	0	0	0	0	0	0	0	0	0	0	0	0	0	0	0	0	0	0	0	0	0	0	0	0	0	0	0	0	0	0	0	0	0	0	0	0	0	0	0	0	0	0	0	0	0	0	0	0	0	0	0	0	0	0	0	0	0	0	0	0	0	0	0	0	0	0	0	0	0	0	0	0	0	0	0	0	0	0	0	0	0	0	0	0	0	0	0	0	0	0	0	0	0	0	0	0	0	0	0	0	0	0	0	0	0	0	0	0	0	0	0	0	0	0	0	0	0	0	0	0	0	0	0	0	0	0	0	0	0	0	0	0	0	0	0	0	0	0	0	0	0	0	0	0	0	0	0	0	0	0	0	0	0	0	0	0	0	0	0	0	0	0	0	0	0	0	0	0	0	0	0	0	0	0	0	0	0	0	0	0	0	0	0	0	0	0	0	0	0	0	0	0	0	0	0	0	0	0	0	0	0	0	0	0	0	0	0	0	0	0	0	0	0	0	0	0	0	0	0	0	0	0	0	0	0	0	0	0	0	0	0	0	0	0	0	0	0	0	0	0	0	0	0	0	0	0	0	0	0	0	0	0	0	0	0	0	0	0	0	0	0	0	0	0	0	0	0	0	0	0	0	0	0	0	0	0	0	0	0	0	0	0	0	0	0	50:60,221.67:200,50:80
Spata48-NM_028669	0	0	0	0	0	0	0	0	0	0	0	0	0	0	0	0	0	0	0	0	0	0	0	0	0	0	0	0	0	0	0	0	0	0	0	0	0	0	0	0	0	0	0	0	0	0	0	0	0	0	0	0	0	0	0	0	0	3.258	0	0	0	0	0	0	0	0	0	0	0	0	0	0	0	0	0	0	0	0	0	0	0	0	0	0	0	0	0	0	0	0	0	0	0	0	0	0	0	0	0	0	0	0	0	0	0	0	0	0	0	0	0	0	0	0	0	0	0	0	0	0	0	0	0	0	0	0	0	0	0	0	0	0	0	0	0	0	0	0	0	0	0	0	0	0	0	0	0	0	0	0	0	0	0	0	0	0	0	0	0	0	0	0	0	0	0	0	0	0	0	0	0	0	0	0	0	0	0	0	0	0	0	0	0	0	0	0	0	0	0	0	0	0	0	0	0	0	0	1.629	0	0	0	0	0	0	0	1.629	0	0	0	0	0	0	0	0	0	0	0	0	0	0	0	0	0	0	0	0	0	0	0	0	0	0	0	0	0	0	1.629	0	0	0	0	0	0	1.629	0	0	0	0	0	0	0	0	0	0	0	0	0	0	0	0	0	0	0	0	0	0	0	0	0	0	0	0	0	0	0	0	0	0	0	0	0	0	0	0	0	0	0	0	0	0	0	0	0	0	0	0	0	0	0	0	0	0	0	0	0	0	0	0	0	0	0	0	0	0	0	0	0	1.629	0	0	0	0	0	0	0	0	0	0	0	0	0	0	0	0	0	0	0	0	0	0	50:60,129.625:200,50:80
Spink14-NM_001039218	0	0	0	0	0	0	0	0	0	0	0	0	0	0	0	0	0	0	0	0	0	0	0	0	0	0	0	0	0	0	0	0	0	0	0	0	0	0	0	0	0	0	0	0	0	0	0	0	0	0	0	0	0	0	0	0	0	0	0	0	0	0	0	0	0	0	0	0	0	0	0	0	0	0	0	0	0	0	0	0	0	0	0	0	0	0	0	0	0	0	0	0	0	0	0	0	0	0	0	0	0	0	0	0	0	0	0	0	0	0	0	0	0	0	0	0	0	0	0	0	0	0	0	0	0	0	0	0	0	0	0	0	0	0	0	0	0	0	0	0	0	0	0	0	0	0	0	0	0	0	0	0	0	0	0	0	0	0	0	0	0	0	0	0	0	0	0	0	0	0	0	0	0	0	0	0	0	0	0	0	0	0	0	0	0	0	0	0	0	0	0	0	0	0	0	0	0	0	0	0	0	0	0	0	0	0	0	0	0	0	0	0	0	0	0	0	0	0	0	0	0	0	0	0	0	0	0	0	0	0	0	0	0	0	0	0	0	0	0	0	0	0	0	0	0	0	0	0	0	0	0	0	0	0	0	0	0	0	0	0	0	0	0	0	0	0	0	0	0	0	0	0	0	0	0	0	0	0	0	0	0	0	0	0	0	0	0	0	0	0	0	0	0	0	0	0	0	0	0	0	0	0	0	0	0	0	0	0	0	0	0	0	0	0	0	0	0	0	0	0	0	0	0	0	0	0	0	0	0	0	0	0	0	0	0	0	0	0	0	0	50:60,21.7:200,50:80
Srrd-NR_153105	0	0	0	0	0	0	0	0	0	0	0	0	0	0	0	0	0	0	0	0	0	0	0	0	0	0	0	0	0	0	0	0	0	0	0	0	0	0	0	0	0	0	0	0	0	0	0	0	0	0	0	1.629	0	0	0	0	0	0	0	0	0	0	0	0	1.629	0	0	0	3.258	3.258	0	0	3.258	21.177	3.258	0	0	1.629	1.629	4.887	1.629	0	1.629	3.258	0	0	1.629	0	3.258	1.629	0	0	0	0	0	13.032	1.629	1.629	0	0	4.887	13.032	9.774	9.774	0	2.443	4.072	6.516	6.923	1.222	0	9.774	0	0	0	0	0	0	0	3.258	1.629	1.629	1.629	0	0	0	0	3.258	3.258	8.145	0	1.629	1.629	3.258	0	1.629	0	1.629	0	1.629	0	0	1.629	1.629	0	0	0	1.629	4.887	1.629	0	1.629	1.629	0	0	0	3.258	2.443	0.814	0	1.629	0	0	0	0	0	0	1.629	0	0	0	1.629	0	0	1.629	4.887	0	0	0	0	0	0	3.258	0	0	0	0	0	0	1.629	0	0	0	0	0	0	0	1.629	3.258	9.774	1.629	0	0	0	0	0	0	1.629	0	0	1.629	0	0	0	6.516	0	3.258	0	0	1.629	0	0	0	0	4.887	0	0	0	1.629	0	1.629	0	1.629	0	0	4.887	11.403	3.258	1.629	0	1.629	0	0	0	1.629	0	0	0	0	0	1.629	1.629	0	3.258	0	0	0	0	0	0	3.258	3.258	8.145	3.258	1.629	4.887	0	1.629	4.887	1.629	0	3.258	3.258	0	9.774	1.629	0	0	6.516	1.629	11.403	0	3.258	0	11.403	3.258	4.887	1.629	1.629	0	0	3.258	3.258	0	0	1.629	0	0	0	0	0	1.629	0	0	1.629	0	11.403	16.29	3.258	6.516	0	1.629	0	1.629	0	0	0	0	0	0	1.629	0	0	1.629	0	0	0	3.258	0	0	0	1.629	0	8.145	0	0	1.629	0	0	1.629	50:60,28.25:200,50:80
Taar2-NM_001007266	0	0	0	0	0	0	0	0	0	0	0	0	0	0	0	0	0	0	0	0	0	0	0	0	0	0	0	0	0	0	0	0	0	0	0	0	0	0	0	0	0	0	0	0	0	0	0	0	0	0	0	0	0	0	0	0	0	0	0	0	0	0	0	0	0	0	0	0	0	0	0	0	0	0	0	0	0	0	0	0	0	0	0	0	0	0	0	0	0	0	0	0	0	0	0	0	0	0	0	0	0	0	0	0	0	0	0	0	0	0	0	0	0	0	0	0	0	0	0	0	0	0	0	0	0	0	0	0	0	0	0	0	0	0	0	0	0	0	0	0	0	0	0	0	0	0	0	0	0	0	0	0	0	0	0	0	0	0	0	0	0	0	0	0	0	0	0	0	0	0	0	0	0	0	0	0	0	0	0	0	0	0	0	0	0	0	0	0	0	0	0	0	0	0	0	0	0	0	0	0	0	0	0	0	0	0	0	0	0	0	0	0	0	0	0	0	0	0	0	0	0	0	0	0	0	0	0	0	0	0	0	0	0	0	0	0	0	0	0	0	0	0	0	0	0	0	0	0	0	0	0	0	0	0	0	0	0	0	0	0	0	0	0	0	0	0	0	0	0	0	0	0	0	0	0	0	0	0	0	0	0	0	0	0	0	0	0	0	0	0	0	0	0	0	0	0	0	0	0	0	0	0	0	0	0	0	0	0	0	0	0	0	0	0	0	0	0	0	0	0	0	0	0	0	0	0	0	0	0	0	0	0	0	0	0	0	0	0	0	0	50:60,15.06:200,50:80
Taf1b-NM_020614	0	0	0	0	0	0	0	0	0	0	0	0	0	0	0	0	0	0	0	0	0	0	0	0	0	0	0	0	0	0	0	0	0	0	0	0	0	0	0	0	0	0	0	0	0	0	0	0	0	0	0	0	0	0	0	0	0	0	0	0	53.756	40.724	0	0	0	4.887	0	0	0	0	1.629	1.629	0	0	0	0	0	0	1.629	1.629	4.887	0	0	1.629	0	0	0	0	1.629	0	0	0	0	0	0	3.258	11.403	0	3.258	21.177	0	4.887	6.516	11.403	9.774	8.145	3.258	1.629	3.258	13.032	8.145	4.887	1.629	1.629	3.258	4.887	0	3.258	3.258	8.145	11.403	24.435	0	6.516	0	6.516	8.145	6.516	3.258	4.887	6.516	8.145	4.887	3.258	4.887	1.629	0	1.629	1.629	9.774	6.516	13.032	1.629	3.258	8.145	6.516	9.774	3.258	3.258	1.629	16.29	0	3.258	6.516	3.258	1.108	0.521	0	16.29	4.887	3.258	1.629	1.629	6.516	1.629	3.258	9.774	3.258	8.145	9.774	6.516	1.629	9.497	11.68	11.403	1.629	1.629	1.629	6.516	1.629	4.887	1.629	0	3.258	1.629	9.774	1.629	11.403	4.887	4.887	4.887	0	4.887	14.661	1.629	9.774	0	4.887	14.661	9.774	1.629	1.629	11.403	11.403	0	0	3.258	22.806	14.661	4.887	4.887	4.887	6.516	8.145	4.928	3.217	8.145	11.403	3.258	1.629	3.258	11.403	4.887	13.032	4.887	0	3.258	6.516	11.403	6.516	4.887	1.629	0.35	14.311	0	8.145	9.774	4.887	3.258	8.145	3.258	3.258	4.887	0	0	4.887	1.629	14.661	2.435	4.081	6.516	0	16.29	0	0	3.258	4.887	3.258	3.258	11.403	0	1.629	0	0	0	0	0	0	0	1.629	8.145	1.629	4.887	0	1.629	0	0	1.629	0	0	0	9.774	1.629	0	0	0	0	3.258	9.774	1.629	0	0	0	1.629	0	1.629	3.258	1.629	3.258	3.258	0	1.629	0	8.145	1.629	1.629	4.887	4.887	0	0	1.629	0	0	1.629	0	0	1.629	0	1.629	0	1.629	1.629	1.629	0	0	0	13.032	0	0	0	0	0	0	3.258	3.258	0	0	1.629	1.629	1.629	50:60,299.955:200,50:80
Tarbp2-NM_001253795	0	0	0	0	0	1.629	0	0	0	1.629	0	0	0	0	0	0	1.629	0	0	0	0	0	0	0	0	3.258	0	0	1.629	0	0	0	0	0	4.887	0	0	0	6.516	68.417	3.258	1.629	0	0	3.258	0	0	0	0	1.629	3.258	0	1.629	0	1.629	0	0	1.629	0	6.516	3.258	1.629	8.145	6.516	1.629	4.887	1.629	4.887	1.629	17.104	10.588	37.466	4.887	4.887	0	1.629	0	1.629	3.258	1.629	30.95	22.806	4.887	177.884	11.077	0	6.516	0	0	14.661	3.543	12.095	5.661	4.765	0	0	0	0	0	0	0	1.629	0	0	4.887	14.661	4.887	1.629	3.258	0	0	0	1.629	1.629	1.629	0	0	1.629	9.774	3.258	6.516	4.887	0	1.629	3.258	3.258	0	1.629	3.258	0	0	0	0	0	11.403	11.403	3.258	0	3.258	1.629	5.579	0.937	0	0	0	0	3.258	1.629	1.629	8.145	0	0	0	3.176	0.081	1.629	0	0	4.887	0	1.629	8.145	1.629	0	0	0	0	0	0	1.222	0.407	4.887	1.629	3.258	0	0	0	1.629	4.887	1.629	1.629	0	1.629	0	3.258	4.887	4.887	1.629	0	1.629	0	3.421	1.466	1.629	0	3.258	3.624	2.891	0	0	0	0	3.258	0	3.258	0	0	3.258	0	1.629	8.43	4.602	8.145	0	0	0	0	0	1.629	13.032	14.661	8.145	1.629	0	1.629	0	1.629	0	0	0	0	0	0	0	0	0	0	0	4.887	0	0	0	0	0	0	0	0	0	0	0	0	0	0	0	0	0	0	0	0	1.629	1.629	3.258	1.629	3.258	0	11.403	4.887	1.629	0	1.629	3.258	3.258	3.258	1.629	0	4.887	0	0	0	0	0	0	3.258	14.661	4.887	4.887	4.887	1.629	0	0	8.145	8.145	3.258	27.692	21.177	3.258	0	6.516	4.887	0	6.516	29.321	0	1.629	0	1.629	17.919	0	1.629	0	13.032	3.258	1.629	4.887	4.887	22.806	0	3.258	1.629	0	0	0	0	0	0	0	0	4.887	0	0	0	0	0	0	26.064	6.516	3.258	24.435	0	13.032	50:60,27.425:200,50:80
Tardbp-NM_145556	0	0	0	0	0	0	0	0	0	0	0	0	0	0	0	0	0	0	0	0	0	0	0	0	0	0	0	0	0	0	0	0	8.145	6.516	0	0	0	0	0	0	0	0	0	0	0	0	0	1.629	0	0	0	0	0	0	0	0	0	0	0	0	6.516	0	0	591.317	57.014	17.919	58.724	338.745	26.064	23.62	127.874	16.127	65.322	112.399	66.788	42.353	24.435	0	0	3.258	37.466	16.29	73.304	16.29	16.29	21.177	45.733	95.987	9.774	21.177	50.498	86.336	0	13.032	27.693	17.919	43.982	1.629	29.199	110.892	52.249	321.03	234.694	22.439	26.674	54.774	22.032	139.236	21.177	0	6.516	39.095	9.774	118.915	14.661	0	50.498	11.403	21.177	8.145	9.774	4.887	6.516	182.445	6.109	19.955	9.774	9.774	32.579	13.032	16.29	4.887	4.887	1.629	13.032	0	11.403	34.208	76.562	3.258	26.064	21.177	12.502	93.381	4.887	19.548	1.629	40.724	0	4.887	8.145	50.498	37.466	0	29.321	83.078	8.145	22.806	16.982	52.249	59.458	19.548	8.145	14.661	14.661	6.516	21.217	63.652	7.982	32.579	35.267	108.082	3.258	57.014	26.064	26.064	24.435	24.19	14.905	3.258	0	0	0	0	3.258	3.258	0	0	1.629	236.201	11.403	16.29	0	0	4.887	3.258	0	0	6.516	1.629	8.145	8.145	66.34	16.738	123.598	185.906	74.973	91.182	225.083	9.489	84.706	109.141	26.064	8.145	8.145	30.95	17.919	19.548	16.29	6.516	21.177	43.982	19.548	38.932	91.385	5.62	9.041	42.353	217.223	137.892	141.435	91.507	37.466	17.919	4.887	79.82	157.277	111.014	167.336	53.064	9.774	8.145	105.883	107.512	117.286	35.837	54.937	81.897	9.774	21.177	8.145	4.887	0	19.548	14.661	6.516	76.562	32.579	0	13.032	1.629	3.258	6.516	8.145	40.724	13.032	21.177	73.304	97.738	70.046	21.177	21.177	1.629	0	6.516	52.127	55.385	218.282	92.851	60.272	30.95	42.353	26.064	47.24	17.919	26.064	133.576	57.014	13.032	94.48	73.304	26.064	9.774	50.498	61.901	78.191	105.883	242.717	22.806	0	16.29	24.435	22.806	58.643	9.774	9.774	8.145	42.353	149.865	57.014	125.431	74.933	78.191	14.661	0	0	26.064	211.766	169.413	0	4.887	0	4.887	1.629	11.403	30.95	1.629	14.661	1.629	26.064	21.177	29.321	96.109	63.53	11.403	0	3.258	14.661	4.887	8.145	50:60,73.075:200,50:80
Tdrp-NM_001361630	0	0	0	0	0	0	0	0	0	0	0	0	0	0	0	0	0	0	0	0	0	0	0	0	0	0	0	0	0	0	0	0	0	0	0	0	0	0	0	0	0	0	0	0	0	0	0	0	0	0	0	0	0	0	0	0	0	0	0	0	8.145	16.29	3.258	408.872	11.403	3.258	1.629	3.258	4.887	0	0	1.629	4.887	11.403	3.258	4.887	4.887	6.516	3.258	3.258	1.629	1.629	0	1.629	6.516	1.629	3.258	0	1.629	8.145	1.629	6.516	3.258	3.258	1.629	0	1.629	0	0	0	0	14.661	4.887	11.403	0	9.774	4.887	3.258	4.887	4.887	0	1.629	1.629	3.258	0	3.258	0	1.629	0	1.629	0	1.629	0	0	0	0	0	0	0	0	0	4.887	0	0	1.629	0	4.887	0	0	3.258	0	3.258	3.258	0	1.629	0	0	1.629	0	0	0	0	0	0	4.887	1.629	0	6.516	0	9.774	3.258	3.258	1.629	0	6.516	1.629	0	0	4.887	0	0	3.258	0	0	1.629	1.629	0	0	0	1.629	3.258	0	3.258	13.032	13.032	0	0	0	1.629	0	3.258	3.258	3.258	3.258	0	0	3.258	3.258	3.258	0	1.629	0	3.258	0.391	4.496	4.887	6.516	0	1.629	0	1.629	1.629	0	1.629	1.629	1.629	1.629	3.258	1.629	0	1.629	3.258	0	3.258	0	1.629	0	4.887	0	0	0	0	0	3.258	0	0	0	0	0	0	0	1.629	1.629	0	0	6.516	3.258	6.516	4.887	3.258	6.516	4.887	3.258	0	0	6.516	6.516	3.258	1.629	0	1.629	0	1.629	0	0	0	0	0	1.629	0	0	9.774	1.629	3.258	6.516	1.629	3.258	1.629	3.258	13.032	0	9.774	0	13.032	6.516	3.258	0	0	3.258	0	0	6.516	16.29	0	0	9.774	1.629	1.629	0	1.629	0	0	6.516	1.629	0	0	0	0	0	0	0	0	0	0	0	0	0	1.629	1.629	0	0	1.629	0	0	1.629	0	0	0	0	0	3.258	4.887	0	1.629	0	0	0	0	0	1.629	50:60,115.335:200,50:80
Tex33-NM_001163612	3.258	0	3.258	0	1.629	1.629	0	3.258	0	0	6.516	0	0	1.629	0	1.629	0	0	0	3.258	0	0	0	0	1.629	0	0	0	0	0	0	0	0	0	0	0	0	0	0	0	0	0	0	0	0	0	0	0	0	0	0	0	0	0	0	0	0	0	0	0	0	0	0	0	0	0	0	0	0	0	0	0	0	0	0	0	0	0	0	0	0	0	0	0	0	0	0	0	0	0	0	0	0	0	0	0	0	0	0	0	0	0	0	0	0	0	0	0	0	0	0	0	0	0	0	0	0	0	0	0	0	0	0	0	0	0	0	0	0	0	0	0	0	0	0	0	0	0	0	0	0	0	0	0	0	0	0	0	0	0	0	0	0	0	0	1.629	0	0	0	0	0	0	0	0	0	0	0	0	0	0	0	0	0	0	0	0	0	0	0	0	0	0	0	0	0	0	0	0	0	0	0	0	0	0	0	0	0	0	0	0	0	0	0	0	0	0	0	0	0	0	0	0	0	0	0	0	0	0	0	0	0	0	0	0	0	0	0	0	0	0	0	0	0	0	0	0	0	0	0	0	0	0	0	0	0	0	0	0	0	0	0	0	0	0	0	0	0	0	0	0	0	0	0	0	0	0	0	0	0	1.629	0	0	0	0	0	0	0	0	0	0	0	0	0	0	0	0	0	0	0	0	0	0	0	0	0	0	0	0	0	0	0	0	0	0	0	0	0	0	0	0	0	0	0	0	0	0	0	0	0	0	0	0	0	0	0	0	0	0	0	0	0	0	0	0	0	0	0	0	0	0	50:60,87.565:200,50:80
Tfcp2l1-NM_023755	0	3.258	0	0	0	0	0	0	0	0	0	0	0	0	0	0	1.629	1.629	0	1.629	0	0	0	1.629	3.258	0	0	1.629	1.629	0	1.629	1.629	1.629	0	0	4.887	6.516	0	6.516	1.629	0	0	1.629	0	1.629	1.629	1.629	0	0	0	0	0	0	0	0	0	0	0	0	0	81.449	9.774	30.95	22.806	26.064	32.579	58.643	9.774	19.548	11.403	3.258	9.774	22.806	3.258	17.919	19.548	6.516	29.321	13.032	27.692	24.435	11.403	16.29	24.435	6.516	0	11.403	1.629	6.516	9.774	4.887	0	30.95	24.435	11.403	18.44	10.882	19.548	3.258	13.032	14.661	16.29	32.579	9.774	9.774	9.774	9.774	14.661	11.403	43.982	6.516	17.919	13.618	25.477	13.032	52.127	11.403	6.516	14.661	3.258	24.435	1.629	29.321	32.579	24.435	39.095	14.661	3.258	17.919	30.95	29.321	71.675	149.865	48.869	9.774	17.919	16.29	35.837	21.177	42.353	43.982	29.321	17.919	57.014	11.403	26.064	22.806	13.032	9.774	6.516	40.724	6.516	0	6.516	18.57	14.009	0	14.661	29.321	11.403	19.548	6.516	13.032	6.516	13.032	8.145	9.774	13.032	8.145	8.145	14.661	1.629	32.579	8.145	26.064	16.29	0	13.032	26.064	6.516	13.032	13.032	32.188	5.278	11.403	8.145	16.29	6.516	39.095	30.95	6.516	22.806	35.837	21.177	40.724	4.887	6.516	9.774	11.403	53.756	11.403	11.403	8.145	6.516	8.145	3.258	6.516	32.579	8.145	8.145	8.145	6.516	11.403	16.29	8.145	11.403	0	19.548	3.258	24.435	6.516	4.887	1.629	14.661	8.145	6.516	16.29	14.661	14.661	13.032	4.887	21.177	4.887	20.981	21.372	29.321	9.774	17.919	4.887	29.321	16.29	13.032	11.403	14.661	53.756	26.064	9.774	0	16.29	91.222	16.29	6.516	35.837	53.756	48.869	86.335	53.756	14.661	30.95	47.24	3.258	1.629	11.403	4.887	11.403	6.516	16.29	4.887	14.661	9.774	3.258	0	1.629	32.579	16.29	4.887	3.258	22.806	11.403	6.516	13.032	1.629	43.982	9.774	1.629	0	4.887	40.724	3.258	11.403	35.837	4.887	8.145	8.145	19.548	0	1.629	14.661	8.145	3.258	8.145	3.258	0	3.258	1.629	11.403	6.516	8.145	6.516	0	1.629	4.887	6.516	0	0	0	0	0	3.258	8.145	4.887	3.258	3.258	0	0	0	0	0	0	9.774	1.629	0	1.629	3.258	0	0	0	0	0	9.774	50:60,286.12:200,50:80
Tfeb-NM_001161722	0	0	0	0	0	0	0	0	0	0	0	0	0	0	0	0	0	0	0	0	0	0	1.629	0	0	0	0	0	0	0	0	0	0	4.887	1.629	0	1.629	0	0	0	0	0	0	0	0	0	0	0	0	0	0	0	0	0	0	0	0	0	0	0	8.145	0	6.516	22.806	16.29	14.661	9.774	13.358	12.706	14.661	24.435	0	6.516	3.258	13.032	6.516	4.887	6.516	4.887	1.629	9.774	3.258	1.629	3.258	1.629	0	0	4.887	4.887	0	0	6.516	3.258	1.629	0	4.887	1.629	0	1.629	1.629	6.516	0	3.258	11.403	3.258	1.629	1.629	3.258	0	4.887	8.145	0	3.258	4.887	0	3.258	1.629	3.258	1.629	1.629	0	9.774	6.516	0	3.258	6.516	8.145	1.629	0	1.629	3.258	9.774	1.629	11.403	4.887	1.629	1.629	4.887	1.629	4.887	1.629	4.887	1.629	0	1.629	0	8.145	0	1.629	0	6.516	3.258	0	0	4.887	2.932	6.842	1.629	1.629	0	0	0	0	4.887	4.887	6.516	8.145	1.629	0	4.887	3.258	4.887	8.145	3.258	1.629	4.887	4.887	4.887	8.145	1.629	4.887	8.145	4.887	4.887	1.629	0	6.516	0	4.887	3.258	4.887	1.629	1.629	3.258	1.629	0	0	4.887	0	1.629	1.629	0	4.887	3.258	1.629	1.629	1.629	0	4.887	0	1.629	0	0	1.629	0	3.258	4.887	8.145	0	4.887	1.629	0	0	0	1.629	1.629	1.629	0	8.145	8.145	11.403	4.887	3.258	0	1.629	3.258	3.258	0	0	3.258	1.629	1.629	0	1.629	0	9.774	11.403	0	1.629	3.258	0	0	0	3.258	1.629	0	1.629	1.629	4.887	1.629	1.629	3.258	1.629	1.629	0	0	0	0	0	0	0	0	0	0	0	1.629	1.629	0	1.629	6.516	0	0	1.629	6.516	1.629	0	3.258	0	0	0	0	1.629	3.258	3.258	0	0	0	1.629	0	1.629	0	0	3.258	1.629	1.629	0	0	1.629	0	0	1.629	3.258	0	0	0	0	0	1.629	0	0	0	0	1.629	0	1.629	0	0	0	1.629	0	0	0	0	3.258	1.629	0	0	0	0	0	50:60,276.9:200,50:80
Tff3-NM_011575	0	0	0	0	0	0	0	0	0	0	0	0	0	0	0	0	0	0	0	0	0	0	0	0	0	0	0	0	0	0	0	0	0	1.629	0	0	0	0	0	0	0	0	0	0	0	0	0	0	0	0	0	0	0	0	0	0	0	0	0	0	0	0	0	0	0	0	0	0	0	0	0	0	0	0	0	0	0	0	0	0	0	0	0	0	0	0	0	0	0	0	0	0	0	0	0	0	0	0	0	0	0	0	3.258	0	0	0	0	0	0	0	0	0	0	0	0	0	0	0	0	0	0	0	0	0	0	0	0	0	0	0	0	0	0	0	0	0	0	0	0	0	0	0	0	0	0	0	0	0	0	0	0	0	0	0	0	0	0	0	0	0	0	0	0	0	0	0	0	0	0	0	0	0	0	0	0	0	0	0	0	0	0	0	0	0	0	0	0	0	0	0	0	0	0	0	0	0	0	0	0	0	0	0	0	0	0	0	0	0	0	0	0	0	0	0	0	0	0	0	0	0	0	0	0	0	0	0	0	0	0	1.629	0	0	0	0	0	0	0	0	0	0	0	0	0	0	0	1.629	0	0	0	0	0	0	0	0	0	0	0	0	0	0	1.629	0	0	0	0	0	0	0	0	0	0	0	0	0	0	0	1.629	0	0	0	0	0	0	1.629	0	0	0	0	0	0	0	0	0	0	0	0	0	0	0	0	0	0	0	0	0	0	0	0	0	0	0	0	0	0	0	0	0	0	0	0	0	0	0	0	0	0	0	0	0	0	0	0	0	0	0	0	0	0	0	0	50:60,21.53:200,50:80
Tfpi2-NR_138566	0	0	0	0	0	0	0	0	0	0	0	0	0	0	0	0	0	0	0	0	0	0	0	0	0	0	0	0	0	0	0	0	0	0	0	0	0	0	0	0	0	0	0	0	0	0	0	0	0	0	0	0	0	0	0	0	0	0	0	0	0	0	0	0	0	0	0	0	0	0	0	0	0	0	0	0	0	0	0	0	0	0	0	0	0	0	0	0	0	0	0	0	0	0	0	0	0	0	0	0	0	0	0	0	0	0	0	0	0	0	0	0	0	0	0	0	0	0	0	0	0	0	0	0	0	0	0	0	0	0	0	0	0	0	0	0	0	0	0	0	0	0	0	0	0	0	0	0	0	0	0	0	0	0	0	0	0	0	0	0	0	0	0	0	0	0	0	0	0	0	0	0	0	0	0	0	0	0	0	0	0	0	0	0	0	0	0	0	0	0	0	0	0	0	0	0	0	0	0	0	0	0	0	0	0	0	0	0	0	0	0	0	0	0	0	0	3.258	1.629	1.629	0	0	0	0	3.258	0	0	0	0	0	0	0	0	0	0	0	0	0	0	0	0	0	0	0	0	0	0	0	0	1.629	0	0	0	0	0	0	0	0	0	0	0	0	0	0	0	0	0	0	0	0	0	0	0	0	0	0	0	0	0	0	0	0	0	0	0	0	0	0	0	0	0	0	0	0	0	0	0	0	0	0	0	0	0	0	0	0	0	0	0	0	0	0	0	0	0	0	0	0	0	0	0	0	0	0	0	0	0	0	0	0	0	0	0	0	0	0	0	0	0	0	0	50:60,131.35:200,50:80
Tgm3-NM_009374	0	0	0	0	0	0	0	0	0	0	0	0	0	0	0	0	0	0	0	0	0	0	0	0	0	0	0	0	0	0	0	0	0	0	0	0	0	0	0	0	0	0	0	0	0	0	0	0	0	0	0	0	0	0	0	0	0	0	0	0	6.516	0	1.629	0	0	0	0	0	1.629	0	1.629	1.629	0	1.629	1.629	0	0	0	0	0	0	1.629	0	0	0	0	0	0	0	0	0	1.629	0	0	3.258	0	0	0	0	0	0	0	0	0	0	0	0	0	1.629	0	0	1.629	0	0	0	1.629	0	0	1.629	0	0	0	0	0	0	0	1.629	0	1.629	0	0	0	0	0	0	0	1.629	0	0	0	0	0	0	0	0	0	1.629	0	0	0	1.629	0	0	0	1.629	0	0	0	0	0	1.629	0	3.258	1.629	0	0	0	4.887	0	0	0	0	0	0	0	0	0	0	0	0	0	0	0	0	0	0	0	0	0	3.258	0	0	0	0	0	0	0	0	0	0	0	0	0	1.629	0	1.629	0	0	0	0	0	0	0	0	0	1.629	0	0	3.258	0	1.629	0	0	0	0	0	0	0	0	0	0	0	0	0	1.629	0	0	0	0	0	0	0	0	0	0	0	3.258	0	0	0	0	0	0	0	3.258	0	4.887	0	1.629	1.629	1.629	0	0	0	0	1.629	1.629	0	1.629	0	0	0	0	0	0	0	0	0	0	0	0	0	0	0	0	0	0	0	0	0	0	0	0	0	0	0	0	0	0	0	0	0	1.629	0	0	0	0	0	0	0	0	0	0	0	0	0	0	0	0	0	0	0	0	0	0	0	0	0	0	0	0	0	0	0	0	0	0	0	0	0	50:60,190.3:200,50:80
Timd2-NM_134249	0	0	0	0	0	0	0	0	0	0	0	0	0	0	0	0	0	0	0	0	0	0	0	0	0	0	0	0	0	0	0	0	0	0	3.258	0	0	0	0	0	0	0	0	0	0	0	0	0	0	0	0	0	0	0	0	0	0	0	0	0	0	0	0	0	0	0	0	0	0	0	0	0	0	0	0	0	0	0	0	0	0	0	0	0	0	0	0	0	0	0	0	0	0	0	0	0	0	0	0	0	0	0	0	0	0	1.629	0	0	0	0	0	4.887	0	0	0	0	0	0	0	0	0	0	0	0	0	0	0	0	0	0	0	0	0	0	0	0	0	0	0	1.629	0	0	0	0	0	0	0	0	0	0	0	0	0	0	0	0	0	0	0	0	0	0	0	0	0	0	0	0	0	0	0	0	0	0	0	0	0	0	0	0	0	0	0	0	0	0	0	1.629	0	0	0	0	0	0	0	0	0	0	0	0	0	0	0	0	0	0	0	0	0	0	1.629	0	0	0	0	0	0	0	0	0	0	0	0	102.625	0	0	0	0	0	0	0	0	0	0	0	0	1.629	0	0	0	0	0	0	0	0	0	0	0	0	0	0	0	0	0	0	1.629	0	0	0	0	0	0	0	0	0	0	0	0	0	0	0	0	0	0	0	0	0	0	0	0	0	0	0	0	0	0	0	0	0	0	0	0	0	0	0	0	0	0	0	0	0	0	0	0	0	0	0	0	0	0	0	0	0	0	0	0	0	0	0	0	0	0	0	0	0	0	0	0	0	0	0	0	0	0	0	0	0	0	0	0	50:60,190.725:200,50:80
Timm10b-NM_001360052	0	0	0	0	0	0	0	0	0	0	0	0	0	0	0	0	0	0	0	0	0	0	0	0	0	0	0	0	0	0	0	0	0	0	0	1.629	0	0	0	0	0	0	0	0	0	0	0	0	0	0	0	0	0	0	0	0	0	0	0	1.629	3.258	16.29	30.95	27.693	8.145	0	3.714	1.173	0	0	1.629	0	0	0	0	0	1.629	4.887	3.258	6.516	9.774	0	8.145	3.258	1.629	1.629	3.258	1.629	0	0	4.887	0	4.887	4.887	0	0	0	4.887	1.629	0	1.629	4.887	4.887	4.887	3.258	3.258	4.887	9.774	1.629	4.887	13.032	4.887	14.661	8.145	3.258	0	8.145	11.403	1.629	8.145	22.806	4.887	8.145	4.887	8.145	3.258	0	4.887	6.516	0	0	6.516	1.629	4.887	3.258	0	1.629	6.516	3.258	9.774	8.145	8.145	6.516	6.516	13.032	3.258	3.258	4.887	3.258	0	0	0	0	0	0	1.629	9.774	0	0	1.629	1.629	6.516	3.258	9.774	4.887	1.629	1.629	3.258	16.29	4.887	0	1.629	0	0	0	0	0	21.177	4.887	0	3.258	3.258	0	4.887	3.258	5.734	23.587	1.629	8.145	0	16.29	3.258	0	8.145	13.032	8.145	0	0	4.887	9.774	0	0	1.629	0	8.145	8.145	6.516	0	0	0	1.629	1.629	0	0	0	4.887	0	0	3.258	1.629	0	0	1.629	0	1.629	0	1.629	4.887	0	1.629	0	0	1.629	0	1.629	0	0	0	1.629	1.629	0	0	1.629	0	0	0	0	0	1.629	0	1.629	1.629	0	0	0	1.629	1.629	4.887	0	0	1.629	0	0	0	0	1.629	0	0	0	0	0	0	0	0	0	0	1.629	0	0	0	0	0	0	0	0	0	0	0	1.629	0	0	0	0	0	0	0	0	0	0	0	0	0	0	0	0	0	0	1.629	1.629	0	0	3.258	0	1.629	0	0	0	0	0	1.629	0	0	0	0	0	0	0	0	0	0	0	0	0	0	0	0	6.516	0	1.629	0	50:60,76.52:200,50:80
Tll1-NM_009390	0	0	0	0	0	0	0	0	0	0	0	0	0	0	0	0	0	0	0	0	0	0	0	0	0	0	0	0	0	0	0	1.629	0	0	0	0	0	0	0	0	0	0	1.629	0	1.629	0	1.629	0	0	0	0	0	0	0	0	0	0	0	0	0	19.548	20.183	7.51	21.177	4.846	1.67	8.145	1.629	0	3.258	3.258	1.629	8.145	6.516	6.516	3.258	3.258	3.258	3.258	3.258	1.629	0	9.774	0	4.887	3.258	4.887	1.629	6.516	1.629	8.145	3.258	3.258	3.258	0	1.629	4.887	4.887	1.629	1.629	1.629	3.258	0	4.887	0	1.629	3.258	0	11.403	1.629	1.629	1.629	1.629	3.258	3.258	3.258	3.258	1.629	1.629	4.887	4.887	1.629	0	3.258	1.629	0	3.258	1.629	1.629	1.629	0	0	8.145	3.258	1.629	1.629	1.629	0	4.887	3.258	1.629	0	0	1.629	1.629	0	4.887	4.887	3.258	0	1.629	3.258	1.629	1.629	1.629	1.629	0	0	0	0	0	0	0	0	0	1.629	0	3.258	0	0	0	1.629	3.258	1.629	0	1.629	0	0	0	0	0	1.629	0	0	1.629	1.629	4.887	1.629	1.629	0	0	0	0	0	0	0	1.629	0	1.629	1.629	0	0	0	0	0	3.258	0	1.629	1.629	0	0	0	0	1.629	1.629	0	3.258	0	0	0	1.629	0	0	0	0	1.629	0	0	1.629	0	0	0	0	1.629	0	0	0	3.258	0	0	0	0	0	1.629	0	0	0	0	0	0	0	0	0	0	0	0	0	0	1.629	0	0	0	0	0	0	0	1.629	0	0	0	0	0	0	0	0	0	0	0	0	0	0	0	0	0	0	0	0	0	0	0	0	0	0	0	0	0	0	0	0	0	0	0	0	0	0	0	0	0	0	0	0	0	0	0	0	0	0	0	0	0	0	0	0	0	0	0	0	0	0	0	0	0	0	0	0	0	0	0	0	0	50:60,956.195:200,50:80
Tll2-NM_011904	19.548	26.064	11.403	24.435	3.258	4.887	0	6.516	0	0	19.548	17.919	4.887	0	0	0	6.516	0	9.774	9.774	3.258	0	17.919	11.403	6.516	3.258	11.403	6.516	13.032	0	3.258	0	0	1.629	19.548	26.064	3.258	0	3.258	3.258	9.774	3.258	1.629	3.258	9.774	0	4.887	27.693	0	1.629	1.629	6.516	1.629	0	0	1.629	4.887	0	16.29	13.032	21.177	6.516	1.629	6.516	4.887	1.629	3.258	6.516	3.258	1.629	1.629	6.516	1.629	1.629	3.258	1.629	8.145	4.887	1.629	0	1.629	3.258	3.258	1.629	0	0	1.629	1.629	0	0	4.887	1.629	1.629	0	4.887	4.887	3.258	1.629	1.629	0	0	0	0	0	0	0	3.258	0	0	0	1.629	0	0	3.258	0	0	3.258	0	0	0	0	1.629	0	0	0	0	0	0	1.629	0	0	0	0	0	1.629	1.629	0	0	0	0	0	3.258	0	0	1.629	0	0	0	0	1.629	0	0	0	0	0	0	0	0	0	0	0	0	1.629	0	3.258	0	1.629	1.629	0	0	0	0	0	0	0	0	0	0	0	0	1.629	1.629	1.629	0	0	0	0	0	0	0	0	1.629	1.629	1.629	0	0	0	0	0	1.629	0	0	0	1.629	0	0	0	0	0	0	0	0	0	0	1.629	0	0	0	0	0	0	0	0	0	0	0	0	0	0	0	0	0	0	1.629	0	0	0	0	0	0	0	0	0	0	0	0	0	1.629	0	0	1.629	0	0	0	0	0	0	0	0	1.629	0	1.629	0	0	0	0	0	0	0	0	0	0	0	0	0	0	0	0	0	0	1.629	0	0	0	0	0	0	0	0	0	0	0	0	0	0	0	0	0	0	0	0	0	0	0	0	0	0	0	0	0	0	0	0	0	0	0	0	0	0	0	0	0	0	0	0	0	0	0	0	0	0	0	0	0	0	0	0	0	0	0	50:60,629.125:200,50:80
Tmem191c-NM_177473	0	0	0	0	0	0	3.258	0	0	0	8.145	3.258	0	3.258	3.258	1.629	0	1.629	0	1.629	4.887	1.629	0	0	0	1.629	0	0	0	0	0	0	0	0	0	0	0	0	0	0	0	0	0	0	0	0	0	0	0	0	0	1.629	1.629	3.258	1.629	0	0	0	3.258	1.629	0	0	0	0	0	0	1.629	1.629	0	0	0	0	0	0	0	0	1.629	1.629	0	1.629	1.629	0	0	0	0	0	0	0	0	0	0	0	0	0	0	0	0	0	0	0	0	0	0	0	0	0	0	0	0	0	1.629	0	1.629	1.629	0	0	0	0	0	0	1.629	0	6.516	0	0	0	3.258	0	0	1.629	0	0	3.258	0	0	0	0	0	0	0	0	0	0	0	0	0	0	0	0	0	0	0	0	0	1.629	0	0	0	0	1.629	0	0	0	0	0	0	0	0	0.472	2.786	0	0	0	0	0	0	0	0	0	0	0	0	0	0	1.629	0	0	0	0	0	0	0	0	1.629	0	0	0	0	0	0	0	1.629	0	0	0	0	0	0	0	0	0	0	0	0	0	0	3.258	0	0	3.258	0	0	0	0	0	0	0	0	1.629	0	0	0	1.629	0	0	0	0	0	0	0	0	1.629	0	0	0	0	0	0	0	0	0	0	1.629	0	0	0	0	0	0	0	0	0	0	3.258	3.258	3.258	1.629	0	0	0	0	1.629	0	0	0	0	0	0	0	0	0	0	0	0	0	0	0	0	0	0	1.629	0	3.258	0	4.887	1.629	0	0	0	0	3.258	1.629	0	0	0	0	0	0	0	0	0	0	0	0	0	3.258	0	1.629	0	0	0	1.629	0	0	0	0	0	3.258	0	0	4.887	1.629	0	0	0	0	3.258	0	0	0	50:60,11.81:200,50:80
Tmem204-NM_001001183	0	0	0	0	0	0	0	0	0	0	0	0	0	0	0	0	0	0	0	0	0	0	0	0	0	0	0	0	0	0	0	0	0	0	0	0	0	0	0	0	0	0	0	0	0	0	0	0	0	0	0	0	0	0	0	0	1.629	0	0	0	0	0	0	0	0	0	0	0	0	0	0	0	0	0	0	0	0	0	0	0	0	0	0	0	0	0	0	0	0	0	0	0	0	0	0	0	0	0	0	0	0	0	0	0	0	0	0	0	0	0	0	0	0	0	0	0	0	0	0	0	0	0	0	0	0	0	0	0	0	0	0	0	0	0	0	0	0	0	0	0	0	0	0	0	0	0	0	0	0	0	0	0	0	0	0	0	0	0	0	0	0	0	0	0	0	0	0	0	0	0	0	0	0	0	0	0	0	0	0	0	0	0	0	0	0	0	0	0	0	0	0	0	0	0	0	0	0	0	0	0	0	0	0	0	0	0	0	0	0	0	0	0	0	0	0	0	0	0	0	0	0	0	0	0	0	0	0	0	0	0	0	0	0	0	0	0	0	0	0	0	0	0	0	0	0	0	0	0	1.629	0	0	0	0	0	0	0	0	0	0	0	0	0	0	0	0	0	0	0	0	0	0	0	0	0	0	0	0	0	0	0	0	0	0	0	0	0	0	0	0	0	0	0	0	0	0	0	0	0	0	0	0	0	0	0	0	0	0	0	0	0	0	0	0	0	0	0	0	0	0	0	0	0	0	0	0	0	0	0	0	0	0	0	0	0	0	0	0	0	0	0	50:60,117.065:200,50:80
Tmem237-NM_001361413	0	0	0	0	0	0	0	0	0	0	0	0	0	0	0	0	0	0	0	0	0	0	0	0	0	0	0	0	0	0	0	0	0	0	0	0	0	0	0	0	0	0	0	0	0	0	0	0	0	0	0	0	3.258	0	0	0	0	1.629	0	0	1.629	0	1.629	32.579	6.516	0	55.385	154.752	6.516	3.258	3.258	4.887	0	1.629	0	1.629	0	6.516	0	0	1.629	1.629	0	1.629	0	0	0	1.629	3.258	0	1.629	0	0	0	1.629	0	0	0	0	1.629	0	0	3.258	3.258	6.516	1.629	0	4.887	1.629	0	1.629	0	3.258	0	0	0	0	0	0	1.629	0	1.629	0	0	1.629	0	0	0	0	3.258	1.629	1.629	0	0	0	0	4.887	0	0	1.629	0	1.629	3.869	1.018	0	0	0	0	0	0	3.258	3.258	3.258	0	1.629	1.629	1.629	3.258	0	1.629	0	0	0	0	0	1.629	0	0	0	0	1.629	0	0	3.258	0	1.629	0	0	0	3.258	0	0	4.887	4.887	0	1.629	0	0	0.204	4.683	1.629	1.629	3.258	0	1.629	0	0	0	0	0	0	0	1.629	3.258	0	1.629	8.145	0	1.629	0	0	0	0	0	0	0	0	3.258	0	0	0	1.629	0	0	0	0	0	0	0	0	0	0	0	0	0	0	0	1.629	0	0	0	0	3.258	0	0	1.629	0	0	0	0	0	0	0	0	0	0	0	0	0	0	0	0	0	0	0	0	0	1.629	1.629	0	0	0	0	0	1.629	1.629	6.516	0	0	0	0	4.887	0	0	0	0	0	0	0	1.629	0	0	1.629	0	0	0	1.629	0	4.887	0	0	0	0	0	0	0	0	1.629	0	0	0	0	0	0	0	0	0	0	0	0	0	0	0	0	0	0	0	0	0	0	0	0	0	0	0	0	1.629	0	0	0	50:60,99.125:200,50:80
Tmem241-NM_178801	0	0	0	0	0	0	0	0	0	0	0	0	1.629	0	0	0	0	0	0	0	0	0	0	0	0	0	0	0	0	0	0	0	0	0	0	0	0	0	0	0	0	1.629	0	0	0	0	0	0	0	0	0	0	0	0	0	0	0	0	0	0	42.353	8.145	1.629	0	0	0	0	0	0	0	3.258	4.887	1.629	0	1.629	0	0	4.887	0	1.629	0	0	3.258	0	1.629	1.629	1.629	3.258	1.629	1.629	1.629	1.629	6.516	0	0	0	4.887	0	1.629	0	0	0	0	0	0	0	0	1.629	0	0	0	0	3.258	1.629	0	0	4.887	0	0	0	4.887	1.629	3.258	1.629	0	0	4.887	0	0	1.629	8.145	1.629	1.629	1.629	0	1.629	0	1.629	1.629	0	0	0	1.629	0	4.887	1.629	0	0	0	1.629	0	0	0	1.629	0	1.629	1.629	0	0	4.887	0	0	3.258	1.629	0	1.629	1.629	1.629	1.629	1.629	0	4.887	1.629	1.629	0	0	0	0	1.629	0	3.258	0	1.629	1.629	0	0	6.516	0	1.629	0	0	1.629	0	3.258	1.629	4.887	1.629	3.258	1.629	1.629	0	0	1.629	1.629	0	6.516	3.258	4.887	3.258	1.629	1.629	1.629	1.629	0	0	0	0	3.258	1.629	4.887	0	1.629	3.258	1.629	0	1.629	0	0	1.629	1.629	0	4.887	1.629	3.258	1.629	1.629	6.516	1.629	0	1.629	3.258	3.258	3.258	0	3.258	4.887	0	0	4.887	0	1.629	0	0	0	0	0	3.258	3.258	1.629	3.258	0	0	0	0	0	0	0	0	0	0	0	0	0	0	0	0	0	0	0	0	0	0	0	0	0	0	0	0	0	0	0	0	0	0	0	0	0	0	1.629	1.629	0	0	0	0	0	0	0	1.629	0	0	0	0	0	0	0	0	0	0	0	0	0	0	0	0	0	0	0	0	0	0	0	0	0	0	0	0	1.629	0	0	0	50:60,701.175:200,50:80
Tmem39b-NM_001356378	47.24	1.629	1.629	8.145	8.145	4.887	29.321	1.629	34.208	50.498	26.064	27.693	9.774	0	6.516	0	4.887	1.629	0	0	4.887	3.258	0	16.29	4.887	4.887	1.629	14.661	6.516	1.629	0	0	0	0	0	0	0	26.064	35.837	0	4.887	4.887	1.629	0	3.258	8.145	1.629	4.887	4.887	0	11.403	8.145	22.806	6.516	16.29	0	0	1.629	0	4.887	48.869	26.064	3.258	24.435	21.177	17.919	17.919	3.258	11.403	0	0	1.629	8.145	0	0	3.258	6.516	0	1.629	1.629	0	0	1.629	3.258	4.887	3.258	3.258	3.258	0	4.887	1.629	3.258	0	0	0	3.258	0	0	3.258	3.258	0	6.516	0	0	0	4.887	0	1.629	4.887	3.258	3.258	1.629	0	0	0	3.258	3.258	1.629	0	0	3.258	0	1.629	1.629	0	1.629	0	1.629	0	6.516	4.887	0	1.629	9.774	0	1.629	6.516	0	0	0	3.258	0	0.016	15.426	0.847	13.032	0	1.629	13.032	3.258	9.774	0	1.629	1.629	6.516	0	0	0	4.887	6.516	4.887	1.629	0	0	0	0	1.629	7.754	15.052	1.629	1.629	0	4.887	3.258	1.629	0	8.145	1.629	0	1.629	9.774	3.258	0	6.516	3.258	1.629	4.887	1.629	0	6.516	0	4.887	1.629	0	4.887	1.629	0	1.629	4.887	4.887	0	0	1.629	1.629	0	0	4.887	4.887	0	0	0	1.629	1.629	3.258	0	0	14.661	6.516	1.629	3.258	0	0	0	0	0	0	16.29	3.258	1.629	1.629	4.887	8.145	3.258	8.145	3.258	0	4.887	0	0	0	3.258	3.258	1.629	0	1.629	4.887	0	0	6.516	1.629	0	1.629	0	3.258	0	0	3.258	0	0	11.403	1.629	4.887	0	1.629	0	4.887	0	0	1.629	3.258	0	0	0	3.258	1.629	0	1.629	0	0	0	4.887	3.258	1.629	13.032	3.258	0	3.258	0	9.774	4.887	0	0	0	0	0	0	3.258	3.258	0	0	0	0	8.145	3.258	0	0	3.258	3.258	6.516	30.95	0	0	0	0	1.629	0	1.629	3.258	14.661	0	0	0	1.629	0	0	0	4.887	0	3.258	1.629	1.629	3.258	1.629	76.562	55.385	11.403	1.629	9.774	0	1.629	50:60,102.47:200,50:80
Tmem86a-NM_026436	0	0	0	0	0	0	0	0	0	0	0	0	0	0	0	0	0	0	0	0	0	0	0	0	0	0	0	0	0	0	0	0	0	0	0	0	0	0	0	0	0	0	0	0	0	0	0	0	0	0	0	0	0	0	0	0	0	0	0	6.516	7.632	42.866	19.548	1.629	0	0	0	0	0	0	0	0	1.629	0	0	0	0	1.629	0	1.629	1.629	0	0	0	0	0	0	0	1.629	1.629	0	0	0	0	0	0	0	0	0	0	0	0	0	0	0	0	0	0	0	0	0	0	0	0	0	0	0	0	0	0	0	0	0	0	0	0	0	0	0	0	0	1.629	0	0	0	0	0	0	1.629	0	0	0	0	1.629	3.258	0	0	0	0	0	1.629	0	0	0	1.629	0	0	1.629	0	0	0	0	0	0	0	0	0	0	1.629	0	0	0	0	0	0	0	0	0	0	0	1.629	0	0	0	0	0	0	0	0	0	0	0	0	0	0	1.629	0	0	0	0	0	0	0	0	0	0	0	0	0	0	0	0	0	0	0	0	0	0	0	0	0	0	0	0	0	0	0	0	1.629	0	0	0	0	0	0	0	0	0	0	1.629	0	0	0	0	0	0	0	3.258	0	0	0	0	0	0	0	0	0	0	0	1.629	0	0	0	0	0	0	0	0	0	0	1.629	0	0	0	0	0	0	0	0	0	0	0	0	0	0	0	0	0	1.629	0	0	0	0	0	3.258	1.629	0	0	0	0	0	0	0	0	0	0	0	0	0	0	0	0	0	0	0	0	0	0	0	0	0	1.629	0	0	0	0	0	0	0	0	0	0	0	0	0	0	0	0	0	0	50:60,20.685:200,50:80
Tmod4-NM_016712	0	6.516	0	0	0	0	0	1.629	4.887	0	0	0	0	0	0	0	0	0	0	1.629	1.629	0	0	0	0	0	0	0	3.258	0	0	1.629	3.258	0	0	1.629	0	0	0	0	0	0	0	6.516	0	13.032	3.258	11.403	0	3.258	4.887	0	1.629	1.629	1.629	8.145	6.516	11.403	1.629	3.258	0	1.629	1.629	1.629	4.887	1.629	14.661	25.803	8.405	3.258	0	1.629	0	0	0	0	1.629	1.629	0	0	0	0	0	0	0	1.629	0	1.629	0	0	0	3.258	1.629	0	0	0	1.629	1.629	0	1.629	0	0	0	0	1.629	0	0	0	1.629	0	3.258	0	0	0	0	0	0	0	0	0	0	0	0	1.629	0	0	0	0	0	0	0	0	0	0	0	0	1.629	0	0	0	0	0	0	0	0	1.629	0	4.887	0	3.258	0	0	0	0	0	0	0	0	0	0	0	0	0	0	0	1.629	0	0	0	0	0	0	0	0	0	0	0	0	0	1.629	0	0	0	0	0	0	1.629	0	0	0	0	0	0	0	0	0	1.629	0	0	0	1.108	0.521	0	0	0	0	0	0	0	0	0	0	0	0	0	0	0	0	0	0	0	0	0	0	0	0	0	0	0	0	0	0	0	0	0	0	0	0	0	0	0	0	0	0	0	0	0	0	0	0	0	0	0	1.629	0	0	0	0	1.629	1.629	0	0	1.629	0	1.629	0	1.629	0	0	1.629	3.258	0	0	3.258	1.629	0	0	1.629	1.629	0	0	0	3.258	1.629	0	0	0	0	0	0	0	0	0	1.629	0	1.629	0	0	0	0	0	0	0	0	0	0	0	0	0	0	0	0	0	1.629	0	0	0	0	1.629	0	0	0	0	0	0	0	0	0	0	0	0	0	0	0	0	0	0	0	0	0	50:60,23.48:200,50:80
Tnnt2-NM_001130174	0	0	0	0	0	0	0	0	0	0	0	0	0	0	3.258	0	0	0	0	0	0	1.629	0	0	0	1.629	1.629	0	0	0	1.629	1.629	0	0	0	1.629	3.258	13.032	4.887	0	0	0	1.629	0	0	0	1.629	0	0	0	0	0	1.629	0	0	1.629	0	0	0	0	0	1.629	0	0	1.629	0	0	0	0	0	0	0	0	1.629	0	0	0	1.629	1.629	3.258	0	0	0	0	0	0	0	0	0	0	1.629	0	0	1.629	0	0	0	0	0	0	0	0	0	0	0	0	0	0	0	0	0	0	1.629	0	0	0	0	0	0	0	0	0	1.629	0	0	0	0	0	0	1.629	0	0	0	0	0	0	0	0	0	0	0	1.629	0	0	0	1.629	0	0	0	0	0	0	0	0	0	0	0	0	0	0	0	0	0	0	0	0	0	3.258	0	0	0	0	0	0	1.629	0	0	0	0	0	0	0	0	0	0	0	0	0	0	0	0	0	0	0	0	0	0	1.629	0	0	0	0	0	0	0	0	0	0	0	0	0	0	0	0	0	0	0	0	0	0	0	0	0	0	0	0	0	0	0	0	0	0	0	0	0	0	0	0	0	0	0	0	0	0	0	0	0	0	0	0	0	0	0	0	0	0	0	0	0	0	0	0	0	0	0	0	0	0	0	0	0	0	0	0	0	0	0	0	0	0	0	0	0	0	0	0	0	0	0	0	0	0	0	1.629	0	0	0	0	0	0	0	0	0	0	0	0	0	0	0	0	0	0	0	0	0	0	0	0	0	0	0	1.629	0	1.629	0	0	0	0	1.629	0	0	1.629	0	0	0	0	0	0	0	0	50:60,79.675:200,50:80
Tnpo2-NM_001364034	0	1.629	6.516	4.887	0	1.629	19.548	55.385	8.145	0	0	312.763	329.052	333.939	128.689	633.67	109.141	0	213.395	29.321	37.466	27.693	130.318	138.463	65.159	79.82	3.258	21.177	24.435	30.95	29.321	0	3.258	1.629	3.258	13.032	14.661	32.579	14.661	14.661	104.254	91.222	30.95	237.83	8.145	11.403	32.579	14.661	0	14.661	81.449	50.498	14.661	4.887	9.774	1.629	0	3.258	6.516	9.774	426.595	306.442	179.114	81.522	225.083	115.372	81.278	55.556	42.353	8.145	0	3.258	11.403	26.064	78.191	62.748	48.022	16.29	52.127	1.629	6.516	3.258	4.887	6.516	22.806	4.887	3.258	14.661	40.724	76.562	43.982	11.403	19.548	11.403	22.806	30.95	9.774	16.29	1.629	21.177	52.127	11.403	3.258	13.032	39.095	4.887	1.629	24.435	8.145	26.064	3.258	9.774	48.869	22.806	0	24.435	40.724	8.145	11.403	1.629	3.258	21.177	8.145	39.095	14.701	13.007	22.789	3.258	24.435	4.887	16.29	9.774	14.661	24.435	16.29	6.516	73.051	10.026	30.95	6.516	11.403	3.258	0	26.064	34.208	16.29	39.234	78.052	0	4.887	4.887	40.724	14.661	1.629	21.177	0	0	8.145	16.29	21.177	13.032	13.032	4.887	9.774	11.403	8.145	3.258	35.837	33.174	15.695	13.032	24.435	19.548	1.629	9.774	0	8.145	34.208	3.608	27.342	34.208	32.579	1.629	0	0	1.629	3.258	70.046	26.064	4.887	8.145	21.177	0	0	0	1.629	4.887	9.774	1.629	6.516	11.403	11.403	6.516	4.887	8.145	1.629	0	16.29	14.661	17.919	3.258	3.258	16.29	4.887	32.579	2.704	38.02	65.159	58.643	8.145	9.774	35.837	3.258	4.138	18.668	30.95	65.159	0	0	22.806	26.064	7.2	4.203	1.629	29.932	14.05	43.982	4.887	1.629	3.258	19.548	14.661	13.032	3.258	24.435	16.29	11.403	16.29	21.177	21.177	8.145	13.227	37.271	8.145	4.887	35.837	13.032	30.95	22.806	55.385	42.353	14.661	0	1.629	3.258	3.258	4.887	3.258	1.629	17.919	14.661	26.064	8.145	3.258	0	0	1.629	0	1.629	26.064	4.887	9.774	84.707	48.869	3.258	3.258	4.887	9.774	0	21.177	29.321	21.177	9.774	1.629	8.145	4.887	9.774	52.127	43.982	48.869	9.774	0	0	6.516	11.403	0	0	17.919	50.498	9.774	11.403	24.435	4.887	1.629	0	8.145	9.774	0	1.629	4.887	3.258	0	0	19.548	8.145	0	19.548	8.145	4.887	22.806	0	3.258	0	6.516	6.516	1.629	1.629	0	0	0	50:60,101.985:200,50:80
Tollip-NM_023764	0	0	0	0	0	0	0	0	0	0	0	0	0	0	0	0	0	0	0	0	0	0	0	0	0	0	0	0	0	0	0	0	0	0	0	0	0	0	0	0	0	0	1.629	0	0	0	0	0	0	0	0	0	0	0	0	0	0	1.629	0	3.258	96.109	67.83	34.795	22.806	1.629	3.258	3.258	14.661	6.516	13.032	14.661	6.255	18.179	9.774	6.516	3.258	16.29	17.919	3.258	26.064	1.629	34.208	3.258	8.145	8.145	14.661	1.629	14.661	16.29	1.629	8.145	3.258	22.806	11.403	6.516	13.032	11.403	1.629	0	1.629	39.095	8.145	21.177	3.258	11.403	4.887	22.806	13.032	19.548	14.661	9.774	14.661	3.258	9.774	8.145	1.629	6.516	3.258	3.258	6.516	1.629	5.571	4.203	8.536	6.125	3.258	1.629	22.806	8.145	4.887	4.887	6.516	26.064	11.403	6.516	1.629	11.403	24.435	8.145	8.145	9.774	1.629	4.887	0	0	0	0	0	0	11.24	7.689	18.538	11.403	22.806	19.548	0	4.887	17.919	35.837	8.145	17.919	11.403	1.629	8.145	22.806	6.516	11.403	37.466	3.258	6.516	13.032	3.258	8.145	0	11.403	1.629	1.629	3.258	9.774	13.032	6.516	13.032	17.919	3.258	32.579	16.778	20.688	1.629	9.774	6.516	4.887	1.629	11.403	11.305	6.614	21.177	45.611	4.887	1.629	3.258	8.145	11.403	1.629	1.629	8.145	6.516	41.604	17.039	3.258	4.887	8.145	0	3.258	0	16.29	19.548	18.521	9.171	1.629	24.435	16.29	3.258	0	9.774	4.887	13.032	48.869	14.661	4.887	40.724	3.258	3.258	1.629	3.258	3.258	9.774	1.629	17.919	6.516	0	1.629	11.403	19.548	11.403	55.385	19.548	1.629	19.548	13.032	8.145	8.145	1.629	9.774	14.661	8.145	8.145	34.208	8.145	11.403	1.629	1.629	0	1.629	1.629	3.258	0	0	0	1.629	6.516	3.258	1.629	0	0	14.661	4.887	1.629	4.887	1.629	27.693	0	6.516	3.258	3.258	1.629	4.887	3.258	8.145	1.629	29.321	4.887	39.095	8.145	9.774	9.774	11.403	0	0	1.629	8.145	0	0	0	1.629	0	0	11.403	11.403	0	0	0	1.629	13.032	14.661	4.887	6.516	3.258	3.258	11.403	9.774	1.629	0	6.516	3.258	3.258	8.145	3.258	6.516	0	0	0	1.629	1.629	0	8.145	0	6.516	3.258	1.629	0	50:60,104.41:200,50:80
Tpcn1-NM_145853	0	0	0	0	1.629	0	0	0	0	0	0	0	0	1.629	3.258	4.887	4.887	0	0	0	0	1.629	0	0	0	0	0	0	0	1.629	0	1.629	1.629	0	0	1.629	0	0	0	0	0	0	0	1.629	0	0	0	0	0	0	0	3.258	6.516	0	0	4.887	4.887	0	0	8.145	79.82	1.629	0	3.258	1.629	1.629	0	9.774	0	0	1.629	1.629	1.629	3.258	3.258	1.629	3.258	3.258	1.629	1.629	0	0	0	4.887	3.258	4.887	3.258	1.629	3.258	3.258	3.258	1.629	13.032	3.258	0	6.516	1.629	3.258	1.629	1.629	1.629	1.629	0	6.516	1.629	0	3.258	1.629	0	6.516	0	1.629	0	0	0	3.258	0	3.258	1.629	0	1.629	0	0	1.629	1.629	3.258	0	1.629	3.258	3.258	3.258	1.629	3.258	0	0	1.629	0	1.629	3.258	1.629	3.258	1.629	0	1.629	1.629	1.629	3.258	1.629	0	0	0	8.145	29.321	3.258	3.258	0	0	1.629	0	0	0	3.258	3.258	6.516	0	3.258	1.629	4.529	0.358	0	0	0	0	0	0	1.629	0	4.887	1.629	0	1.629	0	0	3.258	0	0	0	0	0	1.629	0	1.629	1.629	3.258	1.629	0	3.258	0	3.258	0	0	3.258	1.629	1.629	3.258	3.258	1.458	1.8	1.629	1.629	1.629	0	1.629	0	4.887	0	0	1.629	0	1.629	0	0	0	0	0	1.629	1.629	3.258	0	1.629	4.887	0	1.629	0	0	1.629	0	0	0	0	0	0	3.258	0	3.258	3.258	0	0	0	1.629	1.629	0	0	0	0	4.887	0	0	0	1.629	0	0	0	0	0	0	0	0	0	0	0	0	0	0	0	0	0	0	1.629	0	0	0	0	0	0	0	1.629	0	0	0	0	0	0	0	0	0	0	0	0	0	0	1.629	0	0	0	0	0	0	0	0	0	0	0	0	0	0	0	0	0	0	0	0	0	0	1.629	0	0	0	0	1.629	0	1.629	0	0	0	0	0	0	0	0	50:60,272.285:200,50:80
Tprkb-NM_176842	0	0	0	0	0	0	0	0	0	0	0	0	0	0	0	0	0	0	0	0	0	0	0	0	0	0	0	0	0	0	0	0	0	0	0	0	0	0	0	0	0	0	0	0	0	0	0	0	0	0	0	0	0	0	0	0	0	0	0	0	76.285	1.906	0	0	0	0	1.629	3.258	4.887	17.919	1.629	0	3.258	3.258	0	0	0	0	0	0	0	0	0	0	0	0	0	0	0	0	0	0	0	0	0	0	0	0	0	0	0	3.258	17.919	0	0	0	0	3.258	0	3.258	1.629	0	6.516	0	0	3.258	0	0	0	0	0	0	0	1.629	3.258	0	0	1.629	8.145	0	1.629	0	3.258	0	0	0	1.629	4.887	4.887	0	6.516	0	0	1.629	0	1.629	1.629	14.661	1.629	0	0	0	1.629	0	0	1.629	0	0	1.629	0	0	1.629	1.629	0	0	0	1.629	0	1.629	0	1.629	0	0	0	0	4.887	0	4.887	0	0	0	0	0	0	0	0	1.629	0	0	1.629	0	0	0	1.629	1.629	0	0	0	0	3.258	0	0	0	0	0	1.629	0	0	0	0	0	3.258	1.629	0	1.629	1.629	0	4.887	1.629	1.629	4.887	1.629	8.145	1.629	0	0	0	0	0	3.258	0	1.629	3.258	0	0	0	0	0	4.887	0	1.629	0	0	0	1.629	0	0	0	0	0	1.629	0	6.516	0	0	3.258	6.516	0	0	0	0	0	1.629	1.629	0	3.258	6.516	1.629	0	0	0	16.29	4.887	8.145	0	4.887	0	6.516	3.258	1.629	0	0	0	0	0	0	0	0	0	0	0	0	0	6.516	0	6.516	0	3.258	1.629	13.032	0	3.258	3.258	0	0	1.629	3.258	0	0	0	0	0	0	0	0	0	0	0	3.258	0	0	4.887	1.629	1.629	0	1.629	1.629	0	1.629	0	0	0	0	0	0	6.516	1.629	0	1.629	0	50:60,72.83:200,50:80
Trim9-NM_001110203	0	0	0	0	0	0	0	0	0	0	0	0	0	0	0	0	0	0	0	0	0	0	0	0	0	0	0	0	0	0	0	0	0	0	0	0	0	0	0	0	0	0	0	0	0	0	0	0	0	0	0	0	0	0	0	0	0	0	0	0	0	0	0	0	0	0	0	0	0	0	0	0	0	0	0	0	0	0	0	0	0	0	0	0	0	0	0	0	0	0	0	0	0	0	0	0	0	0	0	0	0	0	0	0	0	0	0	0	0	0	0	0	0	0	0	0	0	0	0	0	0	0	1.629	0	0	0	0	0	0	0	0	0	0	0	0	0	0	0	0	0	0	0	0	0	0	0	0	0	0	0	0	0	0	0	0	0	0	0	0	0	0	0	0	0	0	0	0	0	0	0	0	0	0	0	0	0	0	0	0	0	0	0	0	0	0	0	0	0	0	0	0	0	0	0	0	0	0	0	0	0	0	0	0	0	0	0	0	0	0	0	0	0	0	0	0	0	0	0	0	0	0	0	0	0	0	0	0	0	0	0	0	0	0	0	0	0	0	0	0	0	0	0	0	0	0	0	0	0	0	0	0	0	0	0	0	0	0	0	0	0	0	0	0	0	0	0	0	0	0	0	0	0	0	0	0	0	0	0	0	0	0	0	0	0	0	0	0	0	0	0	0	0	0	0	0	0	0	0	0	0	0	0	0	0	0	0	0	0	0	0	0	0	0	0	0	0	0	0	0	0	0	0	0	0	0	0	0	0	0	0	0	0	0	0	0	0	0	0	0	0	50:60,419.415:200,50:80
Trim9-NM_053167	0	0	0	0	0	0	0	0	0	0	0	0	0	0	0	0	0	0	0	0	0	0	0	0	0	0	0	0	0	0	0	0	0	0	0	0	0	0	0	0	0	0	0	0	0	0	0	0	0	0	0	0	0	0	0	0	0	0	0	0	0	0	0	0	0	0	0	0	0	0	0	0	0	0	0	0	0	0	0	0	0	0	0	0	0	0	0	0	0	0	0	0	0	0	0	0	0	0	0	0	0	0	0	0	0	0	0	0	0	0	1.629	0	0	0	0	0	0	0	0	0	0	0	0	0	0	0	0	0	0	0	0	0	0	0	0	0	0	0	0	0	0	0	0	0	0	0	0	0	0	0	0	0	0	0	0	0	0	0	0	0	0	0	0	0	0	0	0	0	0	0	0	0	0	0	0	0	0	0	0	0	0	0	0	0	0	0	0	0	0	0	0	0	0	0	0	0	0	0	0	0	0	0	0	0	0	0	0	0	0	0	0	0	0	0	0	0	0	0	0	0	0	0	0	0	0	0	0	0	0	0	0	0	0	0	0	0	0	0	0	0	0	0	0	0	0	0	0	0	0	0	0	0	0	0	0	0	0	0	0	0	0	0	0	0	0	0	0	0	0	0	0	0	0	0	0	0	0	0	0	0	0	0	0	0	0	0	0	0	0	0	0	0	0	0	0	0	0	0	0	0	0	0	0	0	0	0	0	0	0	0	0	0	0	0	0	0	0	0	0	0	0	0	0	0	0	0	0	0	0	1.629	0	0	0	0	0	0	0	0	0	0	50:60,515.39:200,50:80
Trpm1-NM_001039104	0	0	0	0	0	0	0	1.629	0	0	0	0	0	0	0	0	0	0	0	0	0	0	0	0	0	0	0	0	0	0	0	0	0	0	0	0	0	0	0	0	0	0	0	0	0	0	0	0	0	0	0	0	0	0	0	0	0	0	0	0	0	0	0	1.629	0	0	0	0	0	0	0	1.629	0	0	0	0	0	0	0	0	0	0	0	0	0	0	0	0	0	0	0	0	0	0	0	0	0	0	0	0	0	0	0	0	0	0	0	0	0	0	0	0	0	0	1.629	6.516	1.629	3.258	1.629	1.629	3.258	0	0	3.258	4.887	1.629	4.887	0	3.258	6.516	8.145	3.258	3.258	0	0	0	0	0	0	0	0	0	1.629	0	3.258	3.258	1.629	0	3.258	21.177	0	1.629	4.887	11.403	6.516	4.887	4.887	4.887	9.774	8.145	0	3.258	1.629	8.145	3.258	1.629	0	3.258	0	0	4.887	0	1.629	0	0	1.629	0	0	0	0	1.629	0	0	0	0	0	0	0	0	0	0	0	0	0	0	0	0	0	0	0	0	0	0	0	0	0	0	0	1.629	1.629	1.629	0	0	0	0	0	0	0	0	0	0	0	0	0	0	0	4.887	1.629	0	0	0	1.629	0	0	0	0	0	0	0	0	0	0	0	0	0	0	0	0	0	21.177	0	0	0	0	0	0	0	0	1.629	0	0	0	0	0	0	0	0	0	1.629	0	0	0	0	1.629	0	0	0	0	0	0	0	0	0	0	0	0	0	0	0	0	0	0	0	0	0	0	0	0	0	0	0	0	0	0	0	0	0	0	0	4.887	0	0	0	0	1.629	0	0	0	0	0	0	0	1.629	0	0	0	0	0	0	0	0	0	0	0	0	0	0	0	0	0	50:60,579.625:200,50:80
Trpm3-NM_001362511	0	0	0	0	0	0	0	0	0	0	0	0	0	0	0	0	0	0	0	0	0	0	0	0	0	0	0	0	0	0	0	0	0	0	0	0	0	0	0	0	0	0	0	0	0	0	0	0	0	0	0	0	0	0	0	0	0	0	0	0	0	0	0	0	0	0	0	0	1.629	0	0	0	0	0	0	0	0	0	0	0	0	1.629	0	1.629	0	0	0	0	0	0	0	0	0	0	0	0	0	0	0	0	0	0	0	0	0	0	0	0	0	0	0	0	0	0	0	0	0	0	0	0	0	0	0	0	0	0	0	0	0	0	0	0	0	3.258	0	0	0	0	0	0	0	3.258	0	0	0	0	0	0	0	0	0	0	0	0	0	0	0	0	0	0	0	0	0	0	0	1.629	0	0	0	0	0	0	0	0	0	0	0	1.629	0	0	0	0	0	0	0	0	0	0	0	0	0	0	0	0	0	0	0	0	0	0	0	0	0	0	0	0	0	0	0	0	0	0	0	0	0	0	0	0	0	0	0	0	0	0	0	0	0	0	0	0	0	0	0	0	0	0	0	0	0	0	0	0	0	0	0	0	0	0	0	0	0	0	0	0	0	0	0	0	0	0	0	0	0	0	0	0	0	0	0	0	0	0	0	0	0	0	0	0	0	0	0	0	0	0	0	0	0	0	0	0	0	0	0	0	0	0	0	0	0	0	0	0	0	0	0	0	0	0	0	0	0	0	0	0	0	0	0	0	0	0	0	0	0	0	0	0	0	0	0	0	0	0	0	0	0	0	0	0	0	0	50:60,403.805:200,50:80
Tspan2-NM_001243132	0	0	0	0	0	0	0	0	0	0	0	0	0	0	0	0	0	0	0	0	0	0	0	0	0	0	0	0	0	0	0	0	0	0	0	0	0	0	0	0	4.887	0	0	0	0	6.516	3.258	0	0	1.629	0	0	0	0	0	0	4.887	0	0	4.887	3.258	9.774	1.629	1.629	4.887	6.516	8.145	1.629	4.887	1.629	1.629	3.258	13.032	3.258	6.516	9.774	17.919	4.887	6.516	1.629	1.629	4.887	6.516	6.516	11.403	0	11.403	1.629	3.128	0.13	1.629	1.629	6.516	4.887	1.629	0	1.629	4.887	4.887	1.629	3.258	16.29	4.887	1.629	0	0	16.29	3.258	27.693	6.516	8.145	0	1.629	4.887	4.887	14.661	1.629	0	0	8.145	0	0	3.258	0	3.258	11.403	8.145	0	3.258	0	0	3.258	1.629	0	13.032	6.516	16.29	1.629	9.774	0	0	0	0	0	0	1.629	1.629	0	1.629	0	0	0	8.145	3.258	0	6.516	8.145	1.629	1.629	1.629	4.887	0	4.887	1.629	4.887	3.258	0.586	2.672	4.887	1.629	0	0	0	6.516	3.258	1.629	1.629	6.516	3.258	6.516	0	0	4.887	1.629	0	0	0	4.887	0	0	0	0	0	0	1.629	1.629	0	3.258	0	0	1.629	0	0	0	3.258	0	1.629	6.516	1.629	0	0	0	0	4.887	0	1.629	0	4.887	0	0	1.629	0	0	0	0	0	1.629	1.629	1.629	4.887	0	0	1.629	0	1.629	1.629	3.193	0.065	0	0	1.629	0	0	0.521	1.108	0	0	0	4.887	4.887	0	0	1.629	1.629	0	0	0	0	1.629	0	1.629	0	0	0	0	0	0	0	1.629	0	0	1.629	0	0	0	0	0	0	0	1.629	0	0	0	0	0	0	0	0	3.258	0	0	0	0	0	0	0	0	0	0	0	0	0	0	0	0	0	0	0	0	3.258	0	0	0	0	0	1.629	0	0	0	0	0	1.629	0	0	3.258	0	0	0	0	0	0	1.629	0	0	0	0	3.258	0	0	0	50:60,185.48:200,50:80
Ttyh1-NM_001305822	0	0	0	0	0	0	0	0	0	0	0	0	0	0	0	0	0	0	0	0	0	0	0	0	0	0	0	0	0	0	0	0	0	0	0	0	0	0	0	0	0	0	0	0	0	0	0	0	0	0	0	0	0	0	0	0	0	0	0	0	0	0	0	0	3.258	0	0	0	3.258	3.258	3.258	0	0	0	1.629	0	0	0	1.629	0	0	0	0	0	1.629	3.258	0	0	3.258	0	0	6.516	0	0	0	0	0	0	0	0	1.629	6.516	0	0	0	0	1.629	3.258	0.179	4.708	1.629	3.258	3.258	3.258	4.887	1.629	0	3.258	6.516	6.516	3.258	0	10.702	13.732	0	3.258	0	3.258	1.629	0	9.774	14.661	17.919	0	0	8.145	3.258	13.032	16.29	0	1.629	1.629	0	3.258	1.629	0	0	13.032	4.887	1.629	1.629	0	3.258	1.629	1.629	0	1.629	0	0	0	0	1.629	4.887	0	1.629	1.629	1.629	0	0	4.887	0	0	1.629	0	3.258	0	1.629	0	0	0	0	3.258	3.258	0	1.629	3.258	8.145	0	0	0	3.258	1.629	1.629	3.258	0	0	0	1.629	0	4.887	1.629	0	1.629	1.629	1.629	0	1.629	4.887	1.629	0	0	0	0	3.258	1.629	0	3.258	0	0	1.629	0	0	0	0	0	0	0	0	1.629	0	0	0	0	0	1.629	0	0	0	1.629	1.629	4.887	0	0	0	1.629	1.629	1.629	0	0	0	1.629	3.258	0	0	1.629	0	0	8.145	8.145	0	0	0	3.258	1.629	4.887	0	0	0	0	0	0	0	1.629	1.629	0	0	0	1.629	1.629	4.887	1.629	0	0	1.629	0	0	3.258	3.258	4.887	3.258	9.774	6.516	27.693	86.336	63.53	0	3.258	9.774	4.887	3.258	4.887	1.629	11.403	13.032	17.919	17.919	19.548	4.887	22.806	3.258	13.032	3.258	11.403	0	1.629	0	1.629	16.29	4.887	1.629	6.516	16.29	43.982	0	0	0	3.258	1.629	0	0	19.548	6.516	3.258	13.032	6.516	9.774	9.774	4.887	4.887	0	50:60,79.39:200,50:80
Tut7-NM_001373962	0	0	0	0	0	0	0	0	0	1.629	0	0	0	0	0	0	0	0	0	0	0	0	0	0	0	0	0	0	0	0	0	0	0	0	0	0	0	0	0	0	0	0	0	0	0	0	0	0	0	0	0	0	0	0	0	0	0	0	1.629	0	60.272	43.982	42.353	24.435	13.032	4.887	1.629	4.887	8.145	9.774	65.159	29.321	53.756	11.403	29.321	17.919	53.756	17.919	30.95	35.837	27.693	43.982	42.353	42.353	17.919	26.064	17.919	37.466	3.258	4.887	11.403	1.629	13.032	14.661	18.122	22.602	1.629	1.629	6.516	9.774	6.516	6.516	3.258	8.145	17.919	1.629	9.774	1.629	8.145	11.403	0	3.258	9.774	4.887	16.29	9.774	8.145	3.258	3.258	1.629	4.887	17.919	0	3.258	14.661	3.258	14.661	16.29	0	13.032	27.693	13.032	3.258	4.887	4.887	14.661	17.919	5.946	7.086	19.548	8.43	14.376	16.29	4.887	9.774	3.258	6.516	3.258	3.258	12.625	8.552	13.032	13.032	13.032	1.629	3.258	4.887	8.145	9.774	4.887	3.258	4.887	8.145	4.887	13.032	6.516	8.145	3.258	4.887	13.032	6.516	21.177	6.516	8.145	8.145	13.032	3.258	13.032	14.661	1.629	11.403	3.258	4.887	4.887	48.869	17.919	19.548	11.403	1.629	8.145	1.629	4.887	14.661	8.145	14.661	13.032	8.145	8.145	3.258	1.629	3.258	1.629	4.887	3.258	17.919	3.258	17.919	4.887	4.887	11.403	1.629	1.629	1.629	0	3.258	4.887	3.258	0	24.435	1.629	13.032	3.258	3.258	43.982	3.258	4.887	0	0	1.629	1.629	4.887	0	4.887	1.629	6.516	6.516	6.516	1.629	0	0	3.258	3.258	22.806	8.145	6.516	17.919	1.629	3.258	0	6.516	13.032	3.258	6.516	8.063	1.71	0	4.887	1.629	4.887	14.661	0	0	0	6.516	0	1.629	3.258	0	0	0	9.774	17.919	0	0	1.629	4.887	4.887	6.516	4.887	0	0	3.258	0	0	6.516	6.516	6.516	9.774	0	0	6.516	9.774	14.661	0	3.258	0	3.258	4.887	0	1.629	8.145	1.629	0	0	0	1.629	0	1.629	1.629	0	3.258	1.629	3.258	1.629	3.258	0	0	0	0	0	3.258	1.629	4.887	6.516	0	11.403	1.629	1.629	3.258	0	1.629	19.548	1.629	0	0	0	3.258	3.258	0	0	50:60,256.175:200,50:80
Ube2b-NM_001362685	0	16.29	32.579	1.629	11.403	11.403	3.258	21.177	26.064	0	1.629	0	6.516	0	0	0	0	3.258	13.032	6.516	3.258	0	3.258	0	9.774	0	0	0	0	0	0	3.258	0	0	3.258	1.629	0	1.629	3.258	0	0	1.629	1.629	1.629	0	4.887	14.661	0	0	3.258	0	1.629	1.629	0	1.629	0	1.629	4.887	1.629	4.887	8.145	29.321	0	6.516	55.752	140.491	292.449	17.919	50.498	3.258	4.887	17.919	1.629	16.29	40.724	32.579	3.258	6.516	22.806	9.774	1.629	1.629	0	0	9.774	8.145	11.403	100.996	27.693	58.154	49.358	3.258	1.629	27.692	11.403	8.145	16.29	19.548	16.29	26.064	32.579	13.032	19.548	8.145	13.032	37.466	9.774	8.145	6.516	6.516	9.774	14.661	6.516	18.293	11.028	29.321	0	8.145	1.629	1.629	42.353	29.631	29.012	24.435	0	9.774	9.774	0	9.774	13.032	8.145	14.661	13.032	3.258	0	0	3.258	9.774	1.629	0	17.919	8.145	22.806	8.145	47.24	9.774	13.032	19.548	8.145	16.29	0	3.258	9.774	8.145	22.806	17.919	0	3.258	6.516	22.806	3.258	1.629	6.516	0	13.032	4.887	16.29	4.887	0	3.258	13.032	6.516	3.258	0	0	0	13.032	39.095	14.661	3.258	10.825	3.836	0	13.032	9.774	1.629	0	11.403	13.032	9.774	6.516	1.629	6.516	14.384	57.291	21.177	6.516	6.516	3.258	16.29	24.435	1.629	8.145	4.887	8.145	0	8.145	57.014	4.113	7.29	1.629	3.649	12.641	3.258	13.032	1.629	27.693	0	1.629	3.258	21.177	3.258	11.403	37.466	14.661	37.466	0	0	1.629	1.629	29.321	16.29	37.466	1.629	0	9.774	21.177	40.724	1.629	9.774	8.145	13.032	4.887	6.516	1.629	4.887	4.887	13.032	14.661	1.629	3.258	9.839	22.74	4.887	9.774	9.774	16.29	27.693	0	0	6.516	17.919	16.29	0	8.145	4.887	3.258	1.629	1.629	1.629	13.032	0	21.177	14.661	3.258	6.516	19.548	3.258	3.258	8.145	6.516	4.887	1.629	34.208	55.385	144.979	6.516	11.403	13.032	4.887	1.629	4.887	42.353	8.145	24.435	39.095	3.258	4.887	16.29	19.548	3.258	6.516	0	3.258	6.516	0	4.887	1.629	3.258	16.29	4.887	0	9.774	9.774	9.774	3.258	0	1.629	1.629	3.258	0	0	0	0	0	4.887	3.258	0	8.145	4.887	0	1.629	1.629	1.629	6.516	1.629	6.516	1.629	4.887	4.887	50:60,78.245:200,50:80
Ube2h-NM_009459	0	0	0	0	0	0	0	1.629	0	0	0	0	0	0	0	0	0	0	0	0	0	0	0	0	0	0	0	0	0	0	0	0	0	0	0	0	0	0	0	0	0	0	0	0	0	0	0	0	0	0	0	0	0	0	0	0	0	0	0	0	0	11.403	24.435	16.29	14.661	26.064	39.095	22.806	26.064	19.548	4.887	26.064	26.064	1.629	9.774	3.258	13.032	11.403	9.774	3.258	13.032	9.774	4.887	1.629	6.516	11.403	13.032	1.629	8.145	19.548	11.403	27.692	8.145	4.887	6.516	3.258	8.145	14.661	24.435	16.29	14.661	11.403	9.774	8.145	11.403	13.032	8.12	6.54	11.403	3.258	11.403	29.321	29.321	32.579	3.258	14.661	9.774	4.887	24.435	8.145	6.516	14.661	6.516	11.403	14.661	14.661	4.887	6.516	17.919	19.548	32.579	8.145	16.29	24.435	9.774	9.774	26.064	22.806	9.774	13.032	11.403	8.145	26.064	22.806	6.516	19.548	9.774	8.145	11.403	11.403	6.516	21.177	3.258	8.145	4.887	13.032	8.145	21.177	9.774	19.548	1.629	3.258	8.145	6.516	3.258	8.145	4.887	11.403	34.208	11.403	4.887	11.403	11.403	14.661	9.774	3.258	11.403	19.548	0	19.548	9.774	11.403	3.258	19.548	6.516	11.403	9.774	17.919	16.29	11.403	34.208	6.516	11.403	13.032	9.774	9.774	4.887	16.29	11.403	24.435	0	0	11.403	0	1.629	8.145	8.145	57.014	4.887	3.258	1.629	19.548	8.145	27.692	4.887	3.258	14.661	4.887	22.806	1.629	8.145	29.321	13.032	9.774	16.29	9.774	9.774	14.661	17.919	14.661	8.145	21.177	8.145	3.258	26.064	4.887	26.064	8.145	3.258	4.887	3.258	4.887	4.887	9.774	16.29	8.145	27.692	0	3.258	11.403	4.887	8.145	0	0	0	0	9.774	14.661	27.692	78.191	0	4.887	1.629	8.145	1.629	0	11.403	1.629	4.887	8.145	1.629	11.403	1.629	1.629	9.774	3.258	0	0	13.032	0	0	0	0	0	0	17.919	1.629	0	1.629	3.258	4.887	0	0	3.258	0	9.774	0	1.629	1.629	0	1.629	8.145	4.887	6.516	4.887	3.258	8.145	0	0	0	3.258	1.629	0	0	0	0	0	0	0	0	1.629	0	0	4.887	3.258	0	0	0	0	0	0	0	0	0	0	0	0	0	0	0	50:60,466.255:200,50:80
Ubxn4-NM_026390	0	0	0	1.629	1.629	16.29	6.516	4.887	4.887	0	1.629	1.629	4.887	1.629	0	0	0	0	0	0	0	0	4.887	0	0	1.629	1.629	1.629	0	1.629	8.145	1.629	0	3.258	1.629	0	1.629	0	4.887	0	0	0	0	0	9.774	6.516	4.887	0	1.629	8.145	8.145	27.693	8.145	4.887	3.258	4.887	8.145	0	0	3.258	39.437	58.301	56.411	7.119	14.661	22.806	6.516	6.516	6.516	4.887	13.032	21.177	9.774	1.629	6.516	1.629	1.629	9.774	3.258	1.629	0	0	1.629	0	0	1.629	0	1.629	1.629	21.177	11.403	8.145	8.145	9.774	0	3.258	17.544	5.262	0	11.403	1.629	0	52.127	4.887	0	8.145	6.516	1.629	0	0	11.403	3.258	4.887	9.774	0	6.516	21.177	1.629	6.516	1.629	1.629	3.258	1.629	1.629	1.629	1.629	13.032	1.629	8.145	0	6.516	4.887	0	1.629	3.258	3.258	3.258	8.145	6.516	3.258	6.516	0	4.887	0	8.145	17.919	9.774	6.516	22.806	6.516	9.774	1.629	0	11.403	1.629	3.258	6.516	1.629	4.887	0	0	4.887	3.258	0	1.629	1.629	1.629	1.629	0	4.887	6.516	0	6.516	29.321	11.403	6.516	0	1.629	0	0	9.774	4.887	0	6.516	4.887	42.353	1.629	1.629	1.629	0	0	0	3.258	14.661	0	3.258	0	1.629	1.629	11.403	1.629	8.145	4.887	1.629	6.516	9.774	16.29	9.774	3.258	1.629	4.887	4.757	1.759	1.629	0	3.258	11.403	3.258	8.145	11.403	3.258	1.629	0	16.29	3.258	0	0	0	3.258	3.258	0	1.629	4.887	1.629	6.516	4.887	1.629	8.145	4.887	3.258	3.258	6.516	40.724	9.774	11.403	9.774	13.472	6.076	4.887	13.032	40.724	16.29	17.919	8.145	37.466	6.516	14.661	4.887	1.629	16.29	0	0	0	0	0	0	16.29	14.661	0	3.258	6.516	1.629	9.774	1.629	1.629	0	0	0	0	0	0	3.258	9.774	0	22.806	1.629	0	4.887	17.919	3.258	6.516	1.629	0	6.516	13.032	11.403	0	0	0	0	0	3.258	0	0	4.887	1.629	0	1.629	8.145	6.516	0	0	3.258	1.629	1.629	0	0	0	0	0	1.629	1.629	1.629	0	3.258	13.032	4.887	0	1.629	3.258	0	1.629	1.629	3.258	0	0	0	0	0	9.774	50:60,176.21:200,50:80
Vps39-NM_147153	6.516	0	1.629	0	0	3.258	0	1.629	6.516	1.629	3.258	1.629	1.629	1.629	13.032	0	0	3.258	4.887	0	0	0	1.629	0	8.145	0	13.032	9.774	0	0	8.145	1.629	22.806	6.516	8.145	16.29	9.774	1.629	13.032	47.24	4.887	9.774	42.353	27.693	3.258	34.208	9.774	1.629	3.258	8.145	3.258	11.403	4.887	17.919	0	0	0	0	17.919	8.145	205.25	24.435	8.145	6.516	3.258	3.258	8.145	6.516	4.887	4.887	8.145	13.032	4.887	0.635	14.025	0	6.516	4.887	8.145	0	0	0	1.629	0	1.629	1.629	3.258	3.258	8.145	0	3.258	0	4.887	1.629	4.887	1.629	4.887	0	4.887	0	3.258	4.887	0	6.516	1.629	6.516	4.887	3.258	0	1.629	1.629	6.516	6.516	9.432	1.971	4.887	1.629	0	0	3.258	0	4.887	0	1.629	1.629	0	3.258	0	3.258	4.887	6.516	1.629	0	3.258	3.258	0	0	0	1.629	1.629	1.629	1.629	8.145	0	4.887	11.403	11.403	1.629	1.629	4.887	0	6.516	1.629	1.629	1.629	1.629	4.887	6.516	0	0	1.629	1.629	4.887	3.258	0	1.629	0	1.629	0	1.629	4.887	1.629	3.258	4.887	3.258	3.258	8.145	0	0	0	3.258	8.145	0	14.661	6.516	3.258	1.629	1.629	0	3.258	0	0	1.629	0	3.258	4.887	0	1.629	3.258	0	1.629	0	4.887	1.629	1.629	3.258	4.887	0	3.258	3.258	3.258	9.774	9.774	1.629	1.629	0	3.258	11.403	1.629	1.629	1.629	1.629	6.516	0	1.629	8.145	1.629	1.629	9.774	8.145	0	0	0	3.258	9.774	0	1.629	0	0	0	1.629	3.258	0	3.258	0	3.258	3.258	8.145	3.258	3.258	0	4.887	1.629	0	0	9.774	4.887	3.258	13.032	3.258	3.258	0	1.629	0	0	0	0	4.887	0	1.629	0	9.774	3.258	1.629	3.258	3.258	9.774	6.516	26.064	4.887	0	6.516	4.887	1.629	16.29	17.919	11.403	0	0	0	1.629	6.516	0	1.629	3.258	0	4.887	3.258	8.145	0	6.516	6.516	1.629	0	0	1.629	1.629	0	0	0	4.887	1.629	0	0	4.887	0	1.629	1.629	1.629	0	0	0	0	0	0	0	0	1.629	0	0	4.887	0	0	0	1.629	0	3.258	0	0	0	50:60,183.385:200,50:80
Vwa1-NM_147776	0	0	0	0	0	0	1.629	0	0	0	0	0	0	0	0	0	0	0	0	0	0	0	0	0	0	0	0	3.258	0	0	0	0	1.629	0	0	0	0	0	0	0	0	0	0	0	0	0	0	0	0	0	0	0	0	0	0	0	0	0	0	0	1.629	6.516	1.629	3.258	1.629	0	0	0	0	0	1.629	0	0	0	0	0	0	0	0	0	0	0	0	0	0	0	0	0	0	0	0	0	0	0	0	0	0	0	0	0	0	0	0	0	0	0	1.629	0	0	0	0	0	0	0	0	0	0	0	0	0	0	0	0	0	0	0	1.629	0	0	1.629	1.629	0	0	0	0	0	0	0	0	0	0	0	1.629	0	0	1.629	0	0	0	0	1.629	0	0	0	0	0	0	0	0	0	0	0	0	0	0	0	0	0	0	0	0	0	0	0	0	0	0	0	0	0	0	0	0	0	0	0	0	0	0	0	0	0	0	0	0	0	0	2.004	25.689	3.258	1.629	0	1.629	4.887	1.629	0	0	1.629	0	0	0	1.499	1.759	2.59	2.175	0.122	10.743	3.918	0	0	0	1.629	0	0	0	0	0	0	3.258	0	0	0	4.814	0.073	1.629	0	1.629	0	1.629	0	0	0	0	1.629	1.629	3.258	6.516	0	0	4.887	0	0	0	0	0	1.629	0	0	0	0	3.258	0	1.629	0	0	0	0	1.629	0	0	0	0	0	1.629	8.145	0	0	0	0	1.629	1.629	0	0	1.629	0	1.629	1.629	0	0	0	0	0	3.258	0	0	0	0	0	0	0	0	0	0	0	0	0	0	0	0	0	0	0	0	0	0	0	0	0	0	0	0	0	0	0	0	0	0	0	0	0	0	0	0	0	0	0	0	0	0	0	50:60,30.335:200,50:80
Wdr54-NM_023790	0	0	0	0	0	0	0	0	0	0	0	0	0	0	0	0	0	0	0	0	0	0	0	0	0	1.629	0	0	0	0	0	0	0	0	0	0	0	0	0	0	0	0	0	1.629	1.629	0	0	0	0	0	0	0	0	0	0	0	0	0	0	0	0	0	0	1.629	1.629	11.403	1.629	9.774	0	0	0	0	0	0	0	0	0	0	0	1.629	1.629	0	0	0	0	0	0	0	0	0	0	0	0	0	0	0	0	0	0	0	0	0	0	0	0	0	0	0	0	0	0	0	0	0	0	0	1.629	0	0	0	0	0	0	0	0	0	0	0	0	0	0	0	0	0	0	0	0	0	0	0	0	0	0	0	0	0	0	0	0	0	0	1.629	0	0	1.629	0	0	0	0	0	0	0	0	0	0	0	0	0	0	0	0	0	0	0	0	0	0	0	0	0	0	0	0	0	0	0	0	0	0	0	0	0	0	0	0	0	0	0	0	0	0	0	0	0	0	0	0	0	0	0	0	0	0	0	0	0	0	0	0	0	0	0	0	0	0	0	0	0	0	0	0	0	0	0	0	0	0	0	0	0	0	0	0	0	0	1.629	0	0	0	0	0	0	1.629	0	0	0	0	0	0	0	0	0	0	0	0	0	0	0	0	0	1.629	0	0	0	0	0	0	1.629	0	0	0	0	0	0	1.629	0	0	0	0	0	0	0	0	0	0	0	0	0	0	1.629	0	0	0	0	0	0	1.629	0	1.629	0	0	0	0	1.629	0	0	0	0	0	0	0	0	0	1.629	0	3.258	0	0	0	0	0	0	0	0	0	0	0	0	0	0	50:60,18.35:200,50:80
Wdr73-NR_027976	0	1.629	0	0	1.629	0	0	0	3.258	0	0	1.629	1.629	0	3.258	4.887	0	4.887	0	0	0	0	0	3.258	0	1.629	0	0	8.145	0	1.629	6.516	0	0	4.887	3.258	1.629	0	9.774	1.629	1.629	0	0	0	0	0	0	0	17.919	8.145	0	13.032	0	0	16.29	9.774	27.693	1.629	1.629	4.887	99.367	179.187	83.078	91.125	8.243	11.403	0	0	0	32.579	3.258	6.516	8.145	5.359	2.786	13.032	0	3.258	1.629	0	0	0	3.258	0	3.258	0	1.629	14.661	0	8.145	29.322	6.516	0	0	0	0	0	0	12.486	28.238	3.258	6.304	13.244	1.629	0	0	13.032	0	0	0	1.629	0	1.629	4.887	1.629	9.774	8.145	3.258	13.032	3.258	0	0	8.145	17.919	0	1.629	0	0	1.629	0	0	3.258	3.258	0	1.629	3.258	17.568	19.898	0	3.258	0	0	8.145	11.403	4.887	26.064	8.145	1.629	3.258	24.435	0	0	0	0	0	4.887	22.806	8.145	1.629	3.258	0	8.145	4.887	0	0	1.629	1.629	17.919	0	1.629	0	3.258	0	8.145	9.774	3.258	4.887	0	0	4.887	0	0	0	0	3.258	4.887	4.887	0	1.328	0.301	0	0	8.145	3.258	14.661	3.258	4.887	1.629	1.629	0	3.258	6.516	9.774	24.435	0	0	1.629	0	3.258	8.145	4.887	26.064	19.548	8.454	12.722	13.032	9.432	15.003	8.145	3.258	5.441	9.22	3.258	0	0	11.403	11.403	9.774	6.516	1.629	14.148	2.142	3.258	1.629	4.887	8.145	0	0	0	3.258	22.863	1.572	1.629	1.629	4.887	9.774	0	8.145	1.629	9.774	11.403	0	0	0.961	3.926	6.516	0	1.629	0	0	1.629	0	0	0	0	0	0	0	0	0	17.919	11.403	0	32.579	0	4.887	4.887	4.887	14.661	9.774	16.29	114.028	24.435	9.774	14.661	1.629	27.693	29.321	43.982	40.724	9.774	19.548	58.643	26.064	3.258	1.629	8.145	13.032	8.145	27.693	4.887	0	0	0	0	3.258	0	0	0	13.032	16.29	9.774	9.774	0	3.258	1.629	6.516	13.032	11.403	11.403	0	1.629	0	0	6.516	8.145	13.032	4.887	4.887	3.258	0	0	0	0	0	3.258	1.629	9.774	0	4.887	50:60,52.735:200,50:80
Whrn-NM_001008793	0	0	0	0	0	0	0	0	0	0	0	0	0	0	0	0	0	0	0	0	0	0	0	0	0	0	0	0	0	0	0	0	0	0	0	0	0	0	0	0	0	0	0	0	0	0	0	0	0	0	0	0	0	0	0	0	0	0	3.258	26.064	37.466	9.774	0	11.403	8.145	11.403	11.403	4.887	13.032	4.887	8.145	1.629	3.258	1.629	4.887	7.428	0.717	1.629	8.145	3.258	8.145	11.403	0	4.887	3.258	4.887	0	4.887	0	1.629	3.258	1.629	6.516	0	8.145	3.258	4.887	1.629	13.032	0	9.774	3.258	4.887	0	1.629	1.629	6.516	1.629	0	3.258	3.258	3.258	11.403	16.29	4.887	3.258	6.516	3.258	4.887	0	1.629	0	0	1.629	0	0	1.629	0	0	0	0	1.629	6.516	0	3.258	6.516	0	4.887	1.629	0	1.629	0	1.629	6.516	0	4.887	4.887	1.629	3.258	1.629	1.629	1.629	3.258	0	1.629	1.629	3.258	1.629	3.258	0	0	1.629	0	4.887	0	6.516	1.629	0	0	3.258	1.629	0	3.258	0	1.629	3.258	0	0	0	1.629	1.629	1.629	1.629	1.629	0	0	0	1.629	1.629	1.629	1.629	1.629	1.629	1.629	0	1.629	0	3.258	0	0	0	0	1.629	3.258	4.887	9.774	0	1.629	1.629	1.629	1.629	1.629	0	0	8.145	3.258	1.629	0	1.629	1.629	1.629	1.629	4.887	0	0	3.258	1.629	4.887	1.629	0	3.258	0	6.516	6.516	8.145	8.145	19.548	9.774	3.258	22.806	4.887	8.145	14.661	11.403	3.258	6.516	27.155	13.569	6.516	4.887	6.516	0	4.887	6.516	4.887	1.629	3.258	1.629	0	0	0	4.887	0	0	0	3.258	3.258	0	0	3.258	0	0	0	0	0	0	0	0	0	0	0	0	1.629	0	0	0	1.629	0	0	0	0	0	0	1.629	0	0	0	0	1.629	0	0	0	0	0	0	1.629	0	0	0	0	0	3.258	0	0	0	1.629	0	0	0	0	0	0	1.629	0	3.258	0	0	0	0	1.629	0	0	0	0	4.887	0	1.629	0	1.629	0	50:60,405.41:200,50:80
Xiap-NM_001301639	0	0	0	0	0	0	0	0	0	0	0	0	0	0	0	0	1.629	0	0	0	0	0	0	0	3.258	0	0	0	0	0	0	0	0	0	0	0	0	0	0	0	0	0	0	0	0	1.629	0	0	1.629	4.887	27.693	4.887	1.629	4.887	11.403	13.032	6.516	1.629	0	6.516	45.611	0	8.145	6.516	17.919	6.516	24.435	8.145	16.29	16.29	11.403	3.258	13.032	30.95	14.661	8.145	17.919	9.774	6.516	4.887	3.258	0	16.29	3.258	16.29	14.661	4.887	21.177	19.548	13.032	8.145	8.145	8.145	14.661	8.145	19.548	6.516	2.818	0.44	11.403	3.258	14.661	11.403	8.145	1.629	1.629	4.887	1.629	1.629	34.208	8.145	13.032	19.548	0	14.661	14.661	13.032	17.919	9.774	3.258	3.258	1.629	21.177	6.516	3.258	1.629	3.258	0	21.177	13.032	21.177	4.887	3.258	1.629	4.887	4.887	12.698	5.221	0	19.548	6.516	1.629	3.258	0	3.258	4.887	11.403	3.258	0	0	0	1.629	3.258	4.887	4.887	6.516	8.145	8.145	1.629	3.258	8.145	1.629	1.629	1.629	3.258	1.629	8.145	0	0	0	4.887	1.629	11.403	1.629	22.806	15.834	20.004	1.629	22.806	13.032	3.258	1.629	1.629	1.629	19.548	6.516	16.29	6.516	6.516	3.258	21.177	0	4.887	4.887	1.629	1.629	4.887	4.887	0	4.887	3.258	1.629	3.258	3.258	3.258	9.774	19.548	0	0	0	6.516	14.661	0	4.887	1.629	24.435	0	0	8.145	1.629	6.516	1.629	4.887	1.629	9.774	0	1.629	3.258	3.258	0	13.032	3.258	4.887	3.258	0	3.258	0	1.629	1.629	9.774	8.145	1.629	1.629	14.661	4.887	1.629	0	4.887	3.258	13.032	13.032	1.629	0	0	9.774	3.258	6.516	9.774	3.258	1.629	0	4.887	0	0	1.629	0	0	0	0	0	1.629	4.887	0	0	3.258	9.774	1.629	6.516	1.629	4.887	3.258	0	0	0	0	0	0	4.887	21.177	1.629	0	6.516	11.403	1.629	1.629	0	0	0	0	0	1.629	0	0	0	1.629	0	3.258	0	0	0	0	0	0	0	3.258	1.629	0	1.629	0	0	0	0	0	0	3.258	0	1.629	1.629	0	4.887	0	0	1.629	3.258	0	0	0	0	0	0	50:60,206.335:200,50:80
Xlr5c-NM_031493	0	0	0	0	0	0	0	0	0	0	0	0	0	0	0	0	0	0	0	0	0	0	0	0	0	0	0	0	0	0	0	0	0	0	0	0	0	0	0	0	0	1.629	0	0	0	0	0	0	0	0	0	0	0	0	0	0	0	0	0	0	0	0	0	0	0	0	0	0	0	0	0	0	0	0	0	0	0	0	0	0	0	0	0	0	0	0	0	0	0	0	0	0	0	0	0	0	0	0	0	0	0	0	0	0	0	0	0	0	0	0	0	0	0	0	0	0	0	0	0	0	0	0	0	0	0	0	0	0	0	0	0	0	0	0	0	0	0	0	0	0	0	0	0	0	0	0	0	0	0	0	0	0	0	0	0	0	0	0	0	0	0	0	0	0	0	0	0	0	0	0	0	0	0	0	0	0	0	0	0	0	0	0	0	0	0	0	0	0	0	0	0	0	0	0	0	0	0	0	0	0	0	0	0	0	0	0	0	0	0	0	0	0	0	0	0	0	0	0	0	0	0	0	0	0	0	0	0	0	0	0	0	0	0	0	0	0	0	0	0	0	0	0	0	0	0	0	0	0	0	0	0	0	0	0	0	0	0	0	0	0	0	0	0	0	0	0	0	0	0	0	0	0	0	0	0	0	0	0	0	0	0	0	0	0	0	0	0	0	0	0	0	0	0	0	0	0	0	0	0	0	0	0	0	0	0	0	0	0	0	0	0	0	0	0	0	0	0	0	0	0	1.629	0	0	0	0	0	0	0	0	0	0	0	0	0	0	0	0	0	0	0	50:60,26.595:200,50:80
Zbtb5-NM_173399	0	0	0	0	0	0	0	0	0	0	0	0	0	0	0	0	0	0	0	0	0	0	0	0	0	0	0	0	0	0	0	1.629	0	9.774	3.258	4.887	11.403	0	0	1.629	4.887	8.145	0	0	0	9.774	4.887	3.258	0	0	0	0	0	0	0	0	3.258	0	0	3.258	1.629	0	18.082	32.417	40.724	1.629	0	9.774	6.516	3.258	44.552	4.317	4.887	6.516	11.403	1.629	0	0	1.629	1.629	0	0	1.629	0	0	3.258	4.887	1.629	0	0	0	0	0	0	0	0	0	0	0	0	0	0	0	0	0	0	0	0	0	0	0	0	0	0	1.629	1.629	4.887	0	0	0	0	3.258	1.629	0	0	0	0	1.629	1.629	0	4.887	0	8.145	0	0	0	0	6.516	0	0	1.385	1.873	1.629	3.258	3.258	3.258	1.629	0	1.059	0.57	0	0	0	3.258	1.629	0	3.258	0	0	1.629	3.258	1.629	0	1.629	6.516	0	1.629	0	0	1.629	0	0	0	1.629	0	0	0	0	0	1.629	0	3.258	0	0	0	4.887	3.258	0	0	1.629	0	0	0	0	1.629	3.258	1.629	1.629	1.873	3.014	1.629	1.629	4.154	3.991	0	0	0	1.629	4.887	3.258	0	0	0	0	3.258	0	0	6.516	0	1.629	1.629	0	0	0	0	0	0	1.629	1.629	4.887	1.629	0	0	0	0	0	0	0	0	0	0	0	0	3.258	0	0	0	0	0	0	0	0	0	0	0	0	0	0	0	0	0	0	0	1.629	0	0	0	0	0	0	0	0	0	1.629	0	0	4.887	3.258	1.629	3.258	0	1.629	0	0	0	0	8.145	3.258	3.258	0	0	0	0	0	0	0	0	0	1.629	0	3.258	0	0	0	0	0	0	0	0	1.629	0	0	0	0	0	1.629	4.887	1.629	0	0	0	0	0	1.629	0	0	3.258	0	1.629	0	1.629	0	0	0	0	0	0	0	0	0	50:60,105.85:200,50:80
Zc3h15-NM_026934	0	0	0	0	0	0	0	0	0	0	0	0	0	0	0	0	0	0	0	0	0	0	0	0	0	0	0	0	0	0	0	0	0	0	0	0	0	0	0	0	0	0	0	1.629	0	0	0	0	0	0	0	0	0	0	0	0	0	0	6.516	14.661	8.145	3.258	3.258	9.057	18.635	14.661	6.516	6.516	0	6.516	37.466	42.353	11.403	3.258	22.806	0	3.258	8.145	1.629	26.064	11.403	0	0	6.516	17.919	0	13.032	1.629	39.095	19.548	13.032	6.516	27.693	14.661	17.919	17.919	45.611	16.29	3.258	4.887	11.403	9.774	1.629	6.516	24.435	6.516	39.095	6.516	1.629	0	1.629	4.887	9.774	13.032	21.177	1.629	9.774	9.774	1.629	3.258	13.032	4.887	8.145	4.887	9.774	3.046	3.47	9.774	6.516	9.774	6.516	16.29	6.516	3.258	11.403	9.774	8.145	1.629	0	0	1.629	4.887	0	0	4.887	0	0	24.435	6.516	3.258	0	8.145	3.258	9.774	11.403	21.177	6.516	3.258	9.774	0	8.145	3.258	0	4.887	22.806	10.865	16.827	0	0	6.516	0	3.258	4.887	3.258	3.258	13.032	29.321	0	16.29	21.177	6.516	0	0	8.145	0	4.887	3.258	1.629	3.258	6.516	6.516	14.661	0	8.145	4.887	4.887	9.774	8.145	0	3.258	43.982	4.887	3.258	8.145	35.837	3.258	9.774	4.887	0	21.177	4.887	3.258	4.887	9.774	0	0	1.629	0	11.403	32.579	6.516	4.219	2.297	22.806	0	6.516	0	0	6.516	11.647	3.014	0	3.258	0	3.258	6.516	3.258	1.629	19.548	8.145	4.887	1.629	17.919	22.806	58.643	3.258	0	0	0	3.258	1.629	8.145	0	0	0	0	0	3.258	0	8.145	0	0	0	0	0	0	0	0	0	0	0	0	0	14.661	13.032	4.887	0	0	0	0	0	0	1.629	0	0	8.145	3.258	13.032	0	0	0	1.629	0	0	0	1.629	3.258	17.919	6.516	8.145	3.258	1.629	6.516	0	0	0	22.806	0	6.516	1.629	0	4.887	9.774	1.629	0	4.887	1.629	1.629	1.629	0	1.629	1.629	1.629	4.887	4.887	3.258	0	3.258	3.258	1.629	1.629	1.629	13.032	22.806	8.145	1.629	6.516	0	1.629	6.516	50:60,100.195:200,50:80
Zcchc8-NM_027494	0	4.887	0	1.629	0	0	0	0	0	0	1.629	13.032	6.516	0	0	0	0	0	0	6.516	1.629	0	0	3.258	1.629	1.629	0	0	0	1.629	4.887	0	0	0	1.629	0	0	0	0	9.774	0	0	0	0	0	0	0	0	0	0	1.629	3.258	0	0	3.258	0	3.258	1.629	0	1.629	466.586	968.538	0	27.692	3.258	26.064	45.611	27.693	29.321	27.693	6.516	4.887	24.435	17.919	9.774	1.629	66.788	16.29	3.258	29.321	3.258	11.403	1.629	0	19.344	36.041	1.629	14.661	8.145	19.548	9.774	9.774	9.774	26.064	13.032	1.629	3.258	1.629	0	9.774	9.774	24.435	1.629	8.145	4.887	9.774	8.145	16.29	1.629	8.145	8.145	8.145	1.629	0	0	1.629	1.629	1.629	1.629	6.516	6.516	21.177	8.145	3.258	11.403	6.516	9.774	8.145	26.064	1.629	1.629	0	0	0	6.516	60.272	14.661	1.629	0	0	4.887	14.661	6.516	29.321	19.548	22.806	4.887	4.887	22.806	13.032	14.661	4.887	8.145	24.435	8.145	6.516	43.982	1.629	11.403	9.774	0	1.629	3.258	0	6.516	17.919	14.661	6.516	13.032	19.548	0	22.806	1.629	4.887	13.032	3.258	0	13.032	4.887	3.258	3.258	1.629	1.629	11.403	1.629	4.887	0	0	0	4.887	0	4.887	6.516	1.629	3.258	9.774	14.661	22.806	16.29	0	4.887	0	8.145	13.032	9.774	0	6.516	6.516	21.177	1.629	0	40.724	11.403	1.629	11.403	9.774	24.435	0	19.548	14.661	9.774	6.516	11.403	4.887	11.362	8.186	0	4.887	1.629	0	0	13.032	9.774	14.661	13.032	0	0	16.29	6.516	1.629	0	30.95	26.064	13.032	8.145	9.774	1.629	6.516	6.516	9.774	1.629	6.516	6.516	11.403	16.29	1.629	3.258	30.95	8.145	9.774	0	0	0	0	0	1.629	6.516	8.145	17.919	6.516	9.774	14.661	3.258	4.887	8.145	3.258	1.629	6.516	3.258	6.516	14.661	16.29	32.579	6.516	24.435	0	9.774	37.466	6.516	4.887	3.258	0	0	11.403	9.774	8.145	9.774	0	0	1.629	0	0	0	0	0	0	0	0	0	0	0	8.145	1.629	9.774	8.145	0	4.887	0	0	0	0	0	0	0	1.629	0	3.258	0	0	39.095	9.774	6.516	4.887	13.032	0	3.258	14.661	26.064	0	3.258	50:60,113.715:200,50:80
Zfp12-NM_001289589	0	0	0	0	0	0	0	0	0	0	0	0	0	0	0	0	0	0	0	0	0	0	0	0	0	0	0	0	0	0	0	0	0	0	0	0	0	0	0	0	0	0	0	0	0	0	0	0	0	0	0	0	0	0	0	0	0	0	0	0	39.095	4.887	4.887	13.032	0	16.29	6.516	1.629	11.403	11.403	0	4.3	2.215	1.629	1.629	3.258	0	1.629	1.629	6.516	14.661	9.774	8.145	8.145	17.919	9.774	0	4.887	1.629	3.258	4.887	3.258	0	0	0	0	0	0	0	8.145	1.629	0	0	0	1.629	0	1.629	1.629	0	9.774	11.403	0	0	1.629	0	0	0	0	0	0	1.629	0	0	0	3.258	0	1.629	1.629	1.368	1.89	0	1.629	3.258	0	3.258	1.629	1.173	2.085	0	3.258	6.516	3.258	0	1.629	3.258	0	3.258	11.403	0	4.887	4.887	3.258	4.887	3.258	6.516	0	0	1.629	4.887	1.629	1.629	0	4.887	0	0	1.629	6.516	3.258	0	1.629	1.629	1.629	0	0	0	0	13.032	1.629	1.629	0	0	0	3.258	0	6.516	11.403	8.145	0	0	0	6.516	1.629	0	0	0	0	1.629	1.629	1.629	0	0	0	0	1.629	0	0	0	0	1.629	0	0	0	0	0	0	0	1.629	1.629	0	0	3.258	3.258	0	3.258	0	1.629	0	0	1.629	0	0	0	1.629	0	0	0	0	0	0	1.629	0	0	3.258	4.887	3.258	3.258	0	8.145	1.629	5.538	0.977	1.629	0	11.403	4.887	0	4.887	0	0	1.629	0	0	0	1.629	3.258	0	0	0	0	0	0	1.629	0	8.145	0	0	0	1.629	4.887	1.629	1.629	1.629	6.516	14.661	6.516	0	4.887	3.258	0	0	0	1.629	1.629	1.629	3.258	3.258	4.887	0	6.516	6.516	0	0	1.629	1.629	1.629	3.258	14.661	1.629	0	0	0	0	3.258	0	0	1.629	3.258	0	0	0	0	3.258	0	0	3.258	1.629	0	1.629	0	11.403	0	0	4.887	0	0	1.629	3.258	1.629	1.629	0	50:60,68.36:200,50:80
Zfp207-NR_156116	0	0	0	0	0	0	0	0	0	0	0	0	0	0	0	0	0	0	0	0	0	0	0	0	0	0	0	0	0	0	0	0	0	0	0	0	0	0	0	0	0	0	0	0	0	0	0	0	0	0	0	0	0	0	0	0	1.629	0	0	1.629	962.682	138.503	131.458	321.396	125.024	86.498	60.516	30.95	76.195	212.133	23.987	109.1	50.987	29.321	96.109	134.553	13.683	3.258	60.272	4.887	53.756	61.901	17.919	61.901	32.579	16.29	86.335	34.208	48.136	45.122	162.856	72.937	63.53	141.721	11.403	17.919	45.611	61.901	50.498	6.516	50.498	22.806	13.032	0	76.562	11.403	0	27.692	144.979	24.435	8.145	15.312	14.009	22.806	19.955	61.494	16.29	3.258	9.774	13.032	1.629	13.765	5.783	4.887	4.887	8.145	8.674	20.647	70.046	63.53	11.403	9.774	66.788	17.919	24.435	0	1.629	13.032	58.643	27.692	70.046	6.516	37.466	122.01	36	6.516	6.231	48.503	5.539	12.625	25.575	74.2	0	0	1.629	105.883	77.498	109.833	1.629	14.661	0	4.887	13.032	9.774	17.919	3.258	2.688	15.231	3.258	6.516	18.285	7.778	0	13.032	24.435	6.842	46.914	45.693	68.376	104.213	71.675	17.919	37.466	13.032	30.95	17.919	24.435	0	1.629	16.29	6.516	14.661	13.032	4.887	47.24	37.466	66.788	45.611	17.919	91.222	1.629	79.82	138.178	91.508	45.611	35.837	8.145	152.472	113.947	36.57	13.032	11.403	9.774	58.643	22.806	66.788	130.318	3.258	14.661	3.258	21.177	61.901	44.756	78.883	0.163	24.435	6.516	13.032	26.064	1.629	25.616	11.362	18.407	16.29	26.064	17.919	17.919	11.403	9.774	117.286	13.032	17.919	21.177	24.435	37.466	13.032	13.032	32.579	34.656	9.326	19.548	13.032	27.693	6.516	44.389	71.268	11.403	83.322	30.706	6.516	17.919	0	8.145	45.611	3.258	11.403	0	6.516	4.887	66.788	4.887	4.887	21.177	11.403	4.887	0	19.548	47.24	22.806	22.806	37.466	8.145	14.661	3.258	30.95	0	39.095	125.431	224.798	125.431	76.562	0	6.516	17.919	40.724	9.774	0	0	0	35.837	52.127	118.915	14.661	0	11.403	0	0	17.919	16.29	16.29	8.145	29.321	4.887	8.145	11.403	42.353	24.435	11.403	37.466	1.629	19.548	45.611	1.629	6.516	21.177	17.919	66.788	9.774	39.095	34.208	68.417	26.064	1.629	9.774	27.693	9.774	11.403	11.403	0	24.435	50:60,112.975:200,50:80
Zfp330-NM_001368343	0	0	0	0	0	0	0	0	0	0	0	0	0	0	0	0	0	0	0	0	0	0	0	0	0	0	0	0	0	0	0	0	0	0	1.629	0	0	0	0	0	0	0	0	0	0	0	0	0	0	0	1.629	0	1.629	3.258	0	0	0	0	0	8.145	34.208	11.403	17.919	0	16.29	19.548	0	9.774	29.321	6.516	53.756	14.661	11.403	11.403	8.145	3.258	1.629	35.837	6.516	11.403	30.95	0	0	3.258	6.516	16.29	1.629	1.629	8.145	0.652	5.864	4.887	0.195	3.062	0	0	4.887	8.666	7.624	42.353	11.794	11.012	43.982	6.516	26.064	12.12	12.315	4.887	0.586	5.929	8.145	0	1.629	4.887	0	1.629	4.887	0	1.629	0	0	1.629	1.629	0	6.516	0	1.629	3.258	0	0	9.774	0	6.06	8.601	14.661	5.929	0.586	4.757	0.13	11.403	3.258	9.774	1.629	3.258	0	1.629	1.629	0	4.887	0	0	0	0	17.919	6.516	0	0	0	3.258	1.629	0	0	4.887	19.548	6.516	8.145	1.629	6.516	11.403	0	14.661	1.629	0	0	0	0	1.629	1.629	0	6.516	0	3.258	3.258	3.258	13.032	4.887	1.629	9.774	4.887	1.629	2.997	8.405	0	6.516	1.629	3.258	13.032	2.15	1.108	0	0	1.629	3.258	4.887	4.887	1.629	1.629	0	3.258	3.258	3.258	0	1.629	4.887	9.774	6.516	0	8.145	3.258	22.806	3.258	4.887	1.629	1.629	1.629	8.145	3.062	3.453	1.629	0	3.258	3.258	0	0	0	0	11.403	1.629	1.629	0	1.629	10.556	35.251	6.32	27.693	0	0	0	0	0	1.629	8.145	0	0	0	0	0	0	0	1.629	0	1.629	1.629	1.629	3.258	0	14.661	29.321	1.629	8.145	9.774	21.177	22.806	13.032	4.887	22.806	32.579	3.258	32.579	8.145	9.774	48.869	11.403	11.403	11.403	11.403	21.177	9.774	37.466	6.516	0	1.629	3.258	0	8.145	11.403	52.127	35.837	8.145	9.774	6.516	3.258	1.629	1.629	9.774	8.145	6.516	4.887	3.258	11.403	6.516	4.887	0	3.258	9.774	19.548	8.145	4.887	14.661	6.516	1.629	0	0	6.516	0	4.887	0	4.887	1.629	6.516	3.258	3.258	1.629	0	0	0	0	0	0	1.629	50:60,52.64:200,50:80
Zfp33b-NM_001346671	0	0	0	0	0	0	0	0	0	0	0	0	0	0	0	0	0	1.629	0	0	0	0	0	0	0	0	0	0	0	0	0	0	0	0	0	0	0	0	0	0	0	0	0	0	0	0	0	0	0	0	0	0	0	0	0	0	0	0	0	0	0	6.516	4.887	0	0	0	0	1.629	0	0	0	0	1.629	0	1.629	0	1.629	1.629	0	0	9.774	1.629	3.258	0	0	1.629	0	0	0	0	1.629	0	0	0	0	0	0	0	0	0	0	4.887	4.887	0	0	0	0	0	1.629	1.629	0	0	0	1.629	8.145	11.403	0	1.629	0	0	0	3.258	0	0	0	0	0	0	1.629	1.629	0	0	0	0	0	0	0	0	0	0	0	0	0	0	0	24.435	1.629	0	1.629	4.887	4.887	0	0	0	0	0	0	0	0	1.629	0	0	1.629	0	0	0	0	0	0	0	0	0	0	0	0	0	0	0	0	0	3.258	0	0	0	0	0	0	0	0	0	0	0	1.629	0	0	0	0	0	0	0	0	0	0	0	0	0	0	0	1.629	0	0	0	0	0	1.629	1.629	0	0	0	0	0	0	0	0	1.629	0	0	0	0	0	0	0	0	0	0	0	0	1.629	0	0	0	0	0	1.629	0	0	0	0	0	1.629	0	1.629	0	1.629	3.258	4.887	0	0	0	0	0	0	0	0	0	4.887	3.258	3.258	8.145	13.032	17.919	0	8.145	0	1.629	0	0	3.258	0	1.629	3.258	0	0	8.145	22.806	27.692	0	57.014	9.774	1.629	29.322	9.774	1.629	0	8.145	4.887	0	4.887	0	0	0	6.516	16.29	0	11.403	1.629	1.629	8.145	3.258	8.145	14.661	4.887	4.887	0	4.887	11.403	14.661	0	0	1.629	0	4.887	0	0	0	16.29	6.516	0	17.919	16.29	9.774	1.629	0	1.629	0	1.629	3.258	0	0	4.887	50:60,64.745:200,50:80
Zfp385b-NM_001113399	3.258	0	0	0	0	0	0	0	0	0	0	0	0	0	0	0	0	0	0	0	0	0	0	0	0	0	0	0	0	0	0	0	0	0	0	0	0	0	0	0	0	0	0	0	0	0	0	0	0	0	0	0	0	0	0	0	0	0	0	0	0	0	0	0	0	0	0	0	0	3.258	0	0	0	0	0	0	0	0	0	0	0	0	0	0	0	0	1.629	0	0	0	0	0	0	0	0	0	0	0	0	0	0	0	0	0	0	0	0	1.629	0	6.516	0	0	1.629	0	0	0	0	0	0	0	0	0	0	0	3.258	0	1.629	0	0	0	0	1.629	0	0	0	0	0	0	0	9.774	3.258	0	0	0	0	0	0	0	0	0	0	1.629	0	0	0	0	1.629	0	0	0	0	0	0	0	0	0	0	0	0	11.403	0	0	0	0	0	0	0	0	0	0	0	0	0	0	0	4.887	0	0	0	0	0	0	0	0	8.145	0	0	0	0	1.629	0	0	0	1.629	0	0	0	1.629	0	0	1.629	0	0	0	0	0	0	0	0	0	0	0	0	0	0	0	0	0	0	0	0	0	0	0	0	0	1.629	0	0	0	0	0	0	0	0	0	0	0	1.629	0	0	0	0	0	0	0	0	0	3.258	21.177	0	0	0	0	1.629	1.629	0	0	0	0	1.629	0	0	0	0	0	0	0	3.258	1.629	0	1.629	0	0	0	0	0	0	0	0	0	0	0	0	0	0	0	0	0	0	0	0	0	0	0	0	0	0	0	0	0	0	0	0	0	0	0	0	0	0	0	0	0	0	0	0	0	0	0	0	0	0	0	0	0	0	0	0	0	0	50:60,1463.205:200,50:80
Zfp385b-NM_178723	0	0	0	0	0	0	0	0	0	0	0	0	0	0	0	0	0	0	0	0	0	0	0	0	0	0	0	0	0	0	0	0	0	0	0	0	0	0	0	0	0	0	0	0	0	0	0	0	0	0	0	0	0	0	0	0	0	0	0	0	1.629	3.258	1.629	0	0	0	0	0	0	3.258	0	0	0	0	1.629	1.629	0	0	0	0	0	1.629	0	1.629	0	1.629	0	3.258	1.629	0	0	9.774	3.258	0	0	3.258	0	1.629	0	0	1.629	1.629	0	0	0	0	0	0	0	0	0	1.629	1.629	1.629	3.258	0	0	0	0	0	0	0	3.258	0	0	0	0	0	0	0	0	0	0	0	0	1.629	0	0	0	0	0	0	0	0	0	0	0	0	0	0	1.629	6.516	0	1.629	0	0	0	0	0	0	0	0	3.258	1.629	0	0	0	1.629	0	0	0	0	1.629	11.403	0	0	0	0	0	0	0	1.629	0	0	0	1.629	0	0	0	0	0	0	0	0	11.403	0	0	0	0	0	0	0	0	0	0	0	4.887	0	0	0	0	0	8.145	0	0	0	1.629	0	0	1.629	0	0	1.629	0	1.629	0	0	0	0	0	0	0	0	0	0	0	0	0	0	0	0	0	1.629	0	0	0	0	0	0	0	0	1.629	0	0	0	0	0	0	0	24.435	0	0	0	0	1.629	1.629	0	0	0	0	1.629	0	0	0	0	0	0	0	3.258	1.629	0	1.629	0	0	0	0	0	0	0	0	0	0	0	0	0	0	0	0	0	0	0	0	0	0	0	0	0	0	0	0	0	0	0	0	0	0	0	0	0	0	0	0	0	0	0	0	0	0	0	0	0	0	0	0	0	0	0	0	0	0	50:60,2030.925:200,50:80
Zfp467-NM_020589	0	0	0	0	0	0	0	0	0	0	0	0	0	0	0	0	0	0	0	0	0	0	0	0	0	0	0	0	0	0	0	0	0	0	0	0	0	0	0	0	0	0	0	0	0	0	0	0	0	0	0	0	0	0	0	1.629	0	0	0	0	0	0	0	0	1.629	0	0	0	0	0	0	0	0	0	0	0.065	1.564	0	0	0	0	0	1.629	0	0	0	0	0	0	0	0	0	0	0	0	0	0	0	6.516	3.258	0	1.629	0	0	1.629	1.629	1.629	0	0	0	1.629	0	0	1.629	0	0	0	0	0	0	0	0	0	1.629	0	0	0	0	0	0	0	0	0	0	0	0	0	0	0	0	0	0	0	0	0	0	0	0	0	0	0	0	0	0	0	0	0	0	0	1.629	0	0	0	0	0	0	0	0	0	0	0	0	0	0	0	0	0	0	0	0	0	0	0	0	0	0	1.629	0	0	0	0	1.629	0	0	0	0	0	1.629	0	0	0	0	0	0	0	0	0	0	0	0	1.629	0	0	0	0	0	0	0	0	0	0	0	0	0	0	0	0	0	0	0	0	0	0	0	0	0	0	0	1.629	0	0	0	0	0	0	0	0	0	1.629	0	0	1.629	0	0	0	0	0	1.417	0.212	0	3.258	0	0	0	0	0	0	0	0	0	0	3.258	3.258	0	0	0	0	1.629	1.629	0	0	0	0	0	0	0	0	0	1.629	0	0	0	0	0	0	0	0	0	0	0	0	0	0	0	0	0	0	0	0	0	0	0	0	0	0	0	0	1.629	0	0	0	0	0	0	1.629	1.629	0	0	0	0	0	0	0	0	0	0	0	0	0	0	50:60,46.065:200,50:80
Zfp609-NM_172536	4.887	1.629	0	0	0	4.887	0	1.629	6.516	1.629	4.887	0	3.258	0	0	0	1.629	0	1.629	0	1.629	8.145	3.258	1.629	0	14.661	4.887	6.516	1.629	0	3.258	8.145	3.258	3.258	3.258	1.629	3.258	11.403	13.032	9.774	6.516	17.919	17.919	8.145	0	0	3.258	1.629	11.403	1.629	1.629	1.629	4.887	4.887	0	0	1.629	0	0	1.629	109.141	22.806	19.548	34.208	42.353	29.321	4.887	19.548	9.774	6.516	19.548	6.516	16.29	14.661	13.032	13.032	26.064	42.353	16.29	29.321	21.177	21.177	9.774	4.887	24.435	16.29	14.661	6.516	34.208	9.774	13.032	13.032	22.806	8.145	14.661	21.177	21.177	3.258	3.258	17.919	21.177	13.032	14.661	19.548	14.661	6.516	16.29	8.145	14.661	24.435	24.435	13.032	32.579	32.579	29.321	8.145	22.806	17.919	17.919	30.95	21.177	8.145	13.032	16.29	16.29	17.919	14.661	16.29	16.29	13.032	22.806	14.661	19.548	8.145	34.208	32.579	19.548	17.919	13.032	3.258	17.919	9.774	24.435	8.145	17.919	13.032	8.145	4.887	45.611	19.548	8.145	1.629	19.548	16.29	9.774	22.806	4.887	24.435	11.403	8.145	27.692	9.774	8.145	6.516	22.806	14.661	16.29	0	4.887	8.145	9.774	29.321	3.258	19.548	6.516	6.516	8.145	14.661	1.629	8.145	13.032	19.548	8.145	3.258	22.806	6.516	6.516	6.516	9.774	3.258	11.403	9.774	11.403	11.403	13.032	1.629	32.579	9.774	9.774	13.032	3.258	3.258	13.032	4.887	3.258	16.29	9.774	9.774	4.887	3.258	3.258	9.774	8.145	8.145	17.919	21.177	4.887	9.774	6.516	9.774	3.258	4.887	4.887	3.258	3.258	9.774	13.032	4.887	6.516	6.516	22.806	14.661	4.887	6.516	6.516	4.887	13.146	12.918	3.258	6.516	3.258	13.032	13.032	8.145	6.516	17.919	17.919	22.806	34.208	3.258	24.435	6.516	14.661	14.661	16.29	8.145	22.806	3.258	21.177	11.403	0	0	0	0	1.629	0	1.629	1.629	0	0	0	0	0	0	1.629	9.774	6.516	3.258	0	0	0	0	0	4.887	0	0	0	0	0	0	0	0	0	0	0	0	0	0	0	0	0	0	0	0	0	0	0	0	0	0	1.629	0	16.29	1.629	0	0	0	0	1.629	1.629	4.887	0	0	0	0	1.629	3.258	1.629	6.516	0	0	0	0	0	0	0	0	0	1.629	1.629	50:60,679.91:200,50:80
Zfp637-NM_001346652	0	0	0	0	0	0	0	0	0	0	0	0	0	0	0	0	0	0	0	0	0	0	0	0	0	0	0	0	0	0	0	0	0	0	0	0	0	0	0	0	0	0	0	0	0	0	0	0	0	0	1.629	0	0	0	0	0	0	0	4.887	26.064	30.95	4.887	0	0	0	1.629	1.629	0	0	0	0	1.629	3.258	0	3.258	0	0	1.629	1.629	1.629	1.629	1.629	4.887	1.629	0	0	1.629	0	0	0	0	1.629	1.629	6.516	1.629	0	0	0	0	1.629	1.629	0	0	0	0	0	1.629	0	0	0	0	0	0	0	0	0	1.629	0	0	1.629	0	0	0	0	1.629	0	0	3.258	0	0	0	0	0	0	0	0	0	0	0	0	0	0	0	0	0	0	0	0	0	0	0	0	0	0	0	0	1.629	0	0	0	0	0	0	0	1.629	0	0	0	0	0	0	0	0	0	1.629	1.629	0	3.258	0	0	0	0	0	0	1.629	0	0	0	0	0	0	0	0	0	0	0	0	0	0	1.629	0	0	0	0	0	0	0	0	0	0	0	0	0	0	0	1.629	0	0	0	0	0	0	0	0	0	0	0.497	1.132	0	0	0	0	0	0	0	0	0	0	0	0	0	0	0	0	0	0	0	0	1.629	0	0	0	0	0	0	0	0	0	0	0	0	0	1.629	0	0	0	0	0	0	1.629	3.258	6.516	0	0	0	0	0	0	4.887	1.629	0	0	3.258	0	0	0	0	0	0	0	0	0	0	0	0	0	0	1.629	0	0	0	0	0	0	0	0	0	0	0	1.629	0	0	1.629	0	0	0	0	1.629	0	0	0	1.629	0	0	0	0	0	0	1.629	0	0	0	0	0	0	0	0	0	0	0	50:60,23.415:200,50:80
Zfp668-NM_001362189	0	0	0	0	0	0	0	0	0	0	0	0	0	0	0	0	0	0	0	0	0	0	0	0	0	0	0	0	0	0	0	0	0	0	0	0	0	0	0	0	0	0	0	0	0	0	0	0	0	0	0	0	0	1.629	4.887	0	1.629	0	0	8.145	92.851	3.258	9.774	19.548	6.516	3.258	1.629	0	4.887	10.751	20.199	3.258	22.806	11.403	29.321	30.95	3.258	9.774	11.403	19.548	61.901	16.29	1.629	0	0	9.774	9.774	34.208	6.516	45.611	14.661	4.887	6.516	9.774	4.887	3.258	3.258	3.258	1.629	0	0	0	22.806	1.629	3.258	1.629	3.258	21.177	57.014	21.177	40.724	0	0	8.145	4.887	21.177	30.95	6.516	0	1.629	8.145	30.95	39.095	0	17.919	9.774	0	0	0	6.516	4.887	0	0	1.629	13.032	6.516	9.774	1.629	0	4.887	11.403	17.919	8.08	13.162	30.885	72.978	18.244	27.692	6.516	6.516	0	34.208	1.629	21.177	17.919	30.95	16.29	14.661	1.629	13.032	24.435	19.939	48.771	1.336	1.629	13.032	0	6.516	1.629	0	4.887	1.629	8.145	4.887	11.403	13.032	35.837	21.177	91.45	19.645	11.077	0	14.661	14.661	27.692	9.774	4.887	14.661	9.774	50.498	4.887	0	1.629	3.258	1.629	6.516	24.793	12.673	0	9.774	29.321	1.629	3.258	8.145	1.629	4.887	3.258	1.629	26.064	3.258	4.887	0	8.145	6.516	11.891	6.027	5.571	0.945	0	9.774	8.145	6.516	3.258	6.516	8.145	0	4.887	6.516	0	6.516	1.629	1.629	8.145	0	1.629	4.887	6.516	4.887	3.258	1.629	4.887	6.516	3.258	0	0	4.887	0	0	0	1.629	0	0	3.258	1.629	0	4.887	3.258	0	3.258	0	0	0	1.629	0	0	0	0	0	0	1.629	0	0	0	3.258	0	0	0	0	0	0	0	0	0	0	0	0	1.629	0	0	0	0	0	0	0	0	0	0	0	0	0	0	1.629	0	0	0	0	0	0	0	0	0	0	0	0	0	0	0	1.629	0	0	0	0	0	0	1.629	1.629	3.258	0	0	0	0	0	0	1.629	0	0	0	0	0	0	50:60,79.06:200,50:80
Zfp691-NM_183140	0	0	0	0	0	0	0	0	0	0	0	0	0	0	0	0	0	0	0	0	0	1.629	0	0	0	0	0	0	0	0	0	0	0	0	0	0	0	0	0	0	0	0	0	0	0	0	0	0	0	0	0	0	0	43.982	55.385	50.498	1.629	1.629	0	1.629	16.29	0	0	3.258	0.774	0.855	0	0	0	6.516	1.629	4.887	3.258	4.887	3.258	1.629	0	1.629	0	3.258	0	0	0	0	0	0	0	0	0	0	0	0	0	0	1.629	3.291	2.761	0.464	0	0	1.629	0	0	3.258	0	0	0	4.887	4.887	0	0	0	0	0	0	0	0	0	0	0	0	0	0	0	0	0	0	0	0	0	0	0	0	0	0	0	1.629	0	0	0	1.629	0	0	0	0	0	1.629	0	0	0	0	1.629	0	1.629	0	1.629	1.629	1.629	0	1.629	3.258	4.887	8.145	0	3.258	0	4.887	0	0	1.629	0	0	0	0	0	0	0	0	0	0	0	0	0	0	0	0	0	1.629	1.629	0	0	0	0	0	0	0	0	0	0	0	0	3.258	0	0	0	0	0	0	0	0	0	0	1.629	0	0	1.629	0	0	0	0	0	0	0	0	0	0	0	0	0	0	0	0	0	0	0	0	0	0	0	0	0	0	0	0	0	0	0	0	0	1.629	0	0	0	1.352	0.277	0	0	0	0	0	11.403	11.403	3.258	3.258	0	3.258	0	1.629	0	6.516	1.629	4.887	0	1.629	0	0	3.258	0	0	4.887	4.887	3.258	1.629	3.258	0	3.258	0	0	0	0	0	1.629	3.258	3.258	1.629	0	0	0	0	0	1.629	0	0	1.629	1.629	0	1.629	0	0	0	0	0	0	0	0	0	0	0	0	0	0	0	0	1.629	0	0	0	0	0	0	0	0	0	0	0	0	0	0	0	0	50:60,21.695:200,50:80
Zfp78-NM_001112805	0	0	0	0	0	0	0	0	0	0	0	0	0	0	0	0	0	1.629	0	1.629	0	0	0	0	0	0	0	0	0	0	0	0	0	0	0	0	0	0	0	0	0	0	0	0	0	0	0	0	0	0	0	0	0	0	0	1.629	1.629	3.258	0	0	61.933	113.995	27.693	1.629	17.919	1.629	3.258	3.258	13.032	8.145	14.661	1.629	0	4.887	9.774	0	6.516	1.629	70.046	0	1.629	4.887	1.629	1.629	3.258	0	0	1.629	3.258	0	0	0	0	0	0	4.887	0	1.629	0	3.258	11.403	11.403	17.919	3.258	4.887	0	3.258	1.629	1.629	0	0	0	3.258	1.629	0	0	9.774	3.258	3.258	0	1.629	0	0	0	0	0	0	1.629	14.661	14.661	0	3.258	0	3.258	0	1.629	0	1.629	1.629	1.629	3.258	0	0	0	0	0	0	0	0	0	0	0	1.629	4.887	0	3.258	3.258	4.887	0	0	0	0	0	1.629	1.629	0	4.887	0	0	0	0	0	0	0	0	3.258	0	0	0	0	0	0	3.258	3.258	0	1.629	0.22	3.038	0	1.629	1.629	0	0	0	0	0	0	0	1.629	0	1.629	0	0	4.887	0	0	0	1.629	1.629	0	3.258	0	0	3.258	3.258	1.629	0	0	0	0	0	0	13.032	3.258	0	2.704	5.441	0	1.629	0	3.258	0	1.629	0	0	0	0	0	1.629	1.629	0	0	3.258	0	1.629	6.516	0	0	0	0	0	0	0	0	0	8.145	1.629	0	22.806	1.629	0	1.629	0	0	0	0	0	0	0	0	0	0	0	0	4.887	11.403	9.774	6.516	0	1.629	6.516	1.629	0	0	0	0	0	0	0	1.629	0	0	0	0	0	0	0	0	0	0	0	0	0	0	0	0	0	0	1.629	0	1.629	0	0	0	0	0	1.629	1.629	0	0	0	3.258	0	0	0	0	0	0	1.629	0	0	0	0	0	0	0	0	0	0	1.629	50:60,96.505:200,50:80
Zglp1-NM_001103168	0	0	1.629	0	1.629	0	0	0	0	1.629	0	0	0	0	0	1.629	13.032	8.145	3.258	11.403	0	9.774	1.629	0	0	27.693	27.693	6.516	0	0	3.258	0	0	9.774	55.385	1.629	19.548	3.258	17.919	1.629	0	0	1.629	1.629	1.629	0	0	1.629	1.629	0	0	3.258	0	0	3.258	3.258	0	1.629	1.629	3.258	5.71	28.499	9.774	6.516	14.661	3.258	1.629	4.887	14.661	8.145	0	3.258	1.629	0.114	2.452	0.692	0	0.147	4.74	4.887	8.145	0	3.258	0	0	0	0	0	0	0	3.258	3.258	0	1.629	11.403	1.629	3.258	0	0	0	1.629	4.887	8.145	3.258	0	3.258	0	0	0	1.629	1.629	0	0	1.629	3.258	0	0	6.516	1.629	0	0	0	0	1.629	0	4.887	1.629	3.258	1.629	0	0	0	0	0	3.258	0	0	0	0	0	3.258	1.629	0	1.629	1.507	0.122	0	0	0	1.629	1.629	0	0	0	4.887	0	0	0	0	0	0	0	0	1.629	1.629	0	0	1.629	0	0	0	0	1.629	0	0	0	0	0	0	0	0	0	0	0	4.887	3.258	0	0	0	1.629	3.258	1.629	1.629	0	1.629	0	1.629	0	0	0	0	0	0	0	0	0	0	0	0	0	0	0	0	3.258	3.258	0	0	0	0	0	0	0	0	0	3.258	0	0	0	0	0	0	0	8.145	3.258	1.629	0	0	0	0	0	4.887	1.629	0	0	0	0	0	0	1.629	0	0	4.887	0	0	0	0	0	0	0	0	3.258	3.258	3.258	1.629	9.774	1.629	11.403	0	4.887	4.887	0	0	0	0	0	1.629	1.629	0	14.661	9.774	0	0	0	0	1.629	1.629	8.145	4.887	0	3.258	0	4.887	0	0	6.516	4.887	0	0	1.629	9.774	0	0	0	0	3.258	0	0	0	0	0	0	0	1.629	0	1.629	0	0	0	0	0	0	0	0	0	0	0	0	0	0	0	0	0	0	0	0	0	0	0	0	0	50:60,23.505:200,50:80
Zhx2-NM_199449	0	0	0	0	0	0	0	0	0	0	0	0	0	0	0	0	0	0	0	0	0	0	0	0	0	0	0	0	0	0	0	0	0	0	0	0	0	0	0	0	0	0	0	0	0	0	0	0	0	0	0	0	0	0	0	0	0	0	0	0	1.629	4.887	6.516	6.516	1.629	3.258	1.629	3.258	8.145	4.887	4.887	0	4.887	3.258	4.887	11.403	6.516	1.629	3.258	14.661	1.629	0	0	6.516	1.629	0	0	0	3.258	0	1.629	6.516	8.145	3.258	3.258	0	0	0	4.887	3.258	1.629	0	3.258	3.258	0	3.258	8.145	0	0	0	1.629	1.629	0	1.629	1.629	1.629	0	0	0	1.629	1.629	0	0	1.629	0	3.258	0	1.629	0	3.258	11.403	1.629	0	0	0	3.258	3.258	4.887	3.258	3.258	1.629	0	1.629	1.629	1.629	0	3.258	0	3.258	0	4.887	0	3.258	6.516	0	8.145	3.258	3.258	0	3.258	4.887	4.887	3.258	3.258	1.629	1.629	0	0	0	4.887	1.629	6.516	4.887	0	3.258	0	1.629	0	4.887	0	1.629	1.629	1.629	0	1.629	3.258	1.629	1.629	0	0	1.629	1.629	0	0	1.629	11.403	14.661	6.516	0	1.629	0	3.258	1.629	1.629	1.629	0	0	0	0	1.629	1.629	4.887	1.629	1.629	1.629	0	1.629	0	3.258	1.629	1.629	0	3.258	0	0	0	0	3.258	0	1.629	1.629	0	0	1.629	1.629	1.629	0	0	0	1.629	0	0	0	0	0	0	0	0	0	0	3.258	3.258	0	0	4.887	1.629	0	9.774	1.629	1.629	0	0	0	0	0	0	0	0	0	0	0	4.887	0	0	0	0	0	0	0	0	0	0	0	0	0	0	1.629	0	0	0	0	0	0	0	0	0	0	0	0	0	1.629	0	0	0	0	0	0	0	0	0	0	0	0	0	0	0	0	0	0	0	0	0	0	0	0	0	0	0	0	0	0	0	0	0	0	0	0	0	0	0	50:60,725.83:200,50:80
Zpld1-NM_178720	0	0	0	0	0	0	0	0	0	0	0	0	0	0	0	0	0	0	0	0	0	0	0	0	0	0	0	0	0	0	0	0	0	0	0	0	0	0	0	0	0	0	0	0	0	0	0	0	0	0	0	0	0	0	0	0	0	0	0	0	0	0	0	0	0	0	0	0	0	0	0	0	0	0	0	0	0	0	0	0	0	0	0	0	0	0	0	0	0	0	0	0	0	0	0	0	0	0	0	0	0	0	0	0	0	0	0	0	0	0	0	0	0	0	0	0	0	0	0	0	0	0	0	0	0	0	0	0	0	0	0	0	0	0	0	0	0	0	0	0	0	0	0	0	0	0	0	0	0	0	0	0	0	0	0	0	0	0	0	0	0	0	0	0	0	0	0	0	0	0	0	0	0	0	0	0	0	0	0	0	0	0	0	0	0	0	0	0	0	0	0	0	0	0	0	0	0	0	0	0	0	0	0	0	0	0	0	0	0	0	0	0	0	0	0	0	0	0	0	0	0	0	0	0	0	0	0	0	0	0	0	0	0	0	0	0	0	0	0	0	0	0	0	0	0	0	0	0	0	0	0	0	0	0	0	0	0	0	0	0	0	0	0	0	0	0	0	0	0	0	0	0	0	0	0	0	0	0	0	0	0	0	0	0	0	0	0	0	0	0	0	0	0	0	0	0	0	0	0	0	0	0	0	0	0	0	0	0	0	0	0	1.629	0	0	0	0	0	0	0	0	0	0	0	0	0	0	0	0	0	0	0	0	0	0	0	0	0	0	0	0	50:60,290.315:200,50:80
