ID	B1	B2	B3	B4	B5	B6	B7	B8	B9	B10	B11	B12	B13	B14	B15	B16	B17	B18	B19	B20	B21	B22	B23	B24	B25	B26	B27	B28	B29	B30	B31	B32	B33	B34	B35	B36	B37	B38	B39	B40	B41	B42	B43	B44	B45	B46	B47	B48	B49	B50	B51	B52	B53	B54	B55	B56	B57	B58	B59	B60	B61	B62	B63	B64	B65	B66	B67	B68	B69	B70	B71	B72	B73	B74	B75	B76	B77	B78	B79	B80	B81	B82	B83	B84	B85	B86	B87	B88	B89	B90	B91	B92	B93	B94	B95	B96	B97	B98	B99	B100	B101	B102	B103	B104	B105	B106	B107	B108	B109	B110	B111	B112	B113	B114	B115	B116	B117	B118	B119	B120	B121	B122	B123	B124	B125	B126	B127	B128	B129	B130	B131	B132	B133	B134	B135	B136	B137	B138	B139	B140	B141	B142	B143	B144	B145	B146	B147	B148	B149	B150	B151	B152	B153	B154	B155	B156	B157	B158	B159	B160	B161	B162	B163	B164	B165	B166	B167	B168	B169	B170	B171	B172	B173	B174	B175	B176	B177	B178	B179	B180	B181	B182	B183	B184	B185	B186	B187	B188	B189	B190	B191	B192	B193	B194	B195	B196	B197	B198	B199	B200	B201	B202	B203	B204	B205	B206	B207	B208	B209	B210	B211	B212	B213	B214	B215	B216	B217	B218	B219	B220	B221	B222	B223	B224	B225	B226	B227	B228	B229	B230	B231	B232	B233	B234	B235	B236	B237	B238	B239	B240	B241	B242	B243	B244	B245	B246	B247	B248	B249	B250	B251	B252	B253	B254	B255	B256	B257	B258	B259	B260	B261	B262	B263	B264	B265	B266	B267	B268	B269	B270	B271	B272	B273	B274	B275	B276	B277	B278	B279	B280	B281	B282	B283	B284	B285	B286	B287	B288	B289	B290	B291	B292	B293	B294	B295	B296	B297	B298	B299	B300	B301	B302	B303	B304	B305	B306	B307	B308	B309	B310	B311	B312	B313	B314	B315	B316	B317	B318	B319	B320	B321	B322	B323	B324	B325	B326	B327	B328	B329	B330	B331	B332	B333	B334	B335	B336	B337	B338	B339	B340	binSize
0610010K14Rik-NM_145758	0	0	0	0.179	0	0	0	0	0	0	0	0	0	0	0	0	1.25	2.143	1.607	0	0	7.68	9.287	2.679	1.25	1.429	1.607	0.893	0	0.179	0.179	0	0	0	0	0	0	0	0.357	1.072	1.429	0.357	0	0	0	0	0	0.536	0	0.179	0	0	0.536	0.893	0	0.357	0.893	0.893	0.179	0	0.357	2.004	3.533	0.893	4.644	0.893	1.072	1.865	0.814	0.357	0.357	0	0	0	0	0	0.357	0	0	0.179	0	0.179	0	1.936	3.824	3.527	3.388	1.613	1.786	0.536	0.357	0.357	0	0	0.179	0.536	0.453	0.083	0.179	0	0	0	0	0	0	0	0	0	0	0	0	0	0	0	0	0	0	0	0	0	0	0	0	0	0	0	0	0	0	0	0	0	0	0	0	0.179	0	0	0	0	0	0	0	0	0	0	0	0	0	0	0	0	0	0	0	0	0	0	0	0	0	0	0	0	0	0	0	0	0	0	0	0	0	0	0	0	0	0	0	0	0	0	0	0	0	0	0	0.179	0	0	0	0	0	0	0	0	0	0	0	0	0	0.145	0.034	0	0	0	0	0	0	0.179	0	0	0	0.179	0.179	0	0	0	0	0	0	0	0	0	0	0	0	0	0	0	0	0	0	0	0	0	0	0	0	0	0	0	0	0	0	0	0	0	0	0	0	0	0	0.12	0.059	0.179	0	0	0.179	0	0	0	0.536	0.536	0.179	0	0	0	0	0.179	0	0	0.179	0.179	0	0	0	0	0	1.25	0	0	0	0.179	0.893	0.357	0	0	0	0	0	0	0	0	0	0	0	0	0	0	0	0	0	0	0	0	0	0	0.179	0	0.179	0.357	0.357	1.072	0.179	0	0	0	0	0	0	0	0	0	0.179	0	0	0	0	0	0	0	0	0	0	0	0	0	0	0	50:60,13.555:200,50:80
0610043K17Rik-NR_040640	0	0	0	0	0	0	0	0	0	0	0	0	0	0	0	0	0	0	0	0	0	0	0	0	0	0	0	0	0	0	0	0	0	0	0	0	0	0	0	0	0	0	0	0	0	0	0	0	0	0	0	0	0	0	0	0	0	0.179	0	0	0	0	0.714	0	0.179	6.251	102.514	2.322	8.93	4.108	1.429	0.179	4.678	15.08	41.402	21.887	1.79	8.033	0.714	0.536	0.179	0.179	0	0	0	0	0	0.357	0	0	0.179	0	0	0.179	0	0.179	0.179	0.179	0	0	0	0	0	0	0.357	0	0.357	0	0	0	0.179	0.179	0	0	0	0	0.179	1.25	0.357	0.179	0.179	0	0	0.179	0	0	0	0	0	0	0	0	0	0	0	0	0	0	0	0	0	0	0	0	0	0	0	0.357	0	0	0	0.179	0	0	0	0	0	0	0	0	0	0	0.536	0.357	0.179	0	0	0.179	0	0	0.714	0	0.179	0	0.357	0	0.179	0.357	0.357	0.357	0.179	0	0	0	0	0	0	0	0	0	0.536	0.536	0.179	0	0.179	0	0.179	0	0	0.179	0	0	0.179	1.786	0	0	0	0	0.179	0.714	0.357	0	2.322	0	0	0.179	0.357	0	0.536	0	0.179	0	0.536	0.357	0.179	0.536	0.179	0	0	0	0	0	0.179	0	0.536	0.179	0	0	0	0	0	0	0	0.179	0	0.179	0	0.179	0	0	0	0.179	0	0.179	0	0	0	0	0	0.179	0.357	0	0	0	0	0	0	0	0	0.357	0	0	0	0	0	0	0	0	0	0	0.357	0	0	0	0	0	0	0	0	0	0	0	0	0	0	0	0	0	0	0	0	0	0	0	0	0.179	0	0	0	0	0	0	0	0	0	0	0	0	0	0	0	0	0	0	0	0	0	0.179	0	0	0.179	0	0	0	0	0	0.179	0	0	0	50:60,227.015:200,50:80
1600012H06Rik-NM_001083881	0	0	0	0	0	0	0	0	0	0	0	0	0	0	0	0	0	0	0	0	0	0	0	0	0	0	0	0	0	0	0	0	0	0	0	0	0	0	0	0	0	0	0	0	0	0	0	0.179	0.179	0	0	0	0	0	0	0	0	0	0	0	0.179	0.179	3.393	3.929	1.607	2.443	5.319	28.022	35.151	9.041	4.136	1.972	1.072	0.179	0.357	0	0.179	0.714	0	0	0.179	0	0	0.179	0	0	0.179	0	0	0	0	0	0	0	0	0.179	0	0	0	0	0	0.136	0.043	0.414	0.121	0	0.357	0.536	0	0.179	0.139	0.039	0.179	0.179	0	0.536	0	0.179	0.179	0.536	0.179	0	0	0	0	0.179	0.179	0.357	0	0	0.179	0	0	0	0.179	0.179	0	0	0	0	0	0	0	0	0	0	0	0	0	0	0	0	0.179	0.536	0	0	0	0	0	0	0	0	0	0	0	0.357	0	0.536	0	0	0.179	0	0	0	0	0	0	0	0	0.179	0	0	0.357	0	0	0	0	0	0	0	0	0.179	0	0	0	0	0	0	0.179	0	0	0	0.536	0	0	0.179	0.179	0.357	0.714	0	0	0	0.179	0	0	0	0	0.179	0	0.179	0.179	0.179	0.536	0	0	0	0	0.357	0	0	0	0	0	0	0	0	0.179	0	0	0	0	0	0	0	0	0	0	0	0	0	0	0	0	0	0	0	0	0	0	0.179	0	0	0	0	0	0	0	0	0	0.179	0	0.179	0	0	0	0	0.357	0.179	0.179	0	0	0	0	0.179	0	0.179	0	0.179	0	0	0	0	0.357	0	0	0	0	0	0.357	0	0	0	0	0	0	0	0	0	0	0	0	0	0	0	0	0	0	0.179	0	0	0	0	0.179	0	0	0	0	0.179	0	0	0.179	0	0	0	0	0	0	0	0	0	50:60,13.78:200,50:80
1600023N17Rik-NR_073433	0	0	0	0	0	0.179	0	0	0	0	0	0	0	0	0	0	0	0	0	0	0	0	0	0	0	0.179	0	0	0	0.179	0	0	0	0	0	0.179	0	0	0	0.179	0	0	0.357	1.072	1.607	0.536	0.179	2.143	1.607	0	0	0	0	0.179	0.179	0	0.179	0.179	0	8.751	29.661	3.765	1.579	0.743	3.15	15.252	2.743	18.102	3.843	5.244	31.719	9.88	8.387	16.995	16.745	36.619	31.311	23.26	6.808	8.908	15.238	9.366	8.344	11.223	9.194	1.807	0.707	1.164	5.251	1.143	5.729	1.493	2.229	1.079	1.329	3.286	1.393	0	0.357	0.286	0.25	0.179	0	0	0	0.179	0	0	0	0.179	0.179	0	0.179	0	0.036	0.407	0.5	0.307	1.136	0.829	0.536	0	0	0	0.179	0.357	0	0.893	0.179	0	0	0	0.179	0.179	0	0	0	0	0	0	0	0.179	0	0.064	0.293	0	0	0.357	0.479	0.236	0	0	0	0	0	0	0	0	0	0	0.179	0	0	0	0	0	0.179	0	0	0	0	0	0	0	0	0.179	0	0	0	0	0	0	0	0	0	0	0	0	0	0	0	0	0	0	0	0	0	0	0	0	0	0	0	0	0	0	0	0	0	0	0	0	0	0	0.179	0.043	0.136	0	0	0	0	0	0	0	0	0	0	0	0	0	0	0	0	0	0	0	0	0.179	0	0.179	0	0	0	0	0	0	0	0	0	0	0	0	0	0	0	0	0	0	0	0	0	0	0	0.179	0	0.357	0	0	0	0	0	0	0	0	0	0	0	0	0	0	0	0	0	0	0	0	0	0.179	0	0	0	0	0	0	0	0	0	0	0	0	0	0	0	0	0	0	0	0	0	0	0	0	0	0	0	0	0	0	0	0	0	0	0	0	0	0	0	0	0	0	0	0.179	0	0	0	0	0	0	0	0	50:60,5.04:200,50:80
1700008K24Rik-NR_038144	0	0	0	0	0	0	0	0	0	0	0	0	0	0	0	0	0	0	0	0	0	0	0	0	0	0	0	0	0	0	0	0	0	0	0	0	0	0	0	0	0	0	0	0	0	0	0	0	0	0	0	0	0	0	0	0	0	0	0	0	0	0	0	0	0	0	0	0	0	0	0	0	0	0	0	0	0	0	0	0	0	0	0	0	0	0	0	0	0	0	0	0	0	0	0	0	0	0	0	0	0	0	0	0	0	0	0	0	0	0	0	0	0	0	0	0	0	0	0	0	0	0	0	0	0	0	0	0	0	0	0	0	0	0	0	0	0	0	0	0	0	0	0	0	0	0	0	0	0	0	0	0	0	0	0	0	0	0	0	0	0	0	0	0	0	0	0	0	0	0	0	0	0	0	0	0	0	0	0	0	0	0	0	0	0	0	0	0	0	0	0	0	0	0	0	0	0	0	0	0	0	0	0	0	0	0	0	0	0	0	0	0	0	0	0	0	0	0	0	0	0	0	0	0	0	0	0	0	0	0	0	0	0	0	0	0	0	0	0	0	0	0	0	0	0	0	0	0	0	0	0	0	0	0	0	0	0	0	0	0	0	0	0	0	0	0	0	0	0	0	0	0	0	0	0	0	0	0	0	0	0	0	0	0	0	0	0	0	0	0	0	0	0	0	0	0	0	0	0	0	0	0	0	0	0	0	0	0	0	0	0	0	0	0	0	0	0	0	0	0	0	0	0	0	0	0	0	0	0	0	0	0	0	0	0	0	0	0	0	0	50:60,6.35:200,50:80
1700010I02Rik-NR_040587	0	0	0	0	0	0	0	0.179	0	0	0	0	0	0	0	0	0	0	0	0	0	0	0	0	0	0	0	0	0	0	0	0	0	0	0	0	0	0	0	0	0	0	0	0	0	0	0	0	0	0	0	0	0	0	0	0	0	0	0	0	0	0	0	0	0.179	0	0	0	0	0	0	0	0	0	0	0	0	0	0	0	0	0	0	0	0	0	0	0	0	0	0	0	0	0	0	0	0	0	0	0	0	0	0	0	0	0	0	0	0	0	0	0	0	0	0	0	0	0	0	0	0	0	0	0	0	0	0	0	0	0	0	0	0	0	0	0	0	0	0	0	0	0	0	0	0	0	0	0	0	0	0	0	0	0	0	0	0	0	0	0	0	0	0	0.179	0	0	0	0	0	0	0	0	0	0	0	0	0	0	0	0	0	0	0	0	0	0	0	0	0	0	0	0	0.179	0.179	0	0	0	0	0	0	0	0	0	0	0	0	0	0	0	0	0	0	0	0	0	0	0	0	0	0	0	0	0	0	0	0	0	0	0	0	0	0	0	0	0	0	0	0	0	0	0	0	0	0	0	0	0	0	0	0	0	0	0	0	0	0	0	0	0	0.179	0	0	0	0	0	0	0	0	0	0	0	0	0	0	0	0	0	0	0	0	0	0	0	0	0	0	0	0	0	0	0	0	0	0	0	0	0	0	0	0	0	0	0	0	0	0	0	0	0	0	0	0	0	0	0	0	0	0	0	0	0	0	0	0	0	0	0	0	0	0	0	0	0	0	0	0	0	0	0	0	50:60,147.925:200,50:80
1700022I11Rik-NM_026088	0	0	0	0	0	0	0	0	0	0	0	0	0	0	0	0	0	0	0	0	0	0	0	0	0	0	0	0	0	0	0	0	0	0	0	0	0	0	0	0	0	0	0	0	0	0	0	0	0	0	0	0	0	0	0	0	0	0	0	0	0	0	0	0	0	0	0	0	0	0	0	0	0	0	0	0	0	0	0	0	0	0	0	0	0	0	0	0	0	0	0	0	0	0	0	0	0	0	0	0	0	0	0	0	0	0	0	0	0	0	0	0	0	0	0	0	0	0	0	0	0	0	0	0	0	0	0	0	0	0	0	0	0	0	0	0	0	0	0	0	0	0	0	0	0	0	0	0	0	0	0	0	0	0	0	0	0	0	0	0	0	0	0	0	0	0	0	0	0	0	0	0	0	0	0	0	0	0	0	0	0	0	0	0	0	0	0	0	0	0	0	0	0	0	0	0	0	0	0	0	0	0	0	0	0	0	0	0	0	0	0	0	0	0	0	0	0	0	0	0	0	0	0	0	0	0	0	0	0	0	0	0	0	0	0	0	0	0	0	0	0	0	0	0	0	0	0	0	0	0	0	0	0	0	0	0	0	0	0	0	0	0	0	0	0	0	0	0	0	0	0	0	0	0	0	0	0	0	0	0	0	0	0	0	0	0	0	0	0	0	0	0	0	0	0	0	0	0	0	0	0	0	0	0	0	0	0	0	0	0	0	0	0	0	0	0	0	0	0	0	0	0	0	0	0	0	0	0	0	0	0	0	0	0	0	0	0	0	0	0	50:60,21.9:200,50:80
1700067P10Rik-NR_160405	0	0	0	0	0	0	0	0.179	0	0	0	0	0	0	0	0	0	0	0	0	0	0	0	0	0	0	0	0	0	0	0	0	0	0	0	0	0	0	0	0	0	0	0	0	0	0	0	0	0	0	0	0	0	0	0	0	0	0	0	0	0	0	0.179	0	0	0	0	0	0	0	0	0	0	0	0	0	0	0	0	0	0	0	0	0	0	0	0	0	0	0	0	0	0	0	0	0	0	0	0	0	0	0	0	0	0	0	0	0	0	0	0	0	0	0	0	0	0	0	0	0	0	0	0	0	0	0	0	0	0	0	0	0	0	0	0	0	0	0	0	0	0	0	0	0	0	0	0	0	0	0	0	0	0	0	0	0	0	0	0	0	0	0	0	0	0	0	0	0	0	0	0	0	0	0	0	0	0	0	0	0	0	0	0	0	0	0	0	0	0	0	0	0	0	0	0	0	0	0	0	0	0	0	0	0	0	0	0	0	0	0	0	0	0	0	0	0	0	0	0	0	0	0	0	0	0	0	0	0	0	0	0	0	0	0	0	0	0	0	0	0	0	0	0	0	0	0	0	0	0	0	0	0	0	0	0	0	0	0	0	0	0	0	0	0	0	0	0	0	0	0	0	0	0	0	0	0	0	0	0	0.179	0	0	0	0	0	0	0	0	0	0	0	0	0	0	0	0	0	0	0	0	0	0	0	0	0	0	0	0	0	0	0	0	0	0	0	0	0	0	0	0	0	0	0	0	0	0	0	0	0	0	0	0	0	0	0	0	0	0	0	0	50:60,6.395:200,50:80
1810019D21Rik-NR_040346	1.786	2.322	1.25	0.893	0.179	1.25	3.215	1.786	2.143	8.573	7.322	1.072	4.286	0.357	1.25	2.858	3.215	2.679	4.822	5.536	6.072	1.072	1.072	4.465	2.322	0.536	1.072	1.25	0.714	1.25	1.429	3.036	2.679	3.215	0.893	1.429	0.893	0	1.429	0.893	0	0.357	0.536	1.072	5.715	2.5	0.893	0.179	0.179	0	0.714	0.357	0.179	0.179	0.357	0	0.357	0.179	0.357	0.179	0.536	1.607	2.322	2.322	2.5	0.714	1.056	1.623	0.179	0.179	0	0	0.357	0.893	0.179	0.179	0.536	0.893	0	0	0	0.179	0	0	0	0	0.179	0	0	0	0	0	0	0	0	0	0.357	0.179	0	0	0.179	0	0	0	0.179	1.786	0.179	0	0	0	0	0	0	0	0	0	0	0	0.179	0	0	0	0	0.357	0	0	0	0.536	0	0.357	0	0	0	0	0	0	0.179	0	0.104	0.074	0	0	0	0	0	0	0	0	0	0	0	0	0.179	0.179	0	0	0.179	0	0.179	1.786	1.965	3.572	10.131	21.652	2.253	2.576	0.179	0.179	0.536	0.295	0.598	0.714	3.392	2.324	0.179	0	0.179	0	0.179	0	0.893	0.714	0	1.25	2.679	2.311	3.46	1.63	0.993	0.179	0.893	0.357	0.179	0	0	0	0.179	0.179	0.357	0.179	0.179	0	0.179	0.179	0	0.536	0.357	1.072	0.179	0.179	0.154	0.024	0	0	0	0	0	0.357	0.357	0	0	0	0	0	0	0	0	0	0	0	0.357	0	0	0	0.536	0.714	5.689	10.742	5.715	0.714	1.072	1.047	0.918	0.536	1.527	1.936	1.716	3.504	0.425	0.536	0	0	0	0.179	0	0.179	0	0	0	0	0.536	0.179	0.179	0.179	0	0	0	0.179	0	0	0	0	0.179	0.179	0	0.179	0	0	0	0	0	0	0.357	0	0	0	0	0	0	0	0	0.536	0.179	0	0	0.357	0	0	0.179	0	0	0	0	0	0.179	0.179	0	0.357	0	0	0	0.179	0	0	0	0	0	0	0	0.179	0	0	0.179	0.357	0	0	0	0	0	0	0	0	0	0.357	0.179	0	0	0	0	0	50:60,16.615:200,50:80
2310043L19Rik-NR_037994	0	0	0	0	0	0	0	0	0	0	0	0	0	0	0	0	0	0.179	0.179	0	0	0	0	0	0	0	0	0	0	0	0	0	0	0	0	0	0	0	0	0	0	0	0	0	0	0	0	0	0	0	0	0	0	0	0	0	0	0.179	0	0	0	0	0	0	0	0	0	0	0	0	0	0	0	0	0	0	0	0	0	0	0	0	0	0	0	0	0	0	0	0	0	0	0	0	0	0	0	0	0	0	0	0	0	0	0	0	0	0	0	0	0	0	0	0	0	0	0	0	0	0	0	0	0	0	0	0	0	0	0	0	0	0	0	0	0	0	0	0	0	0	0	0	0	0	0	0	0	0	0	0	0	0	0	0	0	0	0	0	0	0	0	0	0	0	0	0	0	0	0	0	0	0	0	0	0	0	0	0	0	0	0	0	0	0	0	0	0	0	0	0	0	0	0	0	0	0	0	0	0	0	0	0	0	0	0	0	0	0	0	0	0	0	0	0	0	0	0	0	0	0	0	0	0	0	0	0	0	0	0	0	0	0	0	0	0	0	0	0	0	0	0	0	0	0	0	0	0	0	0	0	0	0	0	0	0	0	0	0	0	0	0	0	0	0	0	0	0	0	0	0	0	0	0	0	0	0	0.179	0	0	0	0	0	0	0	0	0	0	0	0	0	0	0	0	0	0	0	0	0	0	0	0	0	0	0	0	0	0	0	0	0	0	0	0	0	0	0	0	0	0	0	0	0	0	0	0	0	0	0	0	0	0	0	0	0	0	0	0	0	0	0	50:60,7.01:200,50:80
2310057M21Rik-NM_026655	0	0	0	0	0	0	0	0	0	0	0	0	0	0	0	0	0	0	0.179	0	0.893	0	0	0	0	0	0	0	0.179	4.286	2.143	1.429	1.072	0	0	0	0	0	0.179	0	0	0	0	0.536	1.429	0.714	0.714	0.179	0	0	0	0.536	0	0	0	0.179	0	0.179	1.25	13.216	21.789	10.537	1.072	2.858	0.179	0.179	0.714	0	0.179	0.357	0.179	0.179	0	0	0	0	0.179	0	0	0	0	0	0	0	0	0.179	0	0	0.357	0	0	0.179	0	0.357	0.179	0.179	0.357	0.179	0.179	0	0	0	0	0	0.179	0.179	0	0	0.179	0	0.179	0	0.179	0	0	0	0.179	0.357	0	0	0.179	0.179	0.357	0	0.357	0.179	0	0	0.179	0.536	0.179	0	0.179	0.536	0	0	0	0	0.357	0.179	0.536	0	0.536	0.536	0.714	0	0	0.179	0.179	0	0	0.179	0	0.179	0	0.357	0	0.357	0	0	0	0	0.893	0	0.179	0.536	0.536	0	0	0.179	0.179	0	0.179	0.179	3.393	2.322	5.715	1.25	0.179	0	0.714	0.893	0	0.179	0.804	0.446	1.429	0.179	1.429	1.072	0.536	0.357	0.179	0.893	0.714	0.357	0.179	0.357	0.714	1.25	0.357	0.536	0.536	1.25	0.357	0	0	1.072	2.143	3.393	0	1.607	0	1.779	8.026	0.375	0.893	1.607	2.679	0	2.679	0.536	0.893	1.429	1.607	0.714	1.965	1.607	3.572	0.179	2.5	0	0.536	1.25	1.072	2.5	0.357	3.393	3.036	1.072	0.357	0.179	2.5	1.25	0.536	1.607	1.429	2.143	1.786	1.072	1.607	0.536	1.072	2.858	3.036	2.265	1.843	1.072	3.036	1.965	1.607	0	0	0	0	1.072	0	0.179	0	0	0	5.894	5.358	0.714	0.179	0.357	0.179	0.357	0.714	0.179	1.072	1.429	0	0.179	0.179	0	0	0.714	0.357	0.179	0	0	0.179	0.179	0	0.179	0	0	0.357	0.536	0.536	0	0	0	0	0	0.357	1.25	0.893	0.714	0.357	0	0.536	0.179	0	0.893	0.893	0.357	0	0	0.179	0.357	1.25	0.536	0.893	0.714	0.357	1.429	0.714	0.179	0.536	0.536	0.179	0.536	0.179	1.429	1.25	0.179	0.179	0.536	50:60,105.58:200,50:80
2900076A07Rik-NR_045299	0	0	0	0	0	0	0	0	0	0	0	0	0	0	0	0	0	0	0	0	0	0	0	0	0	0	0	0	0	0	0	0	0	0	0.179	0	0	0	0	0	0	0	0	0	0	0	0	0	0	0	0	0.179	3.215	6.251	1.072	0.179	0	0	0.714	12.859	26.968	5.624	5.449	2.322	1.25	0	0.357	0.179	0	0	0	0.179	0.357	0	0.179	0	0	0	0	0	0	0	0	0	0	0	0	0	0	0	0	0	0.357	0.179	0	0	0.179	0	0	0	0	0	0	0	0	0	0	0	0	0	0	0	0.179	0.179	0	0	0	0	0.179	0.179	0	0	0	0	0	0	0	0	0	0	0	0	0	0	0	0	0.357	0.179	0	0	0	0.179	0	0	0	0	0	0.357	0	0	0	0.179	0	0	0	0	0	0	0	0	0	0	0	0	0	0	0	0	0.179	0	0	0	0	0	0	0	0	0	0	0	0.179	0	0	0	0.179	0.179	0	0	0	0	0	0	0	0	0	0	0	0	0	0	0	0	0	0.179	0	0	0	0	0	0	0	0	0	0	0	0	0	0	0	0	0	0.179	0	0.179	0	0.12	0.059	0	0	0	0	0	0.179	0	0	0	0	0	0	0	0	0	0	0	0	0	0	0.179	0	0	0	0	0.179	0	0	0	0	0	0	0	0	0	0	0	0	0	0	0	0	0	0	0.179	0	0	0	0	0	0.179	0	0	0	0	0	0	0	0	0	0.179	0	0	0.179	0	0	0	0	0	0	0	0.179	0	0	0	0	0	0	0.179	0	0.179	0.179	0	0	0	0	0	0	0	0.179	0	0.536	0	0.179	0	0.714	0	0.536	0.179	0.179	0.179	0.893	0.893	0.357	0.179	0.179	0	0.179	0	0	0.893	0	0.357	50:60,39.745:200,50:80
3110056K07Rik-NR_045056	0	0	0	0	0	0	0	0	0	0	0	0	0	0	0	0	0	0	0	0	0	0	0	0	0	0	0	0	0	0	0	0	0	0	0	0	0	0	0	0	0	0.536	0.179	0	0	0.714	0	0.179	0	0	0	0	0	0	0	0	0	0.179	0	0.357	0.179	0	0.357	0.179	0.536	0	0.893	10.544	73.833	134.277	7.269	0.357	0	0	0	0.179	1.316	0.47	1.429	0.536	0.179	0.179	0.357	0.357	0.536	0.179	0	0	0.179	0	0	0.179	0	0	0	0	0	0.179	0	0	0	0.179	0	0	0	0.357	0.357	0	0.357	0	0	0.179	0.179	0.179	0	0	0	0.179	0	0	0.179	0	0	0	0	0	0	0	0	0	0	0	0	0	0	0	0	0	0	0.179	0.179	0	0.179	0	0	0	0	0	0.179	0	0	0	0	0	0	0	0	0	0	0	0	0	0	0	0	0	0	0	0	0	0	0	0	0	0	0	0	0	0	0	0	0	0	0.179	0	0	0	0	0	0	0	0	0	0	0	0	0.179	0	0	0	0	0	0	0	0	0	0	0	0	0	0.357	0	0	0	0	0	0	0	0	0	0	0	0	0	0	0	0	0	0	0	0	0.179	0	0	0	0	0	0	0	0	0.179	0	0	0	0	0	0	0	0	0	0	0	0.309	0.048	0	0	0	0	0	0	0	0	0	0	0	0	0	0.179	0.357	0	0	0	0	0	0	0.179	0.179	0.179	0.179	0	0	0.357	0	0	0	0.357	0	0	0	0	0	0.179	0.714	0.357	0	0	0	0	0	0	0	0.179	0	0	0.357	0.536	0	0	0.357	0.179	0	0	0.179	0	0.357	0.179	0.179	0	0	0	0	0	0	0	0.179	0.179	0.179	0.179	0	0	0	0.179	0.179	0.179	0	0	0	0.179	0	0.179	50:60,30.61:200,50:80
3110082J24Rik-NM_001256263	0	0	0	0	0	0	0	0	0	0	0	0	0	0	0	0	0	0	0	0	0	0	0	0	0	0	0	0	0	0	0	0	0	0	0	0	0	0	0.179	0	0	0	0	0	0	0	0	0	0	0	0	0	0	0	0	0	0	0	0	0	0	0	0	0	0	0	0	0	0	0	0	0	0	0	0	0.179	0	0	0	0	0	0	0	0	0	0	0	0	0	0	0.172	0.185	0	0	0.179	0	0	0.179	0	0	0	0	0	0	0.179	0.179	0	0	0	0	0	0	0	0	0	0	0	0	0	0	0	0	0	0	0	0	0	0	0	0	0	0	0	0	0	0	0	0	0	0	0.179	0	0.179	0.893	0.536	0.357	0	0	0.179	0	0	0	0	0	0	0	0	0	0	0	0.179	0	0	0	0	0	0	0	0	0	0	0	0	0	0	0	0	0	0	0	0	0	0	0	0	0	0	0	0	0	0	0	0	0	0	0	0	0	0	0	0	0	0	0	0	0	0	0	0	0	0	0	0	0	0	0	0	0	0	0	0	0	0	0	0	0	0	0	0	0	0	0	0	0	0	0	0	0	0	0	0	0	0	0	0	0	0	0	0	0	0	0	0	0	0	0	0	0	0	0	0	0	0	0	0	0	0	0	0	0	0	0	0	0	0	0	0	0	0	0	0	0	0	0	0	0	0	0	0	0	0	0	0	0	0	0	0	0	0	0	0	0	0	0	0	0	0	0	0	0	0	0	0	0	0	0	0	0	0	0	0	0	0	0	0	0	0	0	0	0	0	0	0	0	0	0	0	0	0	0	50:60,12.515:200,50:80
3425401B19Rik-NM_001195097	0	0	0	0	0	0	0	0	0	0	0	0	0	0	0	0	0	0	0	0	0	0	0	0	0	0	0	0	0	0	0	0	0	0	0	0	0	0	0	0	0	0	0	0	0	0	0	0	0	0	0	0	0	0	0	0	0	0	0	0	0	0	0	0	0	0	0	0	0	0	0	0	0	0	0	0	0	0	0	0	0	0	0	0	0	0	0	0	0	0	0	0	0	0	0	0	0	0	0	0	0	0	0	0	0	0	0	0	0	0	0	0	0	0	0	0	0	0	0	0	0	0	0	0	0	0	0	0	0	0	0	0	0	0	0	0	0	0	0	0	0	0	0	0	0	0	0	0	0	0	0	0	0	0	0	0	0	0	0	0	0	0	0	0	0	0	0	0	0	0	0	0	0	0	0	0	0	0	0	0	0	0	0	0	0	0	0	0	0	0.179	0	0	0	0	0	0	0	0	0	0	0	0	0	0	0	0	0	0	0	0	0	0	0	0	0	0	0	0	0	0	0	0	0	0	0	0	0	0	0	0	0	0	0	0	0	0	0	0	0	0	0	0	0.179	0	0	0	0	0	0.179	0	0	0	0	0	0	0	0	0	0	0	0	0	0	0	0	0	0	0	0	0	0	0	0	0	0	0	0	0	0	0	0	0	0	0	0	0	0	0	0	0	0	0	0	0	0	0	0	0	0	0	0	0	0	0	0	0	0	0	0	0	0	0	0	0	0	0	0	0	0	0	0	0	0	0	0	0	0	0	0	0	0	0	0	0	0	0	0	0	0	0	50:60,130.77:200,50:80
4930404H11Rik-NR_045941	0	0	0	0	0	0	0	0	0	0	0	0	0	0	0.179	0	0	0	0	0	0.179	0	0	0	0	0	0	0	0	0	0	0	0.179	0	0	0	0	0	0	0	0	0	0	0	0	0	0	0	0	0	0	0	0	0	0	0	0	0	0	0	0.179	0	0	0	0	0	0	0	0	0	0	0	0	0	0	0.179	0.357	0	0	0	0	0	0	0	0	0	0.179	0.179	0	0	0	0	0	0	0	0	0	0	0	0	0	0	0	0	0	0	0.179	0	0	0	0	0	0	0	0	0	0	0	0	0	0	0	0	0	0	0	0	0	0	0	0	0	0	0	0	0	0	0	0	0	0	0	0	0	0	0	0	0	0	0	0	0	0	0	0	0	0	0	0.179	0	0	0	0	0	0	0	0	0	0	0	0	0	0	0	0	0	0	0	0.179	0.179	0	0	0	0	0	0	0	0	0	0	0	0	0	0	0	0	0	0	0	0	0	0	0	0	0	0	0	0	0	0	0	0	0	0	0	0.179	0	0	0	0	0.357	0	0	0	0	0	0	0	0	0	0	0	0	0.536	0	0	0	0	0.179	0	0	0.102	0.077	0	0	0	0	0	0	0	0.179	0	0	0	0	0	0	0	0	0	0	0	0	0	0	0	0	0	0	0	0	0	0	0	0	0	0	0	0	0	0	0	0	0	0	0	0	0	0	0	0	0	0	0	0	0	0	0.179	0	0	0	0	0	0	0	0	0	0	0	0	0	0	0	0	0	0	0	0.179	0	0	0	0	0	0	0	0	0	0	0	0	0	0	0	0	0	0	0	0	0	0	50:60,77.635:200,50:80
4930534H03Rik-NR_151510	0	0	0	0	0	0	0	0	0	0	0	0	0	0	0	0	0	0	0	0	0	0	0	0	0	0	0	0	0	0	0	0	0	0	0	0	0	0	0	0	0	0	0	0	0	0	0	0	0	0	0	0	0	0	0	0	0	0	0	0	0	0	0	0	0	0	0	0	0	0	0	0	0	0	0	0	0	0	0	0	0	0	0	0	0	0	0	0	0	0	0	0	0	0	0	0	0	0	0	0	0	0	0	0	0	0	0	0	0	0	0	0	0	0	0	0	0	0	0	0	0	0	0	0	0	0	0	0	0	0	0	0	0	0	0	0	0	0	0	0	0	0	0	0	0	0	0	0	0	0	0	0	0	0	0	0	0	0	0	0	0	0	0	0	0	0	0	0	0	0	0	0	0	0	0.179	0	0	0	0	0	0	0	0	0	0	0	0	0	0	0	0	0	0	0	0	0	0	0	0	0	0	0	0	0	0	0	0	0	0	0	0	0	0	0	0	0	0	0	0	0	0	0	0	0	0	0	0	0.179	0	0	0	0	0	0	0	0	0	0	0	0	0	0	0	0	0	0	0	0	0	0	0	0	0	0	0	0	0	0	0	0	0	0	0	0	0	0	0	0	0	0	0	0	0	0	0	0	0	0	0	0	0	0	0	0	0	0	0	0	0	0	0	0	0	0	0	0	0	0	0	0	0	0	0	0	0	0	0	0	0	0	0	0	0	0	0	0	0	0	0	0	0	0	0	0	0	0	0	0	0	0	0	0	0	0	0	0	0	0	0	0	50:60,60.63:200,50:80
4930570G19Rik-NR_040399	0	0	0	0	0	0	0	0	0	0	0	0	0	0	0	0	0	0	0	0	0	0	0	0	0	0	0	0	0	0	0	0	0	0	0	0	0	0	0	0	0	0	0	0	0	0.357	0	0	0	0	0	0	0	0	0	0	0	0	0	0.179	0.179	0	0	0	0	0	0.357	0	0.179	0	0.179	0.893	0	0	0	0	0	0.179	0	0	0	0	0	0	0	0	0	0	0	0	0	0	0	0	0	0	0	0	0	0	0	0	0	0	0	0	0	0	0	0	0	0	0	0	0	0	0	0	0	0	0	0	0	0	0	0	0	0	0	0	0	0	0	0	0	0	0	0	0	0	0	0	0	0	0	0	0	0	0	0	0	0	0	0	0	0	0	0	0	0	0	0	0	0	0	0	0	0	0	0	0	0	0	0	0	0	0	0	0	0	0.179	0	0	0	0	0	0	0	0	0	0	0	0	0	0	0	0	0	0	0	0	0	0	0	0	0	0	0	0	0	0	0	0	0	0	0	0	0	0	0	0	0	0	0	0	0	0	0	0	0	0	0	0	0	0	0	0	0	0	0	0	0	0	0	0	0	0	0	0	0	0.179	0	0	0	0	0	0	0.179	0	0	0	0	0	0	0	0	0	0	0	0	0	0	0	0	0	0	0	0	0	0	0	0	0	0	0	0	0	0	0	0	0	0	0	0	0	0	0	0	0	0	0	0	0	0	0	0	0.179	0	0	0	0	0	0	0	0	0	0	0	0	0	0	0	0	0	0	0	0	0	0	0	0	0	0	0	0	0	0	0	0	0	50:60,74.675:200,50:80
4931440P22Rik-NR_027955	0	0	0	0	0	0	0	0	0.179	0	0	0	0	0	0	0	0	0	0	0	0	0	0	0	0	0	0	0	0	0	0	0	0	0	0	0	0	0	0	0	0	0	0	0.179	0.893	1.072	0	0	0	0	0	0	0.179	0	0.179	0	0	0	0.536	0.357	1.786	0.179	0	0	0	0	0.179	0	0	0	0	0	0.179	0	0	0.179	0.009	0.295	0.054	0.179	0	0.179	0	0.536	0.179	0.179	0	0	0	0.179	0	0.143	0.036	0.179	0	0.357	0.009	0.527	0.536	0.536	0.179	0.714	0.893	0.286	0.607	0	0	0	0	0	0	0	0	0	0	0	0	0	0.179	0	0	0	0	0	0	0	0	0	0	0	0	0	0	0	0	0	0	0	0	0	0	0	0	0	0	0	0	0	0	0	0	0	0	0	0	0	0	0	0	0	0	0	0	0	0	0	0	0.179	0	0	0	0	0	0.357	0	0	0	0	0.536	0.179	0.536	0.893	0.536	0.822	1.143	0.161	2.215	2.268	0	0	0	0	0	0.179	0	0	0.179	0.179	0.179	0	0.357	0	0	0.357	0	0	0.357	0.357	0	0	0	0	0	0	0	0	0	0.357	0.714	0.179	0	1.661	0.482	0.357	0.714	0.357	0.179	0.036	1.036	0.893	0.714	0	0.179	0.893	0	0	0.179	0	0.179	0.179	0	0.411	0.482	0	0.179	0	0	0	0	0	0	0	0.179	0	0	0	0.179	0	0	0	0.179	0	0	0	0.179	0	0.536	0	0	0	0	0	0.357	0.179	0.357	0	0	0	0.179	0.179	0	0	0	0	0	0	0.179	0	0	0.179	0	0	0	0.357	0	0	0.179	0.179	0	0	0	0	0	0	0	0	0	0	0	0	0	0	0	0	0	0	0.179	0	0	0	0	0	0	0	0	0	0	0	0	0	0	0.179	0	0	0	0.179	0.357	0.179	0	0	50:60,9.65:200,50:80
5730416F02Rik-NR_033596	0	0	0	0	0	0	0	0	0	0	0	0	0	0	0	0	0	0	0	0	0	0	0	0	0	0	0	0	0	0	0	0	0	0	0	0	0	0	0	0	0	0	0	0	0	0	0	0	0	0	0	0	0	0	0	0	0	0	0	0	0	0	0	0	0	0	0	0	0	0	0	0	0	0	0	0	0	0	0	0	0	0	0	0	0	0	0	0	0	0	0	0	0	0	0	0	0	0	0	0	0	0	0	0	0	0	0	0	0	0	0	0	0	0	0	0	0	0	0	0	0	0	0	0	0	0	0	0	0	0	0	0	0	0	0	0	0	0	0	0	0	0	0	0	0	0	0	0	0	0	0	0	0	0	0	0	0	0	0	0	0	0	0	0	0	0	0	0	0	0	0	0	0	0	0	0	0	0	0	0	0	0	0	0	0	0	0	0	0	0	0	0	0	0	0	0	0	0	0	0	0	0	0	0	0	0	0	0	0	0	0	0	0	0	0	0	0	0	0	0	0	0	0	0	0	0	0	0	0	0	0	0	0	0	0	0	0	0	0	0	0	0	0	0	0	0	0	0	0	0	0	0	0	0	0	0	0	0	0	0	0	0	0	0	0	0	0	0	0.357	0.179	0	0	0	0	0	0	0	0	0	0	0	0	0	0	0	0	0	0	0	0	0	0	0	0	0	0	0	0	0	0	0	0	0	0	0	0	0	0	0	0	0	0	0	0	0	0	0	0	0	0	0	0	0	0	0	0	0	0	0	0	0	0	0	0	0	0	0	0	0	0	50:60,4.06:200,50:80
6530411M01Rik-NR_027881	0	0	0	0	0	0	0	0	0	0	0	0	0	0	0	0	0	0	0	0.179	0	0	0	0	0	0	0	0	0	0	0	0	0	0	0	0	0	0	0	0	0	0	0	0	0	0	0	0	0.179	1.429	0	0	0	0	0	0	0	0	0.179	0	1.25	0	0	1.429	0.357	0	0	1.607	0.179	0	0	0	0	0	0	0	0	0	0	0	0	0	0	0	0	0	0	0	0	0	0	0	0	0	0	0	0	0	0	0	0	0	0	0	0	0	0	0	0	0	0	0	0	0	0	0	0	0	0	0	0	0	0	0	0	0	0	0	0	0	0	0	0	0	0	0	0	0	0	0	0	0	0	0	0	0	0	0	0	0	0	0	0	0	0	0	0	0	0	0	0	0	0	0	0	0	0	0	0	0	0	0	0	0	0	0	0	0	0	0	0	0	0	0	0	0	0	0	0	0	0	0	0	0	0	0	0	0	0	0	0	0	0	0	0	0	0	0	0	0	0	0	0	0	0	0	0	0	0	0	0	0	0	0	0	0	0	0	0	0	0	0	0	0	0	0	0	0	0	0	0	0	0	0	0	0	0	0	0	0	0	0	0	0	0	0	0	0	0	0	0	0	0	0	0	0	0	0	0	0	0	0	0	0	0	0	0	0	0	0	0	0	0	0	0	0	0	0	0	0	0	0	0	0	0	0	0	0	0	0	0	0	0	0	0	0	0	0	0	0	0	0	0	0	0	0	0	0	0	0	0	0	0	0	0	0	0	0	0	0	0	0	0	0	0	0	0	0	0	0	50:60,101.52:200,50:80
A1cf-NM_001365078	0	0	0	0	0	0	0	0	0	0	0	0	0	0	0	0	0	0	0	0	0	0	0	0	0	0	0	0	0	0	0	0	0	0	0	0	0	0	0	0	0	0	0	0	0	0	0	0	0	0	0	0	0	0	0	0	0	0	0	0	0	0	0	0	0	0	0.179	0	0	0	0	0	0	0	0	0	0	0	0	0	0	0	0	0	0	0	0	0	0	0	0	0	0	0	0	0	0	0	0	0	0.179	0	0	0	0	0	0	0	0	0	0	0	0.536	0	0	0	0	0	0	0	0	0	0	0	0	0	0	0	0	0	0	0	0	0	0	0	0	0	0	0	0	0	0	0	0	0	0	0	0	0	0	0	0	0	0	0	0	0	0	0	0	0	0	0	0	0	0	0	0	0	0	0	0	0	0	0	0	0	0	0	0	0	0	0.179	0	0	0	1.429	0	0	0	0	0	0	0	0	0	0	0	0	0	0	0	0	0	0	0	0	0	0	0	0	0	0	0	0	0	0	0	0	0	0	0	0.893	0	0	0	0	0	0	0	0	0	0	0	0	0	0	0	0	0.357	0	0	0	0	0	0	0	0	0	0	0	0	0	0	0	0	0	0	0	0	0	0	0	0	0	0	0	0	0	0	0	0	0	0	0	0	0	0	0	0	0	0	0	0	0	0	0	0	0	0	0	0	0	0	0	0	0	0	0	0	0	0	0	0	0	0	0	0	0	0	0	0	0	0	0	0	0	0	0	0	0	0	0	0	0	0	0	0	0	0	0	0	0	0	0	0	0	0	0	50:60,417.765:200,50:80
A830018L16Rik-NM_001310451	0	0	0	0	0	0	0	0	0	0	0	0	0	0	0	0	0	0	0	0	0	0	0	0	0	0	0	0	0	0	0	0	0	0	0	0	0	0.179	0	0	0	0	0	0	0	0	0	0.536	0.357	0.179	0.357	0.179	1.786	0	0	0	0.714	0.179	0.179	0	15.895	0.536	0.179	0.536	1.072	0.357	1.786	2.322	0.357	0.536	2.679	3.393	4.108	3.572	1.607	2.858	1.965	5.179	1.786	2.322	3.929	6.608	1.965	1.429	0.536	0.179	1.965	2.143	0.893	0	2.322	5.358	3.572	4.286	2.679	2.679	1.429	1.786	1.429	1.607	2.143	0.357	0.893	0.179	1.607	3.393	1.429	0.714	0.714	3.036	2.143	2.5	1.786	2.679	1.429	1.786	2.143	1.429	2.322	3.215	3.572	1.429	1.429	2.679	1.965	2.143	3.036	2.143	3.036	2.143	0	0.536	0	0	0	0.179	1.429	1.786	1.607	2.143	1.25	2.322	0.357	2.143	0.714	0.714	0.179	1.25	0	0.179	0.357	0.357	0.179	0	0.179	0	0.357	0.179	0.714	0.179	0.714	0	1.429	0.179	0.179	0.179	0.179	0	0	1.607	0	0	0.357	0.357	0	0	0.357	0	1.072	0.536	0	0	0.179	0	0.536	0.179	0	0.893	0.357	0	0.179	0	0.714	0	0	0.179	0.179	0	0	0	0	0.536	0	0.179	0	0	0.179	0.179	0	0.179	0.179	0.893	0	0.179	0	0	0	0	0	0.179	0.357	0	0.179	0	0	0	0.179	0.357	0	0	0	0	0	0	0.179	0.179	0.714	0.179	0.179	0	0	0	0	0	0	0.536	0	0	0	0.179	0	0.179	0	0.179	0	0	0	0	0	0.179	0	0	0	0	0	0	0	0	0	0	0	0	0	0	0	0	0	0	0	0	0	0	0	0	0	0	0	0	0	0	0	0	0	0	0	0	0	0	0	0	0	0	0	0	0	0	0	0	0	0	0	0	0	0	0	0	0	0	0	0	0	0	0	0	0	0	0	0	0	0	0	0	0	0	0	0	0	0	0	0	50:60,2808.99:200,50:80
AU018091-NM_001004153	0	0	0	0	0	0	0	0	0	0	0	0	0	0	0	0	0	0	0	0	0	0	0	0	0	0	0	0	0	0	0	0	0	0	0	0	0	0	0	0	0	0	0	0.179	0	0	0	0	0	0	0	0	0	0	0	0	0	0	0	0	0.536	5.715	6.996	3.183	1.429	0.179	0.536	0.179	0	0	0	0.179	1.965	0.357	0	0	0	0.179	0.536	0.179	0	0	0	0	0	0	0	0	0	0	0	0.536	0.179	0	0	0.179	0.179	0	0	0	0	0	0	0	0	0	0	1.072	0	0	0	0	0	0	0	0.179	0	0	0.179	0	0	0	0	1.929	13.966	0.714	0.179	0	0.357	0.357	0.179	0	0.179	0.179	0	0	0.179	0	0	0	0	0	0	0	0	0	0	0	0.179	0	0	1.072	0.179	0.357	0	0	0.357	0.536	0.179	0.179	0	0	0	0.357	0	0.357	0	0.179	0.714	0.179	0	0.357	0.536	0	0.179	0	0	0	0	0	0	0	0.179	0.179	0	0	0	0.357	0.714	0	0	0	0.357	0	0.357	0	0.179	0	0.357	0.179	0.179	0.179	0.357	0.179	0.357	0.357	0	0.536	0.714	0.536	0.357	0.714	1.429	0.652	0.063	0	0.714	0	0	0.357	0.179	0	0.179	0	0	0	0	0.179	0.357	0	0.179	0.357	0	0	0.179	0.357	0	0.536	0.179	0.357	0.179	0	0	0	0.893	0	0.536	0.357	0.357	0	0.179	0.179	0	0.536	0.179	0.357	0.179	0.277	0.08	0.536	0.179	0.179	0	0.357	0.714	0.179	0.179	0.893	0.536	0	0.357	0.357	0.357	0.357	0.536	0.179	0.357	1.429	0.179	0.179	0.893	0	0.357	0	0	0.179	0	0.179	0	0.179	0	0	0	0.179	0	0	0	0	0	0	0	0	0	0	0	0	0	0	0	0	0	0	0	0	0	0.179	0	0	0.179	0.179	0	0	0	0	0	0	0	0	0	0	0	0	0	0	0	0	0	0	0	0	50:60,72.725:200,50:80
Aamdc-NM_183251	0	0	0	0	0	0	0	0	0	0	0	0	0	0	0	0	0	0	0	0	0	0	0	0	0	0	0	0	1.607	63.759	4.822	1.786	2.858	1.429	0.357	0.357	0.179	0	0.179	1.25	1.786	0.536	0	0	0.179	0.536	0	0.357	0.179	0.179	0	0	0.536	0.357	2.858	1.072	0.179	0.893	0.179	0.714	109.332	10.327	0	0.179	0	0.179	0.357	0	0	0.357	0	0.179	0	0.179	0	0	0	0	0	0	0.179	0	0.179	0.357	0	0	0	0	0	0	0	0	0	0	0	0	0	0	0	0.179	0	0	0.179	0.179	0.179	0	0	0	0.179	0	0.179	0	0	0.179	0	0.179	0	0.179	0	0.179	0	0	0.179	0	0	0.179	0.536	0	0.179	0.357	1.072	0.536	0.357	0	0	1.072	0	0	0.536	0.357	0.179	0	0.357	0.179	1.072	0.714	0.179	0	0	0.893	0.357	0.357	0	0.179	0	0	0	0.357	0.714	0.179	0.179	0	0	0	0	0	0.357	0.536	0.536	0	0.536	0.357	0.893	0.536	0.714	0.357	0	0	0.179	0.357	0	0.179	0	0.179	0	0	0.357	0.357	0.357	0	0.357	0.536	0	0	0	0.179	0	0	0	0	0.357	0.179	0.357	0.893	0	0.893	0.179	0.179	0.179	0.357	0.357	0	0.179	0	0	0.179	0	0.536	0.179	0	0	0	0	0	0	0	0	0	0.536	0	0	0	0.179	0	0.357	0	0	0	0	0	0.357	0	0	0	0.536	0.179	0	0.179	0	0	0	0	0.385	0.687	0.357	0.536	0.179	0.357	0.893	0	0.179	0.536	0	0	0	0.179	0.536	0	8.573	8.394	0	0.536	0.179	0.179	0.179	0	0.179	0.179	0	0.179	0	0.536	0	0	0	0	0	0	0	0	0.714	0	0	0	0	0.179	0.179	0.536	0.179	0	0	0	0	0	0.179	0.179	0.179	0	0	0	0.179	0.179	0	0	0	0	0	0.357	0.179	0	0	0	0	0	0.179	0	0	0	0.536	0	0	0	0.357	0.179	0.357	0.893	0.536	0.357	0.536	0.179	50:60,145.835:200,50:80
Abca6-NM_001166556	0	0	0	0	0	0	0	0	0.179	0	0	0	0	0	0	0	0	0	0	0	0	0	0	0	0	0	0	0	0	0	0	0	0	0	0	0	0	0	0	0	0	0	0	0.179	0	0	0	0	0	0	0	0	0	0	0	0	0	0	0	0	0	0	0	0	0	0	0	0.179	0	0	0	0	0	0	0	0	0	0	0	0	0	0	0	0	0	0	0	0	0	0	0	0	0	0	0	0	0	0	0	0	0	0	0	0	0	0	0	0	0	0	0	0	0	0	0	0	0	0	0	0	0	0	0	0	0	0	0	0	0	0	0	0.179	0	0	0	0	0	0	0	0	0	0	0	0	0	0	0	0	0	0	0	0	0	0	0	0	0	0	0	0	0	0	0	0	0	0	0	0	0	0	0	0	0	0	0	0	0	0	0	0	0	0	0	0	0	0	0	0	0	0	0	0	0	0	0	0	0	0	0	0	0	0	0	0	0	0	0	0	0	0	0	0	0	0	0	0	0	0	0	0	0	0	0	0	0	0	0	0	0	0	0	0	0	0	0	0	0	0	0	0	0	0	0	0	0	0	0	0	0	0	0	0	0	0	0	0	0	0	0	0	0	0	0	0	0	0	0	0	0	0	0	0	0	0	0	0	0	0	0	0	0	0	0	0	0	0	0	0	0	0	0	0	0	0	0	0	0	0	0	0	0	0.357	0	0	0	0	0	0	0	0	0	0	0	0	0	0	0	0	0	0	0	0	0	0	0	0	0	0	0	0	0	0	0	0	0	0	0	0	0	0	50:60,76.77:200,50:80
Abcd3-NM_008991	0	0	0	0	0	0	0	0	0	0	0.893	0.179	0	0	0	0	0	0	0	0	0	0	0	0	0	0	0	0	0	0	0	0	0	0	0	0	0	0	0	0	0	0	0	0	0	0.179	0.536	0.179	0	0	0	0	0	0	0	0.179	0.893	2.858	0	0	14.645	0.357	1.965	0.357	0.179	0.179	0.893	0.357	0.179	0	0.179	0	0.357	0	0	0	0.179	0.179	2.322	0.179	0	0.179	0	0.179	0	0.179	0.179	0	0	0	0	0.357	0	0.179	0.179	0	1.072	0	0.357	0	0.179	0.179	0.179	0.536	0	0.357	0.536	0.536	0.179	0.357	0	0.714	0.179	0	0.179	0	0.357	0.357	0	0.179	0.357	0.536	0.179	0	0.179	0.536	0	0.714	0	0.179	0	0.179	0.714	0.714	2.679	0	0.536	0.179	0	0.179	0.357	1.072	1.072	0	0.179	0.179	1.25	1.072	0	0.893	0.536	0.714	0	0.536	0	0.714	0	0.536	0.179	0	1.607	0.357	0.714	0.179	0.714	0.536	0.536	2.322	0.893	0.536	0.179	0.714	0.714	1.429	0.536	0.893	1.25	0.357	1.786	0.357	1.072	0.179	0.893	2.322	4.599	2.545	1.494	0.828	3.929	3.215	2.322	0.179	3.215	3.215	1.786	0.893	1.607	3.929	0.714	0.357	1.072	2.5	1.25	1.072	1.607	1.25	0.714	0.893	1.786	0.536	1.25	2.858	0.893	0.893	0.536	1.429	1.786	0	4.108	0.893	1.607	0.714	4.286	1.429	1.25	2.858	2.322	1.607	1.072	1.25	0.357	1.25	2.322	3.215	4.465	1.965	1.429	0.357	1.786	0.357	0.536	2.322	5.715	3.393	4.465	0.714	0.179	2.5	2.5	1.429	1.607	5.358	3.036	0.714	1.429	0.357	1.429	2.322	4.643	3.215	0.179	0.179	0.179	0	0.179	0.179	0	0.357	0.179	0	2.143	1.607	2.5	0.357	0.179	0.179	0.357	0	0	0	0.179	2.858	1.072	2.858	0.893	0	3.036	0	0	0.714	0.536	1.429	0.536	0.179	0	0	1.607	1.786	0.179	0.179	0	1.072	0	0.179	0.357	0.357	0.179	1.072	1.429	1.786	1.25	0.357	0	0.357	0.179	0	1.786	0.357	0.357	0.357	0	0.179	0.357	0.714	0.893	5.179	2.322	0.357	1.072	5.179	0.357	0.536	0.714	1.786	0.536	0.357	0	0	1.786	1.607	50:60,281.995:200,50:80
Acap2-NM_030138	0	0	0	0	0	0	0	0	0	0	0	0	0	0	0	0	0	0	0	0	0	0	0	0	0	0	0	0	0	0	0	0	0	0	0	0	0	0	0	0	0	0	0	0	0	0	0	0.179	0	0	0	0	0	0	0	0	0	0	0	0.714	5.894	3.572	0.714	0	0	0.536	0.357	0.357	0.179	0.357	0	0.357	0.357	0	0	0.714	0.536	0.357	0.179	0	0	0	0.179	0.536	0	0.179	0.179	0.357	1.25	0	0.179	0.179	0.179	0	0.893	0	0.179	0.536	0	0.536	0.357	0.357	0	0.536	0.179	0.714	0.179	0.536	0.179	0.714	0.536	0.672	1.293	0.357	0.179	0.536	0.893	0.179	0.714	1.072	1.607	0.714	0.357	0.893	1.429	3.036	1.25	1.607	1.25	2.143	0	0.536	1.786	3.215	1.072	1.965	1.965	1.072	1.786	3.751	2.5	2.679	0.714	2.322	1.965	2.143	3.215	3.393	3.751	2.679	4.108	9.644	3.215	4.465	7.144	17.502	19.646	27.682	28.933	15.716	1.965	11.834	7.455	9.644	9.644	4.465	7.501	5.001	25.003	11.073	4.286	3.572	2.802	4.52	3.215	2.322	5.179	8.215	9.192	3.309	5.894	4.465	4.465	2.679	8.751	5.536	13.843	9.732	4.643	2.858	1.965	2.172	3.186	5.001	2.143	6.429	6.965	4.465	1.607	7.858	2.5	3.036	2.5	0.893	2.5	3.393	4.842	4.624	4.108	2.5	4.643	2.143	7.858	7.505	5.533	3.572	5.894	5.179	5.001	4.643	3.215	2.679	2.858	6.965	4.822	1.429	5.715	4.436	1.815	0.357	4.822	3.929	5.715	7.322	3.572	2.858	5.536	4.822	0.536	7.144	7.858	5.001	11.966	6.251	6.608	6.072	6.787	5.894	7.501	6.072	3.036	2.679	1.429	8.215	3.929	4.465	7.68	5.715	9.466	6.072	1.786	0	0.179	1.607	3.929	0.179	0	0	0	0	0	0	0	0	0	0	0	0	0	0	0	0	0	0	0	0	0.536	4.108	0.714	0.536	0.536	3.036	4.822	0.714	0.179	1.072	0.536	0.536	0.536	1.072	0.714	1.25	0	0.357	0.357	0	0	0	0	0	0	0	0	0	0	0	0	0	0	0	0	0	0	0	0	0	0	0	0	0	0	0	0	0	0	0	0	0	0	0	50:60,544.13:200,50:80
Acbd6-NM_028250	0	0	0	0	0	0	0	0	0	0	0	0	0	0	0	0	0	0	0	0	0	0	0	0	0	0	0	0	0	0	0	0	0	0	0	0	0	0	0	0	0	0	0	0	0	0	0	0	0	0	0	0	0	0.357	0	0.357	0.179	0.179	0.357	1.607	20.462	4.363	0.893	0.357	0.714	1.072	0	0.636	0.436	0.357	0.357	0.536	0.357	0.536	0.536	0.179	0.893	0.179	0.714	0.179	0	0.536	1.429	2.858	2.5	5.536	1.965	1.607	2.143	0.714	0.357	0.893	1.25	0.714	0.714	2.143	0.016	0.698	0.536	5.001	1.429	1.965	0.536	0.536	0.714	1.072	1.965	1.786	0.714	0.357	2.5	2.143	3.393	1.965	0.893	3.215	6.608	0.893	2.679	0.893	2.679	2.143	1.429	0.179	3.215	0.536	0.536	0	0.714	0.714	1.429	1.965	1.072	1.429	0.714	0.536	0.179	0.357	0.357	0.179	1.072	0.179	0	0.714	1.25	0.536	0.536	0.893	0.893	1.072	1.072	1.607	0.714	3.751	1.429	1.25	1.607	3.036	0.536	2.322	1.786	1.072	1.607	1.25	0.357	1.965	1.25	2.858	3.215	2.322	0.536	1.786	1.965	1.072	0.179	0.536	0.536	0.893	0.893	1.072	1.25	3.393	0.357	0.893	1.072	1.965	0.179	0	0.536	0.179	0.179	1.25	2.143	3.215	1.607	1.25	3.572	2.858	1.965	1.786	1.25	1.965	0.714	1.25	6.072	2.5	2.143	3.393	4.643	1.786	1.072	0.714	1.25	3.036	0.536	1.786	1.25	2.322	3.751	0.179	2.143	0.536	1.786	2.143	3.036	0.893	0.357	0.714	0	1.25	0.179	0.179	0.714	2.143	2.143	1.25	1.072	1.072	1.072	0.357	0.893	0.893	0.893	1.072	3.572	1.429	1.786	1.607	1.429	1.429	1.25	1.607	1.429	1.607	1.965	3.036	1.786	1.965	0.714	0.714	0.714	0	0	0	0	0	0.536	0.357	0	0	0	0	0	0	0	0	0	0.357	0	0.536	0.179	0	0.357	0.179	0.536	0	0	0	0.179	0.179	0.893	0.179	0.179	0.714	0.179	1.25	0	0	0	0.357	0.179	0.357	0.714	0.179	0.179	0.714	0.714	0.179	0.357	1.072	0.536	0.179	0.179	0.179	0.179	0.893	0.714	0.179	0	0.357	0	0.357	0	0.179	0	0.179	0.536	0	0.179	0.179	0	0.357	0.179	0	0.179	0	0.536	0.179	0.179	0.179	50:60,645.57:200,50:80
Accs-NM_001290782	0	0	0	0	0	0	0	0	0	0	0	0	0	0	0	0	0	0.179	0.179	0.179	0.179	0	0	0.357	0	0	0	0	0	0	0	0	0	0	0	0	0	0	0	0	0.179	0	0	0	0	0	0	0	0	0	0	0	0	0	0	0	0	0.179	0	3.393	5.001	1.429	0	1.072	0.357	0	0	0	0	0	0	0	0	0	0	0	0	0	0	0	0	0	0	0	0	0	0	0	0	0	0	0	0	0	0	0	0	0	0	0.179	0	0	0	0	0	0	0	0	0	0	0	0	0	0	0	0	0	0	0	0	0	0	0.179	0	0	0	0	0	0	0	0	0	0.357	0	0	0	0	0	0	0	0	0	0	0	0.179	0	0	0.179	0	0	0	0	0	0	0	0	0	0	0.179	0	0	0	0	0	0	0.179	0	0.104	0.075	0	0	0	0	0	0	0.179	0	0	0	0	0.179	0.179	0	0.179	0	0	0	0	0	0.179	0	0	0	0.357	0	0	0	0.179	0	0	0	0.179	0.179	0.179	0	0.536	0.179	0	0.179	0	0	0.357	0.179	0.179	0.299	0.237	0	0	0	0.357	0.179	0.357	0.357	0.536	0	0	0	0.893	0.357	0.357	0	0	0.536	1.607	0.179	0.357	0.357	0.179	0.179	0.714	0.179	0.37	0.166	0	0	0	0.536	0.179	0.179	0.893	0.179	0	0.179	0	0.179	0.179	0.536	0	0	0	0.536	0	0	0	0.179	0.536	0	0.179	0	0.179	0	0	0	0	0	0.179	0	0	0	0.179	0	0.714	0.357	0	0	0	0	0	0	0.179	0	0	0	0	0	0	0	0	0	0	0	0	0	0	0	0	0	0	0	0	0	0	0	0	0	0	0	0	0	0	0	0	0	0	0	0	0	0	0	0	0	0	0	0	0	0	0	0	0	0	50:60,82.385:200,50:80
Adamts10-NM_001329202	0	0	0	0	0	0	0	0	0	0	0	0	0	0	0	0	0	0	0	0	0	0	0	0	0	0	0	0	0	0	0	0	0	0	0	0	0	0	0	0	0	0	0	0	0	0	0	0	0	0	0	0	0	0	0.179	0	0	0	0.357	0.714	0.893	2.322	0	0.179	0.179	0	0	1.786	0	0	0	0	0	0	0	0.179	0.179	0	0	0	0	0	0	0	0	0	0	0	0	0	0	0	0	0	0.179	0	0.179	0	0	0	0.893	0.179	0.536	0.179	0	0.357	0.179	0	1.072	0.357	0.179	1.429	0	1.429	0.17	1.259	0.893	0.179	0.179	0	0	0.357	0	0.179	0	0.179	0.357	0.357	0.357	0	0	0.893	0.179	0.536	0.536	0.714	0.179	0.179	0	0	1.429	0	0	0.357	0	0.714	0.714	0.357	0	0.179	1.25	0.536	0	0.714	1.17	0.795	0.357	1.25	1.072	0.536	0.357	0.714	2.143	1.25	0	0.179	0.536	0.179	0.179	0.179	0	1.429	0.714	1.94	0.918	0.179	1.429	0.714	0.179	0.357	0.893	0.357	0.536	0.179	0	1.072	0	0	1.25	0.357	1.607	0.893	0	0.536	0	0.357	0	0.179	0.179	0.536	1.607	0.357	0.357	0.179	0.536	0.893	0	0	0.536	0.357	1.072	0.536	0.893	0.536	0.179	0	0.179	0.357	0.536	0.179	0.536	0.536	0	0	0.179	0.536	1.072	0.536	0.323	0.391	0.357	0.179	1.25	0.714	0.714	0.179	0.714	0.536	0	0.179	1.552	1.484	1.786	0.357	0.536	0.536	0.179	0.357	0.536	0.714	0.536	0.179	1.072	0.357	1.786	1.072	2.679	0.714	0.714	0.893	0.536	0.179	0	0.357	0	0.179	0.179	0.893	1.429	0.179	0	0.179	0.357	0.357	0.893	0	0.357	0	0.179	1.429	0	1.429	0.179	0	0.179	0.179	1.25	0	0.357	0	0	0	0.357	0.179	0.893	0.179	0	0	0.179	0.179	0	0.179	0	0.179	0.536	0.357	0.893	0	0.357	0.536	0.357	0	0.357	0.179	0.714	0.179	0	0	0	0.357	0.536	0.536	0.536	0.179	0.179	0	0.179	0.357	0	0.714	0	0	0	0	0	0	0.179	0	0	0	50:60,148.49:200,50:80
Adamts10-NM_001329203	0	0	0	0	0	0	0	0	0	0	0	0	0	0	0	0	0	0	0	0	0	0	0	0	0	0	0	0	0	0	0	0	0	0	0	0	0	0	0	0	0	0	0	0	0	0	0	0	0	0	0	0	0	0	0.179	0	0	0	0.357	0.714	0.893	2.322	0	0.179	0.179	0	0	1.786	0	0	0	0	0	0	0	0.179	0.179	0	0	0	0	0	0	0	0	0	0	0	0	0	0	0	0	0	0.179	0	0.179	0	0	0	0.893	0.179	0.536	0.179	0	0.357	0.179	0	1.072	0.357	0.179	1.429	0	1.429	0.17	1.259	0.893	0.179	0.179	0	0	0.357	0	0.179	0	0.179	0.357	0.357	0.357	0	0	0.893	0.179	0.536	0.536	0.714	0.179	0.179	0	0	1.429	0	0	0.357	0	0.714	0.714	0.357	0	0.179	1.25	0.536	0	0.714	1.17	0.795	0.357	1.25	1.072	0.536	0.357	0.714	2.143	1.25	0	0.179	0.536	0.179	0.179	0.179	0	1.429	0.714	1.94	0.918	0.179	1.429	0.714	0.179	0.357	0.893	0.357	0.536	0.179	0	1.072	0	0	1.25	0.357	1.607	0.893	0	0.536	0	0.357	0	0.179	0.179	0.536	1.607	0.357	0.357	0.179	0.536	0.893	0	0	0.536	0.357	1.072	0.536	0.893	0.536	0.179	0	0.179	0.357	0.536	0.179	0.536	0.536	0	0	0.179	0.536	1.072	0.536	0.323	0.391	0.357	0.179	1.25	0.714	0.714	0.179	0.714	0.536	0	0.179	1.552	1.484	1.786	0.357	0.536	0.536	0.179	0.357	0.536	0.714	0.536	0.179	1.072	0.357	1.786	1.072	2.679	0.714	0.714	0.893	0.536	0.179	0	0.357	0	0.179	0.179	0.893	1.429	0.179	0	0.179	0.357	0.357	0.893	0	0.357	0	0.179	1.429	0	1.429	0.179	0	0.179	0.179	1.25	0	0.357	0	0	0	0.357	0.179	0.893	0.179	0	0	0.179	0.179	0	0.179	0	0.179	0.536	0.357	0.893	0	0.357	0.536	0.357	0	0.357	0.179	0.714	0.179	0	0	0	0.357	0.536	0.536	0.536	0.179	0.179	0	0.179	0.357	0	0.714	0	0	0	0	0	0	0.179	0	0	0	50:60,148.49:200,50:80
Adgb-NM_001127353	0	0	0	0	0	0	0	0	0	0	0	0	0	0	0	0	0	0	0	0	0	0	0	0	0	0	0	0	0	0	0	0	0	0	0	0	0	0	0	0	0	0	0	0	0	0	0	0	0	0	0	0	0	0	0	0	0	0	0	0	0	0	0.179	0	0	0	0	0	0	0	0	0	0	0	0	0	0	0	0	0	0	0	0	0	0	0	0	0	0	0	0	0	0	0	0	0	0	0	0	0	0	0	0	0	0	0	0	0	0	0	0	0	0	0	0	0	0	0	0	0	0	0	0	0	0	0	0	0	0	0	0	0	0	0	0	0	0	0	0	0	0	0	0	0	0	0	0	0	0	0	0	0	0	0	0	0	0	0	0	0	0	0	0	0	0	0	0	0	0	0	0	0	0	0	0	0	0	0	0	0	0	0	0	0	0	0	0	0	0.179	0	0	0	0	0	0	0	0	0	0	0	0	0	0	0	0	0	0	0	0	0	0	0	0	0	0	0	0	0	0	0.179	0	0	0.179	0	0	0	0	0	0	0	0	0	0	0	0	0	0	0	0	0	0	0	0	0	0.179	0	0	0	0	0	0	0	0	0	0	0	0	0	0	0	0	0	0	0	0	0	0	0	0	0	0	0	0	0	0	0	0	0	0	0	0.179	0	0	0	0	0	0	0	0	0	0	0	0	0	0	0	0	0	0	0	0	0	0	0	0	0	0	0	0	0	0	0	0	0	0	0	0	0	0	0	0	0	0	0	0	0	0	0	0	0	0	0	0	0	0	0	0	0	0	0	50:60,683.485:200,50:80
Adgrg5-NM_001033468	0	0	0	0	0	0	0	0	0	0	0	0.179	0	0	0	0	0	0	0	0	0	0	0	0	0.357	5.358	1.072	0	0	0	0	0	0	0	0	0	0	0	0	0	0	0	0	0	0.357	0.357	0	0	0.179	0	0	0	0	0	0	0	0	0	0	0	0	0	0	0	0	0	0	0	0	0	0.179	0	0	0	0	0	0	0	0	0	0	0	0	0	0	0	0	0	0	0	0	0	0	0	0	0	0	0	0	0	0	0	0.179	0	0	0	0	0	0.179	0	0	0	0	0	0	0	0	0	0	0	0	0	0.179	0	0	0	0	0	0	0	0	0	0	0	0	0	0	0	0	0	0	0	0	0	0	0	0	0	0	0.179	0.179	0	0	0	0.179	0.179	0	0	0	0	0	0	0	0	0	0	0	0.179	0	0.179	0	0	0	0	0	0	0	0	0	0	0	0	0	0	0	0	0	0	0	0	0	0	0	0	0	0	0	0	0	0	0	0	0	0	0	0	0	0	0	0	0	0	0	0	0	0	0	0	0	0	0	0	0	0	0.536	0	0	0.179	0	0	0	0.357	0	0	0	0	0.179	0	0.536	0.179	0	0	0.179	0	0	0	0	0	0	0	0	0	0	0.179	0	0	0.357	0	0	0.179	0	0	0	0	0	0	0.179	0	0	0	0	0	0	0	0	0.179	0	0	0	0.179	0	0	0.179	0.179	0	0.179	0	0	0.179	0.357	0	0	0	0	0	0	0	0	0	0	0	0	0	0	0	0	0	0	0	0	0	0	0	0	0	0	0	0	0	0	0	0	0	0	0	0	0	0	0	0	0	0	0	0	0	0	0	0	0	0.179	50:60,97.985:200,50:80
Afg1l-NM_145743	0	0	0	0	0	0	0	0	0	0	0	0	0	0	0.179	0	0.179	0	0	0	0	0	0	0	0	0	0	0	0	0	0	0.536	0.536	0	0.179	0.357	0	0	0	0	0.536	0	0	0.179	0	0.179	0.179	0.179	0	0	0	0	0	0	0.179	0	0	0	0	1.25	59.294	4.643	1.786	3.572	74.475	2.858	1.072	0.536	1.072	0.357	0.536	2.143	0.714	1.607	2.679	1.25	21.967	3.751	0.179	0.893	1.25	0.893	1.25	0.893	2.679	0.536	2.5	1.965	1.429	1.072	1.965	0.714	0.893	2.679	0.536	0.893	1.072	0.714	0.536	0.179	0.714	1.607	0.357	0.357	0.536	0.357	0.893	1.429	1.429	1.429	1.25	0.357	0.179	0.536	1.072	3.751	1.429	1.25	0.714	1.072	3.215	0.179	1.072	4.108	0.357	4.643	2.858	0.893	1.965	1.25	1.429	1.607	1.607	4.108	2.858	2.679	2.388	2.718	2.038	4.822	3.929	4.54	3.16	4.266	2.679	0.714	2.322	1.607	5.715	3.215	1.25	0.179	0	1.429	0.357	1.786	2.143	1.786	1.429	5.715	2.679	3.929	1.965	2.322	3.215	2.679	5.715	2.679	1.607	4.643	4.643	1.429	4.643	3.393	6.072	1.786	0.893	0	0	0	0	0	0	0	0	5.542	3.388	2.143	2.322	4.286	3.572	3.572	1.786	4.108	2.322	0.536	0.893	3.393	4.286	4.465	0	0.357	3.751	2.5	2.679	1.072	1.965	2.322	1.965	0.714	2.143	0.179	1.072	2.143	2.5	3.751	1.786	2.499	7.146	0.893	2.143	2.143	3.393	2.679	4.286	2.322	1.965	3.929	4.276	3.225	2.858	6.429	4.286	2.322	1.965	2.679	3.393	3.215	2.679	4.108	2.5	5.358	6.608	5.179	5.001	4.822	9.287	8.037	2.5	1.965	2.679	3.036	3.929	3.572	5.001	2.925	0.825	1.965	3.036	9.108	1.072	3.929	0	0.179	0	0	0.357	0.536	0	0	1.072	0	0.357	1.429	5.536	1.25	2.858	2.143	9.108	9.466	2.322	1.25	0.179	1.965	0	0.893	0.179	0	0.357	0.893	1.786	0.536	0.179	1.786	1.607	0.357	0.357	1.25	1.965	0	0.714	0	0	0	1.429	0.893	0.536	0	0.357	1.25	0	0.357	0.179	0.179	0	0.536	0.357	0.179	0.536	0.179	0.536	0.179	0	0	0.357	0	0.536	0.179	0	0	0	0.179	0	0	0	0	0	0.179	0.179	0.357	50:60,829.905:200,50:80
Agap3-NM_139153	0	0	0.179	0	0	0	0	0	0	0	0	0	0	0	0	0	0	0	0	0	0	0	0	0	0	0	0	0	0	0	0	0	0	0	0	0	0	0	0	0	0	0.536	0	0	0	0.179	0	0.179	0.536	0.179	0	0	0	0.179	0.179	1.607	0.714	1.25	0	0	0.179	0.536	0.179	0.357	0.357	0.536	0.357	0	0	0.179	0.179	0.179	0	0.179	0.179	0.179	0.179	0	0	0	0	0.179	0.179	0	0	0	0	0.179	0.179	0.179	1.072	0.179	0	0.179	0.536	0	0	0.357	0.893	0.357	0	0	0.179	0	0.536	0	0.714	0.179	0.536	0.179	0.893	1.607	0.893	0.179	0.357	0.536	0.893	0.179	0.893	0.536	0.179	0.536	0.714	0.536	0.357	0.179	0.357	0.714	0.536	1.072	0.536	0.714	1.429	1.429	3.393	1.786	0	0.714	0.179	0.179	0.357	0.536	1.25	0	1.25	0.536	1.25	0.714	0.357	0.179	0.536	0.357	2.679	2.858	1.607	0.536	0.893	0	0.179	1.25	0.893	0.357	0.179	1.786	0.536	0.893	1.072	0.536	1.072	0.536	0.179	1.429	0.357	0.893	1.965	0.357	0.179	1.072	4.108	1.072	0.714	2.322	4.167	8.696	6.247	2.679	16.252	2.322	1.072	3.751	5.894	6.608	3.61	6.748	3.215	0.893	2.679	4.286	5.715	2.858	5.001	3.215	2.5	3.036	5.715	0	1.25	1.607	1.786	0.893	0.536	1.965	0.714	1.429	1.965	3.393	6.251	5.715	1.607	2.5	1.965	2.858	2.858	0.893	6.965	4.108	4.465	0.179	2.858	6.965	4.286	0.714	4.108	5.715	3.215	1.607	2.322	13.038	1.607	1.786	3.929	1.607	10.359	5.894	7.443	5.059	4.712	5.111	2.679	4.108	3.751	4.286	1.965	4.465	7.501	1.965	1.429	4.108	3.036	8.573	1.072	0.357	0.179	0.357	0.357	1.072	4.822	0.179	2.322	0.893	0.893	2.858	1.965	0.357	0	3.215	1.965	2.143	1.607	0.714	4.108	3.393	1.607	1.607	1.429	0.714	0.536	3.036	1.25	1.072	0.357	2.858	1.25	1.072	1.429	2.322	0.536	0.179	0.536	1.25	0.357	1.965	0.714	1.072	0.179	0.714	0.357	0.357	0.536	0.357	0.893	0.714	2.5	0.536	1.072	0.714	0.179	0.179	0.536	0.357	0	1.072	3.036	0.536	1.25	0.893	0.357	0	0	0.179	0.714	0	0.179	0.714	0.536	0	0	0	0.536	0.357	50:60,249.355:200,50:80
Agbl4-NM_030231	0	0	0	0	0	0	0	0	0	0	0	0	0	0	0	0	0	0	0	0	0	0	0	0	0	0	0	0	0	0	0	0	0	0	0	0	0	0	0	0	0	0	0	0	0	0	0	0	0	0	0	0	0	0	0	0	0	0	0	0	0.357	0	0	0	0	0	0.179	0	0.357	0.179	0	0.179	0	0.179	0	0	0	0	0.179	0	0	0	0	0	0	0	0.357	0	0	0	0	0	0.179	0.179	0	0	0	0	0	0.357	0	0	0	0	0	0.179	0	0.179	0	0.179	0.357	0	0	0.179	0	0	0.179	0.179	0.179	0	0	0	0	0	0	0.179	0	0	0	0	0	0	0	0.179	0.179	0	0	0	0	0	0.357	0	0	0	0	0	0	0	0	0	0.357	0	0	0.179	0	0	0	0	0	0	0	0.179	0.179	0.179	0	0	0	0.179	0.179	0	0.179	0	0	0	1.607	0	0	0	0	0	0	0	0	0	0	0	0	0	0	0	5.001	0.179	0.179	0	0	0	0	0	0	0	0	0	0	0	0	0	0	0.179	1.25	0	0	0	0.357	0.179	0	0.714	2.143	1.607	0.893	0.536	0.357	100.728	35.898	15.895	33.933	38.041	58.044	95.992	166.009	28.933	3.929	18.574	26.432	0.536	0.893	1.072	0.357	0.893	0.179	0.179	0	0	0.179	0	0	0.714	0.536	0.357	0.893	0.179	0.536	0.714	0.179	0	1.072	0	15.538	0.179	1.072	0.357	0	0	0	0	0	0	0	0	0	0	0	0	0	0	0	0	0	0	0	0	0	0	0	0	0	0	0	0	0	0	0	0	0	0	0	0	0	0	0	0	0	0	0	0	0	0	0	0	0	0	0	0	0	0	0	0	0	0	0	0	0	0	0	0	0	0.179	0	0	0	0	0	0	0	0	0	0	0	0	0	0	50:60,6299.11:200,50:80
Aldh1a1-NM_001361505	0	0	0	0	0	0	0	0	0	0	0	0	0	0	0	0	0	0	0	0	0	0	0	0	0	0	0	0	0	0	0	0	0	0	0	0	0	0	0	0	0	0	0	0	0	0	0	0	0	0	0	0	0	0	0	0	0	0	0	0	0	0	0	0	0	0	0	0	0	0	0	0	0	0	0	0	0	0	0	1.072	0	0	0	0	0	0	0	0	0	0	0	0	0	0	0	0	0	0	0	0	0	0	0	0	0	0	0	0	0	0	0	0	0	0	0	0	0	0	0	0	0	0	0	0	0	0	0	0	0	0	0	0	0	0	0	0	0	0	0	0	0	0	0	0	0	0	0	0	0	0	0	0	0	0	0	0	0	0	0	0	0	0	0	0	0	0	0	0	0	0	0	0	0	0	0	0	0	0	0	0	0	0	0	0	0	0	0	0	0	0	0	0	0	0	0	0	0	0	0	0	0	0	0	0	0	0.357	0	0	0	0	0	0	0	0	0	0	0	0	0	0	0	0.179	0	0	0	0	0	0	0	0	0	0	0	0	0.179	0	0	0	0	0	0	0	0	0	0	0	0	0	0	0	0	0	0.179	0	0	0	0	0	0	0	0	0	0	0	0	0	0	0	0	0	0	0	0	0	0	0	0	0	0	0	0	0	0	0	0	0	0	0	0	0	0	0	0	0	0	0	0	0	0	0	0	0	0	0	0	0	0	0	0	0	0	0	0	0	0	0.179	0	0	0	0	0	0	0	0	0	0	0	0	0	0	0	0	0	0	0	0	0	0	0	0	50:60,754.405:200,50:80
Aldh4a1-NM_175438	1.607	1.072	1.965	2.143	1.072	1.429	1.25	0.893	0.893	0.357	0.714	1.25	0.179	0	0	0	0	0.536	1.072	0.179	0.714	0	0	0.179	0.893	0	0	0	0	0.179	0.179	0.179	0	0	0	0	0	0	0	0	1.25	0.179	0	0	0	0.536	0.179	0.357	0.179	0	0	0	0	0.536	0	0.357	0	0.179	0	2.143	5.179	20.003	2.679	0	0	0.179	0	0	0	0	0	0	0	0	0	0	0	0	0	0	0	0.179	0	0	0	0.179	0	0	0	0	0.179	0.179	0	0	0	0	0	0	0	0	0.357	0	0	0	0.179	0.179	0	0	0.714	0	0.179	0	0.357	0.179	0.357	0	0.179	0	0.357	0	0	0.179	0	0	0.714	0.536	0.179	0	0	0	0	0	0	0	0.179	0.357	0.179	0	0.179	0.357	0	0	0.536	0	0.179	0	0.893	0.536	0	0.536	0.357	0	0	0	0.536	0.357	0.357	0.179	0.357	0.536	1.786	0.536	0.893	0.536	0.348	0.188	0	0.179	0.714	1.965	1.786	1.607	3.036	0.357	1.965	0.893	1.965	1.965	1.072	2.679	0.893	0.714	1.607	1.429	2.322	2.858	1.786	1.25	1.072	1.786	1.786	0.179	1.072	0.893	2.143	2.143	2.5	3.215	3.751	3.393	5.715	5.536	1.786	1.886	4.365	1.607	2.322	2.679	2.143	2.679	0.357	1.072	0.179	0.714	1.429	1.25	0.893	3.393	1.25	0.179	0.536	3.572	1.25	0.357	1.67	4.463	1.547	1.429	0.179	0.714	0.766	2.27	0.893	0	0.714	0.357	0.179	0.536	0.714	0	1.429	0.357	0.357	0	0	1.429	0.357	0.179	0	0.536	1.429	0.714	0.727	0.523	0.714	1.072	1.429	1.429	2.143	3.929	1.429	3.393	0.536	0.357	0	1.25	2.679	0.536	0.714	2.143	0.536	0.536	1.429	1.965	0.893	1.25	1.607	2.5	2.143	0.357	0.536	1.607	0.357	1.072	0.714	0.893	0.536	0.536	0.536	0.179	0.179	1.786	2.858	0	1.607	1.072	1.072	0.357	0.179	0.536	0	1.072	0.357	1.072	1.25	0.357	0.179	0	0	0	0	0	0	0	0	0	0	0	0	0	0	0	0.179	0	0.179	0	0	0	0.357	0	0	0	0	0	0.357	0.714	0.179	0.357	0	0	50:60,133.99:200,50:80
Alox5-NM_009662	0	0.179	0	0	0	0	0	0	0	0	0	0	0	0	0	0	0	0	0	0	0	0	0	0	0	0	0	0	0	0	0	0	0	0	0	0	0	0	0	0	0	0	0	0	0	0	0	0	0	0	0	0	0	0	0	0.179	0	0	0	0	3.572	0.714	0.179	0	0	0.357	0	0	0.179	0	0	0	0.179	0	0	0	0	0	0.179	0	0	0	0	0	0	0	0	0	0	0	0	0	0	0	0	0	0	0	0	0	0	0	0	0	0.179	0	0	0.179	0	0	0	0	0	0	0	0	0	0	0	0	0.357	0	0	0	0	0	0	0	0	0.286	0.429	0	0	0	0	0	0	0	0	0	0.179	0	0	0	0	0.179	0.179	0	0	0	0	0	0.179	0	0	0	0	0	0	0	0	0	0	0	0	0	0	0	0.179	0.179	0	0	0	0	0	0	0	0.179	0.179	0	0	0	0.179	0	0	0	0	0	0.179	0.357	0.179	0.179	0	0.536	0.357	0.179	0	0	0.714	0	0.714	0	0.179	0.179	0	0	0.357	0.357	0	0.179	0.536	0	0	0	0	0.179	0	0.536	0	0	0.179	0.536	0	0	0	0.357	0.357	0.536	0	0.536	0.893	0	0.357	0	0	0.357	0	0.2	0.157	0	0	0	0	0.357	0	0.179	0.536	0.179	0	0.179	0.893	0	0	0	0.179	0.179	0	0	0	0.357	0	0	0	0	0	0	0	0.179	0	0.179	0.179	0	0.179	0	0	0	0	0	0	0	0	0	0	0.179	0	0	0	0	0	0	0	0	0.179	0	0	0	0	0.179	0	0	0	0	0	0	0	0	0	0	0	0	0	0	0	0	0	0	0	0	0	0	0.179	0	0	0	0	0	0	0	0	0	0	0	0	0	0	0	0	0	0.357	0	50:60,255.54:200,50:80
Als2cl-NM_146228	0	0	0	0	0	0	0	0	0	0	0	0	0	0	0	0	0	0	0	0	0	0	0	0	0	0	0	0	0	0	0	0	0	0	0	0	0	0	0	0	0	0.179	0	0	0	0	0	0	0	0	0	0.179	0	0	0	0	0	0.357	0	0	1.607	1.072	0.179	1.072	0.536	0.357	0	0	0	0.179	0	0.179	0	0	0.179	0	0	0	0	0.179	0	0	0	0.179	0	0	0	0	0	0	0.179	0.179	0	0.357	0	0	0	0	0	0	0.357	0	0	0	0	0	0	0.179	0	0	0.179	0	0	0	0.179	0	0	0.179	0	0	0.179	0	0.357	0	0	0.357	0.179	0	0	0	0	0.357	0.179	0.179	0	1.25	1.072	1.072	1.072	0.179	0.536	0.893	0	0.179	0.714	0.357	1.072	0.536	0.714	0.179	0.536	0.536	1.607	0.714	0.714	0.357	1.25	0.179	0.714	0.714	0.536	0.536	0.179	0	0	1.25	0	0.179	0.357	0.179	0.179	0.522	0.729	0.357	0.536	0	0.179	0.714	0.714	0	0.179	0.179	0.536	0.357	0	0.179	0.357	0	0.536	0.357	0.357	0.179	0	0.536	0.179	0.536	0.179	0	1.965	0	0.536	0.179	0.179	0.893	0	0.357	0	0	0.357	0	0.536	0	0.179	1.786	0.714	0.357	0.179	2.679	1.429	0.179	1.072	2.143	1.429	2.5	9.662	11.769	0.357	0.179	0.357	0.714	0.536	0.357	0.536	0.179	0.179	0.357	0.536	0.357	0	0.536	0.536	1.072	0.536	0.179	0.179	1.072	1.607	2.322	0.893	2.858	2.143	0.922	0.329	0.714	1.965	0.536	0	1.965	3.215	0.179	0.714	2.322	0.357	0.357	1.965	1.965	0.357	0.357	0.179	0.357	0.536	0.714	0.536	0	0	0	0	0	0	0.179	0	0	0	0.179	0	0	0	0	0	0	0	0	0	0	0	0	0	0	0	0	0	0	0	0	0	0	0	0	0	0	0	0	0.179	0	0	0	0	0	0.179	0	0	0	0	0	0	0	0.179	0.179	0	0	0	0.179	0	0	0	0	0	0	0	0	50:60,101.785:200,50:80
Ank1-NM_031158	0	0	0	0	0	0	0	0	0	0	0	0	0	0	0	0	0	0	0	0	0	0	0	0	0	0	0	0	0	0	0	0	0	0	0	0	0	0	0	0	0	0	0	0	0	0	0	0	0	0	0	0	0	0	0	0	0	0	0.179	0	0.357	0	0	0	0.179	0	0.357	0.179	0	0	0	0	0	0.179	0	0	0	0	0	0	0	0.357	0	0	0	0	0	0	0	0	0	0	0	0	0.179	0	0.179	0.179	0	0	0	0	0	0	0.179	0.179	0.179	0	0	0	0	0	0.179	0	0	0.179	0.179	0	0	0	0	0.179	0	0.179	0	0.179	0	0.179	0	0	0	0	0	0	0.179	0	0	0	0	0	0.179	0.536	0	0	0.179	0.179	0	0	0	0.179	0	0	0	0	0	0	0	0.179	0	0.179	0	0	0	0.179	0	0	0	0	0.179	0	0	0.179	0.357	0.179	0	0.357	0	0	0	0.179	0	0	0.179	0	0	0	0	0	0	0	0	0	0	0.179	0	0	0	0.179	0	0.536	0	0	0.179	0	0	0.357	0.357	0	0.179	0	0	0	0	0.179	0	0.179	0	0.179	0.179	0	0.179	0.357	0.179	0	0	0.179	0	0	0	0.179	0	0	0	0.357	0.179	0.179	0	0	0	0.179	0	0	0	0	0	0.179	0	0.179	0.179	0	0	0	0	0	0	0	0	0	0.357	0.179	0	0	0	0	0	0	0	0	0	0	0	0	0	0	0	0	0	0	0	0	0	0	0	0	0	0	0	0	0	0	0	0	0	0	0	0	0	0	0	0	0	0	0	0	0	0	0.179	0	0	0	0	0	0	0	0.179	0	0	0	0	0.179	0	0	0	0	0	0	0	0	0	0	0	0	0	0	0	0	0	0	0	0	50:60,461.195:200,50:80
Ankrd33-NM_001355656	0	0	0	0	0	0	0	0	0	0	0	0	0	0.357	0	0	0	0	0	0.179	0	0	0	0	0	0	0	0	0	0	0	0	0	0	0	0	0	0	0	0	0	0	0	0	0	0	0	0	0	0	0	0	0	0	0	0	0	0	0	0	0	0	0	0	0	0	0	0	0	0	0	0	0	0	0	0	0	0	0	0	0	0	0	0	0	0	0	0	0	0	0	0	0	0	0	0	0	0	0	0	0	0	0	0	0	0	0	0	0	0	0	0	0	0	0	0	0	0	0	0	0	0	0	0	0	0	0	0	0	0	0	0	0	0	0	0	0	0	0	0	0	0	0	0	0	0	0	0	0	0	0	0	0	0	0	0	0	0	0	0	0	0	0	0	0	0	0	0	0	0	0	0	0	0	0	0	0	0	0	0	0	0	0	0	0	0	0	0	0	0	0	0	0	0	0.179	0.179	0	0	0	0	0	0	0	0	0	0	0.536	0.179	0	0	0	0	0	0	0	0	0	0	0	0	0	0	0	0	0	0	0	0	0	0	0	0	0	0	0	0	0	0	0	0	0	0	0	0	0	0	0	0	0	0	0	0	0	0	0	0	0	0	0	0	0	0	0	0	0	0	0	0.179	0	0	0	0	0	0	0	0	0	0	0	0	0	0	0	0	0	0	0	0	0	0	0	0	0.536	0	0	0	0	0	0	0	0	0	0	0	0	0	0	0	0	0	0	0	0	0	0	0	0	0	0	0	0	0	0	0	0	0	0	0.357	0	0	0	0	0	0	0	0	0	0	0	0	50:60,21.35:200,50:80
Ano9-NM_178381	0	0	0	0	0	0	0	0	0	0	0	0	0	0	0	0	0	0	0	0	0	0	0	0	0	0	0	0	0	0	0.179	0	0	0.179	0	0	0	0	0	0	0	0	0	0	0	0	0	0	0	0	0	0.179	0	0	0	0	0	0	0	0	1.072	0.179	0.357	0.179	0	0	0	0	0.179	0	0	0	0	0	0	0	0	0	0	0	0	0	0	0	0	0	0	0	0	0	0	0	0	0	0	0	0	0	0	0	0	0	0	0	0	0.357	0.179	0.357	0	0	0	0	0	0	0	0	0	0	0	0	0	0	0	0	0	0	0	0	0	0	0	0	0	0	0	0	0	0	0	0.357	0	0	0	0	0.179	0	0	0	0.179	0	0	0	0	0	0	0	0.357	0	0	0	0	0.179	0.325	0.211	0.714	0.179	0.536	0.179	0.179	0.179	0	0	0.357	0.179	0.357	0.357	0.357	0	0	0.357	0	0.714	1.25	0.357	0.179	0.357	0.179	0.179	0	0.536	0.179	0.179	0.179	0	0	0	0	0.536	0.179	0	0.357	0.357	0.179	0	0.179	0	0	0	0	0	0	0	0	0.536	0.179	0.357	0.179	0.179	0.179	0.357	0.357	0.714	1.965	0.893	1.429	0.536	0.179	0.536	1.072	1.965	0.714	0.121	0.414	0.179	1.786	0.893	0.179	0.714	2.143	1.965	0	0.714	0.536	0	0	2.143	1.072	0.179	0.536	0.714	0.714	0	0.611	0.818	0.536	0.714	3.036	0	0.179	1.429	1.072	0.536	0.357	0	0	0.179	0.179	0.714	0.714	1.25	0.357	0.893	2.322	8.573	8.573	1.786	1.25	1.25	1.072	0.893	0.714	0.357	0	0.893	5.001	12.145	0.536	0.357	0.536	0.357	0.179	0.893	0.536	0	0.179	0	0.357	0	0	0	0	0	0	0	0	0	0	0.179	0	0	0	0	0	0	0.357	0.179	0.179	0	0	0	0.536	0	0	0.357	0	0	0.179	0	0	0	0	0.179	0	0.357	0.179	0.179	0	0	0	0	50:60,82.94:200,50:80
Apbb1-NM_001253887	0	0	0	0.179	0	0	0	0	0	0	0	0	0	0.179	0.179	0	0	0	0	0.179	0	0	0	0	0.357	0.179	0	0.179	0	0.357	0	0	0.179	0	0	0.536	0	0	0	0	0	0	0.357	0	0.179	0	0	0	0.179	0	0	0	0	0.179	0.179	0	0	0.179	0	0	0	0	0.179	0	0.357	0.714	0.179	0	0	0	0	0	0	0.714	0	0	0	0.179	0.357	0	0	0.357	0	0	0	0	0.179	0	0	0	0	0	0.179	0	0	0.357	0	0.357	0.536	0.179	0.179	0	0.179	0.179	0	0	0	0	0	0	0	0.893	0.893	0.179	0.357	0.179	0	0	0.179	0.536	0	0	0.357	0	0	0	0.536	0.179	0	0.179	0	0.179	0	0	0.179	0.357	1.072	0	0	0	0	0.179	0	0	0	0	0	0	0	0	0	0.536	0.357	0.179	0.714	0.179	0	0.179	0.179	0	0	0	0.357	0	0	0.357	0.893	0.564	0.329	0	0	0	0.714	0.714	0	0	0	0	0.179	0.893	0.179	0	0	0	0.179	0.714	0.179	0.179	0.179	0	0	0	0	0.179	0.339	0.375	0	0	0	0.357	0	0.179	0.179	0.893	0.179	0.179	0.179	0.179	0.536	0	0.179	0	0	0.179	0.179	0	0.536	0	0.179	0.357	0	0	0	0	0	0	0	0	0	0	0	0.179	0.179	0.536	0.179	0.093	0.086	0	0.179	0.179	0	0	0.893	0	0	0.179	0	0.672	0.4	0	0	0.357	0	0	0	0	0	0	0.536	0	0.357	0.357	0.179	0.179	0.357	0	0.179	0.536	0.536	1.072	0.893	1.25	0.357	0.714	1.072	1.072	1.965	1.072	0.536	0.714	0.357	0.179	2.143	0.714	0.357	0	0	0	0	0.179	0.536	0.357	0.893	0.179	0	0	0.357	0	0.357	0	0	0	0.536	0.714	0.357	0.357	0	0	0	0	0	0	0	0.357	0	0	0	0	0	0	0	0	0	0	0	0	0	0	0.179	0	0	0	0.179	0	0	0	0	0	0	0	50:60,54.27:200,50:80
Aqp4-NM_001308644	0	0	0	0	0	0	0	0	0	0	0	0	0	0	0	0	0	0	0	0	0	0	0	0	0	0	0	0	0	0	0	0	0	0	0	0	0	0	0	0	0	0	0	0	0	0	0	0	0	0	0	0	0	0	0	0	0	0	0	0	0	0	0	0	0	0	0	0	0	0	0	0	0	0	0	0	0	0	0	0	0	0	0	0	0	0	0	0	0	0	0	0	0	0	0	0	0	0	0	0	0	0	0	0	0	0	0	0	0	0	0	0	0	0	0	0	0	0	0	0	0	0	0	0	0	0	0	0	0	0	0	0	0	0	0	0	0	0	0	0	0	0	0	0	0	0	0	0	0	0	0	0	0	0	0	0	0	0	0	0	0	0	0	0	0	0	0	0	0	0	0	0	0	0	0	0	0	0	0	0	0	0	0	0	0	0	0	0	0	0	0	0	0	0	0	0	0	0	0	0	0	0	0	0	0	0	0	0	0	0	0	0	0	0	0	0	0	0	0	0	0	0	0	0	0	0	0	0	0	0	0	0	0	0	0	0	0	0	0	0	0	0	0	0	0	0	0	0	0	0	0	0	0	0	0	0	0	0	0	0	0	0	0	0	0	0	0	0	0	0	0	0	0	0	0	0	0	0	0	0	0	0	0	0	0	0	0	0	0	0	0	0	0	0	0	0	0	0	0	0	0	0	0	0	0	0	0	0	0	0	0	0	0	0	0	0	0	0	0	0	0	0	0	0	0	0	0	0	0	0	0	0	0	0	0	0	0	0	0	0	50:60,107.945:200,50:80
Arfgap1-NM_001177710	0.357	0	0	0	0	0	0	0	0	0	0	0	0	0	0	0	0	0	0	0	0	0	0	0	0	0	0	0	0	0	0	0	0	0	0	0	0	0	0	0	0.357	0.179	0.714	0	0	0	0	0	0	0	0	0	0	0	0.357	0.179	0	0	0	0.179	32.058	70.813	6.519	1.161	0.536	0.179	1.25	0	0.179	0.714	0.536	0.714	0.179	0	0.179	0	0	0.357	0.357	0	0	0	0.179	0	0.893	0.357	0.357	0	0.536	0	0.179	0.357	0.536	0	0	0	0	0	0.179	0	0	0	0	0.179	0	0	0.179	0.357	0.536	0.179	0.179	0.536	0.179	0.357	0.179	0.179	0.179	0.536	0.179	0	0	0.179	0.893	0.536	0.357	0.179	0.179	0	0.357	0.179	0	0	0	0.357	0.179	0.179	0.714	1.786	0.536	0.536	0.536	0.536	0.893	0.714	0.179	0.357	0.893	0.357	1.25	0.179	0	0.179	0	0	0	0.536	1.25	0.179	0.357	0.179	0	0.357	0	0	0.357	0.179	0.357	0.179	0.357	0.179	0.357	0.179	0	1.607	0.179	0.893	1.965	1.072	0	0	0.357	0.536	0.714	0.714	1.607	0.357	0.536	0.714	0.179	0	0	0	0	0	0	1.25	0.893	0.893	0.893	1.786	0.536	0.536	2.322	0.893	0.982	0.625	0.357	1.25	1.786	0	0.357	1.25	0.357	0.357	0.357	0.536	1.072	1.607	0.536	1.25	1.25	5.001	3.215	0.893	2.5	2.322	0.714	2.679	0.179	0.179	0.357	0.714	0.714	0.357	0.893	1.25	0.536	0.179	1.786	0.893	0.179	0.536	1.429	0.536	1.25	1.072	1.429	1.072	0.536	1.072	4.822	0.714	4.286	0.714	0.179	2.679	10.537	6.251	1.607	9.466	1.607	3.393	1.965	4.286	6.965	7.144	3.751	1.072	0.179	0.357	2.5	5.001	5.179	3.572	5.001	15.538	12.145	0.893	1.965	3.572	5.715	2.5	1.965	2.322	4.822	7.68	6.608	0.357	0.179	2.679	4.108	4.286	3.751	4.465	1.607	3.751	15.538	7.322	1.786	1.965	2.5	0.714	4.465	5.715	1.786	2.143	4.286	1.072	1.786	9.466	0.714	5.536	6.072	5.894	7.322	9.108	1.607	0.536	3.036	1.429	0	0.179	1.25	1.25	6.608	2.322	8.394	3.393	3.572	5.358	4.108	1.429	5.536	6.965	1.607	6.429	1.965	6.072	12.502	5.179	50:60,76.5:200,50:80
Arhgap42-NM_001372570	0	0	0	0	0	0	0	0	0	0	0	0	0	0	0	0.179	0	0	0	0	0	0	0	0	0	0	0	0	0	0	0	0	0	0	0	0	0	0	0	0	0	0	0	0	0	0	0	0	0	0	0.357	0.357	0.179	8.037	3.751	1.786	0	0	0.357	1.786	3.572	0.357	0	0	0.357	0.179	0	0.179	0	0	0.179	0.179	0.357	0.357	0.357	0	0	0.357	0.357	0.179	0	0.179	0.536	0	0.179	0.536	0.536	0.179	0.536	1.25	0.179	1.072	0.893	0.893	0.179	0.893	0.714	1.072	0	1.072	1.429	1.607	1.965	1.965	1.072	1.25	2.143	2.5	2.5	1.25	1.25	2.143	1.25	3.393	2.5	1.965	1.429	2.679	0.357	2.143	3.751	1.965	1.965	1.072	2.858	1.965	1.072	2.5	2.143	1.965	2.143	2.858	1.732	1.482	4.286	1.786	5.179	1.786	2.679	2.5	2.858	1.607	2.5	4.108	4.643	1.25	2.5	2.357	1.572	1.965	0.893	2.322	1.965	2.679	1.965	3.036	2.143	2.322	2.322	1.965	3.215	1.429	1.965	0.714	2.5	1.786	2.858	1.786	0.179	0	1.429	2.322	2.143	1.965	1.607	2.858	1.607	1.072	3.393	2.858	0.714	1.965	1.429	2.858	1.25	1.25	1.786	1.25	1.072	0.714	1.607	3.751	2.143	3.215	3.036	2.322	2.858	1.607	1.072	2.322	2.858	1.965	2.143	2.679	2.679	1.607	1.429	1.607	1.25	0.714	1.965	1.965	1.072	0.357	1.965	2.143	0.536	0	0	0.893	0	0	0.357	0.893	1.25	3.215	1.429	0.357	2.858	2.679	1.072	1.607	0.893	2.5	0.357	2.5	1.786	0	0.536	0	0	0.179	1.25	0	0.536	1.072	1.965	3.751	2.322	0.179	0.179	0.179	0.536	1.965	1.25	3.215	2.322	1.607	3.572	3.572	0	0.179	0	0.714	0	0	0	0	0.179	0	0	0	0.179	0.179	0	0.179	0.179	0	0	0	0	0	0	0	0	0	0.179	0	0	0.536	0.179	0	0	0	0.357	0.357	0.179	0	0.179	0.179	0	0.179	0	0	0	0.179	0.179	0	0	0.714	0	0.179	0	0.179	0.179	0	0	0	0.179	0	0	0	0	0	0	0.179	0.536	1.965	0.714	0	0.179	0.357	0	0	0	0	0.536	0	0	0	50:60,956.9:200,50:80
Arid3a-NM_007880	0	0	0	0	0	0	0	0	0.179	0	0	0	0	0	0	0	0	0	0.179	0	0	0	0	0	0	0.179	0	0	0	0.357	0	0.179	0	0	0	0	0.179	0	0	0	0.357	0	0	0	0	0	1.072	0.357	0	0	0.536	0	0	0.357	0	0	0	0	0	0.536	6.965	0.179	2.5	0	0.714	1.965	1.786	0.179	0	0.179	0	0	0	0.179	0	0	0	0	0	0.179	0.179	0	0.357	0	0.179	0	0	0	0	0	0.179	0.536	0.357	0	0.179	0	0.357	0.357	0.179	0	0.179	0.179	0	0.714	0.357	0	0.179	0.179	0.179	0	0.357	0	0.357	0.536	0.714	0	0.179	0	0.179	0	0	0.1	0.079	0.179	0.536	0.357	0.179	0.179	0.179	0.893	0.357	0	0.357	0.536	0.357	1.072	1.072	1.25	0.357	0	0	0.357	0.536	0.357	2.322	1.607	0.179	0.714	1.607	0	0.714	0	0.357	0.893	0	0.536	0	0	0.536	0	0.536	0.179	1.607	0.536	0.536	0.179	0.714	0.536	1.072	1.072	2.143	4.286	0.536	0.179	0.714	0.179	0	0	0.357	0.714	0.357	0.536	1.607	0.893	0.179	2.322	0.357	0.714	0.179	0.714	1.786	0	0.536	0.179	0.714	0.714	0	1.25	1.607	0.357	0.357	0.179	0.536	0.179	0.357	0.179	0.179	0.357	0	0.357	0	0	0.179	2.322	0	0.179	0.714	0	0	0	0	0.536	0	1.429	2.143	0.371	1.057	0.893	0.179	0	0.357	1.072	0.179	0.893	0.357	0.357	0.357	0	0.357	1.607	1.429	0.536	0.357	0.536	2.679	1.429	0.536	1.786	4.108	1.25	0.714	0.357	3.036	2.322	3.072	5.322	6.965	0.536	1.293	7.637	2.5	4.465	0.536	1.25	1.072	0.714	0.536	1.25	0.893	0.357	0.714	0.179	0.179	0.179	0	0	0	0	0.179	0.179	0	0	0	0	0.357	0.536	0.357	0.179	0.357	0	0	0.179	0	0	0	0	0	0.179	0	0.357	0.179	0.179	0.357	0.179	0	0	0.179	0.179	0	0	0	0	0	0	0	0	0.179	0.179	0	0.179	0	0	0.179	0	0.179	0	0	0	0.179	0.179	0	0	0.179	0.179	0.179	0	0	0	0	0	50:60,139.88:200,50:80
Armc6-NM_133972	0	0	0	0	0	0	0	0	0	0	0	0	0	0	0	0	0	0	0	0	0	0	0	0	0	0.357	0	0	0	0	0	0	0	0	0	0	0	0	0	0	0	0	0	0	0.179	0	0	0	0	0.179	0	0.893	0	0	0	0	0	0	0	0.357	1.786	0.893	0	0.179	7.814	11.118	0	0	0.536	0	0	0	0	0	0	0	0	0	0	0	0	0	0	0	0	0	0	0	0	0	0.179	0	0	0	0	0	0	0	0	0	0.179	0	0	0	0	0.179	0.179	0	0	0	0	0	0.179	0	0	0	0.179	0	0.179	0	0	0	0.179	0	0	0	0	0.179	0	0	0	0	0	0	0	0	0	0.179	0	0	0	0	0	0	0.357	0.179	0	0	0	0	0	0	0	0	0	0	0	0	0	0	0	0	0	0	0	0	0	0	0	0	0	0	0	0	0	0	0	0	0	0	0	0	0	0.179	0	0	0	0	0	0	0.179	0.179	0	0.357	0	0.179	0	0.536	0.357	0	0	0.536	0.536	0.536	0.536	0.179	0	0.179	0.777	0.652	0.714	1.25	0.357	0.179	1.072	1.607	0.357	0	0.714	1.607	0.179	0.357	0.179	0.714	0	0.536	1.072	0.893	1.25	0.536	0.357	0.536	0.179	0.732	1.411	0.357	0.357	0	1.375	0.411	0.179	0.179	1.67	1.723	0.179	0.893	2.322	2.322	1.25	1.072	0	0.714	3.036	1.072	0	0.607	0.286	0.893	0.893	0	0.893	0.357	0.536	0.357	1.072	1.965	1.607	0.536	0.179	0.536	0.357	1.25	0.536	0.179	1.607	0.179	0.536	0	0.357	0.357	0	0	0.179	0.179	0	0	0	0.179	0	0	0	0	0.357	0	0	0	0	0	0	0	0	0	0	0	0	0	0	0	0.179	0	0	0	0	0	0	0	0	0	0.179	0	0	0	0	0	0	0	0	0	0	0	0	0	0	0	0	0	0	0	0	0	50:60,71.15:200,50:80
Arpp21-NM_001177616	0	0	0	0	0	0	0.179	0	0	0	0	0	0	0	0	0	0	0	0	0	0	0	0	0	0.179	0	0	0	0	0	0	0	0	0	0	0	0	0	0	0	0	0	0	0	0	0	0	0	0	0	0	0	0	0	0	0	0	0	0	0	0	0.179	0	0	0	0	0	0	0	0	0	0	0.179	0	0	0	0	0	0	0	0	0.179	0	0	0	0	0	0	0	1.072	0	0.179	0	0	0	0	0	0	0	0	0	0	0	0	0	0	0	0	0	0	0	0	0	0	0.179	0	0.357	0	0	0	0	0	0	0	0	0	0	0	0.179	0	0	0	0	0.179	0	0	0	0	0.357	0	0	0	0	0	0	0	0	0	0	0	0	0	0	0	0	0	0	0	0	0	0	0	0	0	0	0	0	0.179	0	0	0	0	0	0	0.179	0	0	0	0	0	0.179	0	0	0	0	0	0	0	0	0	0	0	0	0	0.357	0.179	0.357	0.179	0	0	0	0	0	0	0	0	0	0	0	0	0	0	0	0	0	0	0	0	0	0	0	0	0	0	0	0	0	0	0	0	0	0	0.179	0	0	0	0	0	0	0.179	0	0	0	0	0	0	0	0	0	0	0	0	0	0.179	0	0	0	0	0	0	0	0	0	0	0	0	0	0	0	0	0	0	0	0	0	0	0	0	0	0	0	0	0	0	0	0	0	0	0	0	0	0	0	0	0	0	0	0	0	0	0	0	0	0	0	0	0	0	0	0	0	0	0	0	0	0	0	0	0	0	0	0	0	0	0	0	0	0	0	0	0	0	0	0	0	0	0	0	0	0	50:60,837.055:200,50:80
Arrdc4-NM_025549	0	0	0	0	0	0	0	0	0	0	0	0	0	0	0	0	0	0	0	0	0	0	0	0	0	0	0	0	0	0	0	0	0	0	0	0	0	0	0	0	0	0	0	0	0	0	0	0	0	0	0	0	0	0	0	0	0	0	0	0.357	1.072	0.357	2.322	0.179	1.965	0.357	0.179	0	0	0.054	0.125	0	0	0.536	0	0	0	0.179	0.179	0.179	0	0	0	0	0	0	0	0	0	0	0	0	0	0	0	0	0	0.179	0.179	0	0	0	0	0.179	0	0	0	0	0	0	0	0	0	0	0	0	0	0	0	0	0	0	0	0	0	0	0	0	0	0.179	0	0	0	0	0	0	0.179	0	0	0	0	0.179	0	0	0	0	0	0	0	0	0.179	0	0	0	0	0	0	0	0.179	0	0	0.179	0	0.179	0	0	0	0	0	0	0	0	0.536	0	0.179	0.179	0	0	0	0	0	0	0	0	0	0	0	0	0	0	0.179	0	0	0	0	0	0	0	0	0	0	0	0	0	0	0	0	0	0	0	0	0	0	0	0	0	0	0	0	0	0	0	0	0	0	0	0	0	0	0	0	0	0	0	0	0	0	0	0	0	0	0.179	0	0	0	0	0	0	0	0	0	0	0	0	0	0	0	0	0	0	0	0.179	0	0.179	0.179	0	0.536	0.179	0	0.357	0.179	0	0	0.179	0.357	1.25	0.179	0	0.179	0	0.714	0.179	0	0	0.357	0	0.714	0.536	0	0.179	0.536	0	0	0	0	0	0.179	0.179	0	0.179	0.179	0	0	0	0	0.179	0.536	0.893	1.072	0.714	0	0	0	0.179	0.179	0	0.179	0	0	0	0	0.179	0	0.179	0	1.072	0	0.179	0	0	0	0	0.179	0	0.179	0.179	0.179	0.179	0	0.357	50:60,38.23:200,50:80
Asb10-NM_001310476	0	0	0	0	0	0	0	0	0	0	0	0	0	0	0	0	0	0	0	0	0	0	0	1.607	0.893	1.429	0	0	0	0	0	0	0	0	0	0	0	0	0	0	0	0	0	0	0	0	0	0	0	0	0	0	0	0	0	0	0	0	0	0	0	0	0	0	0	0	0	0	0	0	0	0	0	0	0	0	0	0	0	0	0	0	0	0	0	0	0	0	0	0	0	0	0	0	0	0	0	0	0	0	0	0	0	0	0	0	0	0	0	0	0	0	0	0	0	0	0	0	0	0	0	0	0	0	0	0	0	0	0	0	0	0	0	0	0	0	0	0	0	0	0	0	0	0	0	0	0	0	0	0	0	0	0	0	0	0	0	0	0	0	0	0	0	0	0	0	0	0	0	0	0	0	0	0	0	0	0	0	0	0	0	0	0	0	0	0	0	0	0	0	0	0	0	0	0	0	0	0	0	0	0	0	0	0	0	0	0	0	0	0	0	0	0	0	0	0	0	0	0	0	0	0	0	0	0	0.179	0	0	0	0	0	0	0	0	0	0.179	0	0.179	0	0	0	0	0	0	0	0	0	0	0	0	0	0	0	0	0	0	0	0	0	0	0	0	0	0	0	0	0.179	0	0	0	0	0	0	0	0	0	0	0	0.179	0	0	0	0	0	0	0	0	0	0	0	0	0	0	0	0	0	0	0	0	0	0	0	0	0	0	0	0	0	0	0	0.179	0	0	0	0	0	0	0	0	0	0	0	0	0	0	0	0.536	0.179	0	0	0	0	0	0	0	0	0.179	0	0	0	50:60,41.41:200,50:80
Atg5-NM_001358596	0	0	0	0	0.179	0.179	0	0	0.179	0	0	0	0	0	0.893	0.536	0	0	0	0	0	0	0	0	0	0	0	0	0	0.357	0	0	0	0	0	0	0	0	0.179	0	0	0.179	0	0	0	0	0.893	0.179	0	0	0	0.536	1.607	0	0	0	0	0	0	0.179	101.482	2.461	0	0.893	0	0	0.179	0	0.179	0	0.179	0.179	0	0.536	0.179	0	0.179	0	0	0	0	0	0	0	0	0.357	0.179	0	0	0.179	0.179	0	0.179	0.893	0.536	1.786	0	0.536	0.536	1.072	0.893	0.893	0.357	0.536	0.357	1.072	0.536	0.536	1.072	1.072	1.607	0.714	0.893	3.751	0.536	1.429	1.25	1.072	1.786	0.714	0	0	0.179	0.893	1.965	1.607	0.714	1.607	2.858	0.179	0	1.607	2.679	1.607	2.858	1.429	3.751	1.25	3.036	6.608	1.607	0.536	1.429	2.858	2.5	4.822	1.786	1.607	1.187	3.993	2.322	3.572	2.858	1.429	0.357	2.322	2.143	1.25	4.108	2.143	6.429	5.536	1.072	2.858	3.036	1.072	1.25	3.393	0	0.357	4.822	5.179	2.143	2.858	3.036	5.358	2.679	4.465	0.714	2.322	10.18	0.536	2.858	3.572	2.858	1.607	3.393	2.143	0.357	0.179	2.322	2.368	1.204	3.929	0	0	1.072	2.322	1.786	1.607	1.25	4.286	4.286	0.714	3.215	5.179	1.072	1.965	1.429	0.536	1.429	3.393	1.607	1.786	2.46	0.933	4.108	1.25	1.785	3.93	3.036	2.679	1.786	2.322	0.357	2.5	3.215	4.465	0.714	0	6.429	2.858	0	0	0	3.393	1.607	1.429	0.357	5.894	2.143	2.679	3.751	4.286	1.429	8.394	1.607	3.929	6.429	0.893	3.528	5.58	4.643	3.036	4.108	3.929	4.286	1.25	1.25	5.536	0.357	0	0	0	0	0	0.357	0.714	2.143	1.429	1.072	0.179	0.179	1.786	0.179	0.357	1.965	5.536	5.358	0.179	0	1.25	0	0.179	0.357	2.858	0.536	0.714	0.179	1.429	0.536	0	0	0.179	0	0	0.179	0.536	0.357	0.893	0.357	0	0.179	0.179	1.429	0.893	1.965	1.072	1.965	0.536	0	0.536	1.607	0.357	0.357	1.429	0.536	0.357	0.714	0.179	0.357	1.429	1.072	0.357	1.072	0	0.893	1.072	1.786	2.679	1.607	0.536	0	0	2.143	1.965	0.357	0.714	0.357	1.072	50:60,479.805:200,50:80
B020004J07Rik-NM_001033790	0	0	0	0	0	0	0	0	0	0	0	0	0	0	0	0	0	0	0	0	0	0	0	0	0	0	0	0	0	0	0	0	0	0	0	0	0	0	0	0	0	0	0	0	0	0	0	0	0	0	0	0	0	0	0	0	0	0	0	0	0	0	0	0	0	0	0	0	0	0	0	0	0	0	0	0	0	0	0	0	0	0	0	0	0	0	0	0	0	0	0	0	0	0	0	0	0	0	0	0	0	0	0	0	0	0	0	0	0	0	0	0	0	0	0	0	0	0	0	0	0	0	0	0	0	0	0	0	0	0	0	0	0	0	0	0	0	0	0	0	0	0	0	0	0	0	0	0	0	0	0	0	0	0	0	0	0	0	0	0	0	0	0	0	0	0	0	0	0	0	0	0	0	0	0	0	0	0	0	0	0	0	0	0	0	0	0	0	0	0	0	0	0	0	0	0	0	0	0	0	0	0	0	0	0	0	0	0	0	0	0	0	0	0	0	0	0	0	0	0	0	0	0	0	0	0	0	0	0	0	0	0	0	0	0	0	0	0	0	0	0	0	0	0	0	0	0	0	0	0	0	0	0	0	0	0	0	0	0	0	0	0	0	0	0	0	0	0	0	0	0	0	0	0	0	0	0	0	0	0	0.179	0	0	0	0	0	0	0	0	0	0	0	0	0	0	0	0	0	0	0	0	0	0	0	0	0	0	0	0	0	0	0	0	0	0	0	0	0	0	0	0	0	0	0	0	0	0	0	0	0	0	0	0	0	0	0	0	0	0	0	50:60,45.27:200,50:80
B230119M05Rik-NR_045454	0	0	0	0	0	0	0	0	0	0	0	0	0	0	0	0	0	0	0	0	0	0	0	0	0	0	0	0	0	0	0	0	0	0	0	0	0	0	0	0	0	0	0	0	0	0	0	0	0.536	1.965	11.252	2.322	0.179	0	0	0	0	0	0	0.179	0	0	0	0	0	0	0	0	0	0	0	0.179	0.357	0.357	0.536	0.179	0.104	0.626	0.983	0.215	2.357	1.27	0.447	0.069	0	0	0	0	0.179	0	0	0	0	0	0	0	0	0.034	0.269	0.054	0	0	0	0	0	0	0	0	0	0	0.179	0	0	0	0	0	0	0	0	0	0	0	0.179	0	0	0	0	0	0	0	0	0	0	0	0	0	0	0	0	0	0	0	0	0	0	0	0.179	0	0	0	0	0	0	0	0	0	0	0	0	0	0	0	0.179	0	0	0	0	0.179	0	0	0	0	0	0	0	0	0	0	0	0	0	0	0	0	0.179	0	0	0	0	0	0	0	0	0	0	0	0	0	0	0	0	0	0	0	0	0.13	0.227	0.132	0.761	1.25	0	0.179	0	0	0	0	0	0	0	0	0	0	0	0	0.179	0	0	0	0	0	0	0	0	0	0	0	0	0	0	0	0	0	0	0	0	0	0	0	0	0	0	0	0	0	0	0	0	0	0.179	0	0	0	0	0	0	0	0	0	0	0	0	0	0	0	0	0	0	0	0	0	0	0	0	0	0	0	0	0	0	0	0	0	0	0	0	0	0	0	0	0	0	0	0	0	0	0	0	0	0	0	0	0	0	0	0	0	0	0	0	0	0	0	0	0	0	0	0	0	0	0	0	0	0	0	0	0	0	0	0	0	50:60,9.505:200,50:80
B230217C12Rik-NR_160861	1.25	0	0.179	12.859	0.357	2.322	0.179	0.714	1.965	3.751	0.893	0.179	5.001	4.822	2.322	1.25	2.858	3.215	0.357	0.536	0.536	3.572	3.036	1.072	1.965	1.25	1.786	1.786	6.072	2.322	0.357	2.143	0.357	0	0	0	0.893	2.5	0.536	1.607	1.607	0	0	0.536	0	0.714	0.357	1.607	0	0.179	0.179	0.179	1.25	0.357	0.179	0.179	0.357	0.357	0	0.179	0	0	0.179	0.179	0.179	0.493	0.221	0.179	0	0	0	0.357	0.357	0.357	0.054	3.34	0.714	0.629	0.725	0.254	0.179	0	0	0.179	0	0.179	0	0	0.139	0.039	0	0	0	0	0.179	0	0	0	0	0	0	0	0	0	0	0	0	0	0	0	0	0	0	0	0	0	0	0	0	0	0	0	0	0	0	0	0	0	0	0	0	0	0	0	0	0	0	0	0	0	0.179	0	0	0	0	0	0	0	0.179	0.179	0	0	0.179	0	0	0	0	0	0	0	0	0	0	0	0.179	0	0	0	0	0	0	0	0	0	0	0	0	0	0	0	0	0	0	0	0	0	0	0	0	0	0	0	0	0	0	0	0	0	0	0.179	0	0	0	0	0	0.714	0	0.357	0	0	0	0.179	0	0	0	0	0	0	0	0	0	0	0	0	0	0	0	0	0	0	0	0	0	0	0	0	0	0	0	0	0	0	0	0	0	0	0	0	0	0	0	0	0	0	0	0	0	0	0	0	0	0	0	0	0	0	0	0	0	0	0	0	0	0	0	0	0	0	0	0	0	0	0	0	0	0	0	0	0	0	0	0	0	0	0.179	0	0	0	0	0	0	0	0	0.179	0	0	0	0	0	0	0	0	0	0	0	0	0	0	0	0	0	0	0	0.179	0	0	0	0	0	0	0.179	0	0	0	0	0	0	0	0	0	50:60,13.82:200,50:80
BC034090-NM_001370865	0	0	0	0	0	0	0	0	0	0	0	0	0	0	0	0	0	0	0	0	0	0	0	0	0	0	0	0	0	0	0	0	0.179	0	0	0	0	0	0	0	0	0.179	0	0	0	0	0.357	0	0	0	0	0	0	0	0	0	0	0	0	0	0.357	0	0	0	0	0	0	0	0	0	0	0	0	0	0	0	0	0	0	0.357	0.179	0	0	0	0	0	0	0	0	0	0	0	0	0	0	0	0	0	0	0	0	0.179	0	0	0	0	0	0	0	0	0	0.893	0.357	0.179	0	0	0	0.179	0.179	0	0	0	0	0.179	0.536	0.179	0	0.714	0.893	0.179	0.179	0.179	0.536	0.714	0.179	0.357	0	0	0	0.357	0.179	0	0.536	0	0	0.179	0	0	0.179	0.179	0.179	0.179	0	0.357	0.179	0	0	0	0.179	0	0	0.179	0	0.179	0.179	0.357	0	0	0	0.714	0.357	0.179	0.005	0.173	0.179	0	0	0.536	0.179	0	0.179	0.714	0.893	2.322	0.714	1.25	0.714	0.893	0.179	0.357	0.179	0.536	0.179	0	0.357	0.357	0	1.786	0.357	0.536	1.607	0	0.714	0.179	0.179	0.179	0	0.357	0.536	0.179	0.357	0.179	0	0	0.179	0.357	0	0	0.357	0	0	0	0	0	0.179	0.357	0.179	0.179	0.179	0	0	0.357	0.536	0	0	0.179	0.357	1.25	0.536	0.179	0	0	0.179	0.714	0.536	0.179	0.714	0	0	0.893	0.714	0.357	0.357	0.536	0.179	0	0.536	0.179	0.179	1.786	0	0.714	1.25	0.893	0.536	0.179	0.179	0	0	0	0	0	0.179	0	0	0	0	0.714	0	0	0.357	0	0	0	0	0.179	0.357	0.357	0.357	0.357	0	0	0	0.179	0.536	0.179	0	0	0.536	0.714	0	0.536	0	0	0	0	0	0	0.357	0.179	0.179	0	0.714	0.536	0.179	0.179	0.179	0	0	0.179	0	0.179	0	0.179	0	0	0	0	0	0.536	0	0.179	0	0	0	0	0.179	0	0	0	50:60,160.31:200,50:80
BC052688-NR_028430	0	0	0	0	0	0	0	0	0	0	0	0	0	0.179	0	0	0	0	0	0	0	0	0	0	0	0	0	0	0	0	0	0	0	0	0	0	0	0	0	0	0	0	0	0	0	0	0	0	0	0	0	0	0.179	0.179	0	0	0	0	0	0	0	0	0	0	0	0	0	0	0	0	0	0	0	0	0	0	0	0	0	0	0	0	0	0	0	0	0	0	0	0	0	0	0	0	0	0	0	0	0	0	0	0	0	0	0	0	0	0	0	0	0	0	0	0	0	0	0	0	0	0	0	0	0	0	0	0	0	0	0	0	0	0	0	0	0	0	0	0	0	0	0	0	0	0	0	0	0	0	0	0	0	0	0	0	0	0	0	0	0	0	0	0	0	0	0	0	0	0	0	0	0	0	0	0	0	0	0	0	0	0	0	0	0	0	0	0	0	0	0	0	0	0	0	0	0	0	0	0	0	0	0	0	0	0	0	0	0	0	0	0	0	0	0	0	0	0	0	0	0	0	0	0	0	0	0	0	0	0	0	0	0	0	0	0	0	0	0	0	0	0	0	0	0	0	0	0	0	0	0	0	0	0	0	0	0	0	0	0	0	0	0	0	0	0	0	0	0	0	0	0	0	0	0	0.357	0	0	0	0	0.179	0	0	0.179	0	0	0	0	0	0	0	0	0	0	0	0	0	0	0.179	0	0	0	0	0	0	0	0	0	0	0	0	0	0	0	0	0	0.357	0	0	0	0	0	0	0	0	0	0	0	0	0	0	0	0	0	0	0	0	0	0	0	0	0	50:60,78.515:200,50:80
BC055324-NM_201364	0	0	0	0	0	0.357	0.357	0	0	0	0	0	0	0.179	0	0	0.179	0	0	0	0.179	0	0	0	0	0	0	0	0	0.536	0.536	1.786	0	0	0	0	0.179	0	0	0	0.179	0.179	0	0	0	0.536	0.357	0	0	0.179	0.714	0.536	0	0.714	0.357	0	0.357	0	0	10.716	148.949	6.251	1.607	0.179	1.072	0	0.357	0.179	0	0	0.357	0	0.714	0.357	0.357	0.179	0	0	0	0.179	0	0	0	0	0	0.357	0.179	0.179	0.179	0	0	0.179	0.536	0	0.179	0.179	0	0.179	0	0.179	0	0	0.357	0	0.357	0	0.179	0.179	0	0	0.035	0.322	0.536	0.179	0	0.179	0.357	0	0	0	0	0.357	0.536	0.536	1.072	0	0.179	0.536	1.607	0.357	1.607	0.179	1.607	0.536	0.536	0.179	0.714	0.536	0.357	0.357	0.357	0.179	0.893	0.179	0.357	0.179	0	0.714	0.536	0.179	1.072	0.536	0.536	1.786	0.536	1.072	0.179	0	0	0.357	0.179	0.357	2.679	0.179	0.179	0.357	0.179	0.725	0.525	0.179	0.179	0	0.357	1.429	0.536	0.179	0.179	1.072	0.357	0.714	0.893	0.357	0.893	0.893	1.072	0.536	0.357	0.357	0.714	1.607	1.429	0	0.357	1.072	2.679	1.072	1.25	0.179	0.536	0.179	1.072	0.179	1.25	1.429	1.072	0	0.357	0.179	0.893	2.5	1.072	0	0.179	0.893	1.429	1.429	0.179	1.786	0.536	1.072	1.25	1.25	0.179	1.25	0.179	1.429	0	1.25	0.536	0	0.179	0.536	1.429	2.322	1.607	1.607	0.536	0.714	0.714	1.072	1.25	2.322	0.893	0.357	1.219	2.353	1.429	2.679	1.429	0	4.465	0.357	1.25	1.607	0.179	2.858	1.25	1.786	1.25	2.143	0.536	0.357	0	0	0	0.179	0.179	0.714	0.536	0.357	0.357	0.893	0	0.179	0.536	0.893	0.357	0.893	0.536	2.5	1.607	0.536	2.858	2.322	1.607	1.25	1.786	0.536	0.357	0	0.893	0.714	0.536	1.072	0.536	0.536	0.536	2.143	1.072	0.714	0.714	0.536	1.072	1.072	0	0	0	0	0	0	0.357	0.536	2.5	0.357	0.179	1.072	2.143	0.714	0.893	0.357	1.072	1.072	1.072	0.357	0.179	1.786	0.536	1.25	1.25	0.357	0.179	0.714	1.25	0.179	1.25	0.536	0.179	0.179	0.179	0	50:60,203.945:200,50:80
Bcl2a1b-NM_007534	0	0	0	0	0	0	0	0	0	0	0	0	0	0	0	0	0	0	0	0	0	0	0	0	0	0	0	0	0	0	0	0	0	0	0	0	0	0	0	0	0	0	0	0	0	0	0	0	0	0	0	0	0	0	0	0	0	0	0	0	0	0	0	0	0	0	0	0	0	0	0	0	0	0	0	0	0	0	0	0	0	0	0	0	0	0	0	0	0	0	0	0	0	0	0	0	0	0	0	0	0	0	0	0	0	0	0	0	0	0	0	0	0	0	0	0	0	0	0	0	0	0	0	0	0	0	0	0	0	0	0	0	0	0	0	0	0	0	0	0	0	0	0	0	0	0	0	0	0	0	0	0	0	0	0	0	0	0	0	0	0	0	0	0	0	0	0	0	0	0	0	0	0	0	0	0	0	0	0	0	0	0	0	0	0	0	0	0	0	0	0	0	0	0	0	0	0	0	0	0	0	0	0	0	0	0	0	0	0	0	0	0	0	0	0	0	0	0	0	0	0	0	0	0	0	0	0	0	0	0	0	0	0	0	0	0	0	0	0	0	0	0	0	0	0	0	0	0	0	0	0	0	0	0	0	0	0	0	0	0	0	0	0	0	0	0	0	0	0	0	0	0	0	0	0	0	0	0	0	0	0	0	0	0	0	0	0	0	0	0	0	0	0	0	0	0	0	0	0	0	0	0	0	0	0	0	0	0	0	0	0	0	0	0	0	0	0	0	0.179	0	0	0	0	0	0	0	0	0	0	0	0	0	0	1.072	0	0	0.179	0	0	0	50:60,42.83:200,50:80
Bmp1-NM_001360021	0	0	0	0	0	0	0	0	0	0	0	0	0	0	0	0	0	0	0	0	0	0	0	0	0	0	0	0	0	0	0	0	0	0	0	0	0	0	0	0	0	0	0	0	0	0	0	0	0	0	0	0	0	0	0	0	0	0	0	0	0.179	0	0	0.357	0.357	0	0.179	0	0	0.179	0	0	0.179	0	0.179	0	0	0.179	0	0	0	0	0.179	0	0	0	0	0.179	0	0	0	0	0	0	0.536	0.179	0	0	0	0	0	0	0.179	0.179	0	0	0	0	0	0	0	0.357	0.357	0	0.179	0	0.536	0	0	0.179	0	0	0.179	0.536	0.893	0.179	0	0.357	0.357	0	0.179	0	0	0.179	0	0	0	0.357	0.357	0	0	0	0.357	0	0.536	0.179	0.179	0	0	0.179	0	1.429	0.357	0.536	0	0	0.179	0.357	0.893	0.357	0.357	0.179	0.179	0.714	0.357	0.179	0.536	0.357	0.179	0.536	0.536	0	0.357	0.714	0.179	0.257	0.457	0.179	0.216	0.498	0.714	0.179	0.179	0.714	0.179	1.429	0	0	0.536	0.179	0.357	0.536	0.357	0.357	0	0.179	0.357	0.179	0	0.357	0	0.357	1.429	0.893	0.536	0.536	0.357	0.179	0	0.714	0.714	0.121	0.772	0	0.357	0.714	0.536	0.893	0.179	0.357	0.357	0.179	0.714	0.179	0.536	0	0.179	0.536	0.179	0.179	0	0.179	2.143	0.714	0	0.179	0.179	0.179	0.536	0.714	0.536	0.357	0.536	0	0.357	0.893	0.357	1.072	0.179	0	2.143	1.429	0.536	1.429	1.25	0	0.179	0.357	0.536	0.179	0	0.179	0.179	0.179	0.536	0.179	0	0	0	0.179	0	0.536	0	0	0.893	0	0	0.179	0	0	0.179	0.357	0.179	0.179	0	0	0.179	0	0.179	0.179	0	0	0.714	0	0.357	0	0.536	1.072	0.179	0	0	0	0	0	0	0	0	0	0	0	0	0.179	0.179	0.179	0	0.179	0	0	0.357	0	0	0	0.179	0	0	0	0	0	0	0	0.179	0	0.179	0	0	0	0.179	0	0	0	50:60,230.59:200,50:80
Bmpr1b-NM_007560	0	0	0	0	0	0	0	0	0	0	0	0	0.179	0	0.179	0	0	0	0	0	0	0	0	0	0.179	0	0	0	0	0	0	0	0	0	0	0	0	0	0	0	0	0	0	0	0	0	0	0	0	0	0	0	0	0	0	0	0	0	0	0	0.179	0	0.179	0	0	0	0	0	0	0	0.179	0	0	0	0	0.179	0	0	0	0	0.357	0.179	0.179	0	0.357	0.179	0	0	0	0	0.179	0	0	0.179	0.179	0	0.179	0.179	0.179	0	0	0	0.179	0.179	0.179	0	0.357	0.179	0	0	0.179	0.179	0	0.179	0.357	0	0.179	0	0.179	0	0	0.357	0	0	0	0.179	0.357	0.714	0	1.25	0.893	0.357	0	0.179	0	0	0.357	0.179	0	0.179	0	0	0.357	0	0.179	0	0	0	0	0.179	0.179	0.357	0	0.536	0.179	0	0.536	0.357	0	0	0.179	0	0.179	0	0.179	0	0	0	0	0.357	0	0	0.179	0.357	0.893	0.357	0.357	0.179	0.893	0.179	0.179	0.536	0	0	0.179	0	0.179	0	0.179	0.357	0	0	0.179	0.179	0	0	0	0.357	0.179	0	0.357	0.179	1.072	0	0	0.179	0.536	0.179	0.357	0.179	0.357	0	0.179	0.179	0.179	0	0.179	0	0.357	0	0.357	0	0.179	0.357	0.357	0.179	0.357	0.357	0.357	0.179	0.357	0.357	0.179	0.179	0	1.072	0	0.179	0	0.536	0.893	0.536	1.25	1.429	0.893	0.357	0.536	0	0.179	0.893	0.179	0.714	0.179	0	0.179	0.179	0.536	0.357	0.179	0	0	0	0	0	0	0	0	0	0	0.536	0	0	0.179	0	0.179	0	0.357	0	0	0	0	0	0	0	0	0.179	0	0	0	0	0	0	0	0	0	0	0	0.179	0	0	0	0	0	0	0	0	0	0	0	0	0	0	0	0.179	0.179	0	0.179	0.179	0	0	0	0	0	0	0	0	0	0	0	0.179	0	0	0	0	0.179	0	0	0	0	0	50:60,725.645:200,50:80
Brca2-NM_001081001	0	0	0	0	0	0	0	0	0	0	0	0	0	0	0	0	0	0	0	0	0.357	0	0	0	0	0	0	0	0	0	0	0	0	0	0	0	0	0	0	0	0	0	0	0	0	0	0.179	0	0.179	0	0.357	0.179	0.179	0.179	0	0	0.179	0	0	0.714	13.395	3.393	0.536	0	0.536	0.893	0	0	0.536	0.054	0.125	0	0	0	0	0	0	0	0	0	0	0	0	0	0.357	0	0.179	0	0.179	0.179	0.357	0.179	0.179	0	0.714	0	0	0.179	0	0	0.357	0.357	0.893	0	0.893	0.179	0.536	0.893	0	0.357	1.429	1.965	0.179	0.893	0.357	0.536	0.357	0.357	0.893	0.179	0.536	2.679	3.215	1.429	0.357	1.072	0	0.536	0.714	0.179	5.179	2.322	0.179	0.714	6.608	1.965	1.965	2.322	7.144	4.429	3.25	1.965	3.393	3.215	2.858	5.894	1.786	4.543	2.958	1.429	0.893	2.322	1.786	0.893	1.429	0.714	0.179	0.357	0.714	0.714	1.429	1.25	3.393	0.357	0.536	1.607	0.714	1.607	0.536	0.893	0.714	0.536	0.536	0.179	1.072	0.179	2.5	0.179	1.786	0.179	4.108	1.429	3.215	0.893	1.786	1.607	0.893	2.679	0.714	0.536	0.536	2.5	2.143	2.679	3.215	5.179	1.786	0.536	0.179	0.714	1.607	0.179	0	1.429	3.929	3.036	0.179	0.179	1.786	0.536	0.357	3.929	0.536	3.572	3.036	1.607	2.143	3.751	0.893	0.536	1.607	0.714	1.786	2.143	0.357	0.714	1.823	0.677	0.714	0.179	0.893	1.072	0.893	1.786	4.51	3.706	5.985	5.981	2.322	1.429	1.786	1.25	0.179	3.393	0.893	5.894	0.714	0.893	3.393	0.357	7.858	2.858	0.893	0.357	0.893	5.715	3.751	4.822	4.108	1.786	0	0.357	0.714	0.714	0	0	0.536	0	0.714	1.965	1.072	1.072	3.036	1.786	1.429	3.215	1.429	0.536	1.965	0.536	0	0.357	0.714	0	0.357	1.429	0	0	0.179	0	0.179	0.179	0.179	0.179	0.179	1.607	0	0.714	0.714	0.893	0.536	0.357	0.893	0.536	1.965	2.5	2.5	0.179	1.607	2.143	0.714	2.322	1.25	0.893	0.893	0.357	0.893	0	0.179	0.893	0.357	3.751	3.215	0.714	1.072	3.393	0.893	0.179	0	0	0.179	0.179	0	0	0.357	1.607	2.5	1.429	0.536	0.893	50:60,237.63:200,50:80
Brd1-NM_001033274	0	0	0	0	0	0	0	0	0	0	0	0	0	0	0	0	0	0	0	0.179	0	0	0	0	0	0	0	0	0	0	0.179	0	0	0	0	0	0	0	0	0	0	0	0.179	0	0	0	0	0	0	0	0	0	0	0	0.179	0	0	0	0	1.429	1.072	0	0.893	5.001	0.893	2.322	5.179	2.679	0.714	1.072	0.714	0.357	1.429	2.679	5.715	0.714	1.072	1.25	0.357	1.25	3.036	4.465	2.5	2.858	0.357	0	0.536	1.768	1.804	0.357	1.429	1.25	1.786	0.179	0.179	0.179	2.541	2.996	2.322	1.25	1.965	2.5	4.108	0.179	0.893	1.348	6.153	1.429	2.143	2.009	5.67	0.357	2.5	12.859	2.679	1.25	2.858	1.965	1.607	1.965	2.679	0.714	8.037	4.822	7.322	1.072	0.88	0.728	0.536	3.929	2.143	4.643	4.286	3.036	2.143	6.251	1.25	5.179	0.714	3.393	4.108	6.608	16.431	1.25	3.572	4.465	6.608	1.965	1.965	3.929	3.215	10.537	3.036	3.572	4.822	7.68	3.751	11.305	2.268	1.607	0	6.965	2.679	5.179	3.215	12.145	8.573	31.076	2.469	37.715	63.58	14.645	8.751	3.036	5.358	99.299	13.216	8.751	7.144	3.751	2.143	3.215	5.536	5.304	2.375	1.25	3.036	7.144	1.072	6.251	4.108	1.25	2.5	0.893	7.144	8.394	3.036	0.536	0.893	1.072	1.786	0.714	0.893	8.573	2.679	6.269	3.733	2.322	3.572	2.143	6.251	2.143	1.965	3.036	4.286	3.215	1.965	3.215	3.215	3.929	6.251	13.752	6.072	2.322	12.502	5.179	6.608	18.038	10.894	16.967	6.608	9.644	4.469	4.996	5.536	2.679	3.751	5.179	6.608	9.823	10.18	2.206	2.616	8.465	9.216	5.001	11.43	3.572	17.324	6.072	4.286	7.965	6.679	5.179	7.144	6.787	5.358	8.573	8.573	9.287	1.429	1.072	0.893	1.965	4.286	7.144	2.5	1.965	2.5	1.429	6.251	2.679	3.393	5.894	1.965	1.965	0.179	0.357	0	0	0	0.179	1.429	1.607	1.965	5.179	1.786	4.643	6.965	6.251	2.5	4.465	2.322	2.5	2.322	1.607	2.143	2.5	1.786	1.25	0	0	0	0.893	0.714	2.322	2.322	9.644	3.929	0	0.536	0	0	0.893	1.25	2.322	2.143	4.108	5.715	1.25	4.643	4.644	4.465	8.573	0.893	0.179	1.072	1.607	1.072	0.179	1.607	0.357	0.536	0.536	0.714	1.072	0	1.25	2.322	1.607	50:60,235.925:200,50:80
C230035I16Rik-NR_015492	0	0	0	0	0	0	0	0	0	0	0	0	0	0	0	0	0	0.357	1345.721	1132.478	198.42	6.429	3.215	1.072	0	0.536	0	2.5	0.714	0.179	0	0	0	0	0	0	0	0	0	0	0	0	0.179	0.179	0	0	0.179	2.143	2.143	0.893	0	0	0.179	0	0	0	0	0	0	0.179	0	0	0	0.893	0.714	1.832	0.847	0.357	0.179	0.893	0.357	0.357	0.357	0	0.179	0.357	0	1.607	0.536	1.429	1.25	0.179	0	0	0	0	0	0	0	0	0	0	0	0.179	0	0	0	0	0	0	0	0	0	0	0	0	0	0	0	0	0	0	0.179	0	0	0	0	0	0	0	0	0	0	0	0	0	0.179	0	0	0	0	0	0	0	0	0	0	0	0	0	0	0	0	0	0	0	0	0	0	0	0	0	0	0	0	0	0	0	0	0	0	0	0	0	0	0	0	0	0	0	0	0	0	0	0	0	0.179	0	0	0	0	0	0	0	0	0	0	0	0	0	0	0	0	0	0	0	0	0	0	0	0	0.179	0.179	222.616	4.183	80.615	16.559	5.358	31.894	38.92	10.805	0.179	0.893	0	0	0	0	0	0	0	0	0	0	0	0	0	0.179	0	0	0	0	0	0	0	0	0	0	0	0	0	0	0	0	0	0	0	0	0	0	0	0	0	0	0	0	0	0	0	0	0	0.179	0	0	0	0.179	0	0	0	0	0	0	0	0	0.357	0	23.039	89.477	2.143	0.714	0.893	1.072	1.072	0.714	0.357	0.536	0.179	0.536	0	0	0.893	0.179	0	0	0	0	0	0	0	0	0	0.179	0	0	0.179	1.429	101.443	25.718	62.33	24.825	26.968	11.252	4.108	2.322	0.179	0	0	0	0.357	0.179	0	0	0.179	0.893	0	0	0.179	0	0.893	0	0	0	0	0	0	0	0	0	0	0	0	50:60,15.21:200,50:80
Cacfd1-NM_001243239	0	0	0	0	0	0	0	0	0	0	0	0	0	0	0	0	0	0	0	0	0	0	0	0	0	0	0	0	0	0	0	0	0	0	0	0	0	0	0	0	0	0	0	0	0	0	0	0	0	0	0	0	0	0	0	0	0	0	0	0	1.429	0	2.858	12.673	5.365	1.072	0.714	0.536	1.072	0	0	0	0	0.179	0.714	0.357	0	0	0	0	0	0	0	0	0	0.179	0	0.179	0	0	0.179	0.179	0	0.179	0	0.357	0	0.179	0.357	0.179	0	0	0	0	0	0	0.179	0	0	0	0	0	0	0.179	0	0	0	0	0	0	0	0	0	0	0.054	0.125	0	0	0	0	0	0	0	0.179	0	0	0	0.179	0	0	0	0	0	0	0	0	0	0	0	0	0	0	0	0	0	0	0	0.357	0	0	0	0	0	0	0	0	0	0	0	0	0	0	0	0	0	0	0	0	0	0	0	0	0.179	0	0	0	0	0	0.179	0.179	0	0	0	0	0	0	0	0	0.536	0.357	0	0	0	0	0	0	0	0	0	0.179	0	0	0	0.357	0	0	0	0.357	0	0	0	0	0	0	0	0	0	0	0	0	0	0.357	0.179	0	0	0	0.179	0	0	0.179	0	0	0.179	0	0	0	0	0	0	0.179	0	0	0	0.179	0	0	0	0	0	0.179	0	0	0	0	0.179	0	0.179	0	0	0	0	0	0.179	0	0	0.179	0	0	0	0	0	0.536	0	0.714	0.536	0.893	0.714	0.714	0.536	1.429	0.357	0	0.357	0	0	0	0	0	0.179	0	0.893	0.893	0.357	1.786	0.179	0.179	0.179	0	0	0.179	0.357	0.179	0.714	1.429	1.072	0	0.714	0	0	0.357	0.179	0.357	0.179	0	0.714	0.179	1.25	0.536	0.714	0.357	1.25	0.893	0.714	0.893	0.357	1.429	0.893	0.893	1.607	0	50:60,34.62:200,50:80
Cacna1c-NM_001159535	0	0	0	0	0	0	0	0	0	0	0	0	0	0	0	0	0	0	0	0	0	0	0	0	0	0	0	0	0	0	0	0	0	0	0	0	0	0	0	0	0	0	0	0	0	0	0	0	0	0.179	0.179	0	0	0	0	0	0	0.179	0	0	0.357	0	0.179	0.357	0	0.357	0.357	0.179	0	0	0.357	0	0	0.357	0.179	0	0.179	0.357	0.357	0	0.179	0.893	0.357	0.536	0.536	0.357	0.536	0.357	0.179	0.179	0	0	0	0.179	0.179	0.179	0.179	0	0.179	0.179	0.179	0.179	0	0.179	0.357	0	0.357	0.179	0	0.357	0.357	0	0.536	0.179	0	0	0	0.714	0.357	0	0.357	0	0.179	0	0.179	0	0.179	0.179	0.357	0.179	0.357	0.179	0	0	0.714	0	0.179	0	0	0	0	0	0.179	0.179	0	0	0.536	0	0.179	0.357	0.179	0	0.179	0.179	0.179	0.357	0.179	0.536	0.357	0.179	0	0.179	0.179	0.179	0	0.536	0.357	0.179	1.607	0	0.179	0	0	0	0.179	0	0.179	0	0.357	0	0.357	0.536	0	0.179	0	0.179	0.536	0.179	0.179	1.429	0	0.179	0.179	0.357	0	0	0.536	0.536	0	0.893	0.357	0.714	0.179	0.536	0	0.536	0.714	0	0.179	0	0	0.536	0.179	0.179	0.179	0.179	0.536	0.357	0	0.179	0.179	0.357	0	0	0	0.536	0.357	0.536	0	0	0	0.179	0.357	0	0.179	0.179	0	0.179	0.357	0.179	0.179	0.179	1.072	0	0.357	0.357	0	0	0	0.179	0.357	0	0.357	0	0	0	0	2.858	0.357	0.179	0	0	0	0	0	0	0	0.179	0	0	0	0	0	0	0	0	0	0	0	0	0	0	0	0	0	0	0	0	0	0	0	0	0	0	0	0	0	0	0	0	0	0	0	0	0	0	0	0	0	0	0	0	0	0	0	0	0	0	0	0	0	0	0	0	0	0	0	0	0	0	0	0	0	0	0	0	0	0	0	0	50:60,2606.28:200,50:80
Cacnb4-NM_001285427	0	0	0	0	0	0	0	0	0	0	0	0	0	0	0	0	0	0	0	0	0	0	0	0	0	0	0	0	0	0	0	0	0	0	0	0	0	0	0	0	0	0	0	0	0	0	0	0	0	0	0	0	0	0	0	0	0	0	0	0	0	0.357	0	0	0	0	0	0	0	0	0	0	0	0	0	0	0.179	0	0	0	0	0	0	0	0.179	0.179	0	0	0	0	0	0	0	0	0	0	0	0	0.179	0.179	0	0	0	0	0	0	0	0	0	0	0	0	0	0	0	0	0	0	0.179	0	0	0	0	0	0.179	0.179	0	0	0.179	0.179	0	0	0.179	0	0	0	0	0	0.179	0	0.179	0	0	0	0	0	0	0	0.357	0	0	0	0	0	0	0	0	0	0	0	0	0	0	0	0	0	0	0.179	0	0	0	0	0	0	0.179	0	0	0	0	0	0.357	0.357	0	0	0	0	0.179	0	0	0.179	0	0	0	0	0	0	0	0	0	0	0	0.357	0	0	0.179	0.179	0	0	0	0	0	0	0	0	0	0	0	0	0	0	0	0	0	0	0	0	0	0	0	0	0.179	0	0	0	0	0	0.179	0	0	0	0	0	0	0.179	0	0.179	0	0	0.357	0.179	0.179	0.179	0	0.357	0	0	0.179	0	0	0.179	0	0	0	0	0	0	0	0	0	0	0	0	0	0	0	0.179	0	0	0	0	0	0	0	0	0	0	0	0	0	0	0	0	0	0	0	0	0	0	0	0	0	0.179	0	0.179	0	0	0	0	0	0	0	0	0	0	0.357	0.357	0.357	0	0	0	0	0	0	0	0	0	0	0	1.786	0	3.929	0.536	0.714	2.858	0.357	0.179	0	0	0	0.357	50:60,651.46:200,50:80
Calca-NM_001289444	0	0	0	0	0	0	0	0	0.357	0	0	0	0	0	0	0	0	0	0	0	0	0	0	0	0	0	0	0	0	0.179	0	0	0	0	0	0	0	0	0	0	0	0	0	0	0	0	0	0	0	0	0	0	0	0	0	0	0	0	0	0	0	0.714	2.143	0.75	1.75	0.536	1.786	1.072	0.179	0	0	0.357	0.179	0	0.357	0	0.357	0	0	0	0	0	0	0.179	0	0	0	0	0	0	0	0	0	0	0	0	0	0	0	0.179	0	0	0	0	0	0	0	0	0	0	0	0	0	0	0	0	0	0	0	0	0	0	0	0	0	0	0	0	0	0	0	0	0	0.179	0	0	0	0	0	0	0	0	0	0	0	0.179	0	0	0	0	0	0	0	0	0	0	0	0	0	0	0	0	0	0	0	0	0	0	0	0	0	0	0	0	0	0	0	0	0	0	0	0	0	0	0	0	0	0	0	0	0	0	0	0	0	0	0	0	0	0	0	0	0	0	0	0	0	0	0	0	0	0	0	0	0	0	0	0	0	0	0	0	0	0.179	0	0	0	0	0	0	0	0	0	0	0	0	0	0	0	0	0	0	0	0	0	0	0	0	0	0	0	0	0	0	0	0	0	0	0	0	0	0.179	0	0	0	0	0	0	0	0	0	0	0	0	0	0	0	0	0	0	0	0	0	0	0	0	0	0	0.179	0	0	0	0	0	0	0	0	0	0	0	0	0	0	0	0	0	0	0	0	0	0	0	0.179	0	0	0	0	0.357	0	0	0	0	0	0	0	0	0	0	0	0	0	0.179	0	0	0	0	0	0	0	0	50:60,24.4:200,50:80
Capn5-NM_007602	0	0	0	0	0	0	0	0	0	0	0	0	0.893	0.357	0	0.179	0	0	0	0	0	0	0	0	0	0	0	0	0	0	0	0	0	0	0	0	0	0	0	0	0	0	0.179	0	0.536	0.714	0	0	0	0	0	0	0	0.179	0.179	0	0	0	0	0	1.965	1.786	0.179	0	0.179	0.357	0	0	0	0	0	0	0	0.179	0.179	0	0	0	0	0	0.179	0	0	0	0.357	0.357	0.357	0	0.536	0.179	0.179	0.357	0	0.179	0	0.179	0.714	0	0	0.357	0.357	0	0	0.179	0.536	0.714	0.357	0.357	0.179	0.179	0	0.179	0.179	0.179	0.536	0	0.179	0.179	0.179	0	0.179	0.179	0.179	0	0.179	0.357	0.357	0.536	0.179	1.25	0.179	0.357	0.536	1.772	0.729	0.714	0.179	0.179	0.357	1.429	0.536	0.179	0.357	0.714	0.179	0.357	0.357	1.429	0.714	2.679	0.714	3.215	1.25	0.893	0.357	1.072	0	1.25	1.607	0.893	0.714	0.893	0.357	0.536	0.357	0.536	0.536	0.357	0.536	1.429	1.786	0.714	1.965	7.501	2.322	1.072	3.215	3.929	6.608	5.536	3.929	1.965	0.893	2.858	3.572	1.072	0.536	1.25	0.536	0.536	0.714	1.607	1.965	0.536	1.072	0.179	1.965	0.357	0.893	0.179	1.25	0.357	0.536	0.179	0.536	1.429	0.536	4.465	1.25	1.25	1.429	0.893	1.072	0	0	0	0	0.179	0.714	1.25	0	1.429	1.25	0.714	2.679	2.908	1.736	0.714	1.429	0.357	0.536	0.179	1.607	1.25	2.858	1.607	2.679	2.5	3.215	2.858	0.179	2.858	0.893	1.965	0.893	1.965	0.357	3.393	4.286	0.714	0.893	1.25	2.858	1.25	5.536	3.751	12.191	4.597	2.858	8.573	0.179	1.25	0	0.357	2.5	1.429	4.643	4.286	7.144	26.611	20.181	3.393	1.072	1.786	1.429	0.357	0.357	0	0.357	0.536	0.536	0.536	0.357	0	0	0	0	0	0	0	0.179	0	0	0	0	0	0	0	0	0	0.179	0.714	0.179	0.179	0.714	0.357	0.179	0.179	0.357	0.357	0	0	0	0.357	0.179	0	0	0	0	0	0	0.357	0	0	0.179	0	0	0	0	0	0	0	0	0	0.179	0.714	0.357	0	0.179	0	50:60,283.58:200,50:80
Caprin1-NM_016739	0	0	0	0	0	0	0	0	0	0	0	0	0	0	0	0	0	0	0	0	0	0	0	0	0	0	0	0	0	0	0	0	0	0	0	0	0	0	0	0	0	0.179	0	0	0	0	0	0	0	0	0	0	0	0.179	0.536	0.536	0	0.357	0	2.858	27.504	1.25	0	167.33	8.944	6.608	13.216	9.287	6.251	3.751	16.967	10.001	6.251	2.5	0.536	5.715	0.714	3.751	2.5	0.714	5.179	2.143	0.714	6.251	2.5	0.179	1.429	0.536	6.251	2.858	2.858	3.215	5.358	1.607	2.322	1.25	1.786	4.643	1.072	8.93	3.572	1.786	3.215	1.25	3.751	8.751	4.208	3.293	3.751	0	0.179	0.357	0.714	0.714	1.429	2.322	1.25	0.179	1.786	1.572	1.286	1.072	1.429	3.393	0.536	0.179	0.357	1.25	2.143	1.429	4.822	0.536	0.893	0.357	1.072	1.429	3.558	2.515	3.572	1.965	2.322	0.357	1.25	2.322	1.25	2.322	2.679	0	0	1.786	1.072	3.572	0.536	0.714	0.179	2.5	1.072	0	1.429	1.786	3.751	1.25	0	4.465	7.858	8.573	3.036	2.322	1.429	0.714	5.358	0.714	0.893	6.072	5.215	8.715	1.25	1.965	2.143	4.108	0.893	2.679	2.5	4.822	4.643	1.514	2.772	6.608	7.858	3.215	1.607	4.643	13.366	6.994	2.322	6.965	5.358	4.108	1.25	8.037	2.679	2.679	1.072	3.572	4.465	8.765	2.307	7.701	4.443	3.215	11.073	2.5	6.965	4.286	2.858	3.215	4.286	1.786	3.751	6.965	1.529	4.722	3.751	9.823	6.965	7.858	2.5	1.25	8.394	2.679	5.894	4.822	3.751	6.429	8.573	6.072	8.751	2.679	5.715	7.858	4.822	22.032	22.439	2.5	0	0	2.5	0.179	11.737	17.624	16.359	2.143	3.036	3.393	9.823	8.037	12.859	7.694	48.121	17.41	2.322	6.608	4.108	3.393	2.858	3.572	4.822	6.965	1.25	17.145	6.787	1.072	7.858	3.215	14.466	8.751	2.322	5.894	27.147	21.789	28.575	57.865	42.327	16.788	55.543	4.286	15.002	5.715	7.501	19.288	22.146	4.822	7.858	93.763	50.543	102.157	33.219	30.361	59.651	82.511	15.181	7.144	4.108	12.502	0.179	0.893	1.429	3.036	5.179	0.714	0.357	0.714	0.536	0	0.714	0.179	0	0	2.322	1.072	0	0.179	0.179	0	0	0	0	0.357	1.25	0.179	0.179	0.179	0	0.536	0.536	0	0	0	0	0.179	50:60,173.48:200,50:80
Carmil3-NR_155104	0.179	0	0	0	0	0	0.179	0	0	0	0	0.179	0	0	0.357	0.179	0	0	0	0.536	0.357	1.072	0	0	0	0.179	0	0	0.357	0.536	0	0.179	0	0	0.536	0.714	0.179	0	0	0.357	0.179	0.714	0.357	0.357	0.536	0.714	0.179	0	0	0	0	0	0.893	0	0.179	0.357	0	0	0	0	0.357	0.357	0	0	0	0	0	0	2.679	0	0	0	0	0.179	0	0	0	0	0	0	0	0	0	0	0.179	0.179	0	0	0.179	0	0.179	0	0	0	0	0	0	0	0	0	0.179	0	0	0	0	0	0.179	0	0	0	0	0	0	0	0	0	0	0	0.179	0	0	0	0	0	0.179	0	0	0	0	0	0.179	0	0.179	0	0	0.179	0	0	0	0	0.179	0	0	0	0	0.357	0	0	0	0	0	0	0	0	0.357	0.179	0.179	0.179	0	0	0.536	0.179	0	0	0	0	0.357	0.179	0.536	0.536	0	0	0	0.179	0	0	0.179	0.179	0	0.179	0.179	0.357	0.536	0	0	0	0	0.179	0.179	0.179	0.536	0	0.179	0.357	0	0.179	0.357	0	0	0	0	0	0	0	0	0	0.394	0.142	0	0	0	0	0.714	0.536	0	0	0.714	0.357	0.179	0.179	0	0	0	0	0	0	0	0	0	0	0	0.179	0	0	0	0.179	0	0.179	0	0	0	0	0	0	0.357	0.179	0	0	0	0	0	0.179	0.179	0.357	0.179	0.536	0.357	0	0	0	0	0.357	0.357	0.714	0.179	0	0	0	0.357	0.357	0	0	0	0.179	0.179	0.357	0	0	0	0	0.357	0	0.179	0	0	0	0	0	0	0	0.179	0	0	0	0	0	0	0	0	0.179	0	0	0	0	0	0	0	0	0	0	0	0	0	0	0	0	0	0	0	0	0	0	0	0	0	0	0	0	0	0	0	0	0	0	0	0	0	0	0	0	50:60,86.015:200,50:80
Cav1-NM_007616	0	0	0	0	0	0	0	0	0	0	0	0	0	0	0	0	0	0	0	0	0	0	0	0	0	0	0	0	0	0	0	0	0	0	0	0	0	0	0	0	0	0	0	0	0	0	0	0	0	0	0	0	0.179	0	0	0	0.714	0.179	0.714	0	2.322	0.357	0	0.179	0.179	1.072	0.179	0.714	4.286	1.25	0.179	0.357	0	0.179	0.357	0	0	0	0.893	0.179	0	0	0	0.179	0	0	0	0	0	0	0.179	0	0	0.179	0	0	0	0	0	0	0.179	0	0	0	0	0	0	0.179	0	0	0	0	0	0	0.179	0	0	0	0	0.179	0	0	0	0.357	0	0	0	0	0	0	0	0	0	0	0.179	0	0	0	0	0	0	0	0.179	0	0	0	0	0	0	0	0.179	0	0	0	0	0	0	0	0	0.357	0	0	0.179	0	0	0	0	0	0.179	0	0	0.179	0	0	0	0	0	0	0	0.179	0	0.357	0	0	0	0	0.357	0.179	0	0	0	0	0	0	0	0	0	0	0	0	0	0	0	0	0	0	0	0	0	0	0	0	0	0	0	0	0	0	0	0	0	0	0.179	0	0	0	0	0	0	0	0	0	0.179	0	0	0	0	0	0	0	0	0.179	0	0.179	0	0	0.179	0.179	0.179	0	0	0.179	0	0.179	0	0	0	0	0	0.179	0	0	0	0	0	0	0.179	0	0	0	0	0	0	0	0	0	0	0	0	0	0	0	0	0	0	0	0	0	0	0	0	0	0	0	0	0	0	0	0	0	0	0.179	0	0	0	0	0	0	0	0	0	0	0	0	0	0	0	0	0	0	0	0	0	0	0	0	0	0	0	0	0	0	0	0	0	0	0	0	0	0	50:60,174.97:200,50:80
Cbs-NM_001271353	0	0	0	0	0	0	0	0	0	0	0	0	0	0	0	0	0	0	0	0	0	0	0	0	0.179	0	0	0	0	0	0	0	0	0	0	0	0	0	0	0	0	0	0	0	0	0	0	0	0	0	0	0	0	0	0	0	0	0	0	0	4.643	0.357	0.179	0	0.179	0	0	0.179	0	0	0.179	0	0	0	0	0	0.179	0	0	0	0	0	0	0	0	0.179	0	0	0	0	0	0	0.179	0	0	0	0	0	0	0	0	0	0	0	0	0	0	0	0.179	0	0	0.179	0	0.179	0	0	0	0	0	0	0	0	0	0	0	0.179	0	0	0.179	0	0	0	0	0	0.179	0	0	0	0.357	0.214	0.321	0	0	0	0	0.179	0	0.357	0	0	0.179	0	0.357	0	0.179	0	0	0	0.179	0.357	0.179	0	0	0.179	0.179	0.179	0	0.179	0	0.357	0	0	0.357	0.357	0	0	0.179	0.893	1.408	0.378	0.179	0.357	0	0	0.179	0.536	0.179	0	0.179	0.357	1.25	0	0.357	0	0	0.357	0	0.179	0	0	0	0.357	0	0	0.179	0.179	0	0.179	0.714	0	0	0	0	0.357	0.179	0.179	0.357	0	0	0.179	0.536	0.179	0	0.179	0.536	0.179	0.357	0	0.893	0.536	0.179	0	0.536	0.357	0.357	1.072	0	0	0.179	0.357	0	0	0	0.179	0.357	0.536	0	0.179	0	0.536	0.714	0.357	0	0.357	0.357	0	0.179	0.893	0.536	1.25	0.357	0.357	0.357	0.357	0	0	0.179	0	0	0.179	0	0.179	0.179	0	0	0.357	0	0.536	0.893	0.357	0.536	0.179	0	0	0	0.179	0	0	0	0	0	0	0	0	0	0.179	0.536	0	0	0.179	0	0	0	0	0.179	0.179	0	0.357	0	0	0.179	0	0	0	0	0	0	0	0	0	0	0	0	0	0	0	0	0	0.179	0	0	0	0	0	0	0	0	0.179	0.179	0.179	50:60,122.915:200,50:80
Cbx4-NM_007625	0	0	0	0	0	0	0	0	0	0	0	0	0	0	0	0	0	0	0	0	0	0	0	0	0	0	0	0	0	0	0	0	0	0	0	0	0	0.179	0	0	0	0	0	0	0	0.179	0	0	0	0	0.179	0	0	0	0	0	0	0	0	0.179	0	2.143	1.607	0.714	0	0	0	0	0	0.179	0.536	0	0.179	0	0	0	0	0	0	0	0.179	0	0	0	0	0	0	0	0	0	0.179	0	0	0.179	0	0	0	0	0.179	0	0.179	0	0	0.536	0.893	0	0	0.179	0.357	0	0.536	0	0.357	0	0	0	0	0.714	0.357	0	0.179	0.179	0	0	0	0	0	0.179	0	0	0	0	0.179	0.179	0	0	0.179	0	0	0	0.179	0	0.179	0	0	0	0	0	0.179	0	0	0	0.179	0.179	0	0	0	0	0	0	0.179	0	0.357	0.179	0	0	0	0	0	0	0	0	0	0	0	0.179	0	0	0	0	0.357	0	0.179	0	0	0	0	0.357	0	0.179	0	0	0.179	0	0	0	0	0.179	0.357	0.179	0	0	0	0	0.179	0	0	0.179	0	0	0	0	0.179	0	0	0	0	0	0.179	0	0	0.179	0.179	0	0.357	0	0	0	0	0	0	0.179	0	0	0	0	0	0	0	0	0	0	0.179	0	0	0.179	0	0	0	0	0	0	0	0.179	0	0	0	0	0	0	0	0	0	0	0	0	0	0.179	0	0	0	0	0	0	0	0	0	0	0	0	0.179	0	0	0	0	0	0	0	0	0	0	0	0	0	0	0	0	0	0	0	0	0.179	0	0	0	0	0	0.179	0	0	0	0	0	0	0	0	0	0	0	0	0	0	0.179	0	0	0	0	0	0	0	0	0	0	0	0	0	0	0	0	0	50:60,43.335:200,50:80
Ccdc172-NM_001374039	0	0	0	0	0	0	0	0	0	0	0	0	0	0	0	0	0	0	0	0	0	0	0	0	0	0	0	0	0	0	0	0	0	0	0	0	0	0	0	0	0	0	0	0	0	0	0	0	0	0	0	0	0	0	0	0	0	0	0	0	0	0	0	0	0.179	0	0	0	0	0	0	0	0	0	0	0	0	0	0	0	0	0	0	0	0	0	0	0	0	0	0	0	0	0	0	0	0	0	0	0	0	0	0	0	0	0	0	0	0	0	0	0	0	0	0	0	0	0	0	0.179	0.714	0.357	0	0	0	0	0.179	0	0.179	0	0	0.179	0	0	0	0	0	0	0.179	0	0	0	0	0	0	0	0	0	0	0	0.179	0.179	0	0	0	0	0	0	0	0	0	0	0	0	0	0.179	0	0	0	0	0	0	0	0	0	0	0	0	0	0	0	0	0	0	0	0	0	0	0	0	0	0	0	0	0	0	0	0.179	0	0	0	0	0	0	0	0	0	0	0	0.179	0	0	0	0	0.179	0	0	0	0	0	0	0	0	0	0.179	0	0	0	0	0	0	0	0	0	0	0	0	0	0	0	0	0	0	0	0	0	0	0.179	0	0	0	0	0	0	0	0	0	0	0	0	0	0	0	0	0	0	0	0	0.179	0	0	0	0	0	0	0	0	0	0	0	0	0	0	0	0	0	0	0	0	0	0	0	0	0	0	0	0	0	0	0	0	0	0	0	0	0	0	0	0	0	0	0	0	0	0	0	0	0	0	0	0	0	0	0	0	0	0	0	0.179	0	0	0	0	0	0	0	0	0	0	0	50:60,205.6:200,50:80
Ccdc185-NM_001033547	0	0	0	0	0	0	0	0	0	0	0	0	0	0	0	0	0	0	0	0	0	0	0	0	0	0	0	0	0	0	0	0	0	0	0	0	0	0	0	0	0	0	0	0	0	0	0	0	0	0	0	0	0	0	0	0	0	0	0	0	0	0	0	0	0	0	0	0	0	0	0	0	0.179	0	0	0	0	0	0	0	0	0	0	0	0	0	0	0	0	0	0	0	0	0	0	0	0	0	0	0	0	0	0	0	0	0	0	0	0	0	0	0	0	0	0	0	0	0	0	0	0	0	0	0	0	0.027	0.152	0	0	0	0	0	0	0	0	0	0	0	0	0	0	0	0	0	0	0	0	0	0	0	0	0	0	0	0	0	0	0	0	0	0	0.179	0	0	0	0	0	0	0	0	0	0	0	0	0	0	0	0	0	0	0	0	0	0	0	0	0	0	0	0	0	0	0	0	0	0	0	0	0	0	0	0	0	0	0	0	0	0	0	0	0	0	0	0	0	0	0	0	0	0	0	0	0	0	0	0	0	0	0	0	0	0	0	0	0	0	0	0	0	0	0	0	0	0	0	0	0	0	0	0	0	0	0	0	0	0	0	0	0	0	0	0	0	0	0	0	0	0	0	0	0	0	0	0	0	0	0	0	0	0	0	0	0	0	0	0	0	0	0	0	0	0	0	0	0	0	0	0	0	0	0	0	0	0	0	0	0	0	0	0	0	0	0	0	0	0	0	0	0	0	0	0	0	0	0	0	0	0	0	0	0	0	0	0	0	0	0	0	0	0	50:60,10.275:200,50:80
Ccn4-NM_018865	0	0	0	0	0	0	0	0	0	0	0	0	0	0	0	0	0	0.179	0	0	0	0	0	0	0.179	0	0	0	0	0.357	0	0	0	0	0	0	0	0	0	0	0.179	0	0.357	0	0	0	0	0	0.179	0	0	0	0	0	0	0.179	0.179	0.179	0.179	0.179	1.25	0.179	0.179	0	0	0	0.179	0	0	0	0	0	0	0	0	0	0	0.179	0	0	0	0	0	0	0	0	0	0	0	0	0	0	0	0	0	0	0	0	0	0	0	0	0	0	0	0	0	0	0.179	0.179	0	0	0	0	0	0.179	0	0	0	0	0	0	0	0	0	0	0	0	0	0	0	0	0	0	0	0	0.179	0	0	0	0	0	0	0	0	0	0.179	0.179	0	0	0	0	0	0	0	0	0	0	0	0	0	0	0	0	0	0	0	0	0	0	0	0	0	0	0	0	0	0	0	0	0	0	0	0	0.179	0	0	0	0	0	0	0	0.179	0	0	0	0	0	0	0	0	0	0	0	0	0	0	0	0	0	0	0	0	0	0	0	0.179	0	0	0	0	0	0	0	0	0.179	0	0.179	0	0	0	0	0.179	0.179	0.179	0	0	0	0	0	0	0	0	0	0	0	0	0	0	0.357	0	0	0	0	0.179	0.179	0.357	0.179	0	0	0	0	0	0.179	0	0	0	0	0	0	0	0	0	0	0	0	0	0.179	0	0	0.357	0	0	0	0	0	0	0	0	0	0	0	0	0	0	0	0	0	0	0.179	0	0	0	0	0	0	0.179	0	0	0	0	0	0	0	0	0	0	0	0	0	0	0	0	0	0	0	0	0	0	0	0	0	0	0	0	0	0	0	0	0	50:60,159.165:200,50:80
Ccn6-NM_001127376	0	0	0	0	0	0	0	0	0	0	0	0	0	0	0	0	0	0	0	0	0	0	0	0	0	0	0	0	0	0	0	0	0	0	0	0	0	0	0	0	0	0	0	0	0	0	0	0	0	0	0	0	0	0	0	0	0	0	0	0	0	0	0	0	0	0	0	0	0	0	0	0	0	0	0	0	0	0	0	0	0	0	0	0	0	0	0	0	0	0	0	0	0	0	0	0	0	0	0	0	0	0	0	0	0	0	0	0	0	0	0	0	0	0	0	0	0	0	0	0	0	0	0	0	0	0	0	0	0	0	0	0	0	0	0	0	0	0	0	0	0	0	0	0	0.179	0	0	0	0	0	0	0	0	0	0	0	0	0	0	0	0	0.179	0	0	0	0	0	0	0	0	0	0	0	0	0	0	0	0	0	0	0	0	0	0	0	0	0	0	0	0	0	0	0	0	0	0	0.179	0	0	0	0	0	0	0	0	0	0	0	0	0	0	0	0	0	0	0	0	0	0	0	0	0	0	0	0.179	0	0	0	0	0	0	0	0	0	0	0	0	0	0	0	0	0	0	0	0	0	0	0	0	0	0	0	0	0	0	0	0	0	0	0	0	0	0	0	0	0	0	0	0	0	0	0	0	0	0	0	0	0	0	0	0	0	0	0	0	0	0	0	0	0	0	0	0	0	0	0	0	0	0	0	0	0	0	0	0	0	0	0	0	0	0	0	0	0	0	0	0	0	0	0	0	0	0	0	0	0	0	0	0	0	0	0	0	0	0	0	0	0	0	0	50:60,64.12:200,50:80
Cd300a-NM_001347654	0.179	0	0	0.179	0	0	0	0	0	0	0	0	0	0	0	0	0	0	0	0	0	0	0	0	0	0	0	0	0	0	0	0	0	0	0	0	0	0	0	0	0	0	0	0	0	0.179	0	0	0	0	0	0	0	0	0	0	0	0	0	0	0	0	0	0	0	0	0	0	0	0	0	0.179	0	0	0	0	0	0	0	0	0	0	0	0	0	0	0	0	0	0	0.179	0	0	0	0	0	0	0	0	0	0.179	0.357	0	0	0	0	0	0	0	0	0	0	0.179	0	0	0	0	0	0	0	0	0	0	0	0	0	0	0	0	0	0	0	0	0	0	0	0	0	0	0	0	0	0	0	0	0.179	0	0	0	0	0	0	0	0	0	0	0	0.179	0	0	0	0	0	0	0	0	0	0	0	0	0	0	0	0	0	0	0	0	0	0.179	0	0	0	0	0	0	0	0	0	0	0	0	0	0	0	0	0	0	0	0	0	0.179	0	0	0	0	0	0	0	0	0	0	0	0	0	0	0	0	0	0	0	0	0	0	0	0	0	0	0	0	0	0	0	0	0	0	0	0	0	0	0	0	0	0	0	0	0	0	0	0	0	0	0	0.357	0	0	0	0	0	0	0	0	0	0	0.179	0	0	0	0	0	0	0	0	0	0.179	0	0	0	0	0	0	0	0	0	0	0	0	0	0	0	0	0	0	0	0	0	0	0	0	0.179	0	0	0	0	0.179	0	0	0	0	0	0	0	0	0	0	0	0	0	0	0	0	0.179	0	0	0	0	0	0	0	0	0	0	0	0	0	0	0.179	0.179	0.179	0	50:60,59.505:200,50:80
Cd300ld3-NM_199201	0	0	0	0	0	0	0	0	0	0	0	0	0	0	0	0	0	0	0	0	0	0	0	0	0	0	0	0	0	0	0	0	0	0	0	0	0	0	0	0	0	0	0	0	0	0	0	0	0	0	0	0	0	0	0	0	0	0	0	0	0	0	0	0	0	0	0	0	0	0	0	0	0	0	0	0	0	0	0	0	0	0	0	0	0	0	0	0	0	0	0	0	0	0	0	0	0	0	0	0	0	0	0	0	0	0	0	0	0	0	0	0	0	0	0	0	0	0	0	0	0	0	0	0	0	0	0	0	0	0	0	0	0	0	0	0	0	0	0	0	0	0	0	0	0	0	0	0	0	0	0	0	0	0	0	0	0	0	0	0	0	0	0	0	0	0	0	0	0	0	0	0	0	0	0	0	0	0	0	0	0	0	0	0	0	0	0	0	0	0	0	0	0	0	0	0	0	0	0	0	0	0	0	0	0	0	0	0	0	0	0	0	0	0	0	0	0	0	0	0	0	0	0	0	0	0	0	0	0	0	0	0	0	0	0	0	0	0	0	0	0	0	0	0	0	0	0	0	0	0	0	0	0	0	0	0	0	0	0	0	0	0	0	0	0	0	0	0	0	0	0	0	0	0	0	0	0	0	0	0	0	0	0	0	0	0	0	0	0	0	0	0	0	0	0	0	0	0	0	0	0	0	0	0	0	0	0	0	0	0	0	0	0	0	0	0	0	0	0	0	0	0	0	0	0	0	0	0	0	0	0	0	0	0	0	0	0	0	0	0	50:60,31.135:200,50:80
Cd300lf-NM_001169153	0	0	0	0	0	0	0	0	0	0	0	0	0	0	0	0	0	0	0	0	0	0	0	0	0	0	0	0	0	0	0	0	0	0	0	0	0	0	0	0	0	0.179	0	0	0	0	0	0	0	0	0	0	0	0	0	0	0	0	0	0	0	0	0	0.179	0	0	0	0	0	0	0	0	0	0	0	0	0	0	0	0	0	0	0	0	0	0	0	0	0	0	0	0	0	0	0	0	0	0	0	0	0	0	0	0	0	0	0	0	0	0	0	0	0	0	0	0	0.179	0.179	0	0	0	0	0	0	0	0	0	0	0	0	0	0	0	0	0	0.179	0	0	0	0	0.179	0	0	0	0	0	0	0	0	0	0	0	0	0	0	0	0	0	0	0	0	0	0	0	0	0	0	0	0	0	0	0	0	0	0	0	0	0	0	0	0	0	0	0	0	0	0	0	0	0	0	0	0	0	0	0	0	0	0	0	0	0	0	0	0	0	0	0	0	0	0	0	0	0	0.179	0	0	0	0	0	0	0	0	0	0	0	0	0	0	0	0	0	0	0	0.179	0	0.179	0	0	0	0	0	0.179	0	0	0	0	0	0	0	0	0	0	0.179	0	0.179	0	0.179	0	0.357	0	0	0	0.179	0	0	0	0	0	0.179	0	0.179	0	0	0	0	0	0	0	0	0	0	0	0	0	0	0	0	0	0	0	0	0	0	0	0	0	0	0	0	0	0	0	0	0	0	0	0	0	0	0	0	0	0	0	0	0	0	0	0	0	0	0	0	0	0	0	0	0	0	0	0	0	0	0	0	0	0	0	0	50:60,88.895:200,50:80
Cdk14-NM_011074	0	0	0	0	0	0	0	0	0	0	0	0	0	0	0	0	0	0	0	0	0	0	0	0	0	0	0	0	0	0	0	0	0	0	0	0	0	0	0	0.714	0.536	0	0	0	0	0	0	0	0	0	0	0	0.179	0.536	0.179	0.179	0	0	0	0	2.5	0	1.607	0.714	0.536	0.714	4.465	0.714	2.679	0.714	0.893	2.322	3.215	3.036	1.786	1.607	2.143	0	5.179	1.429	5.536	2.322	2.858	1.607	2.858	1.965	2.143	2.5	1.25	2.322	1.429	2.679	2.143	3.572	0.357	2.5	2.143	1.072	2.322	2.5	3.929	2.5	2.679	1.965	2.858	2.322	1.786	2.5	1.607	0.714	0.893	2.679	1.072	2.322	1.25	4.643	3.461	1.539	1.965	0.536	1.965	1.25	1.072	1.072	1.25	2.143	1.429	1.072	1.25	0.893	2.5	0.893	0.893	0.893	1.429	3.036	1.965	0.893	2.5	3.929	0.536	0.714	1.786	0.714	1.429	1.786	1.607	0.714	1.429	3.751	1.072	0.714	1.786	0	2.322	2.5	0.536	2.143	1.607	1.429	0.714	1.072	0.179	0.179	0	0	1.607	0.179	2.143	0.536	0	1.429	1.965	1.607	2.322	0.714	2.143	1.429	1.25	1.429	2.5	1.429	1.072	1.429	1.607	0.893	0.536	0.536	2.5	2.143	0.893	1.25	1.072	0.893	1.429	2.322	1.072	1.072	1.072	1.072	1.607	1.607	0.893	1.965	2.143	3.036	1.072	1.25	2.5	1.786	0.536	0.357	0	0.357	2.5	1.25	1.607	1.25	0.536	1.429	1.429	0.893	1.786	1.607	0.357	0.714	1.25	1.25	1.072	1.965	2.143	0.536	1.429	1.429	1.429	1.786	1.072	1.607	0.357	0.893	1.429	1.072	1.786	0.893	0.357	0.893	2.143	1.072	1.25	1.429	0.357	2.143	1.25	1.072	1.429	0.714	1.429	2.322	1.607	2.5	0	0	0	0	0	0	0	0	0	0.179	0	0.357	0.179	0	0	0	0	0	0	0	0	0	0	0	0	0	0	0	0	0.179	0	0	0	0	0.179	0.357	0	0.179	0	0	0	0	0	0	0	0	0	0	0	0	0	0.179	0	0	0	0	0	0	0	0	0	0	0	0	0	0	0	0	0	0	0	0	0	0	0	0	0	0	0	0.179	50:60,2884.34:200,50:80
Cdk8-NM_153599	0	0	0	0	0	0	0	0	0	0	0.179	0	0.357	0	0.179	0	0	0	0	0	0	0	0	0	0	0	0	0	0	0	0	0.179	0	0	0	0	0	0	0.536	0	0	0	0	0.179	0.179	0.179	0	0	0	0	0.179	0	0	0.893	0	0.536	0.179	0	5.001	16.609	29.111	0.536	1.072	1.25	0	0	0.357	0	0.536	0.357	0.179	0	0	0.357	0.179	0.179	0.536	0.179	0.536	0.357	0.536	0.714	0	0	0	0	0.893	0.179	0.714	0.179	0.179	0.536	0.179	1.25	0	0.179	0	1.072	0.357	0.357	0.357	0.893	0.179	0	0	0	1.072	0.179	0	0.536	0.179	0.893	0.714	1.072	1.25	1.429	0.536	1.072	1.25	0.714	1.072	1.072	0.893	0	1.607	3.036	0.893	1.429	1.607	0.714	0.179	0.357	0.536	1.072	0.893	1.25	1.965	0.536	1.429	1.25	1.429	0.714	2.679	6163.169	0.714	0.893	0.714	2.679	3.036	0.714	1.965	0.893	1.429	3.036	3.572	0.357	1.965	1.25	0.179	2.5	1.25	0	0.893	5.001	1.965	1.965	3.572	1.25	0	3.393	2.5	6.429	2.5	3.751	2.032	2.612	5.536	4.465	6.072	5.001	3.929	5.179	2.322	6.072	3.862	5.068	3.215	1.429	0.357	6.251	2.143	3.661	2.947	1.25	3.215	2.679	1.607	1.429	5.715	2.679	0.536	0.893	4.822	7.144	6.608	2.5	1.607	1.786	4.286	3.215	0.357	5.715	4.465	3.215	3.036	8.573	4.465	1.786	6.787	6.072	0.893	7.903	2.277	3.751	6.072	11.966	11.073	0.893	2.858	4.108	6.072	3.929	4.465	2.5	4.108	6.429	2.858	7.322	1.429	0.893	5.715	2.5	3.393	8.394	2.5	2.679	5.001	3.929	10.894	8.751	5.179	4.465	3.572	16.252	2.679	4.286	0.714	0.714	0.179	0.536	0.714	0.714	2.143	2.5	0	0.179	1.25	1.25	1.072	1.072	0.357	1.429	3.572	1.965	1.786	0.357	0.357	1.072	0.714	1.072	3.929	1.965	1.072	0.357	1.607	0.714	2.322	1.25	2.322	0	1.429	3.036	3.572	2.322	2.679	1.786	0.179	0.179	1.072	0.536	0.536	1.607	2.5	1.25	0.536	1.25	0.714	0.536	0.179	2.5	1.25	1.607	0.179	0.179	0.536	6.072	3.751	0.893	2.679	3.572	3.393	0.536	1.607	5.358	1.072	0.357	1.072	0	0	0	0.179	0.893	0.357	0.179	0.893	5.179	1.25	2.5	0.714	0.714	50:60,358.125:200,50:80
Celf5-NM_176954	0.179	3.036	3.572	3.751	2.143	1.429	3.036	0.357	0.179	0	0.536	0.179	1.607	1.965	1.429	1.965	2.679	6.787	3.572	1.429	2.858	6.429	3.393	1.072	1.072	3.215	0.714	1.072	0.357	0	0.714	0.179	0	0	0.179	1.607	0.893	1.072	0.714	2.143	0	0	0	0	0.179	0.179	0	0.357	0.357	0.536	1.072	1.25	0.179	0.714	1.25	0.357	0	0	0	0	0.714	0.179	0.714	0	0	0.357	0	0.179	0.357	0	0	0.536	0.179	0	0.179	0.357	0	0	0	0	0	0.179	0	0	0.179	0	0.191	1.059	0.179	0	0	0	0	0	0.179	0.179	0	0.357	0	0	0	0	0	0	0.357	0	0.179	0	0.179	0	0	0.179	0.179	0	0.536	0	0	0	0	0.357	0.179	0	0	0	0	0	0	0	0	0.179	0.357	0.179	0	0.179	0	0	0	0.179	0	0.179	0.357	0.714	0	0.179	0.179	0.179	1.25	0.893	0.714	0	0	0	0	0	0	0.179	0.357	0.357	0.357	0.179	0	0	0.357	1.965	0.179	0.893	1.584	0.202	0.714	0.536	2.322	0.536	0.536	0.179	0.714	0.714	0.893	0	0.536	0.893	0.893	0	0.179	0	0.536	0	0.536	0.179	1.786	2.143	1.429	0.179	1.25	0.714	1.072	3.751	2.5	0.536	0.893	2.143	0.893	0.893	0	1.25	0.714	1.429	2.5	15.002	64.148	8.719	5.52	2.338	0.714	0.179	0.714	2.143	0.179	0.357	1.429	1.715	1.143	1.965	0.893	1.25	4.465	1.072	0.536	6.787	0.536	1.965	6.29	2.104	3.036	2.5	1.697	0.446	0.536	1.965	0.893	0.357	0.357	0.357	0.357	1.429	0.179	1.965	1.072	0.357	0.893	0.179	1.786	1.607	1.072	0.179	0.893	1.965	2.322	2.143	0.893	0.536	0.714	0.893	0	0	0.179	0	0	0	0.536	0.179	0	0	1.072	0.179	0.179	0	0.536	0.714	1.25	0.179	0.179	0.179	0.179	0.179	0.893	0.357	1.607	0	0	0.179	0.536	0	0.357	0.179	0.357	0	0.357	0	0	0.893	0.357	0.179	0	0.357	0.179	0	0	0.179	0	0	0	0.357	0	0	0	0	0	0	0	0.179	0	0	0	0	0	0	0	0	0	0	0.357	0.179	0.357	0	0	0	0	0	0	0.179	50:60,117.41:200,50:80
Cemip2-NM_031997	0	0	0	0	0	0	0	0	0	0	0	0	0	0	0	0	0	0	0	0	0	0	0	0	0	0	0	0	0	0	0	0	0	0	0	0	0	0	0	0	0.357	0	0	0	1.072	0	0.179	0.714	0.357	0	0	0	0	0.357	0	0	0	0	0	2.5	32.862	19.326	4.606	11.073	6.072	2.679	10.18	0.893	7.68	18.753	1.965	1.965	1.786	1.607	0.714	10.001	42.531	11.048	2.5	0.893	0.179	0.536	1.786	2.143	0.357	0.357	1.965	13.395	3.393	3.777	1.938	2.5	1.429	47.864	35.898	1.607	10.894	3.215	1.429	0.357	1.786	1.607	1.429	1.607	2.322	0.893	1.072	2.143	3.036	3.215	2.858	3.751	3.393	6.429	5.536	7.322	4.465	2.5	3.572	8.215	0.357	3.215	2.858	5.001	2.143	2.858	2.679	2.679	5.179	3.215	3.929	7.322	4.762	3.275	5.358	2.322	9.287	22.682	10.359	9.108	10.359	5.001	5.715	3.751	6.787	11.609	5.536	14.645	7.144	4.465	5.358	6.965	12.68	9.823	11.243	11.796	6.787	3.572	2.679	7.769	11.877	12.68	5.001	6.965	12.145	7.68	3.393	2.8	3.629	2.679	5.536	2.143	1.429	3.572	19.646	5.358	12.502	4.822	3.393	4.108	1.965	2.5	6.072	5.001	12.323	7.858	7.858	6.151	4.565	23.396	15.359	12.502	9.108	7.501	22.86	9.287	21.074	11.073	10.001	6.429	5.432	9.213	7.322	7.144	10.18	12.145	2.322	3.393	10.18	4.465	6.608	1.429	1.965	8.037	9.823	5.179	7.501	7.322	2.5	8.751	8.751	4.643	4.108	9.466	3.393	2.5	9.823	6.429	5.715	6.251	10.716	10.716	4.822	4.643	8.751	6.608	8.677	9.004	3.751	5.179	4.822	7.68	3.036	2.322	4.286	6.072	10.716	12.812	10.405	7.144	5.894	2.322	10.894	11.787	4.822	10.716	17.502	6.608	22.86	21.074	1.607	1.25	0.714	0.893	1.965	1.607	2.5	5.179	0.357	0.714	0.536	1.072	2.679	1.607	1.786	1.072	1.072	1.607	1.072	2.322	1.25	0.893	1.607	3.215	5.536	3.393	1.072	6.787	7.322	15.002	5.894	3.572	0	0.179	0.357	1.965	0.893	0.357	1.429	0	1.072	3.393	0.893	3.036	0.179	1.25	1.786	1.25	0.893	8.93	1.786	1.786	3.393	2.5	0.179	2.5	3.036	0.179	0.357	0	1.607	2.322	7.144	7.858	2.143	3.036	1.965	2.5	3.572	2.679	1.25	0.357	0.357	0	0.357	0.179	3.929	5.536	8.573	0.536	50:60,400.105:200,50:80
Cenpi-NM_145924	0	0	0	0	0	0	0	0	0	0.179	0	0	0	0	0	0	0	0	0	0	0	0	0	0	0	0	0	0	0.179	0	0	0	0	0	0	0	0	0	0	0	0	0	0	0	0	0	0	0	0	0	0	0	0	0	0	0	0	0	0	0	277.002	3.751	0.357	0.357	0	0.179	0.893	0	0	0	0	0.357	0	0	0	0	0	0.179	0.179	0.179	0.179	0	0.179	0	0.179	0	0	0.179	0	0.179	0	0	0	0	0.179	0.179	0	0	0.179	0.536	0.179	0.893	2.322	0.179	0.893	0.179	0.357	0.893	1.25	0.536	0.536	0.536	0.536	1.489	0.296	0	0	0.357	1.072	4.643	0.357	0.714	0.536	0.357	0	0.179	0	0.179	0.357	0.714	0	0	0.357	0.179	0	0.179	0.357	0	0.179	0.179	0.179	0.179	0	0	0	0.357	0.357	0.179	0.536	0.179	1.072	0.179	0.714	1.429	0.714	0.893	1.072	0.179	2.858	1.072	0.536	1.965	2.322	0.893	2.322	3.036	1.965	0.714	0.714	1.786	1.429	0.714	0.536	0.536	1.429	1.25	1.607	1.786	2.679	1.25	0.536	1.429	0.714	0.179	3.751	1.429	2.858	0.536	1.965	1.072	0	1.786	0.357	2.322	0.536	0.714	2.322	0.893	1.429	2.143	0.714	2.679	0.536	0.893	0.357	0.357	0.536	0.893	1.429	0.536	4.643	3.036	1.072	0.893	0.357	1.786	0.714	1.786	0.536	0.179	0.714	0.714	1.786	0.536	0.714	0	0.179	1.607	0.714	2.5	0.893	1.797	0.882	3.929	3.036	1.072	0.179	0.893	0	1.607	0.893	0.714	1.965	0.357	0.714	1.072	1.607	1.025	1.832	1.607	0.714	0.357	0.357	0.893	1.25	0.714	0.536	0.714	0.714	0.536	1.429	0.357	0.179	0	0.179	0.179	0.179	0.357	0.179	0	0	0.179	0	0.179	0	0	0	0.536	0.893	0.357	0	0	0	0.179	0.536	1.429	1.429	0	1.25	1.607	0	0	0	1.965	0.714	0.179	0.357	0	0.179	0	0.714	0.714	1.607	2.322	0.179	0	0.714	0.536	0.714	1.072	0.179	0.536	0	0	0	0.179	0.357	0.893	0.357	0.179	0	0	0.536	1.25	0.893	0.357	0	0.179	0.893	0.179	0.179	0.179	0.357	0.179	0.179	0.536	0.179	1.965	0	0.179	50:60,275.105:200,50:80
Cenpt-NM_177150	0.179	1.786	0	0	0.536	0.357	1.786	0.357	0.536	0	0.893	0.179	0	0	0	0.357	0	0	0	0	0	0.179	0	0	0	0	0	0	0	0	0	0	0	0	0	0	0	0	0	0	0	0	0	0	0	0	0	0	0	0	0	0	0	0	0	0	0.179	0	0	1.429	105.298	61.086	9.7	5.192	1.607	0	0.714	0.179	0	0.357	0.179	0.179	0.536	0.357	0	0	0	0.179	0	0	0	0	0	0	0	0.179	0	0	0.178	0.001	0	0	2.322	0.357	0.536	5.715	0.536	0	0	0	0.179	0.357	0	0	0	0	0	0.179	0	0	0	0	0	0	0	0	0	0	0.115	0.242	0.179	0.179	0.047	0.31	0	0	0	0	0	0	0	0.207	0.15	0	0.179	0	0	0	0.536	0	0.179	0.179	0	0	0.179	0	0	0	0	0	0.357	0	0	0	0	0	0	0	0	0	0	0	0	0	0	0	0	0	0	0	0	0	0	0	0	0	0	0	0	0.179	0.357	0	0	0	0.536	0	0.179	0	0	0	0	0	0.179	0.179	0.179	0	0.357	0.179	0.179	0	0	0.357	0	0	0	0	0	0	0	0.357	0.179	0	0.179	0.179	0	0	0	0	0	0.179	0.357	0	0	0.357	0	0	0	0.179	0.357	0	0	0	0	0.179	0	0	0	0	0	0	0	0.179	0.179	0.179	0.179	0.179	0.179	0.893	0.179	0	0.179	0	0	0.179	0	0.179	0	0	0.179	0	0	0.179	0.179	0	0	0.357	0.536	0.179	0	0.536	0.357	0.536	1.072	1.25	0.179	1.607	0.714	0	0	0	0	0	1.072	0	0.536	0	0	0	0.357	0	1.607	1.25	0	0	0.179	1.25	1.072	1.25	0.179	0	0.179	0.179	1.965	0.179	0.357	0.357	0.714	1.429	0.893	0.357	0.357	1.786	1.072	0	1.072	1.607	0.357	1.429	0.893	0.893	0.714	0.179	0	0.179	0.893	0.179	0.714	0.179	0.714	3.393	1.607	0.536	0.714	0.179	0.357	0	0	0.536	0.536	0.536	50:60,36.655:200,50:80
Chchd7-NR_104357	0	0	0	0	0	0	0	0	0	0	0	0	0	0.179	0	0.536	0	0.179	0	0.179	0.179	0	0	0	0.179	0	0	0	0	0	0	0	0	0.893	0	0	0	0	0.179	0	0	0.179	0	0.179	0.357	0	0	0	0.179	0	0	0	0	0	0	0	0	0	0.179	0.357	2.295	106.834	37.677	4.465	1.429	0.357	0.179	0.536	1.25	1.25	2.5	0	0	0.179	0.536	1.607	3.613	9.425	3.859	2.356	0.393	0.357	0.179	0	0.179	0	0.179	0	0	0.179	0	0	0	0	0	0	0	0	0	0	0	0.179	0.179	0.243	0.114	0	0.179	0	0	0	0	0	0.179	0	0	0	0	0.179	0	0	0	0	0	0.179	0.179	0	0	0	0	0	0	0	0	0	0	0	0	0	0.179	0	0	0.179	0	0	0	0	0	0.179	0	0	0	0	0	0	0	0	0	0	0	0	0	0	0	0	0	0	0	0	0	0	0.179	0	0	0	0	0	0	0	0	0	0	0	0	0	0.179	0	0	0	0	0	0	0	0	0	0	0	0	0	0	0	0	0	0	0.179	0	0	0	0	0	0	0	0.179	0.179	0	0	0.179	0	0.536	0	0	0	0	0	0	0	0	0	0.179	0	0	0	0	0	0	0	0	0	0	0	0	0	0	0	0.179	0	0	0	0	0	0	0	0	0	0	0	0	0	0	0	0	0	0	0.357	0.179	0.357	0.179	0.179	0	0	0	0	0	0	0	0	0	0	0	0	0	0.536	0.179	0.179	0	0	0	0	0	0	0	0	0	0.357	0	0.179	0	0	0.357	0	0	0	0	0.179	0	0	0	0	0	0	0	0	0	0	0.179	0.179	0.179	0	0	0	0	0	0	0	0	0	0.179	0	0	0	0	0	0.179	0	0	0	0	0.357	0	0	0.179	50:60,23.19:200,50:80
Chl1-NM_007697	0	0	0	0	0	0	0	0	0	0	0	0	0	0	0	0	0	0	0	0	0	0	0	0	0	0	0	0	0	0	0	0	0	0	0	0	0	0	0	0	0	0	0	0	0	0	0	0	0	0	0	0	0	0	0	0	0	0	0	0	0.179	0	0	0	0.179	0	0	0	0	0	0	0	0	0	0	0	0	0	0	0.179	0	0	0	0	0	0	0	0	0	0	0	0	0	0.179	0	0	0	0	0	0	0	0	0	0	0	0	0	0	0	0	0	0	0	0	0	0	0	0	0	0	0	0	0	0	0	0	0	0.357	0	0	0	0	0	0	0	0	0	0	0	0	0	0	0	0	0	0	0	0	0	0	0	0.536	0	0	0	0	0	0	0	0	0	0	0	0	0	0	0	0	0	0	0	0	0	0	0	0	0	0	0	0	0	0	0.179	0	0	0	0	0	0.179	0	0	0	0	0	0	0.179	0.179	0	0	0	0	0	0	0	0	0	0	0	0	0	0	0	0	0	0	0	0	0	0	0	0	0	0	0	0	0	0	0	0	0	0	0	0.357	0	0	0	0	0	0.179	0	0	0.179	0	0	0	0	0	0	0	0	0	0	0	0	0.179	0	0	0	0	0.179	0	0	0	0	0	0	0	0	0	0	0	0	0	0	0	0	0	0	0	0	0	0	0	0	0	0	0	0	0	0	0	0	0	0	0	0	0	0	0	0	0	0	0	0	0	0	0	0	0	0	0	0	0	0	0	0	0	0	0	0	0	0	0	0	0	0	0	0	0	0	0	0	0	0	0	0	0	0	0	0	50:60,1110.8:200,50:80
Chpf-NM_001001566	0.714	0.714	0.357	0	0.179	0	0	0.179	0.357	0	0	0	0.179	0.357	0	0	0	0	0.179	0	0	0	0	0.179	0.179	0	0	0	0	0	0.179	0	0	0	0.179	0	0	0.179	0	0.536	0.357	0.893	0	0	0	0	0.179	0	0.357	0	0.179	0.536	0	0	0.179	0	0	0	0	0	0.092	0.087	0	0.189	0.168	3.393	1.072	7.165	8.908	0.357	0	0	0.357	0.893	1.201	6.029	7.641	1.917	0	0	0	0	0	0	0	0	0	0	0	0	0	0	0	0	3.219	0.531	0.555	0.695	0	0.536	0.179	0	0.357	0.179	0	0	0	0.179	0	0	0	0	0.053	0.126	0	0	0	0.179	0	0	0	0	0.179	0	0	0	0	0	0	0.179	0.179	0	0	0	0	0	0	0.714	0	0.179	0	0.179	0.179	0	0.179	0	0	0	0	0.357	0	0	0	0.179	0	0	0	0	0	0	0	0.179	0	0	0	0.179	0	0.714	0.179	0.357	0	0	0	0	0	0	0	0	0	0	0	0	0	0	0	0	0	0.179	0	0	0.179	0	0	0	0	0	0	0	0	0	0	0	0	0	0	0	0	0.179	0	0	0.179	0	0	0	0	0	0	0	0	0.179	0.179	0	0.179	0.179	0.536	0.179	0	0	0	0.357	0	0.536	0.357	0.357	0.179	0	0	0	0.179	0	0	0	0	0	0.179	0	0	0.179	0.179	0	0.179	0.179	0.179	0.536	0.179	1.429	0.179	0.536	0.536	1.429	0.714	0.714	0.357	0	0.357	0.179	0.179	0.179	0.179	0	0.357	0	0	0	0.357	0	0	0.179	0.179	0.893	0.714	0.536	0	0	0.179	0.536	0.179	0.536	0	0	0	0.357	0.179	0.179	0.536	0.714	0	0.179	0.357	0	0.179	0	0	0	0	0	0	0	0.179	0	0.179	0.179	0	0.179	0.179	0	0	0	0	0	0	0	0	0	0.179	0	0.179	0.536	0.179	0	0	0	0	0.179	0.179	0.179	0	0.179	0.357	0	50:60,24.515:200,50:80
Ciz1-NM_001252538	0	0	0	0	0	0	0	0	0	0	0	0	0	0	0	0	0.179	0.179	0	0	0	0	0	0	0.357	0	0.179	0	0	0	0	0	0	0	1.607	0.536	0.179	0.357	0.179	0	0	0	0	0	0	0	0	0	0	0	0	0	0	0	0.179	0	0	0	0	0	0.536	11.252	2.779	11.866	1.429	0	1.25	3.808	16.195	3.215	0	0	0	0	0	0	0	0	0	0	0	0	0	0	0	0	0	0	0	0.179	0.179	0	0	0	0	0.179	0.179	0.179	0	0	0	0	0	0	0	0.164	0.014	0	0	0.179	0.179	0.179	0.179	0	0	0.357	0	0	0	0	0	0	0	0	0	0.179	0	0.179	0.179	0.179	0	0	0	2.322	0	0.179	0.357	0	0	0	0	0	0	0	0	0	0.179	0.179	0	0	0	0	0	0	0	0.179	0.179	0.357	0.179	0.536	0.357	0	0.179	0	0	0.357	0	0	0	0.357	0.357	0.043	0.136	0.357	0.179	0	0.357	0.357	0.179	0	0.179	0	0.536	0	0.714	0.714	0	0	0.179	0.179	0	0	0	0.714	1.286	0.5	0	0	0	0	0	0	0	0	0.357	0	0.714	0.179	0	0	0.179	0.536	0	0.357	1.429	0	0.179	0	0.179	0.536	0.179	0.179	0	0	0	0.357	0.179	0.179	0.714	0	0	0.179	0	0	0.714	0.357	0.179	0.536	0.893	0.536	0.536	0	0	0	0.893	0.536	0	0.179	0	0.357	0.179	0	0.357	0.357	0	0.179	0.357	0.179	0.536	0.357	0.536	0.357	0.536	0.179	0.536	0.536	0	0	0.536	0.179	1.429	0.357	0	0.179	0.893	0.179	1.25	1.786	0.536	0.357	1.072	0	0.714	0	0.536	0	0.179	0.536	0.893	0.357	1.607	1.25	1.072	0.357	0.893	0	0.179	0.179	1.786	0.536	1.429	0.179	0.179	0.357	0.179	0.179	0	0	0	0	0.179	0.357	0	0	0	0.357	0	0	0.179	0.179	0	0	0	0	0	0	0	0	0	0	0	0	0	0	0	4.286	0.714	0	0	0	50:60,76.52:200,50:80
Cldn15-NM_021719	3.036	4.643	2.679	1.607	0.714	1.429	0.536	6.251	6.072	4.286	2.143	1.786	1.965	2.858	3.036	0.714	0.357	0	0.357	1.965	0.893	1.965	0.357	0.536	0.357	0.714	2.322	0.714	0.179	0.893	1.25	2.143	0.536	1.786	3.036	3.929	1.072	2.858	1.072	1.429	0.893	0.179	0.357	1.25	2.858	1.786	5.536	2.679	0.893	0.893	1.25	1.429	1.429	1.607	1.607	0.179	0.357	0.357	0.179	0.357	0	0	0.179	0	0	0.357	0.357	0.357	0	0.179	0	0.536	0.179	0	0.357	0.179	0	0.179	0.357	0.536	0	0	0	0	0	0	0.357	0.179	0	0.179	0	0.179	0	0	0.357	0	0	0.357	0	0	0	0	0.179	0.179	0.357	0	0.357	0.357	0	0.179	0	0	0	0	0	0.357	0	0.357	0	0	0	0	0	0	0	0	0.179	0	0	0	0	0	0	0	0	0.179	0.179	0	0	0.179	0.179	0	0	0	0	0	0	0.179	0	0	0	0	0	0	0.536	0	0	0.179	0	0	0	0	0	0	0	0	0	0	0	0	0.179	0	0	0	0	0	0	0	0	0	0.179	0	0	0	0	0	0	0	0	0	0	0	0	0	0	0	0	0	0	0	0	0.179	0	0	0	0	0	0	0.179	0	0	0	0	0.052	0.127	0	0	0	0	0.179	0	0	0	0	0	0	0.179	0	0	0.179	0	0	0	0	0	0	0.179	0	0	0	0	0	0	0	0	0	0	0	0	0	0	0	0	0	0	0	0	0	0.179	0	0	0	0	0	0	0	0	0	0	0	0	0	0	0.179	0	0.179	0	0	0	0.179	0.357	0.179	0.179	0	0	0	0	0	0	0	0	0	0	0	0	0	0	0	0	0	0	0	0	0	0	0	0	0	0.179	0	0	0	0	0	0	0	0	0	0	0	0	0	0	0	0	0	0	0	0	0.179	0	0	0	0	0	0	0	0	0	0	50:60,39.885:200,50:80
Cldn34-ps-NM_001101585	0	0	0	0	0	0	0	0	0	0	0	0	0	0	0	0	0	0	0	0	0	0	0	0	0	0	0	0	0	0	0	0	0	0	0	0	0	0	0	0	0	0	0	0	0	0	0	0	0	0	0	0	0	0	0	0	0	0	0	0	0	0	0	0	0	0	0	0	0	0	0	0	0	0	0	0	0	0	0	0	0	0	0	0	0	0	0	0	0	0	0	0	0	0	0	0	0	0	0	0	0	0	0	0	0	0	0	0	0	0	0	0	0	0	0	0	0	0	0	0	0	0	0	0	0	0	0	0	0	0	0	0	0	0	0	0	0	0	0	0	0	0	0	0	0	0	0	0	0	0	0	0	0	0	0	0	0	0	0	0	0	0	0	0	0	0	0	0	0	0	0	0	0	0	0	0	0	0	0	0	0	0	0	0	0	0	0	0	0	0	0	0	0	0	0	0	0	0	0	0	0	0	0	0	0	0	0	0	0	0	0	0	0	0	0	0	0	0	0	0	0	0	0	0	0	0	0	0	0	0	0	0	0	0	0	0	0	0	0	0	0	0	0	0	0	0	0	0	0	0	0	0	0	0	0	0	0	0	0	0	0	0	0	0	0	0	0	0	0	0	0	0	0	0	0	0	0	0	0	0	0	0	0	0	0	0	0	0	0	0	0	0	0	0	0	0	0	0	0	0	0	0	0	0	0	0	0	0	0	0	0	0	0	0	0	0	0	0	0	0	0	0	0	0	0	0	0	0	0	0	0	0	0	0	0	0	0	0	0	0	50:60,3.195:200,50:80
Cntn5-NM_001033359	0	0	0	0	0	0	0	0	0	0	0	0	0	0	0	0	0	0	0	0	0	0	0	0	0	0	0	0	0	0	0	0	0	0	0	0	0	0	0	0	0	0	0	0	0	0	0	0	0	0	0	0	0	0	0	0	0	0	0	0	0.179	0	0.179	0.179	0.179	0.179	0	0.179	0	0	0	0.179	0	0	0	0	0	0	0	0	0	0	0	0.179	0	0	0	0	0.179	0	0.357	0.179	0	1.607	0	0	0	0	0.357	0	0	0	0	0	0	0	0	0	0	0	0	0	0.357	0.179	0.179	0	0	0	1.072	0	0	0	0	0	0	0	0	0.179	0.357	0	0	0.536	0.357	4.822	0	0	0	0	0	0	0	0.179	0.179	0	0	0	0	0	0.179	0	0	0	0	0	0.179	0	0	0	0	0	0	0	0.714	1.429	0	0	0	0	0	0	0	0	0	0	0	0	0	0	0	0	0	0	0.357	0	0	0	0	0.357	0	0	0	0	0.179	0	0	0.179	0	0	0	0	0	0	0	0	0	0	0	0	0	0	0	0	0.179	0.179	0	0	0	0.357	0.179	0	0	0	0	0	0	0.179	0	0	0	0	0.179	0	0	0	0.179	0	0	0	0	0	0.179	0	0	0	0.179	0.179	0	0	0	0	0	0	0	0	0	0	0	0	0	0	0	0	0	0	0	0	0	0	0	0	0	0	0	0	0	0	0	0	0	0	0	0	0	0	0	0	0	0	0	0	0	0	0	0	0	0	0	0	0	0	0	0	0	0	0	0	0	0	0	0	0	0	0	0	0	0	0	0	0	0	0	0	0	0	0	0	0	0	0	0	0	0	0	0	0	0	0	0	0	0	50:60,6219.18:200,50:80
Cntnap3-NM_001081129	0	0	0	0	0	0	0	0	0	0	0	0	0	0	0	0	0	0	0	0	0	0	0	0	0	0	0	0	0	0	0	0	0	0	0	0	0	0	0	0	0	0	0	0	0	0	0	0	0	0	0	0	0	0	0	0	0	0	0.357	0.357	0	0	0	0	0	0	0	0	0	0	0	0	0	0	0	0	0	0	0	0	0	0	0	0	0	0	0	0	0	0	0	0	0	0	0	0.179	0	0	0	0	0	0	0.179	0	0	0	0	0	0.179	0	0	0	0	0.179	0	0	0	0	1.965	0	0	0	0	0.179	0.179	0	0.179	0	0	0	0	0.179	0	0	0.179	0	0	0	0	0.179	0	0	0	0	0	0	0	0	0	0	0	0	0	0	0.179	0	0.179	0	0	0.179	0	0	0	0	0.179	0	0	0	0	0	0	0	0	0	0	0	0	0	0.179	0	0	0	0	0	0.179	0	0	0	0.179	0	0	0.179	0	0	0	0	0.179	0.179	0.179	0.179	0	0	0.179	0	0	0	0	0	0	0	0	0	0	0	0	0	0.179	0.179	0	0	0	0	0	0	0	0	0	0	0	0	0	0	0	0	0	0	0	0.179	0	0	0	0.179	0	0	0	0	0	0	0	0	0	0	0	0.179	0	0	0	0.179	0	0	0	0	0	0	0	0	0	0	0	0	0	0	0	0	0.179	0	0	0	0	0	0	0	0	0	0	0	0	0	0	0	0	0	0	0	0	0	0	0	0	0	0	0	0	0	0	0	0	0	0	0	0	0	0	0	0	0	0	0	0	0	0	0	0	0	0	0	0	0	0	0	0	0	0	0	0	0	0	0	0	0	50:60,831.49:200,50:80
Cobl-NM_001282993	0.536	0	0	0	0	0	0	0	0	0.179	0.357	0.179	0	0	0.179	0.179	0.536	0	0.179	0	0	0	0.893	0	0	0	0.179	0	0.357	0.536	0	0	0	0	0	0	0	0	0.179	0	1.607	2.679	1.072	0	0	0.179	0.357	0	0.893	0.357	0.357	0.179	0	1.786	0.357	0.357	0	0	0	0.357	40.899	12.145	4.108	5.715	4.643	5.715	3.215	4.465	2.143	2.679	2.143	9.287	3.393	1.786	2.858	3.929	1.965	3.215	6.072	4.286	3.393	1.965	2.5	3.751	2.858	6.608	5.894	1.965	4.465	2.5	6.787	5.536	4.643	3.393	5.001	2.679	10.359	10.537	7.68	9.466	10.001	7.322	8.215	6.965	6.608	5.715	8.037	7.144	6.251	6.429	10.894	3.393	2.5	5.715	6.251	8.93	11.43	10.296	5.956	7.322	16.788	8.93	11.43	15.002	9.466	8.215	3.393	6.965	11.43	9.466	8.394	10.359	16.609	15.359	10.18	12.68	12.323	5.894	14.569	14.899	10.894	7.322	9.287	6.965	3.751	4.643	5.179	5.715	6.787	8.215	6.429	6.072	7.322	5.001	8.573	8.037	8.751	6.608	5.179	5.894	4.465	5.179	6.965	4.286	3.215	5.179	6.072	7.322	4.108	6.921	2.188	6.608	5.715	5.894	5.001	5.358	6.251	2.5	3.393	1.25	2.858	4.643	2.679	7.501	6.251	8.573	4.822	6.072	4.108	4.822	6.429	13.038	5.358	3.751	6.251	2.322	20.717	9.644	11.609	4.643	3.929	3.036	5.536	5.536	7.144	9.108	2.143	6.072	5.536	8.573	4.643	6.537	11.323	8.573	7.68	2.858	8.037	9.466	7.144	7.68	5.358	5.001	4.822	1.25	3.393	3.929	6.965	6.251	8.93	4.822	9.287	11.43	5.358	6.251	4.643	5.536	7.144	7.858	12.145	8.037	13.93	4.465	10.001	14.288	10.716	15.716	11.966	21.074	17.502	15.002	18.217	16.609	13.395	13.573	18.574	13.93	8.93	10.359	19.288	26.789	0.357	0	1.607	0.536	0.536	0.714	0	0	0	0.179	0	0.357	0.536	1.25	1.786	1.072	1.072	1.786	1.607	0.179	0.357	2.143	1.072	0.179	0.179	0.357	0.179	2.679	0.179	0.893	0	0.893	1.965	0.536	0.714	0.357	0.536	0.357	0.714	3.036	4.465	0.893	0.179	1.786	0.536	0.714	1.607	2.5	0.536	0	0	0.357	0.714	0	0.179	0	0	0.536	0.179	0.536	0.357	0	0	0	0.179	1.607	0.714	0	0.536	0.357	0.536	0.357	0.357	0.893	0	0.714	0.536	0	0.179	0.536	50:60,1141.425:200,50:80
Commd10-NM_178377	0	0	0	0	0	0	0	0	0	0	0	0	0	0	0	0	0	0	0	0	0	0	0	0	0	0	0	0	0	0	0	0	0	0	0	0	0	0	0	0	1.25	0.536	0.179	0.179	0	0	0	0	0.179	0	0.179	0	0	0	0	0	0	0	0.536	1.965	10.18	0	0.714	0.179	0	0.893	0.357	0.536	0.357	0.357	1.072	0.536	0.714	0.714	1.072	0.536	0.536	1.072	0.357	0.536	0.536	0.179	1.25	1.607	0.357	0.714	0.536	1.072	0.536	0.893	0.893	0.893	1.25	0.714	0.357	0.357	1.072	0.357	0.179	0.179	0.893	0.714	1.607	1.607	0.893	2.5	2.322	1.429	1.607	2.679	2.322	2.143	6.608	2.5	0.357	1.429	1.072	0.893	1.25	1.965	0.714	0.536	0.714	2.143	4.465	2.679	2.679	3.751	2.322	3.036	4.286	3.751	2.322	2.679	4.286	2.322	0.893	1.072	1.429	3.572	0.893	0.714	0.536	2.858	3.751	2.322	1.25	4.465	2.679	1.965	2.858	7.633	2.547	1.072	5.715	5.536	2.143	2.858	1.072	0.893	2.322	0.893	2.858	2.143	3.036	8.037	6.429	3.929	2.322	0.357	3.751	2.5	4.465	1.786	1.786	3.751	0.714	1.429	5.179	1.786	3.572	1.965	3.393	4.108	4.108	5.715	12.502	12.68	3.572	1.786	0.714	3.751	1.965	4.465	1.25	3.215	3.751	1.786	1.072	7.501	2.5	6.608	4.822	13.216	4.108	3.036	0.714	1.965	4.108	3.215	2.858	0.357	1.072	1.607	4.822	3.036	1.607	3.751	3.215	2.5	5.001	2.143	2.143	1.072	1.429	3.929	2.679	0.893	0	0	0	1.607	2.5	2.679	3.393	2.143	3.572	3.929	0.179	3.215	0.893	0.536	2.679	0.893	0.179	0.893	0	0.357	0	0.179	1.25	3.929	0.714	0	0.357	1.607	6.072	2.858	0.536	2.322	1.25	0.179	0	0	0	0.357	0.357	0	0.536	0	0	0.536	0.893	0	0	0	0.179	0	0.179	0.357	0.179	0.714	0.179	0.179	1.607	0.179	0.179	0	0	0.536	0	0.179	0.179	0.179	0	0.893	0.714	0.179	0	0	0.893	0.536	0	0	0	0	0.179	0.179	0.357	0	0.714	0.893	1.072	0.179	1.429	0.179	0.536	0.179	0	0.536	0.357	0.536	0.179	0.893	0	0.536	1.607	0.893	1.25	0	0.179	0	0.536	0.357	0.179	0	0.179	0	0.179	0.536	50:60,645.595:200,50:80
Copg2-NR_149738	0	0	0	0	0	0	0	0	0	0	0	0	0	0	0	0	0	0	0	0	0	0	0	0	0	0	0	0	0	0	0	0	0.179	0	0	0	0	0	0	0	0	0	0	0	0	0	0	0	0	0	0	0	0	0.179	0	0	0	0	0	0.357	46.792	0.179	0	0	0	0	0	0	0	0	0	0	0	0	0	0	0.357	0.179	0	0.179	0.179	0.179	0.179	0.714	0.714	0.536	0.714	1.786	1.429	0.179	0.536	2.143	2.143	1.429	0.357	0.536	3.215	0.357	0.179	0.357	1.429	1.25	1.072	1.072	1.786	0.714	0.179	1.786	0.893	0.536	2.858	3.036	1.607	2.143	0.893	5.179	5.179	5.894	2.143	3.215	2.143	2.143	0.714	0.536	5.358	1.25	3.929	0.179	0	0	0.357	0.357	0.179	0.536	0.179	0.893	2.858	2.322	2.143	3.215	3.393	2.5	2.143	1.25	1.965	1.072	1.25	0.357	1.786	1.072	3.929	1.761	3.418	3.036	2.5	3.751	5.179	3.215	3.751	3.215	0	2.322	3.929	3.929	1.965	1.25	2.132	1.44	8.037	4.822	4.643	8.037	5.358	2.679	1.965	3.036	2.322	2.322	8.394	3.929	1.25	5.894	6.787	13.752	8.215	3.572	0	0	0	0	0	0	0	0	0	0	0	0	0	0	0	0	0	0	0	0	0	0	0	0	0	0	0	0	0	0	0	0	0	0	0	0	0	0	0	0	0	0	0	0	0	0	0	0	0	0	0	0	0	0	0	0	0	0	0	0	0	0	0	0	0	0	0	5.001	4.108	1.786	3.393	4.108	3.036	2.5	0	0.179	0.179	0.536	0.179	0.357	0.179	0.179	0	0.714	0.536	0	0	0	0.179	0	0.179	0.357	0.179	1.786	1.965	0.893	0.179	0.179	0.357	0.714	0.179	0.179	0	0	0	0	0.357	0	0	0	0.179	0.714	0.179	0.357	0.357	0	0.179	0	0	0.179	0	0.714	2.143	1.25	1.429	1.25	0.536	0.536	0.179	0	0	0	0.179	1.072	0.357	0	0.714	0.714	0.536	0	0.357	0	0.179	0.357	0	0.536	0.714	0.357	0	0	0	0	0.714	0	50:60,746.205:200,50:80
Cops7b-NM_001360888	0	0	0	0	0	0	0	0	0	0	0	0	0	0	0	0	0	0	0	0	0	0	0	0	0	0	0	0	0	0	0	0	0	0	0	0	0	0	0	0	0	0.179	0	0	0	0	0.179	1.072	0	0	0	0	0	0	0.357	0	0	0	0	0.179	5.812	5.083	0	0	0.179	0	0.179	0	0	0.179	0	0.179	0	0	0	0.179	0	0.179	0.714	0	0	0	0	0.357	0.536	0	0	0	0	0	0	0.179	0	0.357	0.179	34.548	5.279	0.536	0.893	0.179	0.357	0	0	0	0	0	0.179	0.179	0.714	0	0.179	0.179	0.179	0.357	0.357	0	0	0	0	0	0.179	0	0	0	0.357	0	0.179	0.179	0	0	0	0.179	0	0	0.536	0	0.179	0.179	0.714	0	0.357	0	0	0.179	0.179	0.179	0	0.357	0	0	0.179	0.179	0	0	0.357	0	0	0.714	0.536	0.179	0.357	0	0	0	0	0.179	0	0	0.179	0.536	0.179	0	0	0	0.179	0	0	0.357	0.179	0	0	0	0.179	0	0.179	0	0.179	0.536	0	0	0.536	0	0.893	0	0	0.179	0.357	0.357	0.357	1.429	0.536	0.357	0.179	0	0.357	0.536	0.536	0.536	0	0	0	0	0	0.714	2.09	0.411	0	1.607	0	0	0.179	0.714	0.893	0.893	0.536	0.357	0.357	0	0	0.893	0.357	0	0	0	0.179	0.714	0.179	0.357	0	0.357	0.357	0	0.536	0	0.536	0	0.179	0.714	1.072	0.357	1.786	0.357	0.357	0.536	0	1.25	1.072	3.036	0.357	0.179	0	0.179	0	0.536	0.179	0	0.357	0	0	0.179	0.536	0.536	0	0	0	0	0.357	0.357	0.179	0.536	0.357	0.179	1.072	0.357	0	0.179	0.179	0.357	0.357	0.714	0	0	0.179	2.143	0.536	0.357	0.179	0	0.714	1.25	0	0	0	0	0.357	0.179	1.072	2.322	1.072	0.179	0.179	0	0.179	0.536	0.714	0.893	0.536	0.357	0.714	0	0	0	0	0	0	0.357	0	0	0.714	0	0	0	0	0.893	1.072	1.072	0	0	1.786	1.965	50:60,119.54:200,50:80
Coro1c-NM_011779	0	0	0	0	0	0	0	0	0	0	0	0	0	0	0	0	0	0	0	0.179	0.357	0	0	0.179	0	0	0	0	0	0.357	1.965	2.679	0	0	0	0	0	0	0	0	0	0	0	0	0	0	0	0	0	0.536	0.536	1.072	0.357	1.072	0.179	0.536	0	0.179	0	0	21.789	2.979	1.665	0.893	0.357	0	0.714	0.357	0.357	0.179	0.893	0.536	0	0.536	0.179	0.357	0.357	0.179	0.357	0.179	0.179	0.357	0.714	0.357	0.357	0	0.179	0.271	0.086	0.536	0.179	0.179	0	0.357	0.357	0	0.357	0.536	0.357	0	0.536	0	0.179	0.179	1.429	0	0	0	0.179	0.536	0.714	0.179	0.893	0.357	0.357	0.357	0.357	0.536	0.536	0	0.536	0	0.357	0.536	1.786	0.536	1.786	0.893	1.429	0.179	0.714	0.714	0.357	0.357	0.536	1.429	0.536	0.357	0.893	0.714	0.714	1.429	2.143	0.536	1.947	1.447	3.929	1.25	2.322	2.858	3.215	1.607	0.893	4.643	1.25	1.429	1.607	1.072	3.572	3.215	0	1.965	3.572	2.679	3.751	12.68	4.286	36.255	7.501	4.643	2.811	1.668	6.772	6.429	5.536	2.858	5.001	3.215	5.001	5.715	2.322	3.036	2.322	4.108	1.072	0.179	5.001	6.429	4.822	1.965	1.965	6.787	5.715	0.536	0.357	3.393	10.359	2.143	5.179	3.393	6.072	7.144	2.143	3.393	5.358	2.858	1.965	1.965	5.358	3.572	3.454	5.833	3.572	5.358	1.965	7.858	2.925	2.968	3.751	3.751	3.572	7.144	1.786	4.286	8.037	6.251	1.607	0.357	1.593	5.372	3.751	6.158	3.665	8.573	3.036	1.25	2.322	2.143	2.679	1.786	3.929	2.143	0.714	5.379	5.336	5.358	13.395	4.643	7.501	5.358	14.645	10.716	10.894	8.215	10.716	0.893	7.68	11.609	64.759	61.33	3.036	0.357	0.179	0.714	3.215	7.858	3.751	20.003	2.5	0.536	0.357	3.929	6.251	5.536	2.5	0.536	2.322	4.108	3.751	5.715	5.536	5.715	8.573	6.072	4.465	3.572	1.072	0	0	0.893	3.572	8.215	0.536	3.751	6.787	1.786	1.25	7.144	3.036	1.786	6.965	0.357	4.822	6.251	0.357	0.893	2.322	1.429	0.536	0.893	2.858	1.25	1.429	0.714	0.714	0	1.429	0.357	0.714	0.179	0	0	0.536	0.357	0.357	0.179	0.536	0.179	0	0	0	1.25	1.965	0.536	0.179	1.607	0.357	0.357	1.25	0	50:60,331.34:200,50:80
Cpeb1-NM_001252525	0	0	0	0	0	0	0.179	0	0.179	0	0	0	0	0	0	0	0	0	0	0	0	0	0	0	0	0	0	0	0	0	0	0	0	0	0	0	0	0.357	0.179	0	0.179	0	0	0	0.179	0	0.536	0.357	0	0.179	0.179	0.357	0.179	0.179	0.357	0	0	0	0.179	2.322	0.536	0.536	0.179	0.357	0.179	0	0	0	0.179	0	0	0	0.179	0.179	0	0.179	0	0.357	0	0.893	0.179	0	0.179	0.357	0	0.179	0	0	0	0	0.179	0.536	0.179	0.179	0.179	0.179	0	0.179	0.179	0	0.179	0	0.179	0.357	0	0	0.179	0.179	0.357	0.179	0.179	0.357	0.179	0	0.357	0.357	0	0.536	0.179	0.179	0.179	0.714	0	0	0.179	0.893	0.893	0.714	0.714	0	0	0.179	0.179	0	1.072	0.357	1.072	0.357	0.714	0.536	0	0	0	0	0	0	0	0	0	0	0	0	0	0	0.536	0.714	0	0.357	0.357	0.357	0	0.357	0.179	0.536	0.179	0.179	0	0.357	0	0	0.357	0.714	0	0.502	0.927	0.357	0.536	0.714	0.714	0.179	0.179	0.714	0	1.429	0.893	0.893	1.786	0.536	0.893	0.893	0.357	0.536	0.714	0.536	1.25	0.536	0	0.893	0.357	1.072	1.607	0.179	1.25	0.536	0.893	0.179	0	0.357	1.072	0.179	0.536	0.714	1.562	2.189	0.714	0.357	0.357	0.893	1.072	0.357	1.44	0.881	1.072	1.429	0	0.179	1.429	1.429	0.893	1.429	0.357	0.179	0.893	0.893	0.179	1.607	0.536	0.714	0.714	1.072	0.893	1.25	1.072	0.536	0	1.072	1.965	1.25	1.25	0.714	1.434	1.959	1.25	0.536	1.607	0.893	1.429	0.536	1.25	1.072	0	0	0.357	0	0.357	0.179	0.357	0.536	0.357	0.179	0	0.179	0.893	0	0	0.536	0.357	0.536	0.179	0.714	0.179	1.786	0.536	1.607	1.607	0.179	0.357	0.179	0.179	0.714	0.179	0.179	0.179	0.357	0.536	103.586	404.52	8.394	0.714	1.429	0.714	0	0.357	0.179	3.751	13.038	7.322	6.429	19.467	20.717	17.86	15.716	0.536	0.357	1.786	0.536	0.714	0.357	2.322	7.501	1.786	0.179	1.965	0.357	0.179	5.358	6.787	3.929	4.643	10.894	12.502	11.609	0.714	2.679	4.822	7.144	6.429	9.644	17.86	32.147	50:60,538.665:200,50:80
Cpne2-NM_153507	0	0	0	0	0	0	0	0	0	0	0	0	0	0	0	0.179	0	0	0	0	0	0	0	0	0	0	0	0	0	0	0	0	0	0	0	0	0	0	0	0	0	0.714	1.25	0	0.893	0	0	0	0.536	0.179	0	0	0	0.179	0	0	0	0	0	0	0.179	0.179	0	0	0.179	0	0	0	0	0	0	0	0	0	0	0	0	0	0	0	0	0	0	0	0	0	0	0	0	0	0	0	0	0	0	0	0	0	0	0	0	0.179	0	0	0	0	0	0	0	0	0	0	0	0	0	0.179	0	0	0	0	0	0	0.536	0.179	0	0	0	0	0.179	0.179	0	0	0	0	0	0	0	0.357	0	0	0	0	0	0	0	0	0	0.357	0.357	0.357	0	0.179	0.179	0	0	0	0.179	0	0	0	0	0	0.357	0.179	0	0	0.179	0	0	0	0	0.179	0	0.179	0	0.179	0.714	0.179	0	0	0	0.179	0.179	0	0	0.179	0	0	0	0	0	0	0	0	0.179	0	0	0	0.179	0.179	0	0.179	0	0	0	0	0.179	0.536	0.179	0	0	0	0.179	0	0	0	0	0.179	0	0	0	0	0.179	0	0	0	0	0.179	0	0	0.179	0.357	0	0.179	0.179	0	0	0.179	0.179	0	0	0	0.179	0.357	0	0	0.179	0	0	0	0	0	0	0.179	0	0	0.179	0.179	0	0	0	0	0.179	0	0.179	0.179	0	0	0	0	0	0	0	0	0	0.179	0	0	0	0	0	0	0	0	0	0	0	0.179	0	0	0	0	0	0	0	0	0.357	0	0	0	0.179	0.179	0	0	0	0	0	0	0	0	0	0	0	0	0	0	0	0	0	0	0	0	0	0	0	0	0.179	0	0	0	0	0	0	0	0	0	0	0	0	0.179	50:60,187.51:200,50:80
Creld2-NM_029720	0	0	0	0	0	0	0	0	0	0	0	0	0	0	0	0	0	0	0	0	0	0	0	0	0	0	0	0	0	0	0	0	0	0	0	0	0	0	0	0	0	0	0.357	0	0	0	0.179	0.536	0	0	0.179	0	0	0	0	0	0	0	0	1.072	7.597	5.29	2.115	1.786	0.536	0	0.179	0	0	0	0.179	0	0	0	0	0.179	0.357	0.179	0	0	0	0	0	0	0	0.179	0	0	0	0	0	0	0	0	0	0	0	0	0	0	0	0	0	0	0	0	0	0	0	0	0	0	0	0	0.179	0	0	0	0	0	0	0	0	0	0	0	0	0	0	0	0.179	0	0	0	0	0	0	0.179	0	0	0	0.179	0	0	0	0	0	0	0	0	0	0	0	0	0	0	0	0	0	0	0	0	0	0.179	0	0	0	0	0	0	0	0	0	0	0	0	0	0.179	0.179	0	0.357	0	0	0	0	0	0	0	0.179	0	0	0.179	0	0.179	0	0	0	0	0.179	0.179	0.357	0	0	0.179	0	0	0	0	0	0	0.179	0	0	0	0	0	0	0	0.179	0	0	0	0	0	0	0	0.179	0	0	0	0	0.357	0	0	0.179	0	0	0	0	0	0	0	0.179	0.179	0	0	0.179	0	0	0	0.179	0	0.179	0.357	0	0	0	0	0	0.179	0.357	0	0.357	0	0	0.179	0.536	0.179	0.179	0.714	0.357	0.714	0.357	0	0	0.179	0	0	0	0	0.179	0.179	0	0	0	0	0.179	0	0.357	0	0	0	0	0	0.179	0	0.179	0	0	0	0	0	0	0	0	0	0.179	0.179	0	0	0.179	0	0	0	0	0.179	0	0	0	0	0	0	0	0	0	0	0	0	0	0	0	0	0	0	0	0	0	0	0	0	50:60,35.18:200,50:80
Csnk1d-NM_027874	0	0	0	0	0	0	0	0	0	0	0	0	0	0	0	0	0	0	0	0	0	0	0	0	0	0	0	0	0	0	0	0	0	0	0	0	0	0	0	0	0	0	0	0	0	0	0	0	0	0	0	0	0	0.536	0.179	0.179	0	0	0	0	30.183	14.648	42.484	0.376	1.25	0	1.607	0.536	4.286	1.607	1.072	0.179	0.536	2.143	0.179	1.072	0.536	0.536	1.429	0.536	0.179	0.536	1.25	1.25	0	0.357	0.714	0.536	0.179	0	0.893	0.179	0.179	0	0.357	0.357	1.25	0.536	0.536	0.357	0.179	0.893	0.179	0	0.433	0.996	0.179	0.714	0.357	1.072	1.072	0.714	0.179	0.536	0	0	1.072	0.357	0.179	0.179	0.357	0.179	0.893	1.072	1.429	0	0	0.893	0.714	0.357	0.893	1.157	0.986	1.25	0.536	0.714	0.714	0.714	0.357	0.357	0.179	0.714	1.25	3.393	0	0	0.893	0.357	1.25	0.179	0.86	0.569	0.893	0.714	0.714	0.714	0.536	0.357	0.714	0	0.893	0.357	0.536	0.536	0.714	0.536	0.046	0.312	2.679	0.536	0	0.536	2.322	1.966	0.713	0.893	0.536	1.072	1.072	2.143	1.607	1.072	1.965	0.714	2.5	0.714	0	1.072	0.357	2.143	5.536	2.5	4.465	2.5	8.265	1.915	2.5	1.995	4.613	6.072	1.607	2.143	1.429	3.393	4.286	2.679	6.787	6.787	0.536	2.143	2.322	3.393	2.5	5.358	5.536	4.822	3.393	1.607	5.948	7.804	3.215	2.322	3.215	8.573	4.286	1.965	1.965	0.893	1.25	2.5	1.429	3.036	3.036	2.679	2.322	4.286	3.751	1.607	3.215	9.769	2.911	1.965	5.894	2.143	1.25	7.858	1.965	4.465	4.712	11.54	4.108	14.031	11.33	5.179	14.823	8.751	55.741	18.912	10.014	6.06	0.714	2.858	0.357	5.894	9.466	13.038	1.072	2.679	1.072	2.322	9.287	1.965	0.893	0.714	0.714	1.25	0.893	1.607	6.965	2.143	0.893	2.5	2.322	1.25	1.965	1.072	1.25	1.607	0	0.714	0.893	0.536	0.893	0.714	1.786	0.357	0.179	0	0.179	0	0.714	0.893	0.179	0.357	0.179	1.965	0.357	0	0.357	0	0	0.179	0.536	0	0.179	0.536	0.179	0.893	1.786	0.714	0.179	0	0.714	0.714	0.536	0.714	0.714	0.179	0	0	0.536	0.536	0	0	0	0	0	0	0	0.357	50:60,147.965:200,50:80
Ctbs-NM_028836	0.179	0	0.179	0	0.179	0.714	0.357	1.072	0	0	0.179	0.357	0.893	0	0.357	0.357	0.536	0	0.893	0.714	0.357	1.25	0.714	0	0	0	0.179	0	0.536	0	0.536	0	0.714	0.536	0.179	0	0	0	0	0.179	0	0	0.179	0	0.179	0	0	0	0	0.357	0.357	0.536	1.072	2.5	1.965	0	0	0	0	0.714	80.174	11.414	3.425	1.429	0	0	0.179	0.179	0	0	0.179	0.179	0.179	0	1.429	6.251	0	0	0.357	0	0	0.357	0	0	0	0	0	0	0	0	0	0	0.179	0	0	0	0	0	0.357	0	0	0	0	0	0	0	0	0	0	0	0	0	0	0	0	0.357	0	0	0	0	0	0	0	0.179	0	0	0	0	0	0	0	0	0	0	0	0	0	0	0.357	0	0	0	0	0	0.179	0	0	0	0.179	0	0	0	0	0	0	0	0	0	0	0	0.179	0	0	0	0	0	0	0	0.179	0	0	0	0	0	0	0	0	0	0.357	0	0	0	0	0	0	0	0	0	0	0	0	0	0	0	0.179	0	0	0	0	0	0	0	0	0	0	0	0	0	0	0	0	0	0.179	0	0	0	0	0	0	0	0	0.179	0.179	0	0	0	0	0	0.179	0	0.179	0.179	0	0	0.179	0	0	0	0	0	0	0	0	0.179	0	0.179	0.179	0	0	0	0.357	0.179	0	0.357	0	0.179	0	0	0	0	0.179	0.357	0.179	0	0	0	0.536	0.179	0.536	0	0.357	0.179	0	0.179	0.179	0	0	0	0	0	0	0	0.179	0	0	0	0	0	0	0	0	0	0	0.357	0.357	0.179	0.357	0.179	1.429	0.357	0.357	0	0.179	0	0	0	0	0	0	0.179	0	0	0	0	0.179	0	0	0	0	0	0	0	0	0	0	0	0.357	0	0	0	0	0	0	0	0.536	0	0	0	0.357	0.179	50:60,76.91:200,50:80
Ctdsp2-NM_146012	0.179	0.357	0.893	0	0	0.357	0.179	0.357	0	0.179	0.536	0.357	0	0.179	0.179	0	0	0	0.357	0.179	0	0.179	0.357	0.179	0	0	0	0.536	0.179	0	0	0	0	0	0	1.786	0	0	0.357	0.536	0.536	0.179	0.357	0.536	0.536	1.25	1.25	0.179	0.536	1.072	1.607	0.179	0.357	0.536	0.536	0.179	0.357	0.357	0.179	0.179	0	0.179	0.357	0.582	0.132	0	0	0.179	0.893	0	0	0	0	0	0.179	0	0	0	0.179	0	0	0	0	0	0	0	0.179	0.357	0.536	0.08	0.098	0	0	0.179	0	0	0	0	0	0	0	0	0	0	0	0	0	0	0	0	0	0	0	0	0	0	0	0	0	0	0	0	0	0	0	0	0	0	0	0	0	0	0	0	0	0	0.179	0.536	0.357	0.714	0.536	0	1.187	0.503	0.811	0.357	0.357	0.714	1.072	0	1.072	1.25	0.714	0	0	0	0	0	0	0	0	0	0.179	0.179	2.143	3.106	1.574	2.642	5.358	2.679	0.536	0.893	1.624	1.769	1.38	1.121	1.786	0.893	0.536	0.5	0.393	1.072	0	0.536	0.714	0.893	0.357	0.893	0	0.357	0	0.207	0.15	1.25	0.536	0	0.536	0.263	0.452	0.179	0.179	0	0.893	0.536	1.072	1.25	2.143	1.072	0.513	1.095	0.893	0.536	0.481	2.824	1.516	0.893	1.607	0	1.786	3.643	1.753	2.283	0	0.714	1.786	0.536	0	1.607	0.893	2.322	0	0	0	0	0	0	0	0	0.179	1.25	0.714	1.072	0.893	0.179	0.179	0.179	0.536	0.357	1.607	0	2.262	0.417	0.588	0.86	6.727	6.602	3.797	2.924	6.721	8.93	3.572	3.751	3.393	3.751	10.894	2.322	5.894	1.965	0.357	0.536	2.858	3.929	0.714	3.393	0.536	2.143	1.607	2.5	0.893	5.358	1.786	0.536	0.893	2.143	2.858	2.143	1.25	1.072	1.786	0.893	0.357	0	1.072	0.536	0.179	0.714	0	0	0.536	0.357	0.357	0.179	0.179	0	0	0.714	0	0	0	0.179	0.179	0	0	0	0	0.179	0	0	0	0	0	0.179	0	0.357	0.179	0.536	0	0.357	0	0.179	0.179	0	0	0.179	0	0	0.357	0	0	0.357	50:60,21.815:200,50:80
Ctps2-NR_033143	0	0	0	0	0	0	0	0	0	0	0	0	0	0	0	0	0	0	0	0	0	0	0	0	0	0	0	0	0	0	0	0	0	0	0	0	0	0	0	0	0	0	0	0	0	0	0	0	11.787	25.361	2.322	0.714	0	0	0.179	0.179	0	0	0.179	0	1.429	0	0	0	0.179	0	0	0.179	0	0	0	0.357	0	0	0	0.179	0	0.179	0.179	0	1.429	1.429	1.786	0.179	0.536	0.357	0	0.893	1.429	1.429	1.786	1.429	3.929	1.607	0.714	0.357	0.357	0.536	1.25	0.536	1.072	2.322	0.714	3.929	1.607	4.108	1.965	4.465	2.143	1.786	0.893	2.5	0.179	0.536	0.714	2.143	1.072	1.072	3.215	1.786	0.536	1.786	1.25	1.965	0	0.357	0.179	0.357	0	0.714	1.25	3.393	1.072	1.25	1.429	0.536	1.786	1.607	0.893	1.786	1.965	1.072	0	0.179	1.429	0.714	0.536	0.714	2.679	1.072	2.322	1.607	0.714	1.965	1.429	1.786	2.679	5.001	1.965	1.786	1.965	5.001	2.679	0.714	1.072	0.714	3.036	3.215	2.858	1.965	0.714	1.607	0.714	1.072	1.965	0.714	0	0	0.179	0	0	0	0	0	0	0	6.251	1.607	3.572	1.965	1.43	1.964	1.735	3.98	3.751	1.786	4.822	3.036	0.893	1.429	2.5	1.965	1.965	1.965	2.322	0.893	1.965	2.858	1.965	5.536	1.429	1.25	0.536	2.858	0.179	1.072	2.5	4.465	2.5	0.714	0.179	0.714	1.429	1.429	1.25	1.072	0	1.607	1.786	1.965	4.822	1.429	2.679	2.322	0.893	0.536	1.25	2.5	3.036	0.714	1.072	0.714	1.786	1.072	0.893	1.786	2.858	1.429	1.072	0.179	1.429	1.607	1.786	0.893	2.679	5.536	3.215	12.248	8.469	5.894	2.5	0.893	0	0.179	0.357	0.536	2.143	1.429	1.072	0.714	0	0.179	0.536	1.25	0.179	0	0.536	0	1.25	0.357	0	0.714	0.714	0.179	1.072	0.536	1.072	0	0.714	0.179	0	0.179	0.179	0.357	0.357	0.357	0.536	0	0	0	0	0	0.179	0	0	0	0	0	0	0.179	0	0	0	1.072	0	0.357	0	0	0	0	0	0.179	0	0	0	0	0	0	0	0	0	0.357	0.179	0	0	0	0.536	0	0	0	50:60,661.855:200,50:80
Ctsj-NM_001356291	0	0	0	0	0	0	0	0	0	0	0	0	0	0	0	0	0	0	0	0	0	0	0	0	0	0	0	0	0	0	0	0	0	0	0	0	0	0	0	0	0	0	0	0	0	0	0	0	0	0	0	0	0	0	0	0	0	0	0	0	0	0	0	0	0	0	0	0	0	0	0	0	0	0	0	0	0	0	0	0	0	0	0	0	0	0	0	0	0	0	0	0	0.179	0	0	0	0	0	0	0	0	0	0	0	0	0	0	0	0	0	0	0	0	0	0	0	0	0	0	0	0	0	0	0	0	0	0	0	0	0	0	0	0	0	0	0	0	0	0	0	0	0	0	0	0	0	0	0	0	0	0	0	0	0	0	0	0	0	0	0	0	0	0	0	0	0	0	0	0	0	0	0	0	0	0	0	0	0	0	0	0	0	0	0	0	0	0	0	0	0	0	0	0	0	0	0	0	0	0	0	0	0	0	0	0	0	0	0	0	0	0	0	0	0	0	0	0	0	0	0	0	0	0	0	0	0	0	0	0	0	0	0	0	0	0	0	0	0	0	0	0	0	0	0	0	0	0	0	0	0	0	0	0	0	0	0	0	0	0	0	0	0	0	0	0	0	0	0	0	0	0	0	0	0	0	0	0	0	0	0	0	0	0	0	0	0	0	0	0	0	0	0	0	0	0	0	0	0	0	0	0	0	0	0	0	0	0	0	0	0	0	0	0	0	0	0	0	0	0	0	0	0	0	0	0	0	0	0	0	0	0	0	0	0	0	0	0	0	0	0	50:60,28.735:200,50:80
Cul1-NM_001355550	0	0	0	0	0	0	0	0	0	0	0	0	0	0	0	0	0	0	0	0	0	0	0	0	0	0	0.714	0	0	0	0	0	0.179	0.179	0	0	0.357	0.893	0.179	1.25	0.357	0.179	0	2.322	9.287	0.357	0.536	0.893	0.357	0.357	0	1.965	0.357	0.536	0.893	0.893	0.179	1.25	0	2.5	2.679	18.395	0.179	0	0.357	0.536	0.179	0.357	0.536	0.357	0.536	0	0	0.179	0.179	0	0.893	0	0.357	0.536	1.072	0.179	0.357	0	0.536	0.179	0.357	0	0.179	1.429	0.179	0.357	0.179	0.179	0	1.072	0	0	0.357	0.714	0.179	0.714	0	0.714	0.179	0.357	0.536	0.357	0.536	0.536	1.072	1.072	1.072	0	0	0	0	0	0	0	0	0	0.179	0	0	0.357	0	0.536	0.179	0	0	1.429	0.714	2.322	1.25	1.429	1.607	2.143	0.893	1.25	1.25	0.714	1.25	1.786	1.965	1.25	1.072	1.25	0.536	1.072	0.357	1.072	0	0.179	1.25	4.822	6.965	2.322	4.108	0.714	2.679	2.5	5.001	1.25	1.429	1.072	0.179	0.357	0.714	0	2.143	0.893	1.965	3.751	2.5	5.179	1.965	3.215	5.001	1.786	3.215	3.036	3.572	3.751	1.072	1.607	4.643	0.893	0.357	2.5	2.5	1.786	1.786	1.786	1.072	1.965	0.179	8.394	1.607	2.858	1.429	3.393	0.893	2.679	0.536	0	5.715	1.607	4.643	6.072	3.751	1.429	4.076	6.019	3.122	2.143	6.251	5.715	2.5	3.929	7.501	6.787	5.536	3.572	2.679	1.607	4.643	5.179	3.929	3.929	4.822	2.979	6.129	1.986	3.372	6.965	13.038	4.643	12.859	9.466	8.394	10.716	3.393	4.465	4.643	8.215	2.322	3.393	4.822	5.179	9.205	7.762	5.536	4.886	4.936	8.394	7.144	7.501	4.643	7.858	0.893	1.072	2.5	3.929	3.215	0.536	0.179	1.786	1.429	1.25	1.965	3.036	6.787	0.714	0.714	1.072	2.322	0.536	1.429	0.714	1.429	3.751	2.858	0.536	1.607	1.429	2.143	8.751	1.786	0.714	0.536	4.643	3.393	0.714	1.786	2.858	2.322	1.786	0.893	1.965	2.322	1.429	1.072	1.25	1.786	0.357	0.893	2.143	1.25	2.143	4.286	9.823	3.393	5.536	0.714	0.357	0.179	0.357	0.714	0.714	0.893	0	0	0.179	0.893	0.357	0.357	0.536	0.357	1.965	1.429	1.072	0	0.536	0.357	0.357	0.714	0.179	0.714	0.179	50:60,356.94:200,50:80
Cwc22-NM_001290740	0	0	0	0	0	0	0	0	0	0	0	0	0	0	0	0	0	0	0	0	0	0	0	0	0	0	0	0	0	0	0	0	0	0	0	0	0	0	0	0	0	0	0	0	0	0	0	0	0	0	0	0	0	0	0	0	0	0	0.357	2.143	54.65	24.11	3.929	2.143	1.786	2.858	1.072	1.429	1.429	1.429	2.858	0.357	0	1.25	3.036	1.25	1.25	1.965	0.357	1.072	1.922	3.972	0.357	1.607	1.607	0.893	1.072	2.143	1.429	0.536	1.072	0.357	0.893	3.929	1.072	1.072	1.072	0.893	2.858	0.714	0.179	0.179	1.25	3.751	2.5	0.714	1.607	0.714	1.786	1.25	1.429	2.5	0.179	0.893	0.179	1.072	0.179	1.786	1.25	0.536	2.322	0	0.714	1.429	0.536	1.25	0.893	2.858	0.714	3.393	1.965	1.965	0.714	2.679	0.357	0.714	0.179	1.786	1.25	1.072	1.25	0.893	2.5	0.536	0.179	1.25	1.25	1.429	2.143	0.714	1.965	0.893	2.679	0	0.893	0.714	2.322	1.072	1.607	1.072	3.393	2.679	2.422	5.436	1.072	1.429	0.536	2.143	0.714	2.5	1.786	1.429	1.607	1.25	0.536	3.929	1.965	1.607	0.357	1.25	2.322	0.179	1.965	2.143	3.929	0.536	1.072	2.322	1.072	1.072	0.357	0	1.786	0.179	0.357	0.179	0.893	1.786	1.25	2.143	2.679	3.572	0.536	1.429	1.429	1.25	1.965	1.429	2.5	0.357	1.607	1.429	1.429	0.536	1.429	0.893	3.036	0.714	0.893	1.072	2.322	1.25	3.929	1.072	0.893	2.679	5.001	0.357	3.215	3.929	1.786	0.893	4.108	1.25	1.25	3.393	1.429	1.072	0	1.429	0.893	1.072	0.536	3.572	2.322	0.536	1.072	5.358	2.322	3.215	2.322	3.215	1.314	4.579	0.893	1.072	0.357	0.179	0	1.607	1.25	0.179	0.714	0	0	0.179	0.357	0.179	0.179	0	0.179	0.714	1.072	1.965	0.179	1.429	1.072	1.429	1.072	0.357	0.357	1.072	0.179	1.072	0	0.179	0	0.536	0	0.179	0.893	0.536	1.25	0.893	2.679	2.143	0.357	1.072	9.823	2.5	0.357	0	0.536	1.25	1.965	2.858	0.714	0.536	0.714	0	0	0.357	0.714	1.072	0.357	1.607	2.5	3.036	2.322	2.858	0.357	1.25	0.893	0.357	1.072	1.607	2.322	0	0.357	0.179	0	0	0.536	7.144	5.715	7.858	0.893	1.072	0.893	1.786	50:60,253.52:200,50:80
Cyb561-NM_001356374	0	0	0.179	0.179	0	0	0	0	0.179	0.357	2.322	0.179	0	0	0	0	0	0	0	0	0	0	0	0	0	0	0	0.179	0	0	0	0	0	0	0	0	0	0	0	0	0	0	0	0	0	0	0	0	0	0	0.357	0	0.357	0.357	0.179	0	0	0	0	0	0.179	0.179	0.179	0	0	0	1.163	0.266	0	0	1.072	0.179	0	1.075	0.532	0	0.179	0.179	0.179	0	0	0	2.5	1.965	0.179	0	0.357	0	0.179	0	0	0	0	0	0	0	0	0	0	0	0	0	0	0	0.179	0	0.179	0	0	0	0	0	0	0	0	0	0	0	0	0	0	0	0	0	0	0.179	0	0	0	0.179	0	0	0	0	0	0	0	0	0	0	0	0	0	0	0	0	0	0	0	0	0	0	0	0	0	0	0	0.536	0	0	0	0	0	0	0	0.179	0	0	0.179	0.179	0	0	0	0	0.179	0	0	0	0	0	0	0	0	0	0	0	0	0	0	0	0	0	0	0.179	0	0	0	0	0	0	0	0	0	0	0	0	0	0	0	0	0	0	0	0	0	0.179	0	0	0	0	0	0	0	0	0	0	0	0	0	0	0.357	0	0	0	0.179	0.893	0.357	0.357	0	0.179	0.179	0	0	0	0.179	0.179	0.179	0	0	0	0	0.357	0	0	0	0.179	0	0	0	0	0	0	0	0.179	0	0	0	0.179	0	0	0	0	0	0	0.179	0	0	0	0	0	0	0	0.179	0	0	0	0.536	0	0	0.357	0	0	0	0	0	0.179	0.179	0	0	0	0	0	0	0	0	0.179	0	0	0	0	0	0	0	0	0.179	0	0	0	0	0	0	0	0	0	0	0	0	0	0	0	0.179	0	0	0	0	0	0	0	0	0	50:60,53.93:200,50:80
Cyld-NM_173369	0.357	0.357	0.179	0	0	0	0	0	0	0	0.179	0	0	0	0	0	0	0.357	0	0	0	0	0	0	0	0	0	0	0.179	0	0	0	0.536	0.179	0.179	0	0	0.179	0.179	0	0	0	0	0	0	0	0	0	0	0	0	0.179	0	0	0	0	0	0	0	0	10.359	0.536	0.357	0.179	0.357	0	0	0	0.357	0	0	0	0.536	0	0	0	0	0	0	0	0	0	0	0	0.357	0	0	0	0	0	0	0.179	0	0.179	0	0	0.357	0	0	0	0	0.179	0.179	0	0.179	0.536	0.179	0	0.357	0.179	0.179	0.357	0	0	0	0.179	0	0.179	0	0	0.179	0.536	0	0.357	0.357	0	0.179	0.179	0	0	0	0	0	0.536	0.179	0	0	0.714	0.357	0.357	0.357	0.179	0.179	0.714	0.179	0.357	0	0.357	0.357	0	0.179	0	0	0.714	0	0.893	0.357	0.179	0.357	0.714	0.536	0.536	1.48	0.663	1.25	0	0.357	0.536	0.357	0	0.536	0	0.179	0.536	0.714	0.357	0	1.607	0.179	1.607	0.893	0.714	1.786	1.429	0.536	0.179	0.357	0.536	0.714	0	1.062	1.081	0.179	0	0.714	0.357	0.357	0.357	0.536	0	0.179	0.893	0	1.25	0.357	0.357	0.179	0.179	0.536	0.179	1.607	0.179	1.429	0.893	1.429	0.893	1.25	0.714	2.143	1.607	0.536	0.714	0.357	0.893	1.072	1.607	1.072	0.357	0.893	0	0	0	0	0.357	4.822	1.607	3.393	3.751	0.357	0.536	3.393	1.25	0.893	0.357	1.25	0	3.751	0.357	1.786	1.607	2.5	1.429	0.357	4.643	0.897	1.424	2.717	2.071	3.249	2.143	0	0	0.893	1.072	0.357	0.536	1.072	0.714	0.536	1.072	1.965	0.357	0.179	0.714	0.357	0.357	0	1.072	0.357	0.357	0.357	0.893	2.322	3.036	0	0	0	0	0.179	0.179	0	0	0.179	0.893	0	0	0	0.357	0	0	0.893	1.072	0.357	0	0	0.179	0	0.893	0.357	0	0	0.357	0.357	0.536	0.357	0.179	0.179	0.179	0.179	0.179	0	0	0	0	0	0.179	0.179	0.893	0	0.536	0.179	0.357	0	0.357	0	0	0	0.357	0.357	0	50:60,274.595:200,50:80
Cyp19a1-NM_007810	0	0	0	0	0	0	0	0	0	0	0	0	0	0	0	0	0	0	0	0	0	0	0	0	0	0	0	0	0	0	0	0	0	0	0	0	0	0	0	0	0	0	0	0	0	0	0	0	0	0	0	0	0	0	0	0	0	0	0	0	0	0	0	0	0	0	0	0	0	0	0	0	0	0	0	0	0	0	0	0	0	0	0	0	0	0	0	0	0	0	0	0	0	0	0	0	0	0	0	0	0	0	0	0	0	0	0	0	0	0	0	0	0	0	0	0	0	0	0	0	0	0	0	0	0	0	0	0	0	0	0	0	0	0	0	0	0	0	0	0	0	0	0	0	0	0	0	0	0	0	0	0	0	0	0	0	0	0	0	0	0	0	0	0	0	0	0	0	0	0	0	0	0	0	0	0	0	0	0	0	0	0	0	0	0	0	0	0	0	0	0	0	0	0	0	0	0	0	0	0	0	0	0	0	0	0	0	0	0	0	0	0	0	0	0	0	0	0	0	0	0	0	0	0	0	0	0	0	0	0	0	0	0	0	0	0	0	0	0	0	0	0	0	0	0	0	0	0	0	0	0	0	0	0	0	0	0	0	0	0	0	0	0	0	0	0	0	0	0	0	0	0	0	0	0	0	0	0	0	0	0	0	0	0	0	0	0	0	0	0	0	0	0	0	0	0	0	0	0	0	0	0	0	0	0	0	0	0	0	0	0	0	0	0	0	0	0	0	0	0	0	0	0	0	0	0	0	0	0	0	0	0	0	0	0	0	0	0	0	0	50:60,139.035:200,50:80
Cyp26a1-NM_007811	0	0	0.357	0.357	0.714	0.357	0	0	0	0.536	0	0	0	0	0	0.179	0	0.179	0	0	0.179	0.536	0.536	0.714	1.072	0	0	0	0.893	0.536	0.179	0.179	0	1.25	0.179	0	0.179	0.179	0.179	0.536	0.179	0	0.357	0.179	0.357	0.179	0	0.536	0	0	0	0.179	0	0.536	0	0.179	0	0.357	0.357	0.536	0.179	0.357	0.179	0	0.714	0.536	0.357	0.179	0.536	0.536	0	0	0	0	0.179	0	0	0	0	0	0	0	0	0	0	0	0	0.179	0.357	0	0.179	0	0	0	0	0	0	0	0	0	0.079	0.099	0	0	0	0	0	0.179	0.179	0.179	0.179	0	0	0	0	0	0	0	0	0	0	0	0	0	0	0	0	0	0	0	0	0	0.179	0	0	0	0	0	0	0	0.179	0	0	0	0	0	0.021	0.158	0	0	0	0	0	0	0	0	0	0	0.357	0	0	0.179	0	0	0	0.179	0.179	0	0	0	0	0	0	0	0	0	0	0.179	0	0	0	0.179	0	0	0.179	0	0	0.1	0.079	0	0	0	0	0	0	0	0	0	0	0	0	0	0	0	0	0	0	0	0	0	0.071	0.108	0	0	0	0.179	0	0.357	0	0	0	0	0	0	0	0	0	0.179	0	0	0	0	0	0	0	0	0	0	0	0.179	0	0.179	0.179	0	0	0	0	0	0	0	0	0	0	0	0	0	0	0	0	0	0	0	0	0	0	0.179	0	0.536	0	0	0	0	0.179	0	0	0	0	0.357	0	0	0.536	0.179	0.179	0	0	0.179	0	0	0.179	0	0	0	0.179	0	0	0	0.893	0	0.357	0	0	0	0	0	0.357	0	0.179	0	0	0	0	0	0	0	0.179	0	0	0	0	0	0	0.357	0	0	0	0	0	0	0.179	0	0	0.179	0	0	0	0	0	0	0	0	50:60,18.645:200,50:80
Cyp2j12-NM_001100182	0	0	0	0	0	0	0	0	0	0	0	0	0	0	0	0	0	0	0	0	0	0	0	0	0	0	0	0	0	0	0	0	0	0	0	0	0	0	0	0	0	0	0	0	0	0	0	0	0	0	0	0	0	0	0	0	0	0	0	0	0	0	0	0	0	0	0	0	0	0	0	0	0	0	0	0	0	0	0	0	0	0	0	0	0	0	0	0	0	0	0	0	0	0	0	0	0	0	0	0	0	0	0	0	0	0	0	0	0	0	0	0	0	0	0	0	0	0	0	0	0	0	0	0	0	0	0	0	0	0	0	0	0	0	0	0	0	0	0	0	0	0	0	0	0	0	0	0	0	0	0	0	0	0	0	0	0	0	0	0	0	0	0	0	0	0	0	0	0	0	0	0	0	0	0	0	0	0	0	0	0	0	0	0	0	0	0	0	0	0	0	0	0	0	0	0	0	0	0	0	0	0	0	0	0	0	0	0	0	0	0	0	0	0	0	0	0	0	0	0	0	0	0	0	0	0	0	0	0	0	0	0	0	0	0	0	0	0	0	0	0	0	0	0	0	0	0	0	0	0	0	0	0	0	0	0	0	0	0	0	0	0	0	0	0	0	0	0	0	0	0	0	0	0	0	0	0	0	0	0	0	0	0	0	0	0	0	0	0	0	0	0	0	0	0	0	0	0	0	0	0	0	0	0	0	0	0	0	0	0	0	0	0	0	0	0	0	0	0	0	0	0	0	0	0	0	0	0	0	0	0	0	0	0	0	0	0	0	0	0	50:60,209.175:200,50:80
Cyp4f15-NM_134127	0	0	0	0	0	0	0	0	0	0	0	0	0	0	0	0	0	0	0	0	0	0	0	0	0	0	0	0	0	0	0	0	0	0	0	0	0	0	0	0	0	0	0	0	0	0	0	0	0	0	0	0	0	0	0	0	0	0	0	0.357	0.714	0	0	0	0	0	0	0	0	0	0	0	0	0	0	0	0	0	0	0	0	0	0	0	0	0	0	0	0	0	0	0	0	0	0	0	0	0	0	0	0	0	0	0	0	0	0	0	0	0	0	0	0	0	0	0	0	0	0	0	0	0	0	0	0	0	0	0	0	0	0	0	0	0	0	0	0	0	0	0	0	0	0	0	0	0	0	0	0	0	0	0	0	0	0	0	0	0	0	0	0	0	0	0	0	0	0	0	0	0	0	0	0	0	0	0	0	0	0	0	0	0	0	0	0	0	0	0	0	0	0	0	0	0	0	0	0	0	0	0	0	0	0	0	0	0	0	0	0	0	0	0.179	0.357	0	0	0	0	0	0	0	0	0	0	0	0	0	0	0	0	0	0	0.179	0	0	0	0	0	0	0	0	0.179	0	0	0	0	0	0	0	0	0.179	0	0.357	0.357	0	0	0.357	0	0.179	0.357	0	0	0	0	0	0	0	0	0	0	0	0	0	0	0	0	0	0	0	0	0	0	0	0	0	0	0	0	0	0	0	0	0	0	0	0	0	0	0	0	0	0	0	0	0	0	0	0	0	0	0	0	0	0	0	0	0	0	0	0	0	0	0	0	0	0	0	0	0	0	0	0	0	0	0	0	0	0	0	0	0	50:60,88.455:200,50:80
D430042O09Rik-NM_001081022	0	0	0	0	0	0	0	0	0	0	0	0	0	0.179	0	0	0	0	0.179	0	0	0	0	0	0	0	0.179	0	0	0	0	0	0	0.179	0	0	0	0	0	0.179	0.179	0	0.179	0.179	1.25	1.072	0	0.179	0.536	0	0	8.037	7.858	0.357	0	0	0	0	0	0.179	27.147	0.536	0.179	0.179	0.357	0.179	0	0	0.536	1.429	4.822	4.822	3.572	3.572	2.858	1.786	2.858	2.143	1.25	0.893	0.893	1.786	3.572	0.714	1.072	2.5	1.607	2.858	1.25	1.429	0.893	1.25	2.679	1.072	2.322	1.607	3.215	3.572	0.893	0.893	3.036	7.144	1.786	4.286	3.393	1.25	3.036	2.858	2.858	3.572	1.786	2.679	1.965	2.5	1.965	3.036	1.607	1.072	1.607	0.536	2.322	0.714	0.893	2.5	4.286	2.322	1.429	2.322	4.108	2.679	2.679	5.536	1.965	1.25	1.25	2.322	1.965	2.5	1.965	3.036	0.893	1.786	2.679	1.072	2.143	0.893	1.25	1.072	1.786	0.893	1.25	1.429	1.429	0.893	1.429	1.429	1.072	0.893	0.714	1.429	1.429	2.143	1.786	3.929	1.25	0.893	1.859	1.177	2.679	1.965	1.965	1.072	0.357	0.536	1.25	2.143	4.286	3.572	1.072	1.072	0.714	0.714	0	1.072	1.072	0.714	1.786	2.858	0.893	1.25	1.25	1.965	0.536	0.893	1.786	2.143	1.965	0.893	1.072	0.179	0	0.357	1.25	0.536	2.679	0.357	0.536	1.965	1.072	2.5	2.858	1.072	1.965	0.536	1.072	1.072	1.607	3.929	1.607	1.25	1.25	2.322	3.929	3.036	2.858	3.215	3.036	6.429	2.679	2.322	1.429	4.286	6.965	7.144	2.5	3.036	3.572	1.25	1.429	0.714	2.5	3.036	2.322	3.572	3.036	1.786	1.429	3.215	1.786	1.607	0.893	1.607	2.143	4.465	4.465	2.5	3.929	1.607	4.465	3.929	0.179	1.965	0	0.179	0.357	0.179	0	0	0	1.072	0.179	0	0	0	0	0.179	0	0.179	0.179	0.179	0.179	0	0.357	0.179	0.179	0	0.357	0.536	0	0.357	0	0	0.179	0	0.179	0	0	0	0	0.179	0.179	0.179	0	0	0	0.536	0	0	0.357	0.179	0	0	0	0.179	0	0	0	0	0.179	0	0	0.357	0	0	0	0	0.357	0	0	0	0	0	0	0	0	0	0.179	0.179	0	0.536	50:60,834.63:200,50:80
D5Ertd605e-NR_033625	0	0.357	0	0	0	0	0	0	0	0	0	0	0	0	0	0	0	0	0	0	0	0	0	0	0	0	0	0	0	0	0	0	0.179	0	0	0	0	0	0	0	0	0	0	0	0	0	0	0	0	0	0	0	0	0	0	0	0	0	0	2.858	0.357	0.357	0.424	0.29	0.357	0	0	0	0	0	0	0	0	0	0	0	0	0	0	0	0	0	0	0	0	0	0	0	0	0	0	0	0	0	0	0	0	0	0	0	0	0	0	0	0	0	0	0	0	0	0	0	0	0	0	0	0	0	0	0	0	0	0	0	0	0	0	0	0	0	0	0	0	0	0	0	0	0	0	0	0	0	0	0	0	0	0	0	0	0	0	0	0	0	0	0	0	0	0	0	0	0	0	0	0	0	0	0	0	0	0	0	0	0	0	0	0	0	0	0	0	0	0	0	0	0	0	0	0	0	0	0	0	0	0	0	0	0	0	0	0	0	0	0	0	0	0	0	0	0	0	0	0	0	0	0	0	0	0	0	0	0	0	0	0	0	0	0	0	0	0	0	0	0	0	0	0	0	0	0	0	0	0	0	0	0	0	0	0	0	0	0	0	0	0	0	0	0	0	0	0	0	0	0	0	0	0	0	0	0	0	0	1.25	0.357	0	0	0	0	0	0	0	0	0	0	0	0	0	0	0	0	0	0	0	0	0	0	0	0	0	0	0	0	0	0	0	0	0	0	0	0	0	0	0	0	0	0	0	0	0	0	0	0	0	0	0	0	0	0	0	0	0	0	0	0	0	0	0	0	0	0	50:60,22.125:200,50:80
Dbnl-NM_013810	0.357	0.357	0	0	0	0.179	0.357	0.357	0	0.179	0	0.714	0.179	0.357	0	0	0	0	0.179	0.536	0.179	0.179	0.179	0.714	0.536	2.143	0.536	0	0.357	0.536	0	0	0.179	0	0	0	0.357	0	0	0.179	0.536	0	0	0	0	0	0.357	0.536	0.179	0.714	0	0	0.179	0	1.072	0.357	0	0	0.179	0	16.609	3.572	4.108	3.215	0.714	1.786	0	0	0	1.25	0.536	0	0.357	0.893	0.536	0.714	0.357	0.536	0	0.179	0	0	0.536	0.357	0	0	0	0	0	0	0.179	0.179	0	0	0	0.179	0	0.714	0.179	0.179	0	0.357	0.179	0	0	0	0	0	0	0	0	0	0	0	0	0	0.179	0.179	0	0	0	0	0	0.179	0	0	0.357	0	0	0	0	0.357	0	0	0	0	0	0.357	0	0.179	0	0	0.179	0.179	0	0	0.357	0.179	0	0.179	0.179	0	0	0	0	0.179	0.357	0.179	0	0	0.357	0.536	0	0	0	0.357	0.179	0.179	0	0	0.179	0.536	0	0	0.179	0	0	0.179	0.357	0	0.714	0	0	0	0	0	0	0	0	0.357	0	0	0.536	0.179	0	0.714	0	0.357	0	0	0	0.536	1.072	0.357	0.893	1.072	0	0	0	0.357	0.714	0.8	0.271	0.357	0.179	0.357	0.179	1.25	0.536	0.714	0.179	0.536	0	0	0	0	0.536	0.179	1.072	0.714	1.429	1.072	1.25	0.536	1.563	1.652	0.13	0.941	1.429	1.107	0.5	0.843	1.836	0.893	0.536	1.25	0	0.179	1.607	3.751	5.285	2.038	1.429	1.25	0.893	3.929	5.358	0.893	0	0.536	0.893	1.786	0.179	0.179	0.179	3.036	0.893	0.357	2.143	1.072	7.322	2.5	1.429	1.072	2.679	1.25	7.501	4.822	3.751	5.894	3.572	9.466	1.607	0.893	1.429	1.607	1.607	0.179	1.072	1.965	1.786	9.823	6.072	3.393	4.108	10.001	1.429	10.716	16.967	1.607	1.25	2.322	2.143	5.536	2.5	1.965	1.786	0.893	0.714	2.322	2.858	2.858	3.572	8.751	11.609	1.607	3.751	2.322	3.036	2.679	3.751	2.679	3.929	1.25	1.786	9.823	1.786	1.072	6.787	5.001	5.179	6.965	0.893	0.536	2.858	3.036	1.25	0	0	0	50:60,62.49:200,50:80
Ddx19a-NM_007916	0	0	0	0.179	1.25	0	0	0.179	0	0	0	0	0	0.179	0.179	0	0	0.179	0	0	0	0	0	0	0	0	0	0	0.179	0	0	0.179	0	0	0	0	0	0	0	0	0	0	0	0	0	0	0.893	0	0	0	0	1.072	0	0.357	0.536	0	0	0.357	0	5.715	114.955	10.241	0.714	0.357	0.357	4.286	0.357	0.536	0.536	0	0	0	0	0.536	0.536	0.536	0.179	0.179	0	0	0.536	0.179	0	0	0	0	0.536	0.179	0.893	0.179	0	0.179	0	0	0.536	0.714	0.536	0.357	0.179	0	0	0.179	0.179	0.179	0.179	0	0.536	1.429	0.179	0.536	0.536	0.179	0.179	0.357	0.179	0.357	0.357	0.536	0	0	0	0	0	0.179	0.536	0.357	0	0.536	0.179	0	0	0	0	0	0	1.072	0.179	0.179	0.899	1.244	0.536	0.179	0.179	1.072	1.965	0	0.893	0.357	0.179	0.714	0	0.179	0.179	0.536	0.835	0.415	0.536	1.072	0.536	0.714	0	0	0.357	0	0	0.179	0	0.179	0.179	0.179	0.179	0.893	1.25	1.072	0.179	0.179	0.893	2.5	0	0.357	0	1.429	0.357	0	0	0	0.179	0.179	0.179	0.179	0.179	0.357	0.536	0.357	0.536	0.357	0.536	0.893	0.357	0.536	0.179	0.179	0	0.357	0.179	1.25	0.179	1.072	0.357	0.893	0.357	0.357	1.25	2.322	0	0	0.179	3.036	3.751	3.751	2.679	1.381	1.477	0	0	0	0	0	0	0	0.179	0	0	0	0.357	0.357	0	0	0.893	0	0	0	0.179	0	0	0	0	0	0	0.179	0	0	0	0	1.786	0.536	0.714	2.143	0.536	0.179	0.536	0.714	0.536	0.179	1.429	1.786	1.607	1.072	0.357	0.893	0.179	0.357	1.429	0	0.714	0.357	0.893	1.965	0.714	2.5	1.25	1.25	3.036	0.893	0.179	4.286	1.607	0.179	1.965	0.536	0.357	0	0	0	0	0	0	0.179	0.357	0.357	0.536	0.714	0.893	1.072	0	0	1.072	0.893	0	0.357	0.536	0	1.072	2.322	2.322	0.714	0.179	0	0.357	1.607	1.786	0.893	3.215	5.358	0.179	0	1.965	1.965	1.25	1.607	1.965	2.679	1.965	0.893	1.25	1.072	0	1.25	0	0.179	50:60,114.165:200,50:80
Ddx58-NM_172689	0	0	0	0	0	0	0.179	0.179	0	0	0	0	0	0.179	0.179	0.179	0.179	0	0	0	0	0	0.357	0	0	0	0	0.357	0	0	0	0	0	0	0	0	0	0	0	0	0	0	0	0	0	0	0	0	0.179	0	0	0.357	0	0	0.357	0	0.179	0	0	0.179	4.286	0.357	0.714	1.607	0.714	2.143	0	1.607	0.536	0	0	0	0	0.179	0.179	0	0	0	0	0	0	0.357	0	0	0.536	0.179	0	0	0	1.429	1.607	0.179	0.357	0	0	0	0.179	0.536	0	0	0	0	0	0	0	0	0.179	0	0.179	0	0	0	0	0	0	0	0.179	0	0.179	0	0	0	0.179	0.893	0.357	2.143	2.5	1.429	0.357	6.608	2.858	1.429	1.072	0.357	0.179	0.714	0.179	0.536	0.357	0.179	0	0.179	0.357	0	0	0.179	0.179	0	0	0	0	0.179	0.714	0.536	1.607	0.357	0.893	3.036	2.858	0	0.536	1.429	0.357	0	1.607	1.25	12.145	11.073	0.357	0.357	0.179	0.357	0.179	0.714	1.965	0.714	0.714	0.893	0.536	0.536	0.179	0	0	0.179	0.179	0.179	0.536	0.536	0.179	0	0.893	0.893	0.357	0	0	0	0.179	0	0	0	0	0.179	0.179	0	0.357	0.179	0	0.536	0	0	0	0.179	0	0	0.179	0	0.179	0	0	0	0.179	0	0	0.536	0	0	0.179	0.893	0.357	0.179	0.714	0.893	1.072	0.179	0	0.179	0	0.179	0	0	0	0.179	0.179	0.179	0	0.179	0.357	0.893	0.536	0	0.357	0.893	0.893	0.273	0.441	0.179	0.893	0.893	0.357	0	0.179	0.357	0	0	0.179	0.536	0.357	0.179	0	0.179	0	0.179	0.179	0	0.179	0	0.179	0.357	0.357	0	0.179	0	0	0	0	0.357	0.357	0	0	0	0	0	0.179	0	0	0	0	0	0	0	0	0	0.357	0.179	0	0.179	0	0	0.179	0	0	0	0.179	0	0.179	0	0	0	0	0	0	0	0	0	0	0	0	0	0	0	0	0.179	0	0	0	0	0	0.179	0	0	50:60,180.245:200,50:80
Depdc5-NM_177786	0	0	0	0	0	0	0	0	0	0	0	0	0	0	0	0	0	0	0	0	0	0	0	0	0	0	0	0	0	0	0	0	0	0	0	0	0	0	0	0	0	0	0	0	0	0	0	0	0	0	0	0.357	0.357	0	0	0	0	0	0	2.858	132.697	0.357	0.179	0	0.357	0.536	0.179	0.179	0.179	0	0	0.179	0.536	0.357	0.179	0.179	0	0	0	0.179	0.179	0.679	0.393	1.25	0.179	0.357	1.072	0	1.965	0.893	0.893	0.536	0.536	1.607	1.072	0.714	0.893	1.25	0.179	0.179	1.429	0.357	0.893	0.536	0.893	2.5	3.929	1.607	0.714	3.393	3.215	0.536	2.858	2.858	1.786	0.179	1.965	1.429	0.714	1.25	3.215	1.072	1.965	2.858	4.286	2.143	1.429	1.072	4.643	5.179	6.072	2.679	3.036	1.965	1.429	1.965	2.858	0.714	2.5	2.679	1.25	4.465	3.751	4.108	8.037	4.822	18.038	2.322	4.286	4.108	5.358	3.036	1.607	5.179	3.036	2.858	2.322	5.358	8.037	1.607	2.143	9.644	5.715	9.466	2.322	3.929	4.34	2.625	2.5	1.072	5.34	2.697	3.572	5.001	4.465	5.001	3.393	11.252	0.714	0.893	0.179	0.536	0	0.179	3.572	7.144	3.215	1.965	5.715	2.679	1.072	4.822	5.304	3.625	2.947	2.411	4.465	1.965	2.5	4.643	3.751	5.358	4.286	5.179	2.858	6.072	4.108	2.143	4.822	0.536	0.893	1.786	5.715	0.357	0.536	6.251	0.893	5.894	2.5	5.536	3.215	1.965	0.482	2.197	0.357	2.858	3.751	1.786	1.965	0.714	3.393	3.929	4.108	3.393	2.858	2.858	2.679	2.679	0.179	1.429	2.858	5.715	3.215	10.716	4.822	0.893	2.5	0.893	5.894	7.68	3.036	3.572	7.858	3.215	3.393	0.179	2.5	4.822	0.893	3.393	0.357	0.179	0	0.893	1.429	0.714	0	0	0.357	0.357	0.179	0.179	0	0	0.357	0.179	0	0.357	0.179	0	0.179	0.179	0	0.536	0.536	0.179	0.179	0.357	0	0.357	0.893	0.893	2.143	0.179	0	0	0.357	0.714	0.536	0.179	0.357	0	0	0	0.357	0	0.357	1.786	0.714	0	0.179	0	0.357	0.357	0.179	0.179	0	0.357	0	0	0.179	0.357	0.179	0.357	0.357	0.357	1.786	0.357	0.357	0.357	0	0	0	0.714	0	1.072	1.25	1.429	0.893	0	50:60,462.9:200,50:80
Dgkq-NM_001357029	0	0	0	0	0	0	0	0	0	0	0	0	0	0	0	0	0	0	0	0	0	0	0	0	0	0	0	0	0	0	0	0	0	0	0	0	0	0	0	0	0	0	0.179	0	0	0	0	0	0	0	0.179	0	0.179	0	0	0	0	0	0	0	6.228	26.813	0	0.357	0	0.536	0.179	0	0	0.357	0.357	0	0	0	0	0	0	0	0	0	0	0	0	0.179	0	0	0	0	0	0	0	0.179	0	0	0	0	0	0	0.357	0	0	0	0	0	0	0	0.179	0.179	0	0	0.179	0.179	0	0	0	0	0	0.179	0	0	0	0	0	0	0	0	0	0	0	0	0	0.179	0	0	0.179	0	0	0	0	0	0.179	0	0	0	0	0	0	0.357	0	0	0	0	0	0	0	0	0.357	0	0.179	0	0	0	0	0	0	0.179	0	0.179	0.179	0	0	0.179	0	0	0.357	0	0	0.536	0.357	0.357	0.357	0.357	0.536	0.179	0.357	0.714	0.179	2.143	2.5	0.893	1.072	0	0.357	0.536	0.179	0.714	1.25	0.357	0.887	0.542	0.357	2.638	0.577	0.714	0.357	1.429	1.25	1.072	0.714	0	0.179	0.714	1.786	1.072	0.893	2.858	1.072	1.023	0.763	0.179	1.429	1.072	1.786	2.858	1.607	0.357	0.714	0	0.536	2.322	2.322	0.893	0.357	3.751	0.179	0.357	1.429	0.179	0.714	0.536	0.578	0.851	0.893	0.893	0.536	0.179	3.036	1.429	0.179	1.607	0	0.179	0.536	1.786	0.893	0.357	0.357	1.988	0.87	0.357	0.179	1.072	0.714	0.357	0.179	0.357	0	0	0	1.072	2.5	0.893	0.357	1.25	0.357	0.179	2.143	1.072	1.429	0.179	1.607	1.072	0.179	1.607	2.858	0.893	0.179	0.536	0.714	1.25	0.357	0.179	1.786	0.536	1.25	0	0	0.357	1.25	2.322	2.322	5.179	1.786	1.25	1.25	0.714	0.179	0.893	0.893	1.25	0	0	1.786	1.429	3.751	0	0.357	2.143	0.357	1.072	1.429	0.179	0.357	0.179	1.965	1.429	0.714	0.536	0	0.536	0	0	0	0.714	0.179	0	0.357	0.357	2.5	0.179	50:60,68.935:200,50:80
Dhrs4-NM_001037938	0	0	0	0	0	0	0	0	0	0	0	0	0	0	0	0	0	0	0	0	0	0	0	0	0	0	0	0	0	0	0	0	0	0	0	0	0	0	0	0	0	0	0	0	0	0	0	0	0	0	0	0	0	0	0	0	0	0.179	0	0.357	5.164	3.944	49.471	23.753	0	0	0	0	0	0	0	0.357	0.179	0	0	0	0	0	0	0	0	0	0	0	0	0	0	0	0	0	0	0	0	0	0	0	0	0	0	0	0	0	0	0	0	0	0	0	0	0	0	0.179	0	0	0	0	0	0	0	0	0	0	0	0	0	0	0	0	0	0	0	0	0	0	0	0	0	0	0	0	0	0	0	0	0	0	0	0	0	0	0	0	0	0	0	0	0	0	0	0	0	0	0	0	0	0	0	0	0	0	0	0	0	0	0	0	0	0	0	0	0	0	0	0	0	0	0	0	0.179	0	0.179	0	0	0	0	0	0.179	0	0	0.179	0	0	0	0	0.179	0	0.269	0.088	0	0	0.357	0	0.179	0	0	0	0	0	0.179	0.536	0.357	0	0	0	0	0	0.179	0	0	0	0.179	0	0	0.357	0.179	0	0	0.536	0.357	1.072	0	0	0	0.179	0	0.357	0.536	0.004	0.175	0	0.536	0.714	0.179	0	0	0.536	0.714	0.566	0.148	0.714	0.536	0.179	0	0	0	0	0.536	0.357	0	0.536	0	0	0	0	0	0.179	0.536	0	0	0	0	0	0	0	0	0	0	0	0.179	2.5	0	0	0	0	0	0	0	0.179	0	0	0	0	0	0	0	0	0	0	0	0	0	0	0	0	0	0	0	0.179	0.179	0	0	0	0.179	0	0	0	0.179	0	0	0	0	0	0	0	0	0	0	0	0	0	50:60,57.915:200,50:80
Dmrtb1-NM_019872	0	0	0	0	0	0	0	0	0	0	0	0	0	0	0	0	0	0	0	0	0	0	0	0	0	0	0	0	0	0	0	0	0	0	0	0	0	0	0	0	0	0	0	0	0	0	0	0	0	0	0	0	0	0	0	0	0	0	0	0.536	0.179	0	0	0	0.179	0	0	0	0	0	0	0.179	0	0	0	0	0	0	0	0	0.179	0	0	0	0	0	0	0	0	0	0	0	0	0	0	0	0	0	0	0	0	0	0	0	0	0	0	0	0	0	0	0	0	0	0	0	0	0	0.179	0	0	0	0	0	0	0	0	0	0	0	0	0	0	0	0	0	0	0	0	0	0	0	0	0	0	0.179	0	0	0	0	0	0	0	0.179	0	0	0	0	0	0	0	0	0	0	0	0	0	0	0	0	0	0	0	0	0	0	0	0	0	0	0	0	0	0	0	0	0	0	0	0	0	0	0	0	0	0	0	0	0	0	0	0	0	0	0	0	0	0	0	0	0	0	0	0	0	0	0	0	0	0	0	0	0	0	0	0	0	0	0	0	0	0	0	0	0	0	0	0	0.179	0	0	0	0	0	0	0	0	0	0	0	0	0	0	0.179	0	0	0	0	0	0	0	0	0.179	0	0	0	0	0	0	0	0	0.179	0	0	0.179	0	0	0	0	0	0	0	0	0	0	0	0	0	0	0	0	0	0.179	0.179	0	0	0	0	0	0	0	0	0	0	0	0	0	0	0	0	0	0	0	0	0	0	0	0	0	0	0	0	0	0	0	0	0	0	0	0	0	0	0	0	0	0	0	0	0	0	50:60,39.705:200,50:80
Dpp6-NM_001136060	0	0	0	0	0	0	0	0	0	0	0	0	0	0	0	0	0	0	0	0	0	0	0	0	0.179	0	0	0	0	0	0	0	0	0	0	0.179	0	0	0	0.357	0.179	0	0	0	0	0.179	0	0	0	0	0	0	0	0	0	0	0	0.179	0	0	1.072	0.893	0.357	0.714	0.357	0.357	0.714	0	0.893	1.072	0.536	1.25	0.714	0.179	6.965	0	0	0.536	0.893	1.072	0.179	0.357	0.714	0.357	0.179	0.357	1.429	0.714	0.536	0.893	0.893	0.714	0.357	0.179	1.786	0.893	0.536	1.072	0.714	0.536	0.357	0.179	0	0	0.357	0.893	0.536	0.329	0.743	0	0.357	0.714	0.536	1.25	0.357	0.714	0.357	0.536	0.536	0.536	0.179	0.357	0.893	0.179	0.536	0.714	1.429	0.179	1.25	0.536	0.893	0.357	0.179	0.536	0.357	0	0.536	0.179	0	0.179	0.536	0.893	4.465	0.536	0.536	0.536	0.179	0.714	0.893	0.714	0.179	0.179	0.357	0.357	0.536	0.179	0.179	0.893	0.179	0.179	0	0	0	0	0.179	0.357	0.179	0	0	0.357	0.179	0.536	0	0.536	0.179	0.357	0.179	0.357	0.179	0.179	0.179	0.536	0.179	0.179	0.714	1.429	0.357	0.357	0.714	0	0.357	0.179	0.714	0.714	0.179	0.179	0.536	0.179	0.179	0.714	0	1.072	0	0.179	0.536	0.357	0.179	0.536	0.357	0	0.357	0.357	0	0.536	0.179	0.357	0.536	0	0.179	1.072	0.357	0.536	0.179	0.536	0.357	0	0.893	0.179	0.357	0.893	0.536	0.893	0.179	1.25	0.714	0.357	0.357	0.714	1.25	0.893	0.536	1.25	0.714	0.179	0.179	0	0.536	0.714	0.179	0.179	0.714	1.072	0	1.072	0.179	0.714	0.536	0.179	0.714	1.607	0	0	0	0	0	0	0	0	0	0	0	0	0	0	0	0	0	0	0	0	0	0	0	0	0	0	0	0	0	0	0	0	0	0	0.179	0	0	0	0	0	0	0	0	0	0	0	0	0	0	0	0	0	0	0.179	0	0	0	0	0	0	0	0	0	0	0	0	0	0	0	0	0	0	0	0	0	0	0	0	0	0	50:60,2327.83:200,50:80
Dsc2-NM_001317365	0	0	0	0	0	0	0	0	0	0	0	0	0	0	0	0	0	0	0	0	0	0	0	0	0	0	0	0	0	0	0	0	0	0	0	0	0	0	0	0	0	0	0	0	0	0	0	0	0	0	0	0	0	0	0	0	0	0	0.714	0.357	2.143	1.072	3.929	0.179	0	0	0	0	0	0	0	0	0	0	0	0	0	0.179	0	0	0	0	0	0	0	0	0	0	0	0	0	0	0	0	0	0	0	0	0	0	0	0	0.179	0	0	0	0	0	0	0	0	0	0	0	0.179	0	0	0.179	0	0	0.179	0	0	0	0	0	0	0	0	0	0	0.179	0	0	0	0	0	0	0	0	0	0	0	0	0	0	0	0	0.179	0	0.179	0.357	0.179	0.357	0	0	0	0	0	0.179	0.179	0	0.536	0.179	0	0	0	0	0	0	0	0	0	0	0.179	0	0	0.179	0	0	0.179	0.179	0	0	0.357	0	0.179	0	0	0	0	0.179	0	0	0	0	0	0	0	0	0	0	0	0.179	0	0	0	0.179	0	0.357	0	0	0	0	0.179	0	0	0	0	0	0	0	0	0.179	0	0	0	0	0	0	0	0.164	0.014	0.179	0	0	0	0	0	0	0	0	0	0	0	0	0.179	0.179	0	0	0	0.357	0.179	0.357	0	0	0	0.357	0	0.179	0.536	0.179	0	0.179	0	0	0	0	0	0	0	0	0.179	0	0	0	0	0.357	0.536	0	0.179	0.357	0	0.179	0.179	0	0	0.357	0	0	0.714	0	0	0	0	0	0	0	0.714	0	0.179	0	0	0.179	0	0.179	0	0	0.179	0	0.536	0	0	0.179	0	0.179	0	0	0.536	0.179	0	0	0.179	0.179	0	0	0	0.536	0	0	0	0	0	0.179	0	0	0	0.536	0	0	50:60,144.61:200,50:80
Dsg2-NM_007883	0	0	0	0	0	0	0	0	0	0	0	0	0	0	0	0	0	0	0	0	0	0	0	0	0	0	0	0	0	0	0	0	0	0	0	0	0.179	0	0	0	0	0	0	0	0	0	0	0	0	0	0	0	0.179	0	0.357	0.536	0.179	0.536	0	1.25	4.286	4.381	2.905	0.394	1.25	5.001	0.714	1.429	2.679	0.714	0.357	0.893	1.072	0.179	0.179	0.357	0.179	0	0.357	0	0.536	0.179	0.179	0.179	0.179	0.179	0	0	0	0	0.536	0.179	0.179	0.536	0.714	0.536	0.536	1.607	0.179	0.357	0.179	0.179	0.179	0.536	0	0	0	0.714	0	0	0.536	0.357	0.714	0.179	0.179	0	1.072	0.536	0.536	0	0	0.536	0.179	0.536	0	0.357	0.357	0.357	0.714	0.179	0.357	0.893	0.179	0.714	0.357	1.25	0.714	0.357	0.893	1.429	0	0.714	0.179	0	0	2.5	1.429	0.714	0.536	0.357	0.714	0.893	0.536	0	0.357	0.714	0.536	0.357	2.143	0.536	0.357	1.25	0.536	0.714	0.357	0.714	0.179	2.858	1.25	3.751	1.25	0.357	0.357	1.786	0.179	0.357	0.357	0	0	0	0	0.179	0.536	0.179	0.357	0.179	0.179	1.429	0.179	0.714	1.25	0.179	2.143	6.608	3.036	1.965	0.893	0.893	1.429	0.536	1.965	0.536	2.679	1.25	0.893	0.714	3.215	2.5	1.965	1.072	2.5	0.893	0.536	0.179	0.536	3.215	1.25	0.893	1.786	1.429	0.536	1.965	1.25	1.607	1.786	0.536	2.143	0.179	0	0.357	0.536	4.108	0.714	1.25	3.996	12.971	1.25	0.536	2.143	1.25	2.5	0.357	1.965	2.858	0.357	1.072	2.679	1.429	1.072	2.858	3.751	3.036	5.001	4.465	3.215	7.144	5.394	2.107	1.25	0.714	0.714	1.072	0	0	0	0	0	0	0	1.429	4.108	0.179	0	0.536	0.179	0.536	0.179	0.357	0.357	0.714	2.322	0.893	0	0.179	0	0.536	4.286	0.179	0	0	0	0	0	0.714	0.893	0.179	0.179	0	0.179	0.536	0.179	0	0	0	0.179	0	0	0	0.179	0	0	0	0	0	0.357	0	0	0.357	0	0	0.179	0	0.536	0.893	0.179	0.179	0.179	0	0	0	0.357	0	0	0	0	0	0.893	0	0	0	50:60,232.265:200,50:80
Dusp22-NM_001037955	0	0	0	0	0	0	0	0	0	0	0	0	0	0	0	0	0	0	0	0	0	0	0	0	0	0	0	0	0	0	0	0	0	0	0	0	0	0	0	0	0	0	0	0	0	0	0	0	0	0	0	0	0	0.179	0	0	0	0	0	0	1.941	2.345	0	0	0	0	0	0	0	0	0	0	0.179	0	0	0	0.179	0	0	0	0	0.179	0	0	0.179	0	0	0	0	0	0.179	0	0	0	0.179	0	0	0	0.179	0.179	0	0	0	0.179	0.357	0.536	0	0	0.179	0	0.179	0.179	0	0	0.179	0	0	0.179	0	0.179	0	0.179	0.179	0	0.714	0	0.179	0	0.357	0.179	0.357	0	0	0.179	0	0.179	0.179	0	0	0.357	0.179	0.179	0	0	0	0	0.179	0	0	0.536	0	0	0.357	0	0.357	0.179	0.357	0.536	0.536	0	0	0.179	0.536	0	0.357	0	0.357	0.357	0.714	0	0	0.179	1.429	0	1.25	1.072	0.536	0	0.357	0.536	0.536	0	0.179	0	0.357	0	0	0.357	0	0.357	0.179	0.536	0.536	0	0.357	0.357	0	0.179	0.714	0.357	0.179	0	0.357	0.893	0	0.893	0	1.25	0.714	0.714	0.714	0.714	0	0	0.179	0	0.714	0.179	0.179	0.536	0.536	0.179	0.179	0.357	0.357	0.714	0.179	0.357	0.179	0.893	0	1.072	0.714	0.357	0.714	0.714	0.714	1.786	0.536	1.607	0.357	0.357	0.179	0.179	0.179	0.536	0.893	0	1.506	0.638	0.714	0.536	0.357	0.714	0.536	1.072	0.536	1.607	1.072	0.357	0	0.179	0	0	0.179	0.357	0	0	0.179	0	0	0.536	0	0	0.179	0.179	0.536	0	0	0.179	0.179	0.357	0	0.536	0.536	0.357	0.179	0.357	0.357	0	0.357	0.357	0	0	0.357	0.536	0.179	0	0.179	0.179	0.714	0.893	0.179	0.357	0	0.357	0	0.179	0	0.357	0.714	0.357	0	0	0.179	0	0.893	0.179	0.179	0	0	0	0	0	0	0.357	0	0	0.179	0	0.179	0.179	0.179	0	0	0.179	0.179	0	0.179	0.179	50:60,255.87:200,50:80
Dvl1-NM_010091	0	0	0	0	0	0	0	0	0	0	0	0	0	0	0	0	0	0	0	0	0	0	0.179	0.357	0	0	0.357	0	0.179	0	0.179	0	0.714	0	0	0	0	0	0	0	0.179	0.357	0	0	0.179	0	0	0	0	0.714	0.357	0.357	1.072	0	0.179	0	0	0	0	0	0.179	1.786	0	0	0	0	0.179	0	0	0	0	0	0.357	0.179	0	0	0	0	0	0	0.179	0	0	0	0.179	0.357	0	0.357	0	0	0	0	0	0	0.179	0	0.357	0.179	0	0.357	0.179	0.714	0	0	0	0.179	0.536	0	0	0.179	0.357	0	0.179	0.357	0.179	0	0.179	0.357	0	0	0	0.179	0	0	0.179	0.357	0	0.179	0	0	0.395	0.32	0.179	0	0	0	0.536	0	0	0.179	0.536	0.179	0.357	0	0.179	0.179	0	0.179	0	0.179	0	0.536	0	0.179	0	0	0.536	0.357	0.179	0.179	0.179	0.179	0.714	0	0	0.357	0.357	0.179	0.536	1.429	0.714	0.357	0.357	0.179	0.179	0.714	0.954	0.832	1.25	2.143	0.536	0.357	0.893	0.221	0.85	0	0.357	0.714	0	0.179	0.357	0.95	0.657	1.072	0.179	0	0	0	0	0.179	0.179	0.357	0.179	0	0	0.357	0.179	0.893	0.714	0.179	0.357	0.179	0.179	0.714	0	0	0	0	0	0.179	1.25	1.072	0	0	0.536	0.893	0	0.536	0.536	0.714	0.357	0.357	0.714	0.179	0.179	0	0.536	0	0	0.357	0.179	0	0.714	0.179	0.357	1.047	0.204	1.072	0.536	1.072	0	0.357	0	0	0.357	0.536	0.357	0	0.357	1.786	0.714	1.072	0.714	0.893	0.536	1.25	1.786	0.179	0	0.179	1.25	1.786	1.25	0	0.714	2.5	2.143	0.357	0.357	0.357	0.179	0	0	0.714	0.179	0.179	0	0	0.357	0	0.893	0.893	1.25	0.536	0.179	0.714	0.893	0.179	0.536	0.536	0.357	0.893	1.25	0.357	0.536	1.25	1.25	1.429	0.893	0.179	0.893	2.143	0.357	2.858	1.25	0.357	2.143	0.179	1.429	0.714	0.357	0.179	0.714	0.179	0.536	1.965	0.536	1.607	0.536	1.607	0.179	0	0.179	0.179	0.536	0.357	1.25	0.893	0.357	0	50:60,59.51:200,50:80
Ecsit-NM_001253897	0	0	0	0	0	0	0	0	0	0	0	0	0	0	0	0	0	0	0	0	0.179	0	0	0	0	0	0	0	0	0	0	0	0	0	0	0	0	0	0	0.179	0	0	0	0	0	0.179	0	0	0	0	0	0	0.179	0.179	0.179	0	0	0	0.179	0.179	21.546	30.604	1.965	0	0	1.072	1.429	0	0	0	0	0	0	0	0	0	0	0	0	0	0	0	0	0	0	0	0.179	0.179	0	0	0	0	0	0	0	0	0	0	0	0.179	0	0	0.179	0	0	0	0.179	0	0	0	0	0	0	0	0	0	0	0	0	0.179	0	0.179	0	0	0	0	0	0	0	0	0	0	0.179	0	0	0	0	0	0	0	0	0	0	0	0	0.179	0	0	0	0	0.179	0	0	0	0	0	0.357	0	0	0	0	0.179	0	0	0	0	0.357	0	0	0.179	0.179	0	0	0.179	0.179	0.536	0.084	0.273	0	0	0	0	0	0.179	0	0	0.893	0	0	0	0	0	0	0.179	0	0.714	3.393	0.893	0.179	0.893	0.714	1.25	0	0	0	0	0	0.179	0	0	0	0.536	0.179	0.179	0.179	0	0	0	0	0	0	0	0.179	0.179	0.536	0.914	0.514	0	0	0	0.357	1.072	0.893	0.357	1.072	0.179	0	0	0.179	0	0	0.179	0.893	0.179	0	0.179	0.745	1.756	0.357	0	0.357	0.536	1.429	0.536	0.179	0.179	0	0.357	1.607	1.965	0.893	0	0	0	0	1.072	0.893	1.072	0	3.036	1.072	0	0.536	1.25	1.786	2.679	2.679	0.357	0	0	0.179	0.714	0.179	0	0	0	0.179	0.714	0	0.893	1.429	0.179	0	0	0.714	0	0	0.536	0.179	0.357	0	0	0	0	0	0.179	0	0	0	0	0	0	0	0	0	0	0	0	0	0	0	0	0	0	0	0	0	0	0	0	0	0	0	0	0	0	0	0	0.179	0	50:60,65.91:200,50:80
Edn2-NM_007902	0	0	0	0.179	0	0	0	0.179	0	0	0	0	0	0	0	0	0	0	0	0	0	0.179	0	0	0.179	0	0	0	0	0	0	0	0	0	0	0	0	0	0	0	0	0	0	0	0	0	0	0	0	0	0	0	0	0	0	0	0	0	0	0	0	0	0	0	0	0	0.357	0	0	0	0	0	0	0	0	0	0	0	0	0	0	0	0	0	0	0	0	0	0	0	0	0	0	0	0	0	0	0	0	0	0	0	0	0	0	0	0	0	0	0	0	0	0	0	0	0	0	0	0	0	0	0	0	0	0	0	0	0	0	0	0	0	0	0	0	0	0	0	0	0	0	0	0	0	0	0	0	0.179	0	0	0	0	0	0	0	0	0	0	0	0	0	0	0	0	0	0	0	0	0	0	0	0	0	0	0	0	0	0	0	0	0	0	0	0	0	0	0	0	0	0	0	0	0	0	0	0	0	0	0	0	0	0	0	0	0	0	0	0	0	0	0	0	0	0	0	0	0	0	0	0	0	0	0	0	0	0	0	0	0	0	0	0	0	0	0	0	0	0	0	0	0	0	0	0	0	0	0	0	0	0	0	0	0	0	0	0	0	0	0	0	0	0	0	0	0	0	0	0	0	0	0	0	0	0	0	0	0	0	0	0	0	0	0	0	0	0	0	0	0	0	0	0	0	0	0	0	0	0	0	0	0	0	0	0	0	0	0	0	0	0	0	0	0	0	0	0	0	0	0	0	0	0	0	0	0	0	0	0	0	0	0	0	0	0	0	0	0	0	0	0	50:60,30.775:200,50:80
Eef1akmt1-NM_026526	1.25	5.536	12.145	0.893	1.786	1.965	5.358	1.786	2.143	3.215	0.536	0.357	2.5	0.536	0	0.179	0.893	0.536	0.536	0.714	0.714	1.072	0.357	0.536	0	0	1.786	0.893	0.179	0.536	1.429	0.893	0.357	0.893	0.179	0.536	0.536	0	0.357	0.179	0.179	0	0.714	0.179	0.357	0.357	0.714	0.179	0.714	1.072	1.072	2.143	5.715	2.322	0.893	2.858	1.25	1.072	0	0.179	257	6.787	7.501	1.429	1.25	0.179	0.357	0.714	0.179	0.893	0	0.357	0	0.714	0.179	0.179	0.179	0.357	0	0	2.679	0.179	0.179	0.357	0	0.893	0	0	0	0	0.179	0	0.357	0	0	0	0.179	0.179	0.714	0.179	0	0.179	0.893	0	0.179	0.179	0.357	0	0.357	0	0.536	0.714	0.179	0	0.179	0	0	0.179	0.357	0	0	0.179	0.179	0.179	0	0.179	0	0.357	0	0	0	0	1.965	0.893	0	0.179	1.429	0	0	0.179	0	0.179	0	0	0.357	0.357	0	0	0	0.179	0.357	0.714	0.179	0	0	0.179	0.179	0.179	0.536	0.179	0.357	1.25	0.536	0.672	0.4	0	0	0	0	0	0	0	0	0.536	0.893	0.179	0	0	0	0	2.5	0.536	0.893	0.179	0.179	0.357	0.179	0	0	0.179	0	0.179	0.179	0.357	0.714	0.714	0.536	0	0.357	0.179	0.179	0	0.179	0.357	0.179	0.179	0	0.179	0	0	0	0	0	1.072	1.607	0.357	0	0	0	0	0	0	0	0.714	0.179	0	0.357	0	0	0.179	0.714	0	0.179	0.357	1.072	0.536	0.179	0	0.179	0.179	0.357	0.357	0.893	0	0	2.143	0.179	0	0	0	0.357	0.179	0.179	0.536	0.179	0	0	0.179	2.154	1.597	1.607	1.25	0.893	0	0	0	0.179	0.179	0.179	1.607	1.25	0.536	1.072	0.714	0	0.357	0.179	0.179	1.607	0.357	0.714	0.536	0.179	0.179	0.179	0	0	0	0	0	0	0.179	0	0	0	0.179	0.179	0.179	0.179	0.179	0	0	0	0	0	0	0	0	0.179	0.536	0.357	0	0	0	1.429	3.572	6.429	1.607	0.893	0.179	0.357	0.357	0.179	0	0	0	0	0	0	0.179	0	0	0	0	0	0	0	0	0	0	50:60,109.94:200,50:80
Eml1-NM_001043335	0	0	0	0	0	0	0	0	0	0	0	0	0	0	0	0	0	0	0	0	0	0	0	0	0	0	0	0	0	0	0	0	0	0	0	0	0	0	0.179	0	0	0	0	0	0	0	0	0	0	0	0.179	0	0	0	0	0	0	0	0	0	0.714	0.536	0	0.179	0	0	0	0.179	0	0	0	0	0	0.357	0	0	0.536	0	0	0.179	0	0	0.179	1.072	0.179	0.536	0.357	0.357	0.357	0	0	0.536	0.179	0.357	0.179	0.357	0.179	0.179	0	0	0	0.179	0.179	0.179	0	0.179	0.357	0.357	0.357	0.714	0.179	0.357	0.536	1.072	0.179	0	0.179	0.179	0.179	0.357	0.179	0.179	0.357	0.179	0.536	0.179	0.179	0.179	1.607	0.179	0.536	0.357	0.357	1.607	0.536	0	0.893	0.357	0	0	0.179	0.536	0.179	0	0.536	0	0.714	0.179	0.357	0.536	0	1.072	0	0.357	0.179	0.536	1.25	0.714	0.357	0.536	0.536	0.179	0.357	0.357	0.714	1.072	0.714	0	0.179	0.536	0	0.714	0.893	0.536	0.179	1.429	0.536	0.536	0.357	0.357	0.714	1.072	1.429	0.893	0.536	1.607	0.714	1.25	0.893	1.072	0.179	1.25	0.357	1.072	0.179	1.072	0.536	0.357	1.607	1.429	1.965	0.536	0.357	1.607	0.893	1.607	0	0.714	0.893	2.858	0.714	1.786	0.357	0.714	0.357	1.607	0.357	2.322	1.429	0.893	1.429	0.714	0	1.072	1.072	0.893	0.179	1.072	0.893	0.714	0.179	0	0	0	0	0	0.179	0.357	1.965	0.714	0	2.143	1.072	0.893	0.714	0.357	0.536	0.179	0.714	0.714	0.357	1.072	0.179	0.357	0.893	0.893	1.072	2.322	1.786	3.215	0	0	0.179	0.179	0	0	0.179	0	0	0	0	0	0.536	0	0	0	0	0	0	0.179	0	0.179	0.893	0	0	0	0	0	0	0	0	0	0.179	0.179	0	0.179	0.357	0.179	0	0	0	0	0	0.536	0	0	0.893	0	0.357	0.179	0.357	0	0	0.179	0.179	0	0.179	0	0	0	0	0	0.179	0.179	0	0	0	0	0	0	0	0	0	0.536	0	0.179	0.357	0	0.179	0	50:60,583.745:200,50:80
En2-NM_010134	0	0	0	0	0	0	0	0	0	0	0	0	0	0	0	0	0	0	0	0	0	0	0	0	0	0	0	0	0	0	0	0	0	0	0	0	0	0	0	0	0	0	0	0	0	0	0	0	0	0	0	0	0.179	2.322	2.858	0.714	0	0.536	5.179	1.429	0	0	0	0	0	0	0	0	0.179	0	0	0	0	0	0.357	0.179	0.179	0.179	0	0.179	0	0.179	0.179	0.536	1.072	0.179	0	0	0	0.179	0	0.357	0.179	0	0	0	0	0.179	0.536	0.179	0	0.179	0	0	0	0	0	0	0	0	0	0.179	0	0	0	0	0	0	0	0	0	0	0	0.357	0	0	0	0	0	0	0.179	0	0	0	0	0	0	0.179	0	0	0	0	0.357	0	0	0	0	0	0	0	0	0	0.179	0.179	0	0	0	0	0	0	0	0.179	0	0	0	0	0	0	0	0	0	0	0	0	0	0	0	0	0	0	0	0	0	0	0	0	0	0	0	0	0	0	0	0	0	0	0	0	0	0	0	0	0	0	0	0	0	0	0	0	0	0	0	0	0	0	0.179	0	0	0	0	0	0	0	0	0	0	0	0	0	0.357	0	0	0	0	0	0.179	0	0.179	0	0	0	0	0	0	0	0	0	0	0	0	0	0	0	0	0	0	0	0	0	0	0	0	0	0	0	0	0	0	0	0	0	0	0	0	0	0	0	0	0	0	0	0	0	0.179	0.357	0	0	0	0	0.179	0	0	0	0	0	0.179	0	0	0.179	0.357	0	0	0.357	0	0.179	0	0	0	0	0	0	0	0	0	0	0	0	0.536	0	0	0.357	0.179	0	0.179	0	0	0	0	0	0	0	0	0	0	0	0	0	0	0	50:60,32.48:200,50:80
Engase-NM_172573	0	0	0	0	0	0	0	0	0.357	0.179	0.536	0.179	0	0	0	0.357	0	0	0	0	0	0	0	0	0	0	0	0	0	0	0	0	0	0	0	0	0	0	0	0	0	0	0	0	0	0	0	0	0	0	0.357	0	0	0	0	0	0	0	0	4.643	1.607	4.197	1.875	0	0.357	0.179	0.357	0	0.357	0	0.179	0.179	0.357	0	0.357	0	0	0	0.179	0	0.357	0	0	0	0	0	0.179	0.179	0	0	0	0	0	0	0	0	0	0	0	0	0	0	0	0	0	0	0	0	0.179	0.179	0	0.179	0.179	0	0	0.179	0.357	0	0	0	0	0	0	0	0	0	0	0	0	0	0	0	0	0	0	0.179	0.179	0	0	0	0	0	0.179	0	0	0	0	0	0	0	0	0	0	0	0	0	0	0	0.179	0.179	0	0	0	0	0	0	0	0	0	0	0	0	0	0	0	0	0	0	0	0	0	0	0	0	0	0	0	0.179	0	0	0	0.179	0.357	0	0	0	0	0.357	0	0	0	0	0	0	0	0.357	0.536	0.536	0.179	0	0.179	0	0	0	0	0	0.179	0.357	0	0.179	0	0	0.893	1.072	0.536	0	0.357	0.179	0.179	0.714	1.607	0.179	0	0.179	1.607	0.893	0	0.714	0.714	0	1.496	0.469	0.179	0.179	1.429	0.714	2.143	0.893	0.246	1.719	0.179	1.607	1.429	1.027	0.58	0	0.714	0.179	0	0.536	0.179	0.179	0	0.179	0	0	0.179	0	0.179	1.25	0.357	0	0	0	0.179	0.179	0	0.179	0	0	0	0	0	0	0	0	0	0	0	0	0	0	0	0	0	0	0	0	0.357	0	0	0	0	0	0	0.179	0	0	0	0	0	0	0	0	0	0	0	0	0	0	0	0	0	0	0	0	0.179	0	0	0	0	0	0	0.179	0	0	0.179	0	0	0	50:60,61.875:200,50:80
Enox2-NM_001271447	0	0	0	0	0	0	0	0	0	0	0	0	0	0	0	0	0	0	0	0	0	0	0	0	0	0	0	0	0	0	0	0	0	0	0	0	0	0	0	0	0	0	0	0	0	0	0	0	0	0	0	0	0	0	0	0	0	0.179	0	0.893	36.791	0	0.179	0.357	0	0.357	0	0.357	0.179	0.536	0.357	0.179	0	0	0.179	0.536	0	0.357	0.714	0.536	0	0.357	2.858	0.179	1.072	1.25	1.965	0.364	2.136	0.714	0.893	1.607	1.786	0.536	1.786	1.786	1.607	0.893	0.536	1.429	0.179	1.072	0.179	2.143	1.607	1.072	2.143	1.429	1.25	2.858	1.607	1.607	0.179	1.786	1.786	0.714	0.357	0	0	0	0.179	0	0	0	0.893	1.25	1.429	0.893	2.143	1.429	1.25	0.714	0.536	2.143	1.786	2.143	1.607	0.714	1.965	0.714	1.965	1.25	0.893	0.179	2.858	1.072	1.429	1.429	1.786	1.786	0.179	0.893	1.786	0.536	1.25	0.536	1.607	0.357	0	1.429	1.786	0.179	1.072	0.714	0.714	0	0	0.536	0.357	0.536	1.25	0.893	0.893	0.714	0.893	0.536	1.786	0.714	0.714	1.25	0.536	0.536	1.25	0.893	1.607	1.072	1.429	1.25	2.143	2.679	2.858	0.893	1.25	0.357	0.893	0.714	1.607	1.607	2.143	0.893	1.786	1.429	1.965	1.072	1.072	2.143	1.786	1.786	2.679	0.536	0.893	2.143	0.536	0.714	2.5	0.179	1.607	0.893	1.429	0.893	0.714	0.536	1.965	1.25	1.429	2.143	4.465	2.858	2.679	2.143	1.429	0.179	1.429	1.607	0.893	0.893	0.536	0.714	2.143	1.607	2.5	2.679	1.786	1.072	1.429	0.536	0.893	0	1.786	1.25	2.322	2.322	1.25	0.893	2.322	1.072	1.786	2.143	3.393	2.143	0	0	0.357	0.179	0	0	0	0	0	0	0.179	0	0	0	0	0	0	0	0	0.179	0	0.179	0	0	0	0	0.179	0	0.179	0	0.179	0	0	0	0	0	0	0.179	0	0.179	0.357	0.179	0.536	0.179	0	0	0	0.179	0	0	0.357	0	0.179	0	0	0	0	0.536	0	0	0	0	0	0	0	0.357	0.179	0	0	0	0.179	0	0	0	0	0.536	0.179	0	0	0	50:60,1392.68:200,50:80
Enpep-NM_007934	0	0	0	0	0	0	0	0	0	0	0	0	0	0	0	0	0	0	0	0	0	0	0	0	0	0	0	0	0	0	0	0	0	0	0	0	0	0	0	0	0	0	0	0	0	0	0	0	0	0	0	0	0	0	0	0	0	0	0	0	1.072	0	0	0.179	0	0	0	0	0	0	0	0	0	0	0	0	0	0	0	0	0	0	0	0	0	0	0	0	0	0	0	0	0	0	0.179	0.179	0.179	0	0	0	0	0	0	0.179	0	0	0	0	0	0.179	0	0	0	0.179	0	0	0	0	0	0.179	0	0	0	0	0	0	0	0	0	0	0	0.179	0	0	0.179	0	0	0	0	0	0.179	0	0	0	0.179	0	0	0.179	0	0	0	0	0	0.179	0	0.179	0	0	0	0	0	0	0	0	0	0.179	0	0	0.179	0	0.357	0.536	0	0	0.179	0.179	0	0	0.179	0.357	0.179	0.179	0.536	0	0.179	0	0.179	0.179	0.357	0.536	0	0.357	0	0	0.179	0	0.179	0	0.179	0.179	0.179	0	0.357	0.357	0.179	0.179	0	0.179	0	0	0.179	0.357	0	0	0	0.357	0.179	0.179	0.179	0	0.179	0.357	0	0.179	0.179	0	0.179	0.357	0.179	0	0.714	0.357	0	0	0	0.179	0.179	0	0.536	0.536	0.179	0	0	0.714	0	0.179	0.179	0.179	0	0.179	0	0.179	0	0	0.536	0	0.357	0.179	0.179	0	0	0	0.179	0	0	0.179	0	0	0	0	0.179	0.179	0	0	0.179	0	0.179	0.179	0	0	0.179	0.179	0	0	0	0	0	0	0.179	0	0	0.179	0	0	0	0	0	0	0	0.179	0.357	0.357	0	0	0	0	0	0	0	0	0	0	0	0	0	0	0	0	0	0	0	0	0	0	0	0	0	0	0	0	0	0	0	0	0	0	0.357	0	0	0	50:60,317.865:200,50:80
Ercc2-NM_001363981	0.536	0	0.179	0.357	0.357	0.357	0	0.179	0.536	0.179	0.179	0	0.536	0.179	0	0	0	0	0	0	0.357	0.179	0	0	0.357	0	0	0	0	0	0	0	0	0	0.357	0	0	0	0	0.179	0.179	0	0	0	0	0	0	0	0	0.179	0	0	0	0	0	0	0	0	0	0.357	30.54	9.644	0	0.536	0.179	0	0	0.179	0.179	0.357	0	0.179	0.179	0	0	0	0	0	0	0.179	0	0	0	0	0	0.179	0	0	0	0	0	0	0	0.179	0	0	0	0	0	0	0.179	0	0	0	0.179	0	0.179	0	0	0	0	0	0	0	0	0	0	0	0.179	0.714	0.357	0	0	0	0	0	0	0	0.179	0.357	0	0	0.179	0.179	0.357	0.536	0.536	0.357	0	0	1.429	0.536	0.714	1.072	0	0	0.357	0.357	0.179	0.357	0.179	0.536	1.607	0	0.357	0.357	0.179	0	0.357	0	0	0.179	0	0	0.527	1.438	0.179	0.179	0.536	0.179	0	0	0	0.893	0.893	0.536	0.536	0.893	0	0.536	1.786	1.786	0.357	0	0	0	0.357	0.357	0	0.179	0.893	1.429	1.607	0	0.179	0.179	0	0	0.357	0.536	0.357	0.179	0.536	0.357	0.357	0	0	0	0	1.607	1.25	1.607	3.156	1.131	0.893	0.536	0.536	0	0	0.179	1.072	0.357	0.536	0.714	0.357	0	0.536	0.714	0.179	0.589	0.839	0	0.714	1.25	0	1.072	0.357	0.179	0.536	0.536	0.357	0.536	0.179	0.714	2.5	4.286	0.714	0.714	2.143	5.358	3.215	3.215	4.465	3.511	1.668	4.286	5.358	0.893	1.429	8.573	3.215	0.357	0.536	1.25	1.429	1.25	14.288	12.68	2.143	2.5	1.072	1.25	0	0.536	0	0	1.429	1.786	0	1.429	0.714	0.179	0	0	0	0.357	0.179	0	0.179	0	0.179	0	0.179	0	0	0	0.179	0	0	0	0.357	0.179	0.179	0	0	0	0	0	0	0	0	0	0	0	0	0	0	0	0	0	0	0	0	0	0	0	0	0	0	0	0	0	0	0	0	0	0	0	0.357	0	50:60,68.39:200,50:80
Etv1-NM_001163154	0.893	0	0.714	0	0	0.179	0.536	7.322	3.751	0.357	0	0.179	0.179	0.179	1.072	0	0	0.179	0.179	0	0	0	0	0	0.357	0.179	0	0	0	0	0	0	0	0.179	0	0	0	0	0	0.179	0	0	0	0	0	0	0	0	0	0.179	0	0	0	0	0	0.179	0	0	0.357	0	0.179	0.179	0	0	0.179	0.179	0	0	0.179	0.179	0.179	0	0.179	0.179	0	0	0	0	0.179	0.357	0	0.357	0.179	0	0	0.179	0	0.179	0	0	0.714	0	0.357	0.357	0.179	0.357	0.357	0.179	0	0.179	0	0	0	0.714	0	0.179	0.179	0.179	0.714	0.357	0.357	0.179	0.179	0.179	0.357	2.143	2.143	0.179	0.357	0.536	0.536	0.179	0.357	0.714	0.179	0.536	0.536	1.25	1.429	0.893	0	0.536	0.714	0.536	0.893	0.714	0.179	0.357	0.179	0	1.072	0.536	1.072	0	1.072	0.179	0.893	0.536	1.072	0.179	0.893	0.536	1.072	1.25	2.143	1.072	0.357	0.714	0.179	0.714	0.357	0.179	0.357	0.179	0.893	0.536	0.179	0.357	0.179	0.714	0	0.179	0	1.25	1.072	1.607	1.607	0.714	0.536	3.393	4.108	0.893	0.893	0.536	1.607	1.072	0.893	1.072	1.25	1.786	0.893	1.072	0.357	2.679	0.536	0.536	1.072	0.357	1.072	1.786	0.179	2.858	1.072	2.5	1.072	0.714	0.714	1.375	0.768	1.072	1.072	0.179	1.072	0.893	0	1.072	1.607	0.714	0.179	0.714	0.893	1.786	0.893	1.786	0.893	0.893	1.25	1.072	3.572	3.572	3.393	1.786	3.215	1.429	2.143	2.143	3.751	1.786	2.322	0.893	3.929	4.465	1.25	1.965	2.322	1.786	1.965	0.357	0.714	2.322	2.5	0.357	0.357	1.965	0	0	0	1.072	2.5	4.643	0	0	0	0	0	0	0	0.179	0	0.357	0.357	0.179	0.179	0	0.536	0	0.179	0.179	0.357	0	0	0	0	0	0.179	0.179	0.357	0	0	0	0.536	0.357	1.25	0.536	0.179	0.179	0.536	0.536	0	0.179	0.179	0	0	0	0.357	0.179	0	0	0.179	0	0.714	0.179	0.357	0.357	0.714	0	0	0	0	0	0.893	0	0.179	0.357	0.893	0	0.179	0.179	0	0	0	0.357	0	0.179	0.179	0	0	0	0.714	0.536	50:60,422.525:200,50:80
F7-NM_010172	0.357	0.179	0	0	0.179	0	0	0.179	0.179	0	0.357	0	0.179	0	0	0	0	0.179	0	0.179	0.357	0.179	0.179	0.179	0	0.536	0	0.536	0.179	0.357	0	0	0.714	0	0.179	0	0	0	0.179	0.357	0	0	0.357	0	0.179	0.714	0.714	0.357	0	0.536	0	0	0.179	0.179	0.179	0.714	0.179	0	0	0.179	0.179	0.179	0.179	0	0.179	0.179	0	0	0	0	0	0.179	0.714	0.179	0.357	0	0	0.179	0	0.357	0	0.357	0	0	0	0	0.179	0.179	0	0	0	0.357	0	0.043	0.314	0	0	0.179	0.179	0	0	0	0	0	0	0	0	0.179	0	0.179	0.714	0.179	0	0	0	0.179	0.179	0	0.357	0	0.179	0.179	0	0	0	0.179	0	0	0	0.179	0	0	0	0	0	0	0	0	0.179	0	0.179	0	0	0.357	0.357	0.357	0	0	0	0	0	0	0	0	0	0.179	0.179	0	0	0	0.357	0	0	0	0	0.179	0	0	0	0	0	0	0	0	0	0.179	0.179	0	0	0.179	0	0	0	0	0	0.179	0.179	0.179	0	0	0.179	0.179	0	0	0.179	0	0	0	0	0	0	0	0	0	0	0	0.179	0	0.357	0.179	0.179	0.179	0	0	0	0	0	0	0	0	0	0	0	0	0	0	0.179	0	0	0	0	0	0	0	0	0	0	0	0	0	0	0	0	0	0	0.171	0.007	0.179	0.179	0	0	0	0	0.179	0.179	0	0	0.179	0	0	0	0	0	0	0	0	0	0	0	0	0	0	0	0	0	0	0	0	0	0	0	0	0	0	0	0	0	0	0	0	0	0	0	0	0	0	0	0	0	0	0	0	0	0	0	0	0	0.179	0	0	0	0	0	0	0	0	0	0	0	0	0	0	0	0	0	0	0	0	0	0	0	0	0	0	0	0	0	0	0	0	50:60,48.86:200,50:80
Fam170b-NM_001164485	0	0	0	0	0	0	0	0	0	0	0	0	0	0	0	0	0	0	0	0	0	0	0	0	0	0	0	0	0	0	0	0	0	0	0	0	0	0	0	0	0	0	0	0	0	0	0	0	0	0	0	0	0	0	0	0	0	0	0	0	0	0	0	0	0	0	0	0	0	0	0	0	0	0	0	0	0	0	0	0	0	0	0	0	0	0	0	0	0	0	0	0	0	0	0	0	0	0	0	0	0	0	0	0	0	0	0	0	0	0	0	0	0	0	0	0	0	0	0	0	0	0	0	0	0	0	0	0	0	0	0	0	0	0	0	0	0	0	0	0	0	0	0	0	0	0	0	0	0	0	0	0	0	0	0	0	0	0	0	0	0	0	0	0	0	0	0	0	0	0	0	0	0	0	0	0	0	0	0	0	0	0	0	0	0	0	0	0	0	0	0	0	0	0	0	0	0	0	0	0	0	0	0	0	0	0	0	0	0	0	0	0	0	0	0	0	0	0	0	0	0	0	0	0	0	0	0	0	0	0	0	0	0	0	0	0	0	0	0	0	0	0	0	0	0	0	0	0	0	0	0	0	0	0	0	0	0	0	0	0	0	0	0	0	0	0	0	0	0	0	0	0	0	0	0	0	0	0	0	0	0	0	0	0	0	0	0	0	0	0	0	0	0	0	0	0	0	0	0	0	0	0	0	0	0	0	0	0	0	0	0	0	0	0	0	0	0	0	0	0	0	0	0	0	0	0	0	0	0	0	0	0	0	0	0	0	0	0	0	0	50:60,14.135:200,50:80
Fam178b-NM_201365	0	0	0	0	0	0	0	0	0	0	0	0	0	0	0	0	0	0	0	0	0	0	0	0	0	0	0	0	0	0.179	0	0	0	0	0	0	0	0	0	2.143	0	0.179	0	0	0	0	0	0	0	0	0	0	0	0	0	0.179	0	0	0	0	20.717	4.286	0.179	0.357	0	0.357	0	0	0.357	0.179	0.179	0.179	0.179	0.714	0	0.357	0	0.179	0.357	0	0.357	1.072	0.357	0.179	0.893	0.714	0	0.179	1.072	0.893	0.357	0.714	0	0.179	0.357	0	0.357	0.179	0.893	0.357	0.536	1.25	1.429	1.25	1.429	1.072	0.179	0.357	0.357	0	0	0	0.893	0	0	0.714	1.25	0.714	0.179	0.893	1.965	2.322	0.714	0.179	1.965	4.286	3.393	3.036	1.429	3.036	2.322	1.072	1.965	3.215	1.786	4.465	6.787	4.286	4.643	1.786	5.001	1.786	1.786	0	1.965	2.018	1.911	2.322	1.607	0.893	3.215	0.357	1.607	1.25	0.893	1.25	0	0.714	1.607	1.25	1.786	0.893	1.786	1.25	0.536	0	1.607	2.5	0.179	1.072	1.965	0	1.786	1.965	0.714	1.965	2.143	0.893	0.536	3.036	1.25	1.786	1.607	3.393	1.116	6.206	6.429	2.5	1.072	1.786	0.893	1.429	1.429	1.25	1.25	1.965	0.536	1.072	1.965	0.893	0.179	0.536	2.322	1.965	1.25	0.589	0.304	0.714	1.965	0.893	1.429	0	0	0.536	1.072	1.607	1.25	0.714	0.714	1.072	0.357	1.607	1.072	1.25	0.714	1.072	1.607	1.25	0.357	0.536	1.429	2.322	1.072	0.536	0	1.25	0.357	0.714	0.893	0	0.893	0.536	0.536	2.322	2.322	0.893	0.357	1.786	2.858	0.714	1.607	2.679	1.25	1.25	0.536	0.536	1.965	1.429	0	0.714	0	0.179	0.536	0	0.357	0.179	0.714	0.179	1.072	0	0	0	0	0	0.357	0.357	0	0	0	0	0	0	0.179	0.357	0.357	0	0	0.179	0	0	0	0	0	0	0	0	0	0.179	0	0	0	0	0.179	0.179	0	0	0	0.714	0.357	0.357	0	1.072	0	0	0.179	0.536	0.179	0.179	0.179	0.179	0	0	0	0	0	0	0	0	0	0	0	0.357	0.179	0.357	1.607	0	0	0.179	0	0.357	50:60,416.05:200,50:80
Fam187b-NM_175240	0	0	0	0.179	0.893	0.179	0.179	0	0	0	0	0	0	0	0	0	0	0	0	0	0	0	0	0	0	0	0	0	0	0	0	0	0	0	0	0	0	0	0	0	0.179	0.179	0	0	0	0	0	0	0	0	0.179	0	0	0	0	0	0	0	0	0	0	0	0	0	0	0	0	0	0	0	0	0	0	0	0	0	0	0	0	0	0	0.179	0	0	0	0	0	0	0.179	0	0	0	0.179	0	0	0	0	0	0	0	0	0	0	0	0	0	0	0	0	0.179	0	0	0	0	0	0	0	0	0	0	0.179	0.179	0	0.179	0	0	0	0	0	0	0	0	0	0	0	0	0	0	0	0	0	0	0	0	0	0	0	0	0	0	0	0.179	0	0	0	0	0.179	0	0	0	0.179	0	0	0	0.179	0	0	0	0	0	0	0	0	0	0	0	0.179	0	0	0	0	0	0	0	0	0	0	0	0	0	0	0	0	0	0.357	0.179	0	0	0	0	0.179	0	0	0	0	0	0	0	0.357	0	0	0	0.357	0	0	0	0	0	0	0.357	0	0.179	0	0	0	0	0	0	0.179	0.179	0.357	0	0	0	0	0	0	0	0	0	0	0	0	0	0	0	0	0	0	0	0	0.179	0	0	0	0	0	0.179	0	0	0	0	0	0	0	0	0	0	0	0	0	0	0	0	0	0	0	0	0	0	0.357	0.179	0	0.357	0.179	0.179	0	0	0	0	0	0	0	0.179	0	0.179	0.357	0	0	0	0	0	0	0	0	0.357	0	0	0	0.179	0	0.179	0	0.179	0.179	0	0	0	0	0	0	0	0	0	0	0	0	0	0	0	0	0.179	0	0	0	0	0	0.179	0	0	50:60,63.415:200,50:80
Fam192a-NM_001363456	0	0	0	0	0	0	0	0	0	0	0	0	0	0	0	0	0	0	0	0	0	0	0	0	0	0	0	0	0	0	0	0.179	0	0	0	0.179	0	0.714	0.357	0	1.786	0.536	0	0.179	0	0	0	0	0	0	0	0	0	0	0	0	0	0	1.786	29.29	351.834	6.151	7.065	1.25	0.893	0.893	1.786	1.607	0.536	0.893	0.179	0.179	0	0	0.179	0	0	0.179	0	0.179	0	0	0.179	0.179	0	0	0.179	0.536	0.536	0	0.714	0.179	0	0.357	0	0.357	1.429	0	0	0	0	0.179	0	0.179	0.714	0.179	0.179	0.471	0.421	0	0	0.179	0	0.357	0.179	0.179	0.893	1.429	0.179	1.25	1.072	0.536	0.357	0.179	0	0.357	0.536	0.893	0.536	0	0	0.179	1.072	0.536	0.357	0.179	0.536	0.893	0.714	0.714	0.536	0.179	0.179	0.357	0	0.714	0.536	0.357	0.893	0	0.357	0.714	0.714	1.965	0.179	0.536	0.536	0	0.179	0.179	0.357	0.179	0.714	1.25	0	0	0.357	0.893	1.072	0	0.179	0.893	1.965	0.357	1.25	1.072	0.536	2.322	1.786	1.965	0.536	0.357	1.072	1.607	0.536	1.429	0.536	0.536	2.679	0.536	0.536	0	0.536	0.536	1.072	1.072	0.714	0.893	0.714	0.357	0.893	0.714	0.357	0.536	1.607	2.679	1.25	1.25	0.714	1.965	0.893	2.679	1.429	0	0.893	0.536	0.179	1.072	0.536	0.357	0.179	0.179	1.25	0.357	0.536	0.179	0.357	0	0.536	2.143	1.786	0.357	0	0.179	1.072	2.679	1.359	1.856	3.215	1.072	1.25	1.25	2.5	1.786	4.465	2.143	3.215	1.072	0.714	0.179	1.25	1.072	0.893	0.714	0	0.536	0.179	0.357	1.798	2.845	0.357	0.893	1.072	0.536	0.357	0.536	1.607	4.822	1.25	1.25	1.607	0.357	0.357	0.714	1.786	3.393	3.929	1.429	1.25	1.429	0.357	0.714	0.893	0.536	1.429	2.322	0	1.072	0.536	1.25	1.072	2.5	2.322	1.429	3.572	3.393	1.965	0.714	2.5	1.965	1.25	3.929	0	0	0	0.179	1.965	0.536	0.357	1.25	0	1.25	2.679	0.893	4.108	1.607	1.072	1.786	1.786	0.179	0.179	0.357	1.25	2.858	3.036	0	0	0.714	0	0	0	0	0	0.714	1.607	1.429	1.786	0.179	3.572	1.607	50:60,133.93:200,50:80
Fam220a-NM_133703	0	0	0	0	0	0	0	0	0	0	0	0	0	0	0	0	0	0	0	0	0	0	0	0	0	0	0	0	0	0	0	0	0	0	0	0	0	0.179	0	0.179	0	0	0	0	0	0	0	0	0	0	0	0	0	0.179	0	0	0	0	0	0.179	0.714	1.072	0	0	0	0	0	0	0.179	0	0	0	0	0	0	0	0	0	0.179	0	0.179	0	0	0	0	0	0	0	0	0	0	0	0	0	0	0	0	0	0	0	0	0	0	0.179	0	0	0	0	0	0	0	0.179	0	0	0	0	0	0	0	0	0	0	0	0	0	0	0	0	0	0	0	0	0	0	0	0	0	0	0	0	0	0	0	0	0	0	0.179	0	0.179	0.357	0	0.714	0	0	0	0	0	0	0.179	0.357	0.179	0.536	0.179	0	0.536	0.536	0	0.179	0.179	0	0	0	0.179	0	0.179	0	0	0.179	0	0	0	0	0.179	0	0.357	0.179	0.179	0	0	0	0.179	0	0	0	0	0	0	0	0	0.179	0	0	0	0	0	0	0	0	0	0.179	0	0	0	0	0.179	0.357	0	0	0.357	0	0.357	0.536	0	0.179	0	0	0.179	0.357	0.357	0	0.357	0.179	0.179	0	0	0.357	0.536	0	0	0	0	0	0	0	0	0	0.179	0	0	0	0.179	0	0	0.357	0	0	0	0	0	0.179	0.714	0	0	0	0	0.536	0.536	0.179	0.714	0	0.714	0.357	0.357	0.357	0.179	0	0.536	0	0.179	2.679	0.179	0.179	0	0	0.357	1.607	0.893	1.072	0.179	0.536	3.572	0.536	0.536	0.179	0.179	0.179	0	0	0.179	0	0	0.179	1.072	1.072	1.072	0.179	0	0	0.357	0	0	0	0	0	0	0.179	0	0.357	0.536	0.357	0.893	0.179	1.429	0.179	0	0.179	0.714	0.714	0.179	0	0	0.179	0.893	0	0	0.357	0	0	0	0.714	50:60,79.06:200,50:80
Fance-NM_001163820	0	0	0.179	0	0	0	0.179	0	0	0	0	0.357	0.179	0.179	0	0	0	0	0	0.179	0.179	0.357	0	0.179	0	0	0	0.179	0.179	0	0	0	0	0	0	0	0.179	0	0	0.179	0.179	0.179	0	0	0.179	0	0.179	0	0	0	0	0	0	0	0.179	0	0	0	0.179	1.25	14.288	4.465	0.357	0	0.179	0	0.357	0.714	0	0	0.357	0	0	0	0	0	0	0	0	0	0	0	0	0	0	0.179	0	0	0	0	0.179	0	0	0	0	0.179	0	0	0	0	0	0	0	0	0	0	0.179	0	0	0	0	0	0	0.536	0.179	0.179	0.179	0.179	0.357	0.179	0	0	0.893	2.143	0	0	0.357	0.357	1.786	0.179	0.179	0	0.357	0	0	0	0	0.357	0.179	0	0	0	0	0	0.357	0.179	0	0.179	0.893	0.179	0.179	0	0	0	0	0.357	0	0.188	0.348	0.179	0	0	0	0	0	0	0	0	0	0.179	0.357	0.179	0	0	0	0	0	0.179	0.536	0.179	0.357	0.357	0.179	0.179	0.357	0	0	0.357	0	0.536	0.357	0	0	0	0	0.179	0.179	0.196	1.232	0	0.179	0.179	0.357	0.357	1.25	0	0	0	0.357	0.357	0.71	0.362	0.179	0	0	0	0	0	0.357	0.536	0.536	0.893	0.357	0.536	0	0	0	0	0.179	0	0	0	0	0	0.179	0	0	0.536	0.357	1.429	0.536	0	0.714	0.893	0	0.893	0.714	0.714	1.072	0.893	2.143	0.536	1.072	0	0.893	0.536	0.179	3.215	4.822	1.607	0	0	1.25	0.893	2.322	0.893	1.25	2.143	1.25	2.322	1.607	1.072	2.322	0.536	0.714	0.714	5.358	2.679	1.429	2.143	1.25	1.429	1.25	0.536	0.893	0	0	0.179	0.357	0	0.179	0.536	1.429	1.25	0.536	0.357	0	0	2.679	1.25	6.429	4.286	5.536	1.072	0.179	0	4.465	6.787	0	0.536	1.607	1.072	0.179	1.25	0.714	1.429	0	0	0.357	2.679	1.072	0.357	1.072	0.179	1.607	2.858	3.929	2.5	0.893	4.822	1.429	1.965	1.072	4.108	10.894	3.215	5.179	0	4.643	0	50:60,65.225:200,50:80
Fastkd5-NM_001146084	1.072	0.357	0	0	0	0.893	0	0.357	0	0	0.179	0.179	0.179	0	0	0.179	0	0.179	0	0.357	0.536	0.357	0	0	0	0	0	0	0	0.179	0	0.179	0	0	0.536	0	0	0	0.179	0.179	0	0.357	0	0	0	0	0	0	0	0	0	0	0	0	0	0	0.179	0	0	129.661	134.444	10.397	1.786	5.101	2.222	3.036	0.714	0.179	0.357	0.536	0	0	0.357	0.536	0.536	0	0	0.357	0	0.893	0	0.179	0.357	0.357	0	0	0.179	1.965	1.072	0.357	0	0.179	0.179	0.357	0.179	0.179	0.179	0	0.179	0.357	0.357	0	0	0.893	0.179	0	0.536	0	0	0.357	0.714	0.357	0.179	0	0	0.179	0.893	0	0	0	1.072	0	0	0	0	0	0	0	0.179	0	0	0.179	0	0	0	0	0	0.714	0.536	0.714	0	0.179	0	0	0	0	0.357	0.536	0.512	0.56	0	0.357	0	0.179	0	0.536	0	0	0.128	0.229	0	0	0	0	0.179	0	0	0	0	0	0	0.357	0.893	0	0.179	0.357	0.714	0	0.179	0.357	1.25	0.536	0	0	0	1.965	0	0.357	0.714	1.607	0.536	0.714	0.179	2.143	1.786	0.714	0	0	0	1.607	0.536	0.357	3.215	0.536	0	0	0	0	0	0	0	0.357	0.179	1.25	0	0.357	1.25	0.179	0.179	0.179	0.357	0.357	0.357	0	2.058	2.049	0.893	0.179	0.179	0.357	1.607	0.179	0.357	1.429	2.143	1.072	0.357	2.5	5.536	1.25	0.536	1.786	2.322	1.072	5.894	5.536	3.751	4.286	0.536	1.965	6.608	3.751	1.25	2.731	2.627	3.215	6.608	2.143	2.003	3.712	0.714	1.786	0.893	0.536	1.25	0.357	0.179	0	1.786	0.357	1.25	0.179	2.679	2.858	1.072	2.322	1.25	1.25	0.536	0.714	1.25	0.536	0.893	0.357	0.714	0.179	1.607	0.357	0.357	0.714	5.536	2.679	0.357	0	0	0.714	0	0.536	0	0.179	1.965	0	0.179	0.357	1.072	2.322	0	0.357	0	0.357	0.179	0.714	0	0	0.536	1.072	0.714	0.893	0.893	0.893	0.714	0.536	0	0	0	0.536	0.179	0.179	1.965	1.786	0.179	0.714	0.179	0.357	0.179	0.714	0.179	0.893	0.179	0	50:60,80.785:200,50:80
Fbxo9-NM_001081490	0	0	0	0	0	0	0	0	0	0	0	0	0	0	0	0	0	0	0	0	0	0	0	0	0	0	0	0	0	0	0	0	0	0	0	0	0	0	0	0	0	0	0	0	0	0	0.536	0	0	0	0	0	0	0	0	0	0	0	0	0.714	76.26	0.179	0	3.572	0.179	0	0	0	0	0	0	0	0	0	0	0	0	0	0	0	0	0.179	0	0	0	0.357	0.179	0	0	0	0	0.179	0	0	0.536	0	0.179	0	0	0	0	0	0.357	0	0	0	0	0.179	0	0	0	0	0	0	0.179	0	0	0	0	0	0	0.179	0	0	0	0	0	0	0	0	0	0	0	0	0	0	0.179	0.179	0	0.179	0	0	0	0	0.179	0.357	0.357	0	0.179	0	0	0	0	0	0.179	0.893	0	0.357	0	0.179	0.179	0	0	0.536	0	0	0.179	0	0	0	0	0	0.357	0	0.357	0	0	0	0.536	0	0.179	0	0	0.179	0.179	0	0.536	0.179	0	0	0	0	0.367	4.098	0.357	0	0	0	0.536	0.893	1.607	0.357	0.179	0.357	0	0.536	0	0.179	0.536	1.25	0.179	0	0.357	0.179	1.072	0.357	0.179	0.714	0.179	0.357	0.357	0	0.179	0	0.536	0.179	0.357	0.893	0.179	0	0.536	1.965	0.714	0.893	0.893	0.357	0.357	0.536	0.179	0	0.357	0	0.179	0.893	0	0.714	0.357	0	0	0	0.179	0	0	0	0.536	0.536	1.072	1.072	0.893	0.714	0.179	0.179	0	0.357	0.357	0.357	0.179	0	0	0	1.786	0.536	0.893	0.357	0	0	0	0	0.536	0.357	0	0.179	0.536	0.357	1.072	0.714	0.536	0.893	0	0.357	0.179	0	0	0	0	0	0.714	0.179	0.536	0	0.179	0	0	0	0	0.357	0	0	0.357	0	0.179	0.179	0.179	0.179	0	0.893	0.357	0	0	0.357	0.179	0	0.714	0.357	0	0	0	0.536	0	0	0	0.179	0	0	0	0.179	0	0	0	0	50:60,137.835:200,50:80
Fbxw2-NM_001164770	0	0	0	0	0	0	0	0	0	0	0	0	0	0	0	0	0	0	0	0	0.179	0	0	0	0	0	0	0	0	0	0	0	0	0	0	0	0	0	0.179	0.179	0	0	0	0	0	0	0	0.179	0.357	2.5	2.5	0.357	0	1.072	1.607	0	0	0	0.179	0.179	269.923	12.08	5.908	0.879	0.714	0.893	0.179	0.714	0	0.536	0	0.357	1.072	0.179	0.429	0.822	0.357	0.714	0.179	0.536	0	0.179	0.179	0.714	0.179	0.179	0	0	0	0.893	0.357	0.714	0.714	0.179	0.536	0	0	0	0	0	0	0.357	0.536	0.536	0.179	0	0.179	0.357	1.25	1.072	0.179	0	0.357	0.357	0.179	0.179	0.357	0.179	0.357	0.179	0.357	0.714	0.179	0.186	1.6	0.179	0	0	0	0.179	0.714	0.536	0	0	0.179	0.536	0.357	0.536	0.357	1.75	0.214	0.179	0	0.357	1.965	1.607	0.179	0.536	1.429	0	0.357	0.714	0.893	0	0	0.714	1.25	0.536	0.714	0.179	0.179	1.072	1.786	0.179	0.536	0.179	0	0	0.179	1.429	0.714	0	1.429	0.893	1.429	0.714	0.179	1.25	1.014	0.95	1.886	2.222	1.072	1.072	1.429	3.458	3.865	1.429	1.25	1.607	2.322	1.786	1.429	2.679	4.108	0.893	0.179	2.679	8.937	10.173	3.036	0.714	2.143	1.786	0.714	2.143	4.286	7.68	4.465	5.536	2.858	3.215	0.893	0.893	0.714	0	0.714	1.072	0.179	1.25	1.429	0.536	0.536	0.179	2.465	1.6	2.365	0.8	2.236	0.536	0.714	0.714	1.25	0.471	1.672	0.357	0	0.357	1.865	0.814	0	0.714	1.607	0	0	1.607	0.95	1.014	0.893	2.858	1.25	1.25	0.536	2.322	0.714	0.714	1.607	2.5	0.536	1.429	0.357	0	0	0	0.357	0.714	0.714	0.714	1.072	0	0.179	0.179	0.893	0.357	0	0	0	0.179	0	0	0	0.714	0.357	0.179	1.072	2.143	0	0	0	0	0	0	0	0	0	0	0	0.179	0	0	0.179	1.25	2.322	2.322	11.252	16.788	1.965	0	0	0	0	0	0.179	0	0.893	0.179	0.179	0	0	0	0	0	0	0	0	0.536	0.714	0	0	0	0	0	0	0.179	0.536	0	0	0.179	0.179	0.179	50:60,109.36:200,50:80
Fcrl1-NM_001136236	0	0	0	0	0	0	0	0	0	0	0	0	0	0	0	0	0	0	0	0	0	0	0	0	0	0	0	0	0	0	0	0	0	0	0	0	0	0	0	0	0	0	0	0	0	0	0	0	0	0	0	0	0	0	0	0	0	0	0	0	0	0	0.357	0	0	0	0	0.179	0	0.357	0.179	0	0.179	1.786	0.357	0	0	0	0	0.536	1.072	0.714	0	0	0	0	0	0	0	0	0	0	0	0	0	0	0	0	0.179	0	0	0	0	0	0	0	0	0	0	0	0	0	0	0	0	0	0	0	0	0	0	0	0	0	0	0	0	0	0	0	0	0	0	0	0	0	0	0	0	0	0	0	0	0	0	0	0	0	0	0	0	0	0	0	0	0	0	0	0	0	0	0	0	0	0	0	0	0	0	0	0	0	0	0	0	0	0	0	0	0	0	0	0	0	0	0	0	0	0	0	0	0	0	0	0	0	0	0	0	0	0	0	0.179	0	0	0	0	0	0	0	0	0	0	0	0	0	0	0	0	0	0	0	0	0	0	0	0	0	0	0.357	0	0	0	0	0	0	0	0	0	0	0	0	0	0	0	0	0	0	0	0	0	0	0	0	0	0	0	0	0	0	0	0	0	0	0	0	0	0	0	0	0	0	0	0	0	0	0	0	0	0	0	0	0	0	0	0	0	0	0	0	0	0	0	0	0	0	0	0	0	0	0	0	0	0	0	0	0	0	0	0	0	0	0	0	0	0	0	0	0	0	0	0	0	0	0	0	0	0	0	0	0	0	0	0	0	0	0	0	0	0	50:60,78.735:200,50:80
Fgf17-NM_008004	0	0	0	0	0	0	0	0	0.179	0	0	0	0.357	0	0	0	0	0	0	0.536	0.536	0	0	0.357	0	0	0	0	0	0.179	0	0	0	0	0.179	0	0.357	0.179	0.536	0	0.357	0.179	0.357	0.179	0.179	0	0.536	0	0	0.179	0	0	0	0	0	0	0	0	0.179	0.357	0	0	0.536	0.893	1.607	0	0	0	0	0.357	0	0.179	0.357	0	0	0	0	0	0	0	0.357	0	0	0	0	0	0	0	0	0	0	0	0	0	0	0	0	0	0	0	0	0	0	0	0	0	0	0	0	0	0	0	0	0	0	0	0	0	0	0	0	0	0	0.357	0	0	0	0.179	0	0.179	0	0	0	0	0	0.179	0	0	0.179	0	0	0	0	0	0	0	0	0	0	0	0	0	0	0	0	0	0	0	0	0	0	0	0	0	0	0	0	0	0	0	0	0	0	0	0	0	0	0	0	0	0	0	0	0	0	0	0	0	0	0.357	0	0	0	0	0	0	0	0	0	0	0	0	0	0	0	0	0	0	0	0	0	0.893	1.25	0	0	0	0	0	0	0.179	0.179	0.179	0	0	0	0.179	0	0.179	0	0	0	0	0	0.179	0.179	0	0	0.357	0.179	0.179	0.179	0.179	0	0.179	0.357	0.536	0.357	0	0	0.179	0	0	0	0	0.179	0	0	0	0	0	0	0	0	0	0.179	0	1.429	1.965	0.179	0	0.714	0.357	0.536	0	1.429	0.357	0	0.179	0	1.072	1.25	0	1.965	1.25	1.25	0.357	0.536	0.536	0.357	0.536	0.179	1.25	1.25	0	0	0	0	0.179	0	0.179	0	0	0	0	0	0	0	0	0	0.179	0	0	0	0.714	0	0	0.179	0	0.179	0	0	0	0	0	0	0.179	0	0	0	0	0	0	0	0	0	0	0	0	0.179	0	50:60,30.33:200,50:80
Fn1-NM_001276411	0	0.179	0	0	0	0	0	0	0	0	0	0	0	0	0	0	0	0	0	0	0	0	0	0.536	0.357	1.607	0.357	0.179	0	0	0	0.179	0.179	0.536	0	1.25	1.25	0.357	0	0.357	0	0.357	0	0.893	0.536	0.179	0.536	1.072	0	0.357	0.893	0	0	0	0	0	0	0.179	0	0.536	174.488	46.971	2.143	3.751	3.215	3.751	11.966	45.185	3.036	1.786	1.25	6.787	1.965	4.465	9.108	3.572	2.5	1.965	1.786	1.786	3.393	31.094	3.733	1.429	2.143	1.072	2.5	1.965	5.715	4.286	1.429	1.607	3.572	1.607	2.5	3.393	1.607	0.714	1.786	1.072	1.965	1.786	2.858	3.572	3.036	1.965	2.679	1.965	2.5	1.25	1.429	1.607	1.965	0.714	2.5	6.787	3.633	1.547	3.036	2.322	1.965	1.965	2.143	3.036	3.036	6.965	3.751	1.786	2.5	2.322	6.072	4.108	6.965	8.037	8.215	7.68	4.286	10.716	6.608	12.323	10.359	6.608	28.795	28.72	29.077	33.424	20.36	18.931	32.683	23.932	10.894	16.609	13.632	17.622	14.109	13.573	9.644	4.286	17.86	9.287	5.536	2.968	4.431	5.281	13.395	3.393	2.322	6.787	1.607	6.84	13.325	6.088	6.965	7.858	3.215	2.679	4.465	8.751	9.287	2.322	8.753	8.392	7.322	9.823	7.858	7.144	4.977	6.095	2.322	10.716	5.715	13.216	6.787	3.929	2.322	1.965	2.143	6.251	12.145	4.822	4.643	3.215	3.036	13.395	1.607	9.287	15.002	8.751	3.393	4.286	11.005	1.497	15.181	9.823	13.038	10.537	17.86	9.644	8.394	3.572	4.822	6.965	8.215	10.18	8.394	2.858	17.386	19.254	11.937	13.395	5.894	3.215	10.537	8.037	0.893	2.679	3.393	6.965	3.036	3.393	4.465	6.862	8.676	11.794	14.968	15.029	8.573	12.502	7.858	12.859	7.501	13.752	15.002	5.894	16.074	23.753	11.609	3.036	7.322	9.823	2.858	2.5	3.572	4.643	3.929	3.215	3.572	5.358	3.929	5.715	1.072	2.322	3.215	2.322	4.465	1.786	2.679	0.357	0.714	0.536	1.786	0.893	4.822	4.822	6.787	1.429	1.25	2.143	4.822	6.251	1.25	0	0	0	1.072	5.536	0.536	5.715	0.714	0.357	0.179	0.536	0.536	0	0.536	0	0.536	0.179	0.179	0.179	0.714	0.714	0.179	0.536	0.179	0.357	0	0	0	0	0.179	0.893	0.179	1.072	0.179	0	0	0	0.536	1.072	0	0	0.179	0	0.179	0	0.179	0.714	0	0	50:60,338.81:200,50:80
Frmd4a-NM_001177843	0	0	0	0	0.357	0	0	0	0	0	0	0	0	0	0	0.179	0	0	0	0	0	0	0	0	0	0	0	0	0	0	0	0	0	0	0	0	0	0	0	0	0	0	0	0.179	0	0	0	0.357	0	0	0	0	0	0.179	0	0.357	0.357	5.179	0.179	0.357	15.181	3.751	2.5	0.714	0.357	1.429	1.607	3.393	3.036	5.179	3.929	5.358	3.036	4.601	2.722	2.322	3.751	5.001	5.358	6.251	0	0.179	3.036	2.143	1.072	3.215	2.5	5.894	1.25	1.072	0.893	2.679	1.429	1.072	2.5	1.965	2.322	2.143	3.393	2.5	3.751	0.893	3.929	3.036	1.965	1.965	4.465	2.679	3.215	1.965	3.036	2.858	2.5	2.858	2.143	2.5	2.5	1.607	2.858	2.858	1.072	3.393	3.036	2.143	0.893	2.143	1.25	2.143	2.94	2.24	3.572	5.001	3.215	3.572	0.893	3.393	3.572	6.251	3.215	3.572	4.643	2.5	4.286	2.5	3.393	5.358	3.572	1.965	4.108	4.108	3.929	1.786	3.393	3.393	6.072	3.393	3.929	4.286	2.322	3.393	2.858	3.215	5.715	5.179	4.643	3.4	5.887	1.965	3.393	3.393	0.714	2.858	2.322	1.607	4.465	7.322	3.393	3.393	5.001	3.572	5.179	5.715	3.393	4.465	4.465	1.607	2.322	3.036	3.929	6.287	2.822	3.572	3.036	5.536	6.965	3.036	8.394	2.322	9.466	6.965	2.143	5.894	5.894	5.179	6.304	6.912	4.822	5.715	8.751	9.644	2.858	5.536	3.572	3.215	4.822	6.608	5.179	1.25	5.358	4.643	1.786	1.965	3.647	6.176	6.965	3.572	4.286	3.572	5.715	7.68	2.858	4.822	3.393	6.608	5.715	4.465	3.751	5.001	4.643	3.393	10.537	7.68	8.93	11.073	21.432	15.895	11.252	10.894	12.145	8.215	3.215	11.252	7.68	7.858	5.001	9.108	10.894	10.894	18.574	26.968	0.179	0.179	0	0	0	0.536	0.179	0	0	0	0	0	0	1.429	1.25	1.25	0.536	1.25	0.179	0	0	0	1.965	0.893	0.357	0	1.072	1.072	0	0.179	0.179	0.357	0	0	0.179	0.357	0.179	0.536	1.072	0.179	0.357	0.357	0	0.179	0	0	0.536	0.536	0.179	0.179	0.179	0.357	1.25	0.357	0	0.179	0.179	0.179	0.179	0.893	0.357	0.536	0.179	0.179	0	0.179	0	0	0	0	0	0	0	0	0	0	0	0	0.179	0.536	50:60,1065.34:200,50:80
Ftl1-NM_010240	0	0.357	0.714	0.536	0.179	0.179	0.179	0.536	0.357	0.714	0.357	0.536	1.965	0	0.179	0	0.357	1.25	0	1.965	0.893	1.072	1.25	1.072	0.179	0.536	0.357	0	7.144	14.466	23.753	9.108	6.965	18.395	2.5	0.536	2.679	4.286	26.789	90.548	13.573	11.787	16.788	1.25	0.536	0.893	0.536	0.536	0.357	0.536	2.679	2.5	0.536	0.714	0.357	0.893	0.357	0.893	0.357	0.536	0.179	0.434	0.663	2.985	1.275	0	0	0	0	0	0	0	0	0	0	0	0	0	0.179	3.447	0.482	0	0	0	0	0	0	0	0	0	0	0	0	0	0.362	0.889	0.714	0.357	0.357	0	0	0.714	0.893	1.222	5.953	22.533	12.571	18.615	9.855	8.012	12.535	35.275	25.462	6.561	5.054	5.84	1.786	5.431	1.779	5.828	2.61	0.663	1.548	2.465	5.331	2.418	0.68	0.357	0	0	0	0	0	0	0	0	0	0	0	0.036	2.286	1.786	1.25	1.607	2.599	2.665	4.962	6.67	6.938	7.064	4.892	4.892	3.433	2.65	3.051	2.157	0.893	0.357	1.607	0.357	1.072	2.322	1.965	0	0.357	0.179	1.073	0.395	0.139	0	0.179	0.922	0.507	0	0	0.536	0.536	0	0.179	2.5	0.893	1.113	1.03	0	0.893	0	0	0	0	0	0	0	0	0	0	0	0.179	2.324	1.029	1.47	0.893	3.572	0.222	0.492	0.656	0.237	0.197	0.338	0.631	1.869	1.072	0.357	1.072	0.357	0.893	0.536	1.072	0.714	1.73	3.807	3.634	5.832	0.73	0.698	0.179	0	0	0	0	0	0	0	0	0	0	0	0	0	0	0	0	0.023	0.155	0	0.179	0	0	0	0	0	0	0	0	0	0	0	0	0	0.944	0.663	13.752	12.323	27.861	11.43	5.536	10.359	23.575	9.644	12.502	2.322	2.322	3.393	3.036	4.644	4.286	3.929	5.179	1.429	0.536	0.179	1.25	1.607	0.893	1.786	0.893	0.714	0	0.179	0	0.357	6.429	1.607	2.322	0.179	0.179	0	0.536	0.179	0.357	0.179	0.357	0.893	0.357	0	0	0	0.179	1.429	0.893	0.179	0.357	0.893	0.893	0.357	0	0	0.179	0	0	0	0.179	0	0.179	0	0.357	0	0	0	0	0	0	0.179	0.179	0.357	0	0	0	0	0	0.179	50:60,9.715:200,50:80
Ftx-NR_028380	0	0	0	0	0	0	0	0	0	0	0	0	0.179	0	0	0	0	0	0	0	0	0	0	0	0	0.179	0	0	0	0	0	0	0	0	0	0.179	0	0	0	0	0	0.536	0.179	0	0	0	0.179	0	0	0.179	0	0	0.179	0	0	0.357	0.357	0.714	0.179	0.179	8.93	1.429	3.929	0.536	15.091	40.452	2.5	7.144	0.536	0.536	0	0.179	0.179	0.179	0.179	0	0.179	0.179	0.179	0.357	0.357	0.536	0.714	13.573	3.751	171.809	2.456	8.26	6.429	0.714	0.893	1.072	0.714	0.893	1.027	1.831	0.714	0.179	0.179	1.072	0	0	1.25	1.429	1.786	0.982	2.054	1.429	0.714	0.714	0.893	1.25	2.143	0	0.179	1.429	0.714	0.536	1.607	1.607	0.357	0.357	0.536	4.465	0.179	0.179	0.893	1.607	0.357	4.822	0	1.786	2.143	1.072	3.215	3.929	1.607	0.357	0.714	1.25	2.5	2.143	1.072	0.357	0	1.607	1.965	0.357	2.679	0	2.143	0	0.714	0.536	0.536	0.893	2.322	1.786	0.536	1.786	1.25	1.072	1.786	1.25	1.607	1.25	1.072	1.25	1.965	0.536	0	0.536	2.858	1.429	1.429	3.751	1.429	1.786	7.501	3.215	5.715	0.268	4.197	1.072	2.858	3.215	3.17	2.724	1.965	9.108	4.643	1.607	0.357	2.322	2.5	1.786	1.25	1.607	5.447	1.697	1.786	3.215	3.572	2.322	11.118	3.527	0.714	1.072	0.357	0.536	1.786	1.965	1.563	3.974	2.143	1.25	4.108	1.965	4.242	4.51	3.929	3.572	1.786	4.286	1.965	3.929	4.286	0.357	1.965	1.786	1.607	1.429	2.5	2.858	4.42	1.831	1.072	0.804	2.768	1.072	3.572	1.607	3.751	2.143	3.929	3.036	3.527	7.188	4.643	3.393	14.109	11.252	11.609	16.967	21.03	12.189	6.965	9.287	1.786	2.322	1.25	0.357	0.893	1.429	3.751	0.536	0	0	0	0.179	0.357	0.357	0.179	0.357	0	0.357	0.179	0.536	0.357	0.179	0.357	1.25	0.357	1.429	0.893	1.786	6.072	3.929	0.536	0.179	0	0.893	0.714	0	0.179	0.714	3.036	2.322	0.536	0.536	0.179	1.072	0	0.357	1.072	2.143	1.25	1.429	1.072	0.536	1.072	0.357	0.179	0.357	0	0.536	0.179	0.893	0.179	1.429	1.429	1.25	0	0.179	0	0	0	0	0.714	0.536	2.143	0.714	0.357	0.536	0.179	0	0.357	0	0	0.536	50:60,271.25:200,50:80
Fxyd5-NM_001287217	0	0	0	0	0	0	0	0	0	0	0	0	0	0	0	0	0	0	0	0	0	0	0	0	0	0	0.179	0	0	0	0	0	0	0	0	0	0	0	0	0	0	0	0	0	0	0	0	0	0	0	0	0	0	0	0	0	0	0	0	0	0	0	0	0	0.893	0.357	0	0	0	0	0	0	0.179	0	0.179	0	0	0	0	0	0	0	0	0	0	0	0.179	0	0	0	0.179	0	0	0	0	0	0	0	0	0	0	0	0	0	0	0	0	0	0	0	0	0	0	0	0	0	0	0	0	0.179	0	0	0	0	0	0	0	0	0	0	0	0	0	0	0	0	0	0	0	0	0	0	0	0	0	0	0	0	0	0	0	0	0	0	0	0	0	0	0	0	0	0	0	0	0	0	0	0	0	12.975	8.457	2.322	0.893	0.179	0	0	0	0	0	0	0	0	0	0	0	0	0.179	0	0	0	0	0	0	0	0	0	0	0	0	0	0.179	0	0.179	0.179	0	0	0	0	0	0	0	0	0	0	0	0	0	0	0	0	0	0	0	0	0	0	0	0	0	0	0	0	0	0.179	0	0.357	0	0	0	0	0	0	0	0	0.179	0	0	0	0	0.179	0	0	0	0	0	0	0	0	0	0	0.179	0	0	0	0	0	0	0	0	0	0	0.179	0	0	0	0	0	0	0	0	0	0	0.179	0	0.179	0	0	0	0	0	0	0	0	0	0	0	0	0	0	0	0	0	0	0	0	0	0.179	0	0	0	0	0	0	0	0	0	0	0	0	0	0	0	0	0	0	0	0	0	0	0.179	0	0	0.179	0	0.179	0.357	0.179	0	0.357	1.786	50:60,48.045:200,50:80
Gas8-NM_018855	0	0	0	0	0	0	0	0	0	0	0	0	0	0	0	0	0.179	0	0	0	0	0	0	0	0	0	0	0	0	0	0	0	0	0	0	0	0	0	0.179	0.179	0	0.179	0	0	0	0	0	0	0	0	0	0	0	0	0	0.179	0.179	0	0	0.536	30.126	46.013	3.693	0.536	0.179	0	0	0	0	0	0	0	0	0	0	0	0.179	0.179	0	0	0	0	0	0	0	0	0	0	0	0	0	0	0	0	0	0	0	0.179	0	0	0	0	0	0	0	0	0	0	0	0	0	0	0	0	0	0	0	0	0	0	0	0.536	0	0	0	0	0	0.179	0	0	0	0.179	0	0	0	0.179	0	0	0	0	0.179	0.179	0	0	0	0.179	0.357	0	0	0	0	0	0.179	0	0.179	0.357	0.357	0.179	0.179	0.536	0	0.357	0.357	0.179	0	0.714	0.357	0.536	0.536	0	0.536	0	0.714	0	0	0.179	0	0.179	0	0	0	1.25	0.536	0.357	0	0.179	0	0	0.179	0	0	0.179	0.179	0	0.536	1.072	0.357	0.357	0.714	0.357	0.714	0.357	0.357	0.893	0.357	0.179	0.179	0.536	0	0.714	0	0	0.357	0	0	0.179	0.179	0.357	0.179	0.179	0.179	0	0	0	0.214	0.321	0.714	0	0	0	0	0.179	0.893	0	0.179	1.072	0.179	0	0	0.179	0	0.179	0	0.179	0	0.179	0.179	0	0.179	0.179	0	0	0.714	0	1.429	0.357	0.357	0.179	0.357	0.714	1.25	0.357	0	0.179	0.357	0.714	2.5	1.25	2.143	0.179	0.357	1.25	0.357	0	0	0	0	0	0	0	0	0	0.179	0	0	0	0	0	0	0	0	0	0	0	0	0	0	0	0	0	0	0	0	0	0	0	0	0	0	0	0	0	0	0	0	0	0	0	0	0	0	0	0	0	0	0	0	0	0	0	0	0	0	0	0	0	0	0	0	0	50:60,89.08:200,50:80
Gbp7-NM_001083312	0	0	0	0	0	0	0	0	0	0	0	0	0	0	0	0	0	0	0.179	0	0	0	0	0	0	0	0	0	0	0	0	0	0	0	0	0	0	0	0	0	0	0	0	0	0	0	0	0	0	0	0	0	0	0	0	0	0	0	0	0	0.714	0	0	0	0	0	0	0	0	0	0	0	0	0	0	0	0	0	0	0	0	0	0	0	0	0	0	0	0	0	0	0	0	0	0	0	0	0	0	0	0	0	0	0	0	0	0	0	0	0	0	0	0	0	0	0	0	0	0	0	0	0	0	0	0	0	0	0	0	0	0	0	0	0	0	0	0	0	0	0	0	0	0	0	0	0	0	0	0	0	0	0	0	0	0	0	0	0	0	0	0	0	0	0	0	0	0	0	0	0	0	0	0	0	0	0	0	0	0	0	0	0	0	0	0	0	0	0	0	0	0	0	0	0	0	0	0	0	0	0	0	0	0	0	0	0	0	0	0	0	0	0	0	0	0	0	0	0	0	0	0	0	0	0	0	0	0	0	0	0	0	0	0	0	0	0.179	0	0	0.536	0.536	0	0	0	0.179	0	0	0	0	0	0	0	0	0	0.179	0	0	0	0	0	0	0	0	0	0	0	0	0	0	0	0	0	0	0	0	0.179	0	0	0	0	0	0	0	0	0	0	0	0	0	0	0	0	0	0	0	0	0	0	0	0	0	0	0	0	0	0	0	0	0	0	0	0	0	0	0	0	0	0	0	0	0	0	0	0	0	0	0	0	0	0	0	0	0	0	0	0	0	0	0	0	0	50:60,99.08:200,50:80
Gdpd4-NM_177696	0	0	0.179	0.179	0.179	0.357	0	0	0.357	0.179	0	0.179	0.179	0	0	0	0.536	0	0	0	0	0.179	0.357	0.179	0.179	0	0	0	0.179	0.179	0	0.179	0.179	0	0	0	0	0.179	0	0	0	0.179	0	0.179	0.357	0.179	0	0	0.179	0	0	0	0	0	0	0	0	0	0	0.357	2.5	0.179	0	0	0	0.357	0	0.179	0.179	0.179	0.357	0.179	0	0	0	0	0	0	0	0	0	0	0	0	0	0	0	0	0	0	0	0	0	0	0.179	0.179	0	0.179	0	0	0	0	0	0	0	0	0	0	0	0	0	0	0	0	0	0	0	0	0	0	0	0.179	0	0	0	0	0	0.179	0	0	0	0	0	0	0	0	0	0	0	0	0	1.072	0	0	0	0	0	0.179	0	0	0	0	0	0	0	0	0	0	0	0	0	0	0	0	0	0	0	0	0	0	0	0	0	0	0	0	0.179	0	0.179	0	0	0	0	0	0	0	0	0	0	0.179	0	0	0	0	0	0	0	0	0	0	0	0	0	0	0	0	0	0	0	0	0	0	0	0	0.179	0	0	0	0	0	0	0	0	0	0	0	0	0	0	0	0	0	0	0	0	0	0	0	0	0	0	0	0	0	0	0	0	0	0	0	0	0	0	0	0	0	0	0	0	0	0	0	0	0	0	0	0	0	0	0	0	0	0	0	0	0	0	0	0	0	0	0	0	0	0	0	0	0	0	0	0	0	0	0	0	0	0	0	0	0	0	0	0	0	0	0	0	0	0	0	0	0	0	0	0	0	0	0	0	0	0	0	0	0	0	0	0	0	0	0	0	0	0	0	0	0	0	0	0	0	50:60,648.53:200,50:80
Gfm2-NM_177266	0.536	0	0	0	0	0.714	0.536	0	0	0.179	0	1.25	0	0	0	0.714	0	0	0	0	0	0	0	1.607	0	0	0.179	0	0	0	0.714	0	0	0	0.357	0.179	0	0.536	0	0.536	0.357	0.893	0.714	0.893	0.893	1.429	0	0.536	0.179	1.429	0.714	0.357	2.679	0	0.357	0.179	0	0	0.179	0.714	667.592	11.252	2.143	0	1.072	0	0	0.179	0.357	0.357	0.179	0.357	0	0	0.357	0.179	0	0	0.179	0.179	0	0	0	0.714	0	0	0	0.179	0.714	0	0	0.179	0	0.357	0.179	0	0	0	0	0	0.179	0	0	0.179	0	0.536	0	0.536	0.714	0	0	0	0.179	0.179	0	0.179	0.357	0.536	0.357	0.179	0.536	0	0.357	0.179	0.674	1.469	0.357	0.179	0.357	0.179	0.714	0	0.367	0.347	0.179	0.179	0	1.25	0.179	1.786	1.607	1.072	1.965	0.893	1.514	0.63	0.714	1.786	0.179	0	0.357	1.072	0.357	1.607	0.893	1.429	0.536	0.536	0.714	1.072	0.357	1.786	0	1.607	1.607	0.357	0.357	0.536	1.25	0.893	1.786	2.5	3.215	0	0.893	0.714	1.429	1.607	1.072	1.072	0.357	0.893	3.036	0.179	0.357	0	0	0.357	1.429	1.072	0.714	1.25	0	0	0.179	0.357	0.179	0.536	2.143	1.25	1.25	0.357	1.072	0.179	1.429	1.607	0	2.679	0	1.429	0.179	3.393	0.357	0.536	0.893	0	0	3.929	0.357	0.357	0.357	0.893	0.179	0	0	0	0	0	1.86	3.498	1.786	0.357	0.893	0.179	1.607	1.429	0.893	1.786	0.714	2.5	3.393	3.751	0.714	1.965	1.786	1.429	1.607	3.393	2.322	5.358	2.322	1.965	1.117	2.812	0.714	3.036	5.001	3.036	6.429	1.786	0.536	1.786	3.929	0	0.714	1.965	1.429	3.572	1.786	0.179	0.179	0.536	0	2.143	1.25	0.179	0.536	0	0.179	0.179	0	0	1.25	1.072	0.714	0.893	2.858	3.393	0.179	0	0.536	0.714	0.179	1.429	0.357	1.072	0.357	0.536	0.357	0.357	0.536	0	0	0	0.893	1.072	0.714	0.714	0.536	0.179	0.714	2.143	2.5	2.143	0.893	0.893	0.179	0.893	0	0.536	0.357	1.607	2.5	1.607	1.786	0.714	0.714	1.072	0.179	0.179	0.536	0.179	0.357	0	0.714	2.322	1.429	1.429	0.893	2.679	50:60,192.535:200,50:80
Gfod2-NM_001368388	0.179	0	0	0	0	0	0	0	0	0	0	0	0	0	0.179	0.179	0	0	0	0	0	0	0	0	0	0	0	0	0	0	0	0	0	0	0	0	0	0	0	0	0	0	0	0	0	0	0.179	0.179	0	0	0	0	0	0.714	0	0	0	0	0	1.786	8.215	1.25	0.357	0.357	0	0	0.179	0.179	0	0.179	0	0	0	0.179	0	0	0	0	0	0	0	0	0.179	0	0	0	0	0	0	0.179	0	0	0	0	0.179	0	0	0.357	0.357	0.179	0.179	0	0	0	0.179	0	0	0	0	0	0	0	0	0.357	0	0.357	0	0	0.357	0	0	0.179	0	0.179	0.357	0.357	0	0.536	0.179	0	0.179	0.536	0.357	0.357	0.357	0.179	0.179	0	0	0.357	0	0.893	0.357	0.357	0	0	0.179	0.179	0.357	0.893	0	0.714	0.179	0.179	0	0	0	0.536	0	0.179	0	0.357	0	0	0	0	0	0.179	0	0.714	0.179	0	0.714	0.357	0	0	0	0	0.357	0.357	0.357	1.072	0.714	0	0.536	0	0	0.179	1.25	0.179	0.714	0.536	0	0.179	0.893	0.357	0.536	0.922	0.15	0.357	0.714	0.179	1.429	0.179	0.893	0	0.536	6.608	1.429	0.893	0.179	0.893	1.072	0.536	0.179	1.072	0.536	0.357	0.536	0.536	1.429	0	0	0	0.179	0.179	0.893	1.607	1.965	1.25	1.25	0.893	1.072	1.786	1.607	0.95	1.193	0.893	0	0.536	1.072	2.322	0.714	0.179	0.536	2.322	3.751	8.215	7.322	6.787	16.984	2.661	0.714	5.358	6.608	6.429	0.357	4.465	1.786	2.679	0	0	0	0.357	0.893	0.179	0.536	0.179	0.357	1.072	0.179	0.357	0.893	0.893	1.072	0	0.357	0	0.357	0.714	0.179	0.893	0.893	0.536	0.714	0.536	0.893	0.179	0.357	0.714	0.179	0.179	0.357	0.179	0.179	1.25	1.429	0.893	0.893	0.179	0.179	0	0	0	0.357	0.893	0.714	0.179	0.357	0.179	0.357	0	0.179	0.179	0	0.357	0.179	0.357	0	0	0	0	0.179	0	0	0.179	0	0	0	0	0	0.179	0.357	0.536	0	0.179	0	0.179	0	0	50:60,222.82:200,50:80
Ggt7-NM_001362900	0	0	0.536	0	0	0	0	0	0.179	0	0	0	0	0	0	0	0	0	0	0	0	0	0	0	0	0	0	0	0	0	0	0	0	0	0	0	0	0	0	0	0	0	0	0	0	0	0	0	0	0	0	0	0	0	0.179	0	0	0	0	0	3.036	0	0	0	0	0	0.179	0	0	0	0	0	0	0	0	0	0.179	0	0	0	0	0	0	0	0	0	0	0	0	0	0	0	0	0	0	0	0	0	0	0	0	0	0	0	0	0	0	0	0	0	0	0	0	0	0	0	0	0	0.179	0	0	0	0	0	0	0	0.179	0.179	0	0	0.536	0	0	0.179	0.536	0	0	0	0	0	0	0	0	0	0.179	0	0	0	0	0	0	0	0	0	0.179	0	0	0	0.179	0	0.179	0	0.179	0.179	0	0	0	0.179	0	0	0	0	0	0	0.179	0	0	0	0	0	0	0	0	0.179	0.335	0.022	0	0	0	0	0.179	0	0.179	0.179	0.179	0.357	0	0	0	0	0	0.536	0	0	0	0.179	0	0.179	0	0	0	0	0.179	0	0	0	0	0.357	0.357	0	0.179	0	0.357	0.179	0	0	0.357	1.072	0	0	0	0.536	0.179	0.179	0	0	0	0	0.179	0.357	0	0	0	0.179	0	0	0.179	0.357	0.357	0.179	0	0	0.179	0	0.179	0	0	0.357	0	0.357	0	0	0	0	0	0	0	0.179	0.179	0.179	0	0	0	0	0.179	0	0.357	0.179	0.179	0	0	0	0	0	0	0.357	0	0	0	0.179	0	0.179	0	0	0	0	0	0	0	0.179	0	0	0	0.357	0	0	0	0	0	0	0	0	0	0	0	0	0	0	0	0	0	0	0	0	0	0	0	0	0	0	0	0	0	0	0	0.179	0	0.179	0	0	50:60,122.335:200,50:80
Gjb1-NM_008124	0	0	0	0	0	0	0	0	0	0	0	0	0	0	0	0	0	0	0	0	0	0	0	0	0	0	0	0	0	0	0	0	0	0	0	0.357	0	0	0	0	0	0	0	0	0	0	0	0	0	0	0	0	0	0	0	0	0	0	0	0	0	0	0	0	0	0	0	0	0	0	0	0	0	0	0	0	0	0	0	0	0	0	0	0	0	0	0	0	0	0	0	0	0	0	0	0	0	0	0	0	0	0	0	0	0	0	0	0	0	0	0	0	0	0	0	0	0	0	0	0	0	0	0	0	0	0	0	0	0	0	0	0	0	0	0	0	0	0	0	0	0	0	0	0	0	0	0	0	0	0	0	0.125	0.232	0	0	0	0	0	0	0	0	0	0	0	0	0	0	0	0	0	0	0	0	0	0	0	0	0	0	0	0	0	0	0.179	0	0.179	0	0	0.179	0.179	0	0	0	0	0	0	0	0	0.179	0	0	0.179	0	0	0	0	0	0	0	0	0.179	0.179	0	0	0	0	0.357	1.447	2.125	1.965	0.714	0	0	0	0.156	0.022	0	0.179	0	0	0	0	0	0	0	0	0	0	0.179	0	0.357	0	0	0	0	0	0	0	0	0	0	0	0	0.179	0	0	0	0	0	0	0	0	0	0	0	0	0	0	0	0.179	0	0	0	0	0	0	0	0	0	0	0	0	0	0	0.179	0	0	0	0	0	0	0	0	0	0	0	0	0	0	0	0	0	0	0	0	0	0	0	0	0	0	0	0	0	0	0	0	0	0	0	0	0	0	0	0	0	0	0	0	0	0	0	0	0	0	0	0	0	0	0	50:60,41.975:200,50:80
Glcci1-NM_001286729	0.179	0	0	0	0	0.179	0	0	0	0	0	0	0	0	0	0	0	0	0	0	0	0	0	0	0	0	0	0	0	0	0	0	0	0	0	0	0	0	0	0	0	0	0	0	0	0	0	0	0	0	0	0	0	0	0	0	0	0.179	0	0	0	0	0	0	0.714	1.429	0.357	0	0	0	0	0.179	0	0.357	0	0	0	0.357	0.179	0.357	0.893	0.536	0.179	0	0	0	0	0	0.179	0.357	0.357	0	0	0	0.179	0.536	0.179	0.714	0.357	0	0.179	0.179	0.179	0.714	0.536	0.179	0	0	0	0	0	0	0	0	0	0	0	0	0	0	0	0	0	0.179	0	0.536	1.25	0.536	0.714	0.179	0	0	0.714	0	0	0.536	0.179	0.179	0.179	0.893	0.536	0.536	0.536	0.179	0	0	0.357	0.714	0.357	0.893	2.5	0	0.536	1.25	0.357	0.893	0.179	0	0.536	1.25	0.357	0.714	0	0.714	0	0.179	0.179	0.536	0	0	0	0	0.357	0.714	0.179	0.536	0.357	0.357	0.357	0.536	1.072	0.179	0.179	0.357	0	0.179	0	0	0	0	0	0	0	0	0.179	0.179	0.357	0	0.179	0.357	0.357	0.179	0.357	0	0.714	0	0.357	0	0	0.179	0.714	0.179	0.714	0	0	1.607	0.357	0	0.179	0.179	0.179	0.357	0.536	1.429	0.536	1.072	1.072	0.179	0.714	0.357	1.072	0	1.786	0.357	1.072	0.179	0.893	0.714	1.429	0	0.179	0.893	0.179	0.179	0	0.536	0.893	0.714	0	0	0	0.357	1.786	0.179	0.536	0.536	1.072	0	0	1.072	1.072	0.179	0	0.179	0	0	0.357	0	0	0.714	0	0	0	0	0	0.179	0	0.536	0	0.536	0.179	0	0	0	0.536	0.714	0	0	0.179	0	0.179	0.357	0	0	0.357	0.714	0.179	0.179	0	0.179	0.179	0	0	0.536	0.179	0	0	0.179	0.893	0.357	0	0	0	0	0	0.536	0	0.357	0	0.357	0	0.179	0	0.179	0.179	0.357	0.357	0	0.179	0	0	0.179	0	0	0	0	0.179	0.893	0.179	0.179	50:60,387.46:200,50:80
Gm11437-NM_001037932	0	0	0	0	0	0	0	0	0	0	0	0	0	0	0	0	0	0	0	0	0	0	0	0	0	0	0	0	0	0	0	0	0	0	0	0	0	0	0	0	0	0	0	0	0	0	0	0	0	0	0	0	0	0	0	0	0	0	0	0	0	0	0	0	0	0	0	0	0	0	0	0	0	0	0	0	0	0	0	0	0	0	0	0	0	0	0	0	0	0	0	0	0	0	0	0	0	0	0	0	0	0	0	0	0	0	0	0	0	0	0	0	0	0	0	0	0	0	0	0	0	0	0	0	0	0	0	0	0	0	0	0	0	0	0	0	0	0	0	0	0	0	0	0	0	0	0	0	0	0	0	0	0	0	0	0	0	0	0	0	0	0	0	0	0	0	0	0	0	0	0	0	0	0	0	0	0	0	0	0	0	0	0	0	0	0	0	0	0	0	0	0	0	0	0	0	0.179	0	0	0	0	0	0	0	0	0.357	0	0	0	0	0	0	0	0	0	0	0	0	0	0	0	0	0	0	0	0	0	0	0	0	0	0	0	0	0	0	0	0	0	0	0	0	0	0	0	0	0	0	0	0	0	0	0	0.357	0	0	0	0	0	0	0	0	0	0	0	0	0	0	0	0	0	0	0	0	0	0	0	0	0	0	0	0	0	0	0	0	0	0	0	0	0	0	0	0	0	0	0	0	0	0	0	0	0	0	0	0	0	0	0	0	0	0	0	0	0	0	0	0	0	0	0	0	0.179	0	0.179	0	0	0	0	0	0	0	0	0	0	0	0	0	0	0	50:60,95.57:200,50:80
Gm13289-NM_001243165_3	0	0	0	0	0	0	0	0	0	0	0	0	0	0	0	0	0	0	0	0	0	0	0	0	0	0	0	0	0	0	0	0	0	0	0	0	0	0	0	0	0	0	0	0	0	0	0	0	0	0	0	0	0	0	0	0	0	0	0	0	0	0	0	0	0	0	0	0	0	0	0	0	0	0	0	0	0	0	0	0	0	0	0	0	0	0	0	0	0	0	0	0	0	0	0	0	0	0	0	0	0	0	0	0	0	0	0	0	0	0	0	0	0	0	0	0	0	0	0	0	0	0	0	0	0	0	0	0	0	0	0	0	0	0	0	0	0	0	0	0	0	0	0	0	0	0	0	0	0	0	0	0	0	0	0	0	0	0	0	0	0	0	0	0	0	0	0	0	0	0	0	0	0	0	0	0	0	0	0	0	0	0	0	0	0	0	0	0	0	0	0	0	0	0	0	0	0	0	0	0	0	0	0	0	0	0	0	0	0	0	0	0	0	0	0	0	0	0	0	0	0	0	0	0	0	0	0	0	0	0	0	0	0	0	0	0	0	0	0	0	0	0	0	0	0	0	0	0	0	0	0	0	0	0	0	0	0	0	0	0	0	0	0	0	0.179	0	0	0	0	0	0	0	0	0	0	0	0	0	0	0	0	0	0.179	0	0	0	0	0	0	0	0	0	0	0	0	0	0	0	0	0	0	0	0	0	0	0	0	0	0	0	0	0	0	0	0	0	0	0	0	0	0	0	0	0	0	0	0	0	0	0	0	0	0	0	0	0	0	0	0	0	50:60,4.84:200,50:80
Gm19461-NR_037984	0	0	0	0	0	0	0	0	0	0	0	0	0	0	0	0	0	0	0	0	0	0	0	0	0	0	0	0	0	0	0	0	0	0	0	0	0	0	0	0	0	0	0	0	0	0	0	0	0	0	0	0	0	0	0	0	0	0.179	0	0	0	0	0	0	0	0	0	0	0	0	0	0.179	0	0	0	0	0.179	0	0	0	0	0	0	0	0	0	0	0	0	0	0	0	0	0	0	0	0	0	0	0.179	0	0	0	0.357	0.179	0	0	0	0.357	0.179	0	0	0	0	0	0	0	0	0	0	0	0	0	0	0	0	0	0	0	0	0	0	0	0	0	0	0	0	0	0	0	0	0	0	0	0	0	0	0	0	0	0	0	0	0	0	0	0	0	0	0	0	0	0	0	0	0	0	0	0	0	0	0	0	0	0	0	0	0	0	0	0	0	0	0	0	0	0	0	0	0	0	0	0	0	0	0	0	0	0	0	0	0	0	0	0	0	0	0	0	0	0	0	0	0	0	0	0	0	0	0	0	0	0	0.179	0	0	0	0	0	0	0	0	0	0	0	0	0	0	0	0	0	0	0	0	0.179	0	0	0	0	0.179	0	0	0	0	0	0	0	0	0	0	0	0	0	0	0	0	0	0	0	0	0	0	0	0	0	0	0	0	0	0	0	0	0	0	0	0	0	0	0	0	0	0	0	0	0	0	0	0	0	0	0	0	0	0	0	0	0	0	0	0	0	0	0	0	0	0	0	0	0	0	0	0	0	0	0	0	0	0	0.893	0.179	0	0	0	0	0	0	0	0	0	50:60,99.785:200,50:80
Gm4969-NM_001370812	0	0	0	0	0	0	0	0	0	0	0	0	0	0	0	0	0	0	0	0	0	0.357	0	0.179	0	0.179	0	0	0	0	0	0	0	2.858	2.5	0.536	0	0	0.179	0	0	0	0	0	0	0	0	0	0	0	0	0	0	0	0	0	0	0.179	0	0	0	0	0	0	0	0	0	0	0	0	0	0	0	0	0	0	0	0	0	0	0	0	0	0	0	0	0	0	0	0	0	0	0	0	0	0	0	0	0	0	0	0	0	0	0	0	0	0	0	0	0	0	0	0	0	0	0	0	0	0	0	0	0	0	0	0	0	0	0	0	0	0	0	0	0	0	0	0	0	0	0	0	0	0	0	0	0	0	0	0	0	0	0	0	0	0	0	0	0	0	0	0	0	0	0	0	0	0	0	0	0	0	0	0	0	0	0	0	0	0.179	0.179	0	0	0.179	0.179	0	0	0	0.179	0	0	0	0.179	0	0	0	0	0	0	0	0	0	0.536	0	0	0.179	0.357	0	0	0	0	0	0.179	0.357	0.179	0	0.357	0	0	0	0	0	0	0	0.179	0	0.357	0.357	0	0	0	0	0	0	0	0.179	0.357	0	0.179	0.714	0.179	0	0.357	0	0	0	0	0.357	0.179	0.357	0.12	0.059	0.357	0	0	0	0.357	0.179	0	0.179	0	0	0	0	0.357	0	0.179	0.357	0	0.179	0.179	0	0	0	0	0.357	0.179	0.714	0.357	0.357	0.179	0.179	0	0	0.179	0	0.357	0	0	0.179	0.179	0	0.893	0.179	0.893	0	0.714	0	0.179	0	0.179	0	0	0.179	0	0.179	0	0	0.536	0.179	0	0	0	0.179	0	0.179	0.179	0.179	0	0	0	0	0.357	1.072	0.536	0.179	0	0.714	0	0	0.179	0	0.714	0.179	0.179	1.072	0.893	0.714	0	0.179	50:60,100.37:200,50:80
Gm5106-NR_152133	0	0	0	0	0	0	0	0	0	0	0	0	0	0	0	0	0	0	0	0	0	0	0	0	0	0	0	0	0	0	0	0	0	0	0	0	0	0	0	0	0	0	0	0	0	0	0	0	0	0	0.357	0	0	0	0	0	0	0	0.179	0	0.179	0.714	1.072	0.179	5.001	0.893	0	0	0	0	0.179	0	0.179	0	0	0.179	0	0	0	0	0	0	0	0	0	0	0	0	0	0	0	0	0	0	0	0	0	0	0	0	0	0	0	0	0	0	0	0	0	0	0	0	0	0	0	0.179	0	0.179	0	0	0	0	0.357	0.179	0	0	0	0.179	0	0	0	0	0	0	0	0	0	0	0	0	0	0	0	0	0	0	0	0	0	0	0	0	0	0	0	0	0	0	0	0	0	0	0	0	0	0	0	0	0	0	0	0	0	0	0	0	0	0	0	0	0	0	0	0	0	0	0	0	0	0	0	0	0	0	0	0	0	0	0	0	0	0	0	0	0	0	0	0	0	0	0	0	0	0	0	0	0	0	0	0	0	0	0	0	0	0	0	0	0	0	0	0	0	0	0	0	0	0	0	0.179	0	0	0	0	0	0	0	0	0	0	0	0	0.179	0	0	0	0	0	0	0	0	0	0	0	0	0	0	0	0	0	0	0	0.357	0	0	0	0	0	0	0	0	0	0	0	0	0.179	0	0	0	0	0	0	0	0	0	0	0.179	0	0	0	0	0	0	0	0	0	0	0	0	0	0	0	0	0	0	0	0	0	0	0	0	0	0	0	0	0	0	0	0	0	0	0	0	0	0	0	0	0	0	0	50:60,124.735:200,50:80
Gm6936-NR_045001	0	0	0	0	0	0	0	0	0	0	0	0	0	0	0	0	0	0	0	0	0	0	0	0	0	0	0	0	0	0	0	0	0	0	0	0	0	0	0	0	0	0	0	0	0	0	0	0	0	0	0	0	0	0	0	0	0	0.179	0	0	0	0	0	0	0	0	0	0	0	0	0	0	0	0	0	0	0	0	0	0	0	0	0	0	0	0	0	0	0	0	0	0	0	0	0	0	0	0	0	0	0	0	0	0	0	0	0	0	0	0	0	0	0	0	0	0	0	0	0	0	0	0	0	0	0	0	0	0	0	0	0	0	0	0	0	0	0	0	0	0	0	0	0	0	0	0	0	0	0	0	0	0	0	0	0	0	0	0	0	0	0	0	0	0	0	0	0	0	0	0	0	0	0	0	0	0	0	0	0	0	0	0	0	0	0	0	0	0	0	0	0	0	0	0	0	0	0	0	0	0	0	0	0	0	0	0	0	0	0	0	0	0	0	0	0	0	0	0	0	0	0	0	0	0.179	0.179	0	0	0	0	0	0	0	0	0	0	0	0	0	0	0	0	0	0	0	0	0	0	0	0	0	0	0	0	0	0	0	0	0	0	0	0	0	0	0	0	0	0	0	0	0	0	0	0	0	0	0	0	0	0	0	0	0	0	0	0	0	0	0	0	0	0	0	0	0	0	0	0	0	0	0	0	0	0	0	0	0	0	0	0	0	0	0	0	0	0	0	0	0	0	0	0	0	0	0	0	0	0	0	0	0	0	0	0	0	0	0	0	0	0	0	50:60,85.08:200,50:80
Gm94-NM_001033280	0	0	0	0	0	0	0	0	0	0	0	0	0	0	0	0	0	0	0	0	0	0	0	0	0	0	0	0	0	0	0	0	0	0	0	0	0	0	0	0	0	0	0	0	0	0	0	0	0	0	0	0	0	0	0	0	0	0	0	0	0	0	0	0	0	0	0	0	0	0	0	0	0	0	0	0	0	0	0	0	0	0	0	0	0	0	0	0	0	0	0	0	0	0	0	0	0	0	0	0	0	0	0	0	0	0	0	0	0	0	0	0	0	0	0	0	0	0	0	0	0	0	0	0	0	0	0	0	0	0	0	0	0	0	0	0	0	0	0	0	0	0	0	0	0	0	0	0	0	0	0	0	0	0	0	0	0	0	0	0	0	0	0	0	0	0	0	0	0	0	0	0	0	0	0	0	0	0	0	0	0	0	0	0	0	0	0	0	0	0	0	0	0	0	0	0	0	0	0	0	0	0	0	0	0	0	0	0	0	0	0	0	0	0	0	0	0	0	0	0	0	0	0	0	0	0	0	0	0	0	0	0	0	0	0	0	0	0	0	0	0	0	0	0	0	0	0	0	0	0	0	0	0	0	0	0	0	0	0	0	0	0	0	0	0	0	0	0	0	0	0	0	0	0	0	0	0	0	0	0	0	0	0	0	0	0	0	0	0	0	0	0	0	0	0	0	0	0	0	0	0	0	0	0	0	0	0	0	0	0	0	0	0	0	0	0	0	0	0	0	0	0	0	0	0	0	0	0	0	0	0	0	0	0	0	0	0	0	0	0	50:60,78.415:200,50:80
Gna14-NM_008137	0	0	0	0	0	0	0	0	0	0	0	0	0	0.179	0	0	0	0	0	0	0	0	0	0	0	0	0	0	0	0	0	0	0	0	0	0	0	0	0	0	0	0	0	0	0	0	0	0	0	0	0	0	0	0	0	0	0	0	0	0	2.858	0.179	0	0.179	0	0	0	0	0.357	0.179	0	0	0.714	0.179	0.357	0.357	0.714	1.072	0.536	0.357	0.714	0.714	0.357	0.357	0.179	0.357	0.357	0.357	0.893	0.179	0.179	0	0.179	0.893	0.714	0.536	0.357	0.536	0.357	0.714	0.714	0.357	0.357	0.357	0.357	0.536	0.179	0.536	0.714	0.714	0.536	0.714	1.072	0.536	0.179	1.072	0.179	0.714	0.536	0.536	0.179	0.179	0	2.5	5.894	0.714	1.607	0.714	1.25	0.357	0.893	1.25	0.179	0.536	0.893	1.786	0.536	0.536	0.357	0	0.357	0.179	0.536	0	0.179	0.179	0.357	0.536	1.25	0.536	0.179	0.179	0.357	0	0.714	0.536	0	0.714	0.4	0.314	0.357	0.536	0.357	0	0.179	0.714	1.25	0.357	1.072	0.714	0.357	0.179	0.714	1.786	1.072	0.357	0.357	0.536	2.679	0.536	0.357	0.714	0.714	1.25	0.179	0	0.357	0.179	0	0	0	0.772	0.657	0.357	0	0.714	1.25	0.357	1.786	1.072	0.893	1.25	0.357	0.536	1.072	0.179	1.429	0.357	0.714	0.714	0.536	0.357	0.536	0.357	0	0.357	0.357	0.179	1.25	0	0.357	1.072	2.5	0.179	0.357	0.179	0.179	0.714	0.179	0.714	0.357	1.072	0	0.357	0.357	0.714	0.714	1.786	0.536	0.357	0.179	0.179	0.893	0.357	0.536	0.714	0.714	0.536	0.536	0.179	0.179	0.536	0.714	1.25	1.25	0.893	1.25	0.714	0.893	1.429	0	0	0	0	0	0.179	0	0	0.179	0.179	0	0.179	0	0	0	0	0.179	0	0	0	0	0.714	0.179	0	0	0	0	0	0	0	0	0.179	0.357	0	0.179	0	0	0	0	0	0.179	0.179	0	0	0	0	0	0	0	0	0	0	0	0.179	0	0	0.179	0	0	0.179	0.357	0	0	0	0	0	0	0	0	0	0.179	0.179	0.179	0	0	0	0	0.179	0	0	50:60,875.76:200,50:80
Gnat2-NM_008141	0	0	0	0	0	0.179	0	0	0	0	0	0	0	0	0	0	0	0	0	0	0	0	0	0	0	0	0	0	0	0	0	0	0	0	0	0	0	0	0	0	0	0	0	0	0	0	0	0	0	0	0	0	0	0	0	0	0	0	0	0	0	0	0	0	0	0	0	0	0	0	0	0	0	0	0	0	0	0	0	0	0	0	0	0	0	0	0	0	0.179	0	0	0.179	0	0	0	0	0	0	0	0	0	0	0	0	0	0	0	0	0	0	0	0	0	0	0	0	0	0	0	0	0.179	0	0	0	0	0	0	0	0	0	0	0	0	0	0	0	0	0	0.179	0	0	0	0	0	0	0.357	0	0	0	0	0	0	0	0	0	0	0	0	0	0	0	0	0	0	0	0	0	0	0	0	0	0	0	0	0.179	0	0	0	0	0	0	0	0	0	0	0	0	0.286	0.071	0	0	0	0	0	0.179	0	0	0	0	0	0	0	0	0	0	0	0	0	0	0	0	0	0	0	0	0	0	0	0	0	0	0	0	0	0	0	0	0	0	0	0.179	0	0	0	0	0	0	0	0	0	0	0	0	0	0.179	0.179	0	0	0	0	0	0	0	0	0	0	0	0.179	0	0	0.179	0	0	0.179	0	0	0	0	0	0	0.179	0	0	0	0	0	0	0	0	0	0	0	0	0	0	0	0	0.357	0	0	0	0	0	0	0	0	0	0	0	0	0	0	0	0	0	0	0	0	0	0	0	0	0	0	0	0	0	0	0	0	0	0	0	0	0	0	0	0	0	0	0	0	0	0	0	0	0	0	0	0	50:60,41.825:200,50:80
Gria2-NM_001357927	0	0	0	0	0	0	0	0	0	0	0	0	0	0	0	0	0	0	0	0	0	0	0	0	0	0	0	0	0	0	0	0	0	0	0	0	0	0	0	0	0	0	0	0	0	0	0	0	0	0	0	0	0	0	0	0	0	0	0	0	0	0	0	0	0	0	0	0	0	0	0	0	0	0	0	0	0	0.179	0	0	0.179	0	0	0	0	0	0	0	0	0	0	0	0	0	0	0	0	0	0	0	0	0	0	0	0	0	0	0	0	0	0	0	0	0	0	0	0	0	0	0	0	0	0	0	0	0	0	0	0	0	0	0	0	0	0	0	0	0	0	0	0	0	0	0	0	0	0	0	0	0	0	0	0	0	0	0	0	0	0	0.179	0.179	0	0	0	0	0	0	0	0	0	0	0	0	0	0	0	0	0	0	0	0	0	0	0	0	0	0	0	0	0	0	0	0	0	0	0	0	0	0	0	0	0	0	0	0	0	0	0	0	0	0	0	0	0	0	0	0	0	0	0	0	0	0	0	0	0	0	0	0	0	0	0	0	0	0	0	0	0.179	0	0	0	0	0	0	0	0	0	0	0	0	0	0	0	0	0	0.179	0	0	0	0	0	0	0	0	0	0	0	0	0	0	0	0	0	0	0	0	0	0	0	0	0	0	0	0	0	0	0	0	0	0	0	0	0	0	0	0	0	0	0	0	0	0	0	0	0	0	0	0	0	0	0	0	0	0	0	0	0	0	0	0	0	0	0	0	0	0	0	0	0	0	0	0	0	0	0	0	0	0	0	0	50:60,606.93:200,50:80
Gsx2-NM_133256	0	0	0	0	0	0	0	0	0	0	0	0	0	0	0	0	0	0	0	0	0	0	0	0	0	0	0	0	0	0	0	0	0	0	0	0	0	0	0	0	0	0	0	0	0	0	0.179	0	0	0	0	0	0	0.179	0	0	0	0	0.179	0	0.179	0	0	0	0	0	0	0.129	0.05	0	0	0	0	0	0	0	0	0	0	0	0	0	0	0	0	0	0	0	0	0	0	0	0	0	0	0	0	0	0	0	0	0	0	0	0	0	0	0	0	0	0	0	0	0	0	0	0	0	0	0	0	0	0	0	0	0	0	0	0	0	0	0	0	0	0	0	0	0	0	0	0	0	0	0	0	0	0	0	0	0	0	0	0	0	0	0	0	0	0	0	0	0	0	0	0	0	0	0	0	0	0	0	0	0	0	0	0	0	0	0	0	0	0	0	0	0	0	0	0	0	0	0	0	0	0	0	0	0	0	0	0	0	0	0	0	0	0	0	0	0	0	0	0	0	0	0	0	0	0	0	0	0	0	0	0	0	0	0	0	0	0	0	0	0	0	0	0	0	0	0	0	0	0	0	0	0	0	0	0	0	0	0	0	0	0	0	0	0	0	0	0	0	0	0	0	0	0	0	0	0.179	0	0	0	0	0	0	0	0	0	0	0	0	0	0	0	0.179	0	0	0	0	0	0	0	0	0	0	0	0	0.179	0	0	0	0	0	0	0	0	0	0	0	0	0	0	0	0	0	0	0	0	0	0	0	0	0	0	0	0	0	0	0	0	0	0	0	0	0	0	0	0	0	50:60,11.465:200,50:80
Gtpbp3-NR_157146	0	0	0.357	0	0	0	0.179	0.714	0	0	0.357	0.179	0.357	0.179	0	0.179	0	0	0	0	0	0	0	0	0	0	0	0	0	0	0	0	0	0	0	0	0	0	0	0.536	0.536	0	0.714	5.894	1.429	1.072	0	0.179	0.714	0.179	0.179	0.357	0.179	0.179	0.536	0.179	0.179	0	0	18.395	49.114	2.679	0.536	0	0.357	0.357	0	0	0	0	0	0	0	0.179	0	0	0	0	0.179	0.179	0.179	0	0	0	0	0	0.179	0.357	0.179	0.179	0.179	0	0.179	0	0	0	0	0	0.179	0	0.179	0.179	0	0	0	0.179	0	0	0	0	0.714	0	0.179	0	0	0	0	0	0	0.179	0.179	0	0.357	0	0	0	0	0	0	0	0	0	0	0	0	0	0	0.863	0.03	0	0.051	0.128	0.357	0.179	0.179	0.179	0	0	0	0	0	0	0	0	0	0	0	0	0	0	0.357	0	0.179	0	0	0.179	0.179	0.357	0.179	0	0.179	0.536	0.536	0.179	0	0	0	0	0.179	0	0.179	0	0.893	0	0.179	0.536	0	2.5	0.357	0.179	0	0	0.536	0.357	0.714	1.779	1.615	1.416	3.659	3.498	0.357	1.072	0.357	0	0.714	1.429	0.357	0.179	0.714	0.357	1.25	1.786	0	0.357	0.536	0.357	0	0.179	0	0.357	0.357	0.357	0.536	0	0	0.179	2.143	3.572	4.822	2.143	0.714	0.536	0.536	0.179	0.714	0.179	0.357	0.179	0.536	0.714	0.893	0.714	0.357	1.965	0.179	0	0	0	0.655	0.596	1.429	0.536	0.536	0.179	0	0.536	1.25	0	0.179	1.429	1.25	0.714	0.179	0.179	0	0.357	0.357	0.179	1.607	1.25	1.25	0	0.179	0	0.536	1.607	0.536	0.179	0.179	0.357	0	0	0	0.179	0.357	0	0	0	0	0	0.179	0.714	0.357	0	1.429	0	0	0	0	0	0	0	0	0	0	0	0	0	0	0.179	0	0.179	0	0	0	0	0	0	0.179	0.179	0	0	0	0	0	0	0	0	0	0	0	0	0	0.179	0	0	0	0.179	0.179	1.072	50:60,54.485:200,50:80
Gtpbp6-NM_145147	0	0	0	0	0	0	0	0	0	0	0	0	0	0.179	0.179	0	0.179	0	0.357	0.714	0.357	0.714	0.536	0.893	8.037	2.143	0.179	0	0	0	0	0	0	0	0	0	0	0	0	0	0	0.179	0	0	0	0	0	0	0.179	0	0	0	0	0	0	0	0	0	1.607	1.965	3.609	14.786	20.83	14.297	26.583	1.156	0.536	0.893	0.536	0.536	0	0	0	0.179	2.5	2.5	5.179	2.322	4.107	0.537	0.714	1.306	3.695	11.523	32.434	51.124	39.588	5.161	4.297	1.384	2.545	0.357	0.179	0.638	0.613	2.382	8.114	17.179	13.869	21.75	12.058	5.089	1.177	0.357	3.215	3.006	0.03	0	0	0.179	0.357	0.179	0.714	0.179	0.179	0.357	0.357	0	0	0.179	0.179	0.179	0	0.714	0	0.179	1.971	0.708	0.401	0.849	0	0	0	0.179	0	0.179	0	0.179	0.357	0.714	0.357	0.536	0	0	0.179	0.357	0	0	0	0.08	0.277	0.893	0.536	0.536	1.603	1.612	0.714	0.536	0	0	0.357	0.357	0.179	0.507	0.386	0	0	0	0	0	0	0	0.179	0	0	0	0	0	0.179	0	0	0.357	0.536	0	0.357	0.179	0	0	0	0.357	0.179	0.332	0.025	0	0	0.179	0	0.714	0.714	0.357	0	0	0	0	0.397	0.317	0.179	0.357	0.179	0	0.179	0	0	0.179	0.357	0.357	0.357	2.322	0.893	0.179	0.536	1.429	1.25	0.357	0.714	0.179	0.357	1.429	0.536	0.536	0.179	0.536	0.893	0.357	0	0	0	0.179	0	0	0.714	0.357	0	0	0	0	0.714	0.357	0	0.179	0	0.057	0.479	0.179	0.179	0	0.179	0.536	0.179	0	0.714	1.786	0.357	0.714	0.536	3.036	0.714	1.429	1.072	0.357	1.072	0.357	0.714	1.607	0.536	0.179	1.25	0.179	0.714	1.072	0.179	0	0	0	0.536	0.357	0	0.536	1.965	0.536	0.714	1.786	0	0.714	0	0	0.179	0.893	3.036	0	0.179	1.072	0	0.714	0	0.179	0.179	0.893	0.357	1.25	3.036	0.179	0.179	0	0.179	3.215	0.714	0.179	0.179	0	0.714	1.965	0.536	0	0	0.179	0	1.965	0.179	0.179	0.357	0.536	3.572	3.393	2.858	1.786	0.357	0.179	0.179	0	50:60,21.105:200,50:80
H2-Ea-NM_010381	0	0	0	0	0	0	0	0	0	0	0	0	0	0	0	0	0	0	0	0	0	0	0	0	0	0	0	0	0	0	0	0	0	0	0	0	0	0	0	0	0	0	0	0	0	0	0	0	0	0	0	0	0	0	0	0	0	0	0	0	0	0	0	0	0	0	0	0	0	0	0	0	0	0	0	0	0	0	0	0	0	0	0	0	0	0	0	0	0	0	0	0	0	0	0	0	0	0	0	0	0	0	0	0	0	0	0	0	0	0	0	0	0	0	0	0	0	0	0	0	0	0	0	0	0	0	0	0	0	0	0	0	0	0	0	0	0	0	0	0	0	0	0	0	0	0	0	0	0	0	0	0	0	0	0	0	0	0	0	0	0	0	0	0	0	0	0	0	0	0	0	0	0	0	0	0	0	0	0	0	0	0	0	0	0	0	0	0	0	0	0	0	0	0	0	0	0	0	0	0	0	0	0	0	0	0	0	0	0	0	0	0	0	0	0	0	0	0	0	0	0	0	0	0	0	0	0	0	0	0	0	0	0	0	0	0	0	0	0	0	0	0	0	0	0	0	0	0	0	0	0	0	0	0	0	0	0	0	0	0	0	0	0	0	0	0	0	0	0	0	0	0	0	0	0	0	0	0	0	0	0	0	0	0	0	0	0	0	0	0	0	0	0	0	0	0	0	0	0	0	0	0	0	0	0	0	0	0	0	0	0	0	0	0	0	0	0	0	0	0	0	0	0	0	0	0	0	0	0	0	0	0	0	0	0	0	0	0	0	0	50:60,13.47:200,50:80
H2-K1-NM_001347346	0	0	0	0	0	0	0	0	0	0	0	0	0	0	0	0	0	0	0	0	0	0	0	0	0	0	0	0	0	0	0	0	0	0	0	0	0	0	0	0	0	0	0	0	0	0	0	0	0	0	0	0	0	0	0	0	0	0	0.179	0.179	0	0	3.215	1.736	2.193	0	0	0	0	0	0	0	0	0	0	0	0	0.179	0.357	0	0	0	0	0	0	0.179	0	0	0	0	0	0	0	0	0	0	0	0	0	0	0	0	0	0.179	0.357	0.179	0	0	0	0	0	0	0	0	0.179	0	0	0	0	0	0	0	0	0	0	0	0	0	0	0	0	0	0	0	0	0	0	0	0.179	0	0	0	0	0	0	0	0	0	0	0	0	0	0	0	0	0	0	0	0.179	0	0	0	0	0	0	0	0	0	0	0	0.179	0	0	0	0	0	0	0	0	0	0	0	0	0	0	0	0.179	0	0	0	0	0	0	0	0	0	0	0	0	0	0	0	0	0	0	0	0	0	0	0	0	0.179	0	0	0	0	0	0	0	0	0	0	0.179	0	0	0	0	0	0	0	0.179	0	0	0	0	0	0	0	0	0	0	0	0	0	0	0	0	0	0.179	0	0	0	0.179	0.179	0	0	0.179	0	0	0	0	0	0	0	0	0.179	0	0	0	0	0	0.179	0	0	0	0	0	0	0	0	0	0	0	0	0	0	0	0	0	0	0	0	0	0	0	0	0	0	0	0	0	0	0	0	0	0	0	0	0	0	0	0	0	0	0	0	0	0	0	0	0	0	0	0	0	0	0	0	0	0	0	0	0	0	0	0	0	0	0	0	50:60,21.68:200,50:80
H2bc6-NM_178194	0	0	0	0	0	0	0	0	0	0	0	0	0	0	0	0	0	0	0	0	0	0.357	0	0	0	0	0	0	0	0	0	64.473	1.429	2.679	6.429	0.179	0	0	0	0	0	0.536	0.179	1.607	1.25	13.038	3.393	23.932	32.326	24.11	3.572	4.465	1.965	0.179	1.072	0.536	0.536	0.714	0.179	1.072	6.251	0.536	1.25	0.357	0	0	0	0	0	0	0	0	0	0	0	0	0	0	0	0	0	0	0	0	0	0	0	0.179	0	0	0	0	0	0	0	0	0	0	0	0	0	0	0	0	0	0	0	0	0	0	0.893	0	0	0	0	0	14.645	0	0.536	0	0	0	0	0	0	0.179	0	0	0	0	0	0	0	0	0	0	0	0.179	0	0	0	0	0	0	0	0	0	0	0	0	0	0.357	0	0.179	0	0	0	0	0	0	0	0	0	0	0	0	0	0	0	0	0	0	0	0	0	0	0	0	0.179	0	0	0	0.179	0.893	0.179	0	0	0	0.179	0	0	0.179	0	0.357	0.179	1.072	0.893	0.179	0	0	0	0	0	0.179	0	0	0	0	0	1.965	0.179	0	0.536	0	0	0.161	0.018	0.179	0.844	1.299	0	0	0	0	0	0	0	0	0	0.179	0	0	0	0.179	0	0	0	0	0	0	0.893	0.357	0	0	6.072	0.893	0	245.748	0.357	0.938	63.902	48.748	8.93	1.607	1.607	0.893	0.179	0.179	0.357	0.357	0.179	0	0	0	0.179	0	0	0.179	0.179	0	0	0	0	0	0	0.179	0.536	0	1.072	0.536	0	0.179	0.357	0.179	0.179	0.179	0.893	0	0.536	0.179	0	0	0	0	0.357	0	0	0	0	0	0	0	0	0	3.215	0.714	2.858	1.965	0	0.357	0	0	0.179	0.179	0.536	0	0	0	0	0	0	0	0	0	0	0	0	0	0	0	0	0	0	0	0	0	0	0	0	0	50:60,187.275:200,50:80
Haghl-NM_001271433	0	0	0	0	0	0	0	0.179	0	0	0.179	0.179	0	0	0	0	0	0.179	0.357	0	0	0	0	0.179	0.357	0.179	0.357	0.714	0.179	0	0	0	0	0	0.179	0	0.179	0.714	0	0.357	0	0.179	0.179	0	0	0	0	0.179	0	0	0.179	0	0	0.179	0	0	0	0.536	0.179	1.072	3.036	1.072	3.751	8.037	7.322	5.001	6.251	3.036	0.893	0	0	0.357	0.179	0.179	0	0.536	0.179	0.714	2.679	1.607	0.536	1.786	0.714	0.357	0.357	0	0	0	0.179	0	0	0	0	0	0	0	0	0.179	0.179	0	0.357	0.357	0	0	0.357	0	0	0	0.179	0	0.536	0	0	0	0	0	0	0	0	0	0.179	0	0	0	0	0	0	0	0	0	0.179	0	0	0	0	0	0	0	0	0	0	0	0	0	0	0	0	0	0	0	0	0	0	0	0	0	0	0	0	0	0	0	0	0	0	0	0	0	0	0	0	0	0	0	0.179	0	0	0	0.179	0	0	0	0	0	0	0	0	0	0	0	0	0.179	0	0	0	0	0	0	0	0	0	0	0	0.179	0	0	0	0	0	0	0	0	0	0	0	0	0	0	0	0	0	0	0	0	0	0	0	0	0	0	0	0	0	0	0	0	0	0	0	0.179	0	0	0	0	0	0	0	0.179	0	0	0.179	0	0	0	0.179	0	0.536	0	0	0	0.179	0.179	0	0	0.179	0	0	0	0.179	0	0.179	0.179	0.357	0.179	0.179	0.179	0	0	0.357	0.357	0	0.357	0.179	0	0.536	0	0.357	0	0.357	0.536	0	1.786	0.893	0.357	0	0	0	0	0.179	0.179	0.179	0.179	0.179	0.714	0.357	0.179	0	0.357	0.357	0.179	0.179	0.179	0	0.357	0.179	0.357	1.25	0.179	0.179	0.179	0.714	0	0.179	0.893	0.893	0.357	0.893	0.179	0.179	0.357	0	0	0.536	0	0	1.607	0.893	0	0	1.25	50:60,14:200,50:80
Hao1-NM_010403	0	0	0	0	0	0	0	0	0	0	0	0	0	0	0	0	0	0	0	0	0	0	0	0	0	0	0	0	0	0	0	0	0	0	0	0	0	0	0	0	0	0	0	0	0	0.179	0	0	0	0	0	0	0	0	0	0	0	0	0	0	0	0	0	0	0	0	0	0	0	0	0	0	0	0	0	0	0	0	0	0	0	0	0	0	0	0	0	0.179	0	0	0	0	0	0	0	0	0	0	0	0	0	0	0	0	0	0	0	0	0	0	0	0	0	0	0	0.179	0	0	0	0	0	0	0	0	0	0	0	0	0.179	0	0	0	0	0	0	0	0	0	0	0	0	0	0	0	0	0	0.179	0	0	0	0	0	0	0	0	0	0	0	0	0	0	0	0	0	0	0	0	0	0	0	0	0	0	0	0	0	0	0	0	0	0	0	0	0	0	0	0	0	0	0	0	0	0	0	0	0	0	0	0	0	0	0	0	0	0	0	0	0	0	0	0	0	0	0	0	0	0	0	0	0	0	0	0	0	0	0	0	0	0	0	0.179	0	0	0.179	0	0	0	0	0	0	0	0	0	0	0	0	0	0	0	0	0	0	0	0	0	0	0	0	0.179	0	0	0	0	0	0	0	0	0	0	0	0	0	0	0	0	0	0	0	0	0	0	0	0	0	0.179	0	0	0	0	0	0	0	0	0	0	0	0	0	0	0	0.179	0	0	0	0	0	0	0	0	0	0	0	0	0	0	0	0	0	0	0	0	0	0	0	0	0	0	0	0	0	0	0	0	0	0	0	0	0	0	0	50:60,284.96:200,50:80
Hcn1-NM_010408	0	0	0	0	0	0	0	0	0	0	0	0	0	0	0	0	0	0	0	0	0	0	0	0	0	0	0	0	0	0	0	0	0	0	0	0	0	0	0	0	0	0	0	0	0	0	0	0	0	0	0	0	0	0	0	0	0	0	0	0	0	0	0	0	0.179	0.536	0.179	0	0.179	0.179	0.357	0	0	0	0.179	0.179	0.179	0.179	0	0.536	0.179	0	0.179	0.179	0.357	0	0.357	0	0	0.179	0.179	0.179	0.357	0	0	0	0.179	0	0.179	0.357	0.179	0	0.357	0.179	0	0.357	0	0.179	0	0.179	0.179	0	0	0	0.179	0.179	0	0.179	0.536	0.179	0.179	0.179	0	0	0.714	0.179	0.357	0.357	0.179	0.179	0.179	0.179	0.179	0	0	0.179	0	0.357	0	0.179	0	0.179	0	0	0.357	0.179	0	0.179	0	0	0	0.357	0.357	0.179	0.179	0.179	0	0	0.536	0.357	0.179	0	0	0	0.179	0.179	0	0	0.179	0	0.179	0	0.179	0	0	0	0	0	0	0	0	0	0.357	0	0.179	0.179	0	0.179	0	0	0	0	0.179	0	0.357	0.357	0.179	0.357	0.179	0.179	0	0	0	0.357	0	0.179	0.179	0.179	0.536	0	0.179	0.179	0	0	0.179	0	0	0	0	0.536	0.179	0.179	0	0	0	0	0	0.357	0.357	0	0	0	0	0.179	0	0	0.179	0	0	0	0.714	0.179	0	0.179	0.357	0	0	0.357	0.714	0	0.179	0.179	0	0	0.179	0	0	0.179	0.357	0	0	0	0	0	0	0	0	0	0	0	0	0	0	0	0	0	0	0	0	0	0	0	0	0	0	0	0	0	0	0	0	0	0	0	0	0	0	0	0	0	0	0	0	0	0	0	0	0	0	0	0	0	0	0	0	0	0	0	0	0	0	0	0	0	0	0	0	0	0	0	0	0	0	0	0	0	0	0	0	0	50:60,1893.545:200,50:80
Hilpda-NM_001190461	0	0	0	0	0	0	0	0	0	0	0	0	0	0	0	0	0	0	0	0	0	0	0	0	0	0	0	0	0	0	0	0	0	0	0.179	0.179	0.179	0.536	0.357	0	0	0	0	0	0	0	0	0	0	0	0	0	0	0	0	0	0.179	0.536	0	1.25	0	0.179	0.179	0	0	0	0	0	0.179	0	0.357	0.714	1.25	1.907	1.307	13.338	6.803	1.17	4.904	1.289	0	0	0.179	0.357	0.179	0.357	0.357	0.179	0.536	0	0	0	0.179	0.357	0.179	0.357	0.714	0.139	0.039	0	0	0	0	0	0	0	0	0	0	0	0	0	0	0	0	0.357	0	0	0	0	0	0	0	0	0	0	0	0	0	0	0	0	0	0	0	0	0	0.179	0	0	0.179	0	0	0.179	0	10.373	7.487	0	0	0	0	0	0	0	0	0	0	0	0	0	0	0	0	0	0	0	0	0	0	0	0	0	0	0	0	0.179	0	0	0	0	0	0	0	0	0	0	0	0	0	0	0	0	0	0	0	0	0	0	0	0	0	0	0	0	0	0	0	0	0	0	0	0	0	0	0	0	0	0	0	0	0	0	0	0	0	0	0	0	0	0	0	0	0	0.179	0	0	0	0	0	0	0	0	0	0	0	0	0	0	0	0	0	0	0	0	0	0	0	0	0.179	0	0	0	0	0	0	0	0	0	0.179	0.179	0	0	0	0	0.179	0	0	0	0	0.179	0.179	0	0	0	0.179	0.357	0	0	0	0	0	0	0	0	0	0	0	0	0	0	0	0	0	0	0	0	0	0	0	0	0	0	0	0	0	0	0	0	0	0	0	0	0	0	0	0	0.179	0.357	0	0.179	0	0	0	0	0	0	0	0	0	0	50:60,14.81:200,50:80
Hnrnph3-NM_001079824	0	0	0	0	0	0	0	0	0	0	0	0	0	0	0	0	0	0	0.179	0	0	0	0	0	0	0	0	0.357	0	0	0.179	0.536	0	0.536	1.429	0.357	0	0	0	0.179	0	0.536	1.965	3.393	0.714	0	0.179	0	0.179	0	0	0.357	0.714	0.179	0	0	0	0	0	9.466	10.537	5.894	14.645	2.679	0	1.607	2.5	1.25	0	0.179	0.536	0	0.357	0.004	3.033	1.25	0	0	0	0	0.179	0.618	0.454	0.536	0.536	0	0	0	0	0	0	0	0	0	0.179	0	0.179	0	0.357	0.357	0.179	0	0	0	0	0	0	0.114	0.064	0	0	0	0	0.179	0.179	0.179	0.179	0.357	0.179	0	0.179	0	0.179	0.179	0	0	0	0	0	0	0	0	0	0	0.357	0.357	0	0	0	0	0	0	0	0	0	0	0	0.536	0.536	0	0	0	0.357	0	0.179	0	0	0	0	0.179	0.536	0.357	0	0	0	0	0	0	0	0.179	0	0.357	0	0	0	0.179	0	0	0	0	0	0.179	0	0.179	0	0.357	0.357	0	0	0.357	0	0	0	0	0	0	0.536	0	0	0	0	0	0	0	0	0	0	0.179	0	0	0.179	0.179	0	0	0	0	0	0	0.179	0.357	0.179	0	0	0	0	0	0	0.536	0.209	0.148	0	0.179	0	0	0	0.357	0.357	0.536	0	0	0.179	0.179	0	0	0	0.179	0.179	0.179	0.179	0	0.179	0.179	0	0.179	0.179	0	0	0	0.179	0	0	0	0	0.179	0	0.179	0	0	0.357	0	0	0	0	0	0	0	0	0.714	0.536	0.179	0	0	0	0	0	0	0.357	0	0.179	0.357	0.714	0.536	0	0	0	0	0.179	0.536	0	0	0.714	0	0.536	0.357	0.357	0	0	0.893	0.357	0.357	0	0	0	0	0.357	0.536	0.893	0.893	0.357	0.179	0	0	0	0	0.179	0	0	0.536	1.072	1.965	2.143	0.714	0.893	0.179	1.429	0	0	0.179	0	0	50:60,45.93:200,50:80
Hoxa6-NM_010454	0.179	0.179	0	0	0	0	0	0	0	0	0	0	0	0	0	0	0	0	0	0	0	0	0	0	0	0	0	0	0	0	0	0	0	0	0	0	0	0	0	0	0	0	0	0	0	0	0	0	0	0	0	0	0	0	0	0	0	0	0	0	0	0	0	0	0	0	0	0	0	0	0	0	0	0	0	0	0	0	0	0	0	0	0	0	0	0	0	0	0	0	0	0	0	0	0	0	0	0	0	0	0	0	0	0	0	0	0	0	0	0	0	0	0	0	0	0	0	0	0	0	0	0	0	0	0	0	0	0	0	0	0	0	0	0	0	0	0	0	0	0	0	0	0	0	0	0	0	0	0	0	0.179	0	0	0	0	0	0	0	0	0	0	0	0	0	0	0	0	0	0	0	0	0	0	0	0	0	0	0	0	0	0	0	0	0	0	0	0	0	0	0	0	0	0	0	0	0	0	0	0	0	0	0	0	0	0	0	0	0	0	0	0	0	0	0	0	0	0	0	0	0	0	0	0	0	0	0	0	0	0	0	0	0	0	0	0	0	0	0	0	0	0	0	0	0	0	0	0	0	0	0	0	0	0	0	0	0	0	0	0.179	0	0.179	0.179	0.179	0	0	0.179	2.143	0.893	0	0.536	0.536	0	0.536	0	0	0	0	0	0	0	0	0.179	0	0.357	0	0	0	0	0.536	0	0.179	0	0.179	0	0.179	0	0.179	0.179	0	0	0	0	0.179	0	0	0.179	0.357	0	0	0	0	0	0	0	0	0.179	0.179	0.179	0	0	0	0	0	0	0	0	0.179	0	0.179	0	0	0	0	0	0	0.179	0.179	0	0	0.179	50:60,19.075:200,50:80
Hsd3b7-NM_133943	1.25	1.25	2.679	3.393	4.286	0.357	2.679	4.286	2.143	1.607	2.5	1.607	2.322	1.607	0.714	0.536	1.786	2.858	2.858	2.5	0.893	0	0	0.357	2.322	0.536	1.072	0.179	1.965	1.072	0.357	0	0.357	0	0.536	1.607	0.714	0.536	0.179	0	0.714	0.179	2.322	0.893	1.965	4.286	4.465	2.322	2.143	0	0.893	2.143	3.929	1.25	0.179	0.536	0.179	1.607	0.893	3.572	1.786	0.179	0.179	1.072	3.724	4.313	0.893	0.536	0.357	0.179	0.179	0.357	0	1.607	0.179	0	0.179	0	0	0	0.179	0	0.179	0	0	0	0	0	0.179	0	0	0.179	0.893	0.357	0.893	0	0	0.357	0.179	0	0	0	0	0	0	0	0	0	0	0	0.346	0.189	0	0	0	0	0	0	0	0	0	0	0	0.55	0.164	0	0	0	0	0	0	0	0	0	0	0	0	0	0	0	0	0	0	0	0	0	0	0	0	0	0	0	0	0	0	0	0	0	0	0	0.179	0	0	0	0	0	0	0	0	0	0	0.179	0	0	0	0	0.179	0.179	0	0	0	0.179	0	0	0	0	0	0	0.179	0	0	0	0	0	0.179	0	0	0	0	0	0	0	0	0.179	0.116	0.063	0	0	0	0	0	0	0	0	0	0	0	0	0	0	0.357	0.179	0	0	0	0.179	0	0	0	0	0	0	0	0	0	0	0	0.179	0	0	0	0	0	0	0	0	0	0	0	0	0	0.179	0.179	0	0	0	0	0	0	0	0.179	0.357	0	0	0.179	0	0.179	0.536	0	0	0.179	0	0.179	0.357	0.357	0.536	0.357	0.357	0.179	0.536	0.536	0.179	0.179	0	0	0.179	0	0	0.357	0.179	0	0	0	0.357	0.179	0.357	0	0.179	0	0	0	0.179	0	0	0	0	0	0	0	0	0	0	0	0	0	0	0	0	0	0	0	0	0	0	0	0	0	0	0	0	0	0	0	0	0	0	0	0	0	0	50:60,15.97:200,50:80
I0C0044D17Rik-NR_151512	0	0	0	0	0	0	0	0	0	0	0	0	0	0	0	0	0	0	0	0	0	0	0	0	0	0	0	0	0	0	0	0	0	0	0	0	0	0	0	0	0	0	0	0	0	0	0	0	0	0	0	0	0	0	0	0	0	0	0	0	0	0	0	0	0	0	0	0	0	0	0	0	0	0	0	0	0	0	0	0	0	0	0	0	0	0	0	0	0	0	0	0	0	0	0	0	0	0	0	0	0	0	0	0	0	0	0	0	0	0	0	0	0	0	0	0	0	0	0	0	0	0	0	0	0	0	0	0	0	0	0	0	0	0	0	0	0	0	0	0	0	0	0	0	0	0	0	0	0	0	0	0	0	0	0	0	0	0	0	0	0	0	0	0	0	0	0	0	0	0	0	0	0	0	0	0	0	0	0	0	0	0	0	0	0	0	0	0	0	0	0	0	0	0	0	0	0	0	0	0	0	0	0	0	0	0	0	0	0	0	0	0	0	0	0	0	0	0	0	0	0	0	0	0	0	0	0	0	0	0	0	0	0	0	0	0	0	0	0	0	0	0	0	0	0	0	0	0	0	0	0	0	0	0	0	0	0	0	0	0	0	0	0	0	0	0	0	0.179	0	0	0	0	0	0	0	0	0	0	0	0	0	0	0	0	0	0.179	0.179	0	0	0	0	0	0	0	0	0	0	0	0	0	0	0	0	0	0	0.179	0	0	0	0	0	0	0	0	0	0	0	0	0	0	0	0	0	0	0	0	0	0	0	0.179	0	0	0	0	0	0	0	0	0	0	50:60,26.83:200,50:80
Ifitm2-NM_030694	0.179	0	0	0	0	0.357	0.179	0	0	0	0	0	0	0.179	0	0	0	0	0	0	0	0	0	0	0	0	0	0	0	0	0	0.179	0	0	0	0	0	0	0.179	0	0.179	0	0.179	0.714	0	0.536	0.536	0.179	0	0	0	0	3.036	1.072	0.893	0.179	0	0	0	0.179	0	0	0	0	0.714	0	0	0	0	0	0	0	0.178	0.001	0	0	0	0	0	0	0	0.179	0	0	0	0	0	0	0	0	0	0	0	0	0	0	0	0	0	0	0	0	0	0	0	0	0	0	0	0	0.179	0	0.106	0.072	0.179	0.179	0	0.12	0.416	0	0	0	0	0	0	0	0.179	0	0	0	0	0	0	0	0	0	0	0	0	0	0	0	0	0	0	0	0.179	0	0	0	0.357	0	0.179	0	0	0	0	0	0	0	0	0	0.179	0	0.103	0.076	0	0	0	0	0	0	0	0	0.179	0.179	0	0	0	0	0	0.179	0	0	0	0	0	0	0	0	0	0	0	0	0	0	0	0	0	0	0	0	0	0	0	0	0	0	0	0	0	0	0	0	0	0	0	0	0	0	0	0	0	0	0	0	0	0	0	0	0	0	0	0	0	0	0	0	0	0	0	0	0	0	0	0	0	0	0	0	0	0	0	0	0	0.357	0.357	0.536	0.605	0.288	2.322	0.179	0.357	0	0	0	0.179	0.179	0	0	0	0.179	0.179	0.357	0	0.179	0.179	0	0	0	0.714	0.179	0.357	0.179	0	0.357	0.179	0.714	0.179	0.179	0	0.179	0.357	0	0.357	0.179	0.179	0.179	0	0	0.357	0	0.357	0.357	0	0	0.179	0	0	0.357	0	0.179	0	0	0	0.179	0	0	0.179	0.357	0.179	0.179	0	0	0.179	0.179	0	0	0.714	0.357	0.179	0.179	0.179	0	0	0	0.179	0.179	0.179	0	50:60,5.615:200,50:80
Ift140-NM_134126	0	0	0.179	0	0	0	0	0	0.357	0	0	0.357	0.357	0.357	0.179	0.357	0.179	0	0.179	0.714	0	0	0.179	0	0	0	0	0	0	0.357	0	0	0	0	0	0	0	0	0.179	0	0	0	0	0.179	0	3.215	0.893	0	0	0	0	0.179	0	0	0	0	0	0	0	0.536	48.935	1.965	0.536	0	0	0.179	0.179	0	0	0	0.179	0	0	0	0	0.536	0.179	0.179	0	0.179	1.072	1.25	0.179	2.858	0.536	0.714	0.536	0.714	3.215	1.429	2.679	3.393	3.751	3.393	1.25	1.607	0.893	0.893	1.965	1.072	4.286	0.893	4.286	2.679	0.893	3.393	1.072	0.893	2.143	1.25	0.536	1.965	0.714	1.072	1.429	3.929	2.322	0	1.786	3.393	1.786	1.25	5.894	1.429	0	0.536	0.536	6.072	2.858	1.25	2.322	2.679	1.072	2.5	0.893	6.608	1.607	1.429	4.822	2.858	1.072	1.607	0.179	1.25	0.536	1.786	0.893	1.786	1.429	2.5	1.25	1.965	0.893	1.786	2.679	0	1.25	1.607	0.357	1.786	1.786	1.072	1.25	1.965	0.536	1.965	1.25	1.786	0.893	0.893	3.572	0.893	0.357	0.714	1.072	1.429	0.179	2.143	0.714	1.965	3.036	1.429	2.5	1.072	2.5	0.536	1.25	0.893	2.5	2.322	4.108	0.893	2.679	1.965	1.965	1.072	2.5	1.25	3.929	0.536	1.429	0.357	0.893	0.536	1.25	1.607	2.679	1.072	0.536	0.357	1.965	0.893	1.429	2.5	0.893	4.643	2.322	3.836	4.736	3.036	2.975	4.833	8.444	1.607	6.965	1.607	3.572	3.393	2.883	2.654	2.679	3.036	2.322	1.429	1.25	3.929	1.786	2.143	6.608	7.144	0.893	1.072	2.679	2.679	3.215	2.5	1.072	2.143	2.143	1.072	2.143	1.607	1.25	1.429	0.714	0.714	0.893	1.607	3.036	3.393	0.357	0.714	0.179	0.893	0	0	0.714	0.357	0.357	0.357	0	0	0.893	0.357	0	0.179	0.893	1.25	0.536	0.179	0	0.179	0	0	0	0	0	0	0	0.179	0.536	1.429	0	0.179	0.179	0	0.536	0.179	0	0.357	0.357	2.322	0	0	0.179	0.179	0.357	0	0.536	0	0	0	0	0.179	0.179	0	0	0.714	0.179	0.893	0	0	0.179	0.179	0.179	0	0.179	0	0	0.179	0.714	0	0	0	0	0	0.179	0	0	0.179	50:60,417.06:200,50:80
Igsf1-NM_183335	0	0	0	0	0	0	0	0	0	0	0	0	0.179	0.179	0.179	0	0	0	0	0	0	0	0	0.179	0	0	0	0	0	0	0	0	0	0	0	0	0	0	0	0	0	0	0	0	0	0	0	0	0	0	0	0	0	0	0	0	0	0	0	0	0	0	0	0	0	0	0	0	0	0	0	0.179	0	0	0	0	0	0	0	0	0	0	0	0	0	0	0	0	0	0	0	0	0	0	0	0	0	0	0	0	0	0	0	0	0	0	0	0	0	0	0	0	0	0	0	0	0	0	0	0	0	0	0	0	0	0	0	0	0	0	0	0	0	0	0	0	0	0	0	0	0	0	0	0	0	0	0	0	0	0	0	0	0	0.179	0	0	0	0	0	0	0.179	0	0	0	0	0	0	0	0	0.179	0	0	0	0	0	0	0	0	0	0	0	0	0	0	0	0	0.357	0	0	0	0	0	0	0	0	0	0	0	0	0	0	0	0	0	0	0	0	0	0.179	0	0	0	0	0	0	0	0.179	0.179	0	0	0	0	0	0	0	0	0	0	0	0	0	0	0	0.536	0	0.014	0.343	0	0	0.179	0	0	0	0.179	0	0.179	0	0	0	0	0	0	0	0	0	0	0	0	0	0.179	0	0	0	0	0	0	0	0	0	0	0	0	0.179	0	0	0	0	0.179	0	0	0	0	0	0	0	0	0.179	0	0	0	0	0	0	0.179	0	0	0.179	0.357	0	0	0	0	0.179	0	0	0	0	0	0	0	0	0	0	0	0	0.179	0	0	0	0	0	0	0	0	0	0	0	0	0	0	0	0	0	0	0	0	0	0	0	0	50:60,45.08:200,50:80
Inpp4b-NM_001297591	0	0	0	0	0	0	0	0	0	0	0	0	0	0	0	0	0	0	0	0	0	0	0	0	0	0	0	0	0	0	0	0	0	0	0	0	0	0	0	0	0	0	0	0	0	0	0	0	0	0	0	0	0	0	0	0	0.179	0	0	0	0	0	0	0.179	0	0	0	0	0	0	0	0	0	0	0	0	0	0	0	0	0	0	0	0.179	0	0	0	0	0	0	0	0	0.179	0	0	0	0.179	0	0.179	0	0	0	0	0	0	0	0	0	0	0	0	0.179	0	0	0	0	0	0	0	0	0	0	0	0	0	0	0	0.179	0	0	0	0	0	0	0	0	0.179	0.179	0	0.179	0	0	0	0	0	0	0	0	0	0	0	0	0	0	0	0	0.179	0	0	0	0	0	0	0	0	0	1.25	0	0	0	0	0	0	0	0	0	0	0.179	0	0	0	0	0	0.179	0.179	0	0	0.179	0.179	0.714	0.357	0.357	0	0.893	1.25	0	0.179	0.179	0.179	0.714	0	0	0.357	0	0.357	0.179	0	0	0	0.179	0.714	0.179	0	0.179	0.179	0	0.179	0	0.179	0.714	0	0.179	0.179	0.357	0.357	0.179	0.179	0.179	0.357	0.179	0	0.357	0	0	0.179	0.179	0	0.179	0	0.179	0.179	0	0.536	0.179	0.179	0	0.179	0	0	0.179	0	0	0	0	0.179	0.179	0	0.179	0.357	0.179	0	0	0	0	0	0	0	0	0.179	0	0	0	0	0	0	0	0	0	0	0	0	0	0	0	0	0	0	0	0	0	0	0	0	0	0	0	0	0	0	0	0	0	0	0	0	0	0	0	0	0	0	0	0	0	0	0	0	0	0	0	0	0	0	0	0	0	0	0	0	0	0	0	0	0	0	0	0	0	0	0	50:60,3900.045:200,50:80
Ipo5-NM_001360602	0.357	0	0	0	0.179	0.714	0.714	0.357	0.179	0	0.179	0	0	0.179	0.714	0	0	0.357	0	0	0	0	0	0	0.179	0.179	0	0	0	0.179	0	0	0	0	0	0	0	0.357	0	0	0.357	0	0.179	0.179	0.357	0	0	0.714	0	0.179	0.536	0	0	0.179	0	0	0.357	0.357	0.179	1.072	0.714	0.357	0.893	2.143	0.714	0.536	0.714	0.357	1.607	0	1.607	0.357	0.357	1.047	0.204	0.893	0.893	0.714	0.714	0.357	0.179	0.357	2.143	0	1.607	0.179	1.607	0.714	2.322	0.893	0	3.393	1.25	0.357	1.786	0.357	0.714	1.25	2.322	0.357	0.714	0.714	0.179	0.536	1.607	0.179	0.357	0.893	2.234	1.516	2.5	3.215	1.072	0.714	0.259	0.098	0.714	0.714	1.965	1.072	1.429	0.179	0.714	0.714	0.714	0.893	2.381	4.585	1.607	1.429	0.357	1.072	1.429	0.179	0.893	1.072	1.072	2.143	0	1.25	1.25	1.429	4.465	2.143	0.536	0.357	1.072	2.522	1.943	0.714	1.965	3.929	0.179	1.965	1.965	1.25	2.5	0	3.929	1.429	1.429	1.607	0	1.429	1.607	2.143	0.714	0.357	0	0.536	1.945	7.835	5.937	4.108	15.538	5.715	0.536	4.222	9.351	0.536	4.643	2.143	0.893	1.25	0.536	1.607	5.179	1.25	1.429	1.072	2.143	0.714	1.429	12.145	3.036	1.607	3.929	1.429	3.572	1.893	3.108	0.357	3.751	5.894	2.143	7.144	5.536	1.429	9.287	2.143	2.143	6.865	3.493	7.501	2.581	1.706	5.179	8.037	4.643	4.465	1.786	2.143	3.572	3.215	4.108	0.893	2.143	6.072	2.679	4.643	7.501	2.322	0.405	0.845	4.286	2.858	3.572	0.893	1.965	4.286	5.715	14.109	2.858	2.5	3.751	0.536	0.893	1.072	1.072	1.607	10.894	7.501	2.322	1.072	1.786	3.572	9.108	16.609	2.858	5.715	1.786	2.858	2.322	4.822	1.072	1.786	9.823	10.001	5.536	7.144	4.108	10.716	2.679	1.429	0.893	1.965	4.465	1.25	0.714	0.536	2.679	6.072	6.072	3.215	2.322	2.143	2.322	1.965	3.036	3.215	10.001	0.357	0.893	2.143	2.679	0.893	0.893	3.393	2.679	0.536	0.893	0.714	0.536	4.108	3.929	1.429	4.822	5.179	0.179	0.179	2.5	0.893	0.536	1.607	0.893	1.072	0.179	2.143	1.25	0.536	0	0.179	0.179	0.179	4.286	0.357	0.179	1.429	0.893	0	0	0	0	0	0	0.179	0	0.179	0	0	50:60,160.99:200,50:80
Ipo9-NR_151727	0	0.179	0	0.179	0.357	0.357	0	0.179	0	0.179	0	0	0	0.179	0	0.179	0	0	0	0	0	0	0	0.179	0	0	0	0	0	0	0	0	0	0	0	0	0	0	0	0	0	0	0	0	0	0.179	0	0	0	0	0	0.179	0.179	0.179	0	0	0.536	0	0	0	175.381	3.886	6.294	0.179	0.357	0.179	0.179	0	0	0	0	0	0	0	0.179	0	0	0	0.179	0	0.536	0.357	0	0	1.072	0	0.357	0	0	0	0.179	0.179	0	0.357	0.179	0	0	0	0	0	0	0	0	0	0.536	0.714	0	0	0	0.179	0	0	0.714	0.179	0	0	0.357	0.179	0	0.071	0.107	0.357	0.536	0.536	0.714	0	0.179	1.607	0	0	0	0.357	0	1.25	1.429	0	0.357	0.357	0.893	0.357	1.429	0.357	0.714	0	0.714	0.357	0.714	1.072	0.893	0.893	1.429	2.322	1.25	1.786	2.143	2.322	0.536	0.536	2.5	2.322	3.036	4.643	2.5	4.822	2.5	1.072	0.714	0.536	1.607	1.786	6.608	2.5	0.893	3.572	1.072	2.858	1.965	1.965	1.429	1.072	2.5	0.536	0.179	5.994	9.723	1.072	1.429	0.714	4.286	1.965	4.643	0.714	1.25	0.179	2.322	0.357	0.357	1.25	0.357	0.357	2.679	2.5	0.536	1.429	1.786	1.072	0.357	1.965	4.822	3.751	1.072	1.429	2.143	2.5	3.215	1.965	2.143	0.357	0	1.072	5.179	1.607	0.893	4.465	3.751	5.001	7.68	5.536	0.179	3.751	1.965	5.715	2.858	3.572	6.429	1.072	0.179	0.714	3.393	4.143	8.894	5.179	3.036	4.822	6.251	9.823	3.215	5.179	6.072	1.965	8.573	6.251	25.361	15.359	4.643	15.402	27.997	34.469	18.931	13.216	2.322	2.679	0.179	3.393	4.465	4.465	2.5	5.358	2.5	0	0	0	1.786	3.036	1.786	1.965	1.965	4.643	0	0	0.179	4.643	3.572	5.536	0.893	1.25	1.607	3.393	4.286	5.179	0.714	0.714	1.607	3.036	4.465	1.429	3.751	0.536	3.215	3.036	2.679	2.143	1.607	0.714	0	0.179	0	0.357	1.429	1.25	1.607	0	0.179	0	0.179	0.179	0.357	1.429	0.714	0.179	0.536	3.751	2.143	0	2.858	2.143	2.143	0.714	1.965	0.179	0.893	0.357	0.357	0.179	0.357	1.072	0.179	0.357	0.536	0.179	50:60,240.94:200,50:80
Irx6-NM_001301137	0	0	0	0	0	0	0	0	0	0	0	0	0	0	0	0	0	0	0	0	0	0	0	0	0	0	0	0	0	0	0	0	0	0	0	0	0	0.179	0	0	0	0	0	0	0	0	0	0	0	0	0	0	0	0	0	0	0	0	0	0	0	0	0	0	0	0	0	0	0	0	0	0	0	0	0	0	0	0	0	0	0	0	0	0	0	0	0	0	0	0	0	0	0	0	0	0	0	0	0	0	0	0	0	0	0	0	0	0	0	0.179	0	0	0	0	0	0	0	0	0	0	0	0	0	0	0	0	0	0	0	0	0	0	0	0	0	0	0	0	0	0	0	0	0	0	0	0	0	0	0	0	0	0	0	0	0	0	0	0	0	0	0	0	0	0	0	0	0	0	0	0	0	0	0	0	0	0	0	0	0	0	0	0	0	0	0	0	0	0	0	0	0	0	0	0	0	0	0	0	0	0	0	0	0	0	0	0	0	0	0	0	0	0	0	0	0	0	0	0	0	0	0	0	0	0	0	0	0	0	0	0	0	0	0	0	0	0	0	0	0	0	0	0	0	0	0	0	0	0	0	0	0	0	0	0	0	0	0	0.179	0	0	0	0	0	0	0	0	0	0	0	0	0	0	0	0	0	0	0	0	0	0	0	0	0	0	0	0	0	0	0	0	0	0	0	0	0	0	0	0	0	0	0	0	0	0	0	0	0	0	0	0	0	0	0	0	0	0	0	0	0	0	0	0	0	0	0	0	0	0	0	0	0	0	0	0	0	0	0	0	0	0	50:60,33.34:200,50:80
Izumo1-NM_001018013	0	0	0	0	0	0	0.179	0	0	0	0	0	0	0	0	0	0	0	0	0	0	0	0	0	0	0.179	0	0	0	0	0	0	0	0	0	0	0	0	0	0	0	0	0	0	0	0	0	0	0	0	0	0	0	0	0	0	0.179	0	0.179	0.536	2.679	0.179	0	0	0	0	0.179	0	0	0	0	0	0	0	0	0	0	0	0	0	0	0	0	0	0	0	0	0	0.114	0.064	0	0.179	0	0	0	0	0	0	0	0	0.179	0	0	0	0	0.179	0	0	0	0	0	0	0	0	0	0	0	0	0	0	0	0	0.179	0	0.179	0.357	0	0	0	0	0	0	0.536	0	0	0	0	0.179	0.179	0	0	0	0	0	0	0	0	0	0	0	0	0	0	0	0.179	0.179	0	0	0.179	0	0	0	0.357	0.179	0	0	0	0.179	0	0	0	0.179	0	0	0	0.179	0	0	0	0	0	0	0	0	0	0.029	0.15	0	0	0	0	0	0	0	0	0	0	0.179	0	0	0	0	0	0	0	0	0.179	0	0	0	0	0	0	0	0	0	0	0	0	0	0.136	0.043	0	0	0	0	0	0	0	0	0	0	0	0	0	0	0.179	0	0	0.536	0.179	0.179	0	0.179	0	0	0	0	0.179	0	0	0	0	0	0	0	0	0	0.179	0	0	0	0	0	0.179	0.357	0	0	0.179	0.179	0	0	0	0	0	0	0.179	0	0	0.536	1.607	0.357	0	0	0	0.179	0	0	0	0	0	0	0	0	0.179	0	0.714	0.179	0	3.751	12.859	8.215	4.108	0	0.179	0.179	0.179	0	0	0	0	0	0	0	0.179	0	0	0	0.179	0	0	0	0	0.357	0	0	0.179	3.036	0.357	0.357	0	0	0	0.179	0.179	0.179	0.179	0	0	0	50:60,27.16:200,50:80
Kcnip3-NM_001111331	0	0	0	0	0	0	0.357	0	0	0	0	0	0.179	0	0	0	0.357	2.5	1.786	0.179	0	0.179	0	0	0.357	0	0	0	0	0	0	0	0	0	0	0.179	0	0	0	0	0	0.179	0	0	0	0	0	0	0.179	0.179	0	0.357	0	0	0	0	0.179	0	0	0	4.465	0.357	0.179	0.536	0.536	0.179	0.179	0	0.179	0.179	0	0	0.179	0	0	0	0.357	0	0.357	0	0.179	0.357	0	0	0.179	0	0.179	0	0	0.179	0.179	0	0	0	0	0	0	0	0	0.179	0.179	0.357	0	0	0	0.179	0	0.179	0	0	0	0	0.179	0	0	0	0.179	0.714	0	0	0.357	0.357	0.357	0.357	0.179	0	0.179	0.357	0.179	0	0	0.179	0.357	0.179	0.893	0.536	0.357	0.536	1.965	0.357	0.357	0.536	0.179	0	0.179	0.179	0.179	0	0	0.179	0	0	0	0.179	0.179	0.179	0	0	0.536	0.357	0	0	0.179	0.893	0.179	0.357	0.179	0	0	0.179	0.179	0	0.357	0	0	0	0.536	0	0	0.357	0.357	0	0	0.179	0	0	0	0.179	0	0	0.179	0	0	0	0	0.179	0	0	0	0	0	0.179	0	0.179	0	0.893	0.179	0.179	0	0	0	0.179	0	0	0.357	0	0.179	0.179	0.536	0.536	0.357	0.179	0.179	0.357	0	0.536	0.536	0	0	0	0	0.357	0	0	0.179	0	0.179	1.429	1.429	0.179	0	0.179	0	0	0.179	0.357	0	0	0.536	1.072	1.786	0.357	0.179	0	0.536	0.357	0.357	0.893	0.179	0.714	0.893	0.536	0.357	0.536	0.893	0.179	0	0.714	1.429	0.357	0.179	0.179	1.25	2.322	0.536	1.072	0	0	0	0	0	0	0	0	0	0	0	0	0	0	0	0	0	0	0	0	0	0.357	0	0.179	0.179	0.179	0	0	0	0	0	0	0	0	0	0	0	0	0	0	0	0	0	0	0	0	0	0	0	0	0	0.179	0.357	0	0.357	0.536	0	0	0	0	0	0.179	0	0	50:60,130.01:200,50:80
Kctd10-NM_026145	0	0	0	0	0	0	0	0	0	0	0	0	0	0	0	0	0	0	0	0	0	0	0	0	0	0	0	0	0	0	0.714	0	0	0	0	0	0	0	0	0	0.179	0	0	0	0	0	0	0	0.357	0	0	0	0	0	0.714	0.536	0.179	0	0	0	28.04	14.109	3.393	1.965	0.536	0.179	0.357	0.179	0.714	5.001	0.893	0.714	0.536	0.179	0	0	0.357	0.536	1.429	0.357	0.179	0	0	0	0	0.357	0	0.179	0.179	0	0	0	0	0	0.357	0.536	0	0	0	0	0	0	0	0	0.179	0	0	0	0	0	0	0	0.536	0	0.357	0	0	0.179	0.179	0.179	0.536	0	0	0	0	0	0	0.536	0.357	0.179	0.179	0.179	0.357	0	0	0.179	0	0.225	0.311	0	0	0.357	0.179	0	0	0	0.357	0.179	0	0	0	0.179	0.357	0.714	0	0.114	0.421	0.179	0	0.179	0.357	1.429	0.357	0.179	0	0.179	0.179	0	0	0	0	0	0	0	0	0	0.179	0.357	0.357	1.072	0	0	0	0	0.357	0.179	0.357	0.357	0	1.965	0.536	0.357	0.179	0	0.179	0.179	0	1.072	0.714	1.429	0.179	0.179	0	0	0	1.072	0.536	0.179	0.357	0	0	0	0.357	0.179	0.179	1.429	0.179	0.536	0.714	0.357	0.536	0.893	1.25	0.714	0.357	1.607	1.25	1.965	0.357	0.179	0.357	1.072	1.072	0.893	0	0.357	0.714	1.786	3.572	1.357	1.5	0.179	0.714	0.179	0.536	1.965	2.143	3.036	0.714	0.714	0.179	0.714	0.179	0	0	0	0.357	0.179	0.714	1.607	0	0.536	0.536	1.072	1.429	0	0.357	0.714	0	0.357	0	0	0	0.179	0.714	0	0.179	0	0.179	0.357	0.357	0.179	0.357	1.072	0.179	0	0	0.357	0.536	0.357	0.357	0	0.357	0.179	0	0	0.179	0.357	0.179	0	0	0	0	0	0	0.357	0.536	0.893	2.5	0.179	0	0.357	0	0.179	0.536	0.179	0	0	0.179	0	0.357	0	0	0	0.179	0	0	0	0	0	0.357	0.179	0.714	0	0	0	0.536	0.179	0	0.357	50:60,84.67:200,50:80
Kdm2a-NM_001001984	0	0.179	0	0	0	0	0	0	0.179	0	0	0.357	0	0	0	0	0	0	0	0	0	0	0	0	0	0	0	0	0.714	16.609	8.037	0	0	0.179	0	0.536	0.893	3.751	1.25	0.179	0	0	0	0.179	0.179	0	0	0.357	0	0.179	0.357	1.429	0	0	0	0	0.179	1.607	2.5	32.326	37.148	4.342	1.016	1.429	0.357	0.345	1.263	0.179	1.25	0	0	0.536	0	0.357	0.357	0.179	0	0.714	0	0	1.072	0.179	1.607	0.536	0.893	0.357	0	0.357	0.179	0.357	0.536	1.072	0.536	0.536	0.536	1.607	0.893	1.25	0.714	1.607	0.357	1.786	4.465	1.072	1.072	1.072	3.036	1.25	1.429	3.572	1.858	4.214	1.072	3.393	1.79	1.603	1.607	0.893	0.357	5.536	10.537	5.179	2.143	3.215	1.786	1.429	3.393	3.393	2.679	1.607	0.536	2.322	6.429	3.215	3.751	1.965	3.215	1.072	1.25	0.714	4.108	2.322	0.714	4.108	5.536	4.465	3.036	2.143	1.25	2.858	1.25	1.965	5.001	0.536	4.643	0.714	8.93	5.179	3.751	4.108	1.786	6.608	4.286	3.751	1.965	4.465	2.5	1.072	1.25	4.643	3.393	8.037	9.108	3.215	1.786	3.215	3.215	4.108	1.786	4.643	3.572	2.143	3.751	5.894	2.679	7.858	2.143	4.108	7.858	6.251	1.429	3.751	5.715	7.68	7.858	5.536	10.716	7.501	7.144	7.501	3.393	1.429	10.001	2.858	8.573	17.681	9.287	3.393	1.607	3.036	0.536	5.179	8.037	36.969	22.146	30.897	40.898	30.897	10.716	17.86	11.966	2.858	2.679	6.251	1.429	1.607	2.5	0.893	3.393	0.893	11.252	3.215	6.664	4.587	3.572	4.286	5.715	4.822	2.5	6.072	1.429	4.643	5.715	6.88	8.837	13.186	5.031	12.145	5.894	11.787	3.572	3.215	5.358	10.001	12.323	22.146	19.83	37.678	39.113	15.002	0.893	2.5	1.786	1.607	4.465	8.573	6.072	1.965	0	0	2.679	3.036	3.393	1.607	1.429	2.143	3.929	3.929	1.786	0.179	1.965	7.68	10.001	5.715	1.786	1.25	4.643	1.965	3.393	0.536	3.215	1.072	0.536	0.357	1.072	2.322	3.751	4.643	0.179	1.965	1.607	2.858	1.786	0.179	0.536	1.429	0.179	0.357	1.072	3.036	2.322	1.607	0.179	3.215	1.429	1.072	2.858	1.607	1.25	3.215	2.322	3.036	4.643	0.536	1.072	3.929	0.536	0.893	0.714	0	0.357	0	0	0.536	0.357	0	0.179	0	0.179	0	50:60,404.655:200,50:80
Klc3-NM_146182	0	0	0	0	0	0	0	0	0	0	0	0	0	0	0	0	0	0	0	0	0	0	0	0	0	0	0	0	0	0	0.179	0	0	0	0	0	0	0	0	0	0	0	0	0	0	0	0	0	0	0	0	0	0	0	0.179	0	0.179	0	0.536	0	0	1.932	1.461	0.714	6.608	1.429	0.179	0.179	0.179	0.179	0	0	0	0	0.536	0.179	0	0.179	0	0.179	0	0.357	0.179	0	0.179	0	0	0.179	0.536	0	0.357	0.893	0.357	0	0	0	0	0	0	0	0	0	0	0	0	0	0	0	0	0	0	0	0	0	0.179	0	0.179	0.179	1.607	0.893	0.714	0	0	0	0	0	0.179	0.179	0	0	0	0	0.179	0	0	0	0	0	0	0	0.179	0.179	0	0	0	0	0	0.179	0	0	0	0	0.023	0.155	0.179	0.357	0.179	0.357	0	0	0.536	0	0	0	0	0	0	0.714	0	0	0	0	0	0.179	0	0	0.179	0	0	0	0	0	0	0	0	0	0.179	0	0	0	0	0.179	0	0.179	0	0.179	0.179	0.207	0.505	0.002	0	0.179	0	0	0.179	0	0	0	0.357	0	0.357	0	0	0	0.179	0.179	0	0	0	0	0	0.179	0	0	0	0	0	0	0	0	0	0	0	0	0	0.179	0	0	0	0.179	0	0	0.536	0.179	0.179	0.179	0.179	0.357	0.536	0	0	0	0	0	0.179	0.357	0.357	0.179	0	0	0.179	0.357	0.357	0.714	0.179	0.357	0	0.357	0.179	0.714	0.179	0.536	0.893	0.357	0.714	1.072	0.536	0.179	0.179	0.179	0.536	0.179	0	0.357	0	0	1.072	0.357	0.357	0	0	0	0	0.179	0.179	0.714	0.536	0.714	0.179	0	0	0.179	0.536	0	0.179	0.714	0.714	0	0.179	0.179	0.357	1.607	0.179	0	0.536	0	0	0	0	0	0	0.179	0.179	0.179	0	0	0.357	0.179	0.536	0	1.25	0.179	0.179	0	0	0	0	0	0	0.357	50:60,27.41:200,50:80
Klf8-NM_001357183	0.179	0	0	0	0	0	0	0	0	0	0	0	0	0	0	0.179	0	0	0	0	0	0	0	0.179	0	0	0	0	0	0	0	0.357	0	0	0	0	0	0.179	0	0	0.357	0	0.179	0.179	0	0	0	0	0.179	0	0.179	0.179	0	0	0	0.179	0	0	1.25	3.929	0.814	0.793	5.358	0.893	2.143	1.314	1.543	1.072	0.893	0.179	0	0.179	0.357	0	0	0.536	1.429	0	0.714	0.179	0.179	0	0.179	0.714	0	0.179	0	0	0.179	0.179	0	0.357	0.357	0.179	0	0.536	0.357	0.179	0.893	0.536	0	0.179	0.179	0	0.714	0.536	0.357	0.357	0	0.179	0.714	0.179	0.357	0.893	0.714	1.072	0.357	0	0.357	0.357	0	0	0.179	0	0.179	0.179	0.179	0.357	0.536	0	0.536	0.357	0	0.179	0.179	0.179	0	0.357	0.536	0	0	0.179	0.357	0	0	0	0	0	0	0	0	0	0.179	0	0	0.179	0.357	0	0	0	0	0	0.714	0.357	0.536	0.357	0.179	0	0.357	0.179	0.357	0.357	0.179	0.179	0.179	0	0.357	0.357	0	0	0.536	0.536	0.179	0.357	0	0	0.357	0	0.714	0	0	0	0	0.179	0	0.179	0.357	0.179	0	0.536	0.179	0.179	0	0	0.179	0.357	0.357	0.179	0.536	0.536	0	0.179	0.357	0	0.357	0	0	0.179	0	0.179	0.714	0.714	0.536	1.429	0.357	1.072	0.179	0.536	1.25	0.179	0.714	1.072	0.357	1.786	0.714	1.072	2.322	0.357	0	2.322	1.429	1.25	1.25	1.972	2.136	0.179	0	0.536	0.357	0.714	0.179	0.893	0.907	1.057	1.607	0.714	4.643	0.179	0.536	0.714	0.357	0	0.179	0.179	0.536	0	0.893	0.714	0	0	0.179	1.607	0.893	0.893	0.179	2.143	2.858	0.357	1.786	0.357	0	0.714	0.179	0	0.179	0	0	0	0.536	0.714	0.179	0.179	0	0	0	0	0	1.607	0	0.357	0.536	0.536	0.357	0.357	0	0	0	0	0	0	0	0	0	0	0	0	0	0	0.357	0	0	0.536	0	0	0	0	0	0	0	0	0.357	0.179	0	0	0	0	0	0.179	0	0	50:60,196.56:200,50:80
Kng2-NM_001102409	0	0	0	0	0	0	0	0	0.179	0	0	0	0.179	0	0	0	0	0	0	0	0	0	0	0	0	0	0	0	0	0	0	0	0	0	0	0	0	0	0	0	0	0	0	0	0	0	0	0	0	0	0	0	0	0	0	0	0	0	0	0	0	0	0	0	0	0	0	0	0	0	0	0	0	0.893	1.25	0.179	0	0	0	0	0	0.536	0	0	0	0	0.179	0	0	0	0	0	0	0	0.179	0	0	0	0	0.357	0.357	0	0	0	0	0	0	0	0	0	0	0	0	0	0	0.179	0	0	0	0	0	0	0	0	0	0	0	0	0	0	0	0	0	0	0	0	0	0	0	0	0	0	0	0	0	0.179	0	0	0	0	0	0	0	0	0	0	0	0	0	0	0	0	0	0	0	0	0	0	0	0	0	0	0	0	0	0	0	0	0	0	0	0	0	0	0	0	0	0	0	0	0	0	0	0	0	0	0	0	0	0	0	0	0	0	0	0	0	0	0	0	0	0	0	0	0	0	0	0	0	0	0	0	0	0	0	0	0	0	0	0	0	0	0	0	0	0	0	0	0	0	0	0	0	0	0	0	0.179	0	0	0	0	0	0	0	0	0	0	0	0.179	0	0	0	0	0	0	0	0	0	0	0	0	0	0	0	0	0	0	0	0	0	0	0	0	0	0	0	0	0	0	0	0	0	0	0	0	0	0	0	0	0	0	0	0	0	0	0	0	0	0	0	0	0	0	0	0	0	0	0	0	0	0	0	0	0	0	0	0	0	0	0	0	0	0	0	0	0	0	0	0	0	50:60,216.25:200,50:80
Lbhd1-NM_001286103	0.536	18.395	14.109	2.143	3.751	0	0.179	0	0	0	0	0	0	0	0	0	0	0	0	0.179	0	0	0	0	0	0	0	0.179	0	0	0	0.179	0	0	0	0	0	0	0	0	0	0	0	0	0	0	0	0	0	0	0	0	0	0	0	0	0	0	0	0.179	0	0.179	0	0	0	0	0	0	0	0	0	0	0	0	0	0.179	0	0	0	0	0	0	0	0	0	0	0	0	0	0	0	0	0	0	0	0	0	0	0	0	0	0	0	0	0	0	0	0	0	0	0	0	0	0	0	0	0	0	0	0	0	0	0	0	0	0	0	0	0	0	0	0	0	0	0	0	0	0	0	0	0	0	0	0	0	0	0	0	0	0	0	0	0	0	0	0	0	0	0	0	0	0	0	0	0	0	0	0	0.179	0	0	0	0	0	0.179	0	0.179	0	0.179	0.357	0.357	0	0	0	0	0.179	0	0	0	0	0	0	0	0	0.179	0	0	0	0	0	0	0	0	0	2.661	41.224	140.962	112.823	7.372	14.823	8.751	0.357	0.309	3.084	0.357	0.893	0.536	0	0	0.357	1.607	2.143	0	0	0	0	0	0	0	0	0	0	0	0	0.179	0	1.072	0	0	0	0	0	0	0	0	0.179	0	0	0	0	0	0	0	0	0.179	0	0	0	0	0.179	0.179	0	0	0	0	0	0	0.179	0.357	0	0.179	0	0.536	0.714	0	0	0.357	0	0.714	0	0	0.536	0.357	1.25	1.429	1.965	0.536	0.357	0.179	0.179	0.714	0.714	0.357	0.179	0.357	0.179	0.536	0.536	0.357	0	1.607	0.357	3.036	3.215	7.322	11.787	2.858	0.714	0.536	2.858	2.322	1.607	0.714	1.072	0.357	0.357	0.179	0.357	0.893	1.607	0.893	0	0	0	0.893	0.357	0.536	0.714	0.893	0	0.357	0.357	0.536	0.714	0.714	0	0	0.179	0	0	50:60,34.41:200,50:80
Lcat-NM_008490	0	0	0	0	0	0.357	0.357	0.536	0.357	1.429	0.179	0	0	0.179	0.179	1.25	0.179	0.179	0.714	0.536	0.357	1.607	0.179	1.607	1.25	1.607	1.965	0.179	0	0	0.536	0.357	0.714	1.072	0.714	1.786	0.536	2.679	0.893	0.357	1.072	1.429	0.357	1.25	0.893	0.536	0.179	0.179	0.536	0.536	1.607	0.536	1.072	0	0.179	2.679	0.179	0.357	0.179	1.072	2.322	0.179	0.357	0.179	0.179	0.179	0.682	0.211	0.536	0	0	0	0	0.179	0	0	0	0.179	0.357	0.536	0.618	1.347	0.714	0.893	0.357	0	0.179	0	0.179	0	0.179	0	0	1.072	0	0.179	0.714	0.872	1.45	3.286	0.643	0.536	1.64	0.304	1.986	0	0.179	0.086	0.629	1.072	1.25	0.179	0.357	0	0	0.536	0.179	0.179	0.179	0.357	0	0.179	0.357	0.536	0.536	0.536	0	0	0.179	0	0	0.179	0	0	0.179	0	0	0	0	0	0	0	0	0	0	0	0	0	0	0	0	0	0	0	0.179	0.179	0	0	0.536	0	0.179	0	0	0	0	0	0	0	0	0	0	0	0	0.179	0	0	0	0	0	0	0	0	0	0	0	0	0	0	0	0	0.179	0	0	0	0.179	0.179	0.179	0.179	0.179	0	0	0	0	0	0	0	0	0	0	0	0	0	0	0	0	0	0	0	0	0	0	0	0	0.357	0	0	0	0	0	0	0	0	0	0	0.179	0.179	0.357	0.357	0	0.179	0	0.179	0	0	0	0	0.179	0.179	0	0.179	0	0	0	0	0	0.179	0	0.179	0	0	0.536	1.25	0.357	2.5	4.643	6.608	1.607	0.179	0.893	2.5	0.357	0.357	0.179	0	0	0	0.179	0.179	0.357	0.357	0	0	0	0	0.357	0.357	0.357	0.179	0.536	0.357	0.179	0.179	0.893	0.714	0.357	0	0.357	1.25	0.536	0.357	0.357	0	0.179	0	0	0	0.179	0	0	0.179	1.072	4.108	11.609	1.786	0	0	0.179	0.179	0.536	0	0	0	0	0	0	0.179	0	0	0	0	0	0	0.179	0	0.893	0.536	0	0	0	0	50:60,19.26:200,50:80
Lcorl-NM_001163073	0	0	0	0	0	0	0	0	0	0	0	0	0	0	0	0	0	0	0	0	0	0	0	0	0	0	0	0	0	0	0	0	0	0	0	0	0	0	0	0	0	0	0	0	0	0.536	0.357	0	0	0.179	0	0	0.179	1.607	1.072	0.357	0	0.536	0	0.179	34.469	11.609	2.143	0.357	0	0	0	0	0	0	0	0	0	0	0	0.179	0	0.179	0.893	0.714	0.179	0	0	1.786	0.536	0.714	0.714	0.714	0	0.536	0.357	1.429	1.607	0.179	1.072	0.714	0.357	1.072	0.536	0.714	0	0.536	0.714	0.179	0.893	1.072	0.536	0.179	0.357	1.429	2.322	1.607	1.429	2.858	0	0	0	0	0.536	0.714	1.25	0.179	0.536	0.536	0.893	0	4.643	4.465	1.786	2.5	3.572	3.215	1.25	1.607	4.286	4.286	3.572	0.536	2.679	4.286	0.357	0	0	0.893	0	0.179	0.179	0	0	0.536	1.837	2.985	4.108	7.144	5.358	4.643	3.036	1.429	2.5	7.144	5.179	4.108	5.536	11.609	4.108	11.073	5.001	6.787	2.679	7.501	15.002	7.144	0.893	2.5	1.25	0.536	7.501	6.072	8.215	17.681	4.366	2.778	5.715	7.68	2.858	4.822	5.715	3.036	3.751	10.716	7.144	1.965	2.322	6.072	1.072	6.608	9.108	2.143	3.929	3.393	5.179	6.429	1.072	3.479	6.165	7.68	2.143	7.858	8.751	6.251	7.322	6.787	5.179	3.036	8.573	4.286	6.251	6.965	6.787	2.5	1.786	5.001	3.572	6.072	12.145	3.572	6.072	6.608	5.894	3.509	3.277	4.108	5.001	5.894	0.714	2.322	3.929	1.607	1.25	5.715	3.393	2.143	4.286	5.358	3.393	1.965	0.357	7.68	8.394	3.215	4.822	5.358	5.001	5.358	6.429	6.429	8.751	4.465	1.965	5.536	0.536	0.357	0.536	0.536	0.357	0.179	0.179	0	0.357	0.179	0	0	0.179	0.357	0	0.179	0	0.893	2.322	1.25	0.893	0.536	0.357	0	0.893	0.357	0.536	0.714	0.536	0.357	0	0.357	0	0.179	0.357	0.357	0.536	0.179	0.179	0	0	0	0.179	0.179	0.357	0.179	0.179	0	0	0.357	0.536	0	0.179	0.179	0	1.072	1.607	1.072	0.536	0.357	0.179	3.036	2.143	1.429	0	0.357	1.072	2.679	0.179	0.179	0	0.357	1.429	0.357	0	0.714	0	0	0.357	0.536	50:60,636.045:200,50:80
Ldah-NM_001167767	0	0	0	0	0	0	0	0	0	0	0	0	0	0	0	0	0	0	0	0	0	0	0	0	0	0	0	0	0	0	0	0	0	0	0	0	0	0	0	0	0	0	0	0	0	0	0	0	0	0	0	0	0	0	0	0	0	0	0	0	202.885	0.357	0.179	0	0	0	0.179	0.179	0.179	0	0.179	0	0.357	0	0	0	0	0	0	0.179	0.357	0	0	0.536	0.536	0	0	0.357	0.714	0	0.714	0	0.179	0.179	0	0.179	0	0.357	0.357	0.357	0.357	0.357	0.357	0.714	0.179	0	0.179	0.179	0.357	0	0.179	0	0	0	0.179	0.357	0.179	0.357	0.357	0	0	0.357	0.179	0.893	0.357	0.714	0.357	0.357	0.893	0.714	0.179	0.714	0.714	1.072	0.714	0.357	0.893	0.714	0.179	0.357	0	0	1.25	0.714	1.429	2.679	2.322	0.893	1.072	2.322	1.965	0.357	2.322	2.322	1.786	1.072	1.25	0.893	1.25	2.143	5.715	1.429	0.893	0.893	0.536	1.25	0.927	1.395	1.25	0.536	0.179	1.429	4.286	1.072	3.215	0.179	1.429	1.429	0.357	2.5	1.607	0.536	3.036	1.25	2.322	0.893	1.607	3.929	0	0.179	1.786	0.714	0.714	1.072	0.893	0.536	1.072	2.5	2.143	2.858	3.215	3.036	0.714	0.893	1.072	0.714	1.25	0.179	3.393	2.5	2.143	1.965	1.072	3.572	1.607	3.929	2.5	0.357	0.714	0.357	0.179	0	0	1.965	0.893	1.072	1.25	1.072	1.965	2.5	1.786	1.607	1.429	2.679	1.607	1.786	3.215	3.929	3.572	0.179	1.965	3.751	3.215	1.429	3.751	3.215	1.607	2.5	1.429	6.072	3.751	2.679	2.143	4.286	3.751	0.714	0	5.358	4.286	9.287	1.072	1.072	2.858	0.179	0.357	0.357	3.215	0.179	0.714	0.357	1.429	2.143	2.322	0.714	4.286	5.179	4.822	0.893	0.357	0.179	0.179	0.179	0	0	0.179	1.072	2.858	0.893	0.714	0.893	1.072	0	0.714	0.714	0.357	0.536	1.786	1.786	0.714	0.536	0	0.357	0	0.179	0	0.179	0.357	0.357	0.893	0.714	1.786	0.536	0.893	0.179	0.536	0.893	1.072	0	0.179	0.179	0.714	0.714	1.072	0.179	0.536	0.357	1.072	0.893	0.179	0.357	0	0	0.179	0.893	0.714	0.893	0.179	0.357	0.179	0.179	50:60,388.17:200,50:80
Lmntd2-NM_028050	0	0.179	0	0	0	0	0	0	0	0	0.893	0	0.179	0	0.536	0.179	1.607	0.714	0	1.25	0.893	0.714	0.536	0.179	0	0	0.714	1.607	18.038	1.607	5.179	13.037	3.036	2.679	0.893	1.429	0.357	1.429	1.072	0.714	0.357	0	0.179	0.893	1.607	0.179	0	0	0.893	0.179	0.357	0.714	2.143	2.5	2.5	0.536	0.179	1.072	0.536	0.357	0	0	0	0	0.179	0	0	0	0	0	0	0	0.357	0.357	0.179	0.179	0.714	0	0	0.143	0.036	0.179	0	0	0	0	0.357	0.357	0.179	0.179	0	0	0	0	0	0	0.179	0	0	0	0.179	0.179	0.179	0	0.179	0.179	0	0	0	0.179	0	0	0	0	0	0	0	0	0	0	0	0	0.179	0	0	0	0	0	0	0	0	0	0	0	0	0.179	0	0	0.536	0.179	0	0	0	0	0	0.179	0	0	0	0	0	0	0	0	0.179	0	0	0	0	0	0	0	0	0	0	0	0	0	0	0	0.179	0	0	0	0	0.179	0	0	0	0	0	0	0	0	0	0	0	0	0	0.179	0.159	0.02	0	0	0.179	0	0	0	0	0	0	0	0	0	0.179	0	0	0	0	0	0.179	0.179	0	0	0	0	0	0.179	0	0.179	0.179	0	0	0	0	0	0	0	0	0	0	0	0	0	0	0	0.179	0	0	0	0	0	0.179	0	0	0	0	0	0	0	0	0	0.179	0	0	0	0	0	0	0	0	0	0	0	0	0	0	0	0	0	0.357	0.179	0	0	0	0	0.179	0.179	0	0	0.179	0.179	0.179	0.357	0	0	0.536	0	0.357	0	0	0.357	0	0	0.179	0	0.179	0	0	0	0	0	0.179	0	0	0	0	0	0	0.179	0.357	0.536	0.536	1.786	1.25	0.357	0.357	0.536	0	0.536	0.357	0.357	0	0.179	0	0	0.357	0.179	0	0	0.179	0	1.072	0.179	0	0.179	0	0	0	0.357	50:60,20.19:200,50:80
Lsr-NM_001164184	0	0	0	0	0	0	0	0	0	0	0	0	0	0	0	0	0	0	0	0	0	0	0	0	0	0	0	0	0	0	0	0	0	0	0	0	0	0	0	0	0.179	0	0	0	0	4.643	5.715	0.357	0.714	0	0.179	0.714	1.25	0.357	0.357	0.357	0	0	0	0	9.823	127.339	0	2.679	11.609	1.786	0.536	0.357	1.429	0	0	0.179	0	0	0	0	0	0.357	0	0	0	0	0	0	0	0	0	0	0.179	0	0.179	0	0.179	0	0.179	0	0.357	0	0	0	0	0	0	0	0	0.179	0.714	0	0.179	0	0.179	0	0	0.357	0.179	0.179	0.357	0.179	0	0	0.357	0.179	0	0.179	0.179	0.179	0.536	0	0	0.357	0.179	0	0.357	0.357	0.893	1.25	0.179	0.357	0.357	1.072	2.054	0.446	0	0.357	0.179	0.179	0.714	0.357	0.714	0.179	1.072	0.357	0.714	0	0.357	0.179	0.179	0.179	0	0	0.536	0.179	0	0	0	0	0	0.536	0.893	0.179	0.179	0	0	0.357	0.179	0.179	0	0.179	0.179	0.179	0	0.357	0.179	0	0.893	0.179	0	0	0	0	0.179	0.357	0.179	0	0.179	0.179	0.714	0.357	0.179	0	0	0.179	0	0.179	0.357	0.536	0.179	0	0	0.357	0	2.679	0.179	0	0.536	0.714	0	0.536	0.357	0.179	0.536	0.536	0.536	1.072	0.179	0	0	0.179	1.25	1.607	0.357	0.536	1.429	0.357	0.893	0.357	0.179	0.357	0.536	0.536	0.179	0.714	1.072	0.179	0.893	0.179	0	0.357	1.25	2.143	0.714	1.25	1.429	3.572	2.322	6.072	2.679	12.68	15.895	3.929	0	0.536	3.572	17.502	18.395	0.893	0.179	0	0.179	1.429	1.25	2.143	0.179	0	0	0.179	0.536	0.893	0.179	0	3.393	0	0	0.357	0.357	0.179	0.179	0.714	0	0.357	0	0.179	0	0	0	0	0	0	0	0.179	0.893	3.215	2.858	0.893	0	0	0.179	0	0	0.179	0.179	0.179	0.357	0	0.179	0	0.179	0	0.357	0	0.536	0.179	0.357	0	0.357	0.179	0	0	0	0	0.179	0.536	0.179	0	0.179	0	0	0	0.179	0	50:60,78.5:200,50:80
Ltbp1-NM_019919	0	0	0	0	0	0	0	0	0	0	0	0	0	0	0	0	0	0	0	0	0	0	0	0	0	0	0	0	0	0	0	0	0	0	0	0	0	0	0	0	0	0	0	0	0	0	0	0	0	0	0	0	0.179	0	0.179	0	0	0	0	0.179	3.751	0.179	0.179	0.357	0.357	1.607	0.893	0.536	1.786	0.357	0	2.143	0.714	1.786	0.893	1.25	1.429	2.5	1.786	2.679	0.893	0.893	1.965	1.786	2.143	3.036	1.786	0.357	0.714	1.25	0	1.072	1.786	1.607	2.858	1.607	4.286	2.679	0.893	1.786	1.965	1.072	2.5	0.714	1.25	1.25	3.215	2.5	1.25	0.536	1.25	1.072	1.429	1.786	5.894	2.679	1.072	2.143	1.072	3.572	0.714	2.143	3.751	2.679	1.072	1.25	0.714	0.893	1.072	1.429	1.607	1.25	2.322	3.215	1.786	1.607	2.679	1.429	1.965	1.786	1.965	1.965	0.357	1.072	1.607	2.143	2.5	3.036	3.393	6.251	2.858	2.143	3.215	1.786	2.679	1.25	2.679	2.322	2.5	1.786	1.965	3.215	2.322	1.965	1.965	0.714	1.607	1.786	1.25	1.25	1.965	0	0.179	1.607	2.143	2.5	1.072	2.143	2.858	3.929	3.215	2.679	3.393	2.322	1.965	3.751	2.679	4.286	1.786	1.786	1.25	1.607	2.322	2.322	0.893	0.536	3.393	1.25	0.893	0.893	2.322	2.858	2.858	1.429	1.607	3.929	2.5	2.5	3.572	1.429	2.143	2.858	2.5	1.965	1.786	3.393	1.965	1.786	2.322	0.714	0.893	1.072	1.607	0.893	1.429	1.25	2.679	0.893	1.607	2.858	0.714	1.072	2.322	1.072	0.357	3.215	2.858	1.965	1.25	1.072	2.5	1.072	1.429	2.5	1.786	2.858	2.679	3.215	0.714	1.072	2.858	1.786	1.072	2.679	1.965	2.143	1.429	2.5	1.25	4.108	0	0	0.357	0	0	0	0	0	0	0	0	0	0	0	0.536	0	0.179	0.179	0	0.179	0.357	0	0.179	0	0	0	0.357	0.179	0.357	0.179	0	0.179	0	0	0	0	0	0.179	0	0	0	0	0	0	0.179	0	0	0	0	0	0	0	0	0	0	0	0	0	0	0	0	0	0	0	0.179	0	0	0	0	0	0	0	0	0	0	0	0	0	0	0	50:60,1934.92:200,50:80
Ly6c1-NM_001252055	0	0	0	0	0	0	0	0	0	0	0	0	0	0	0	0	0	0	0	0	0	0	0	0	0	0	0	0	0	0	0	0	0	0	0	0	0	0	0	0	0	0	0	0	0	0	0	0	0	0	0	0	0	0	0	0	0	0	0	0	0	0	0	0	0	0	0	0	0	0	0	0	0	0	0	0	0	0	0	0	0	0	0	0	0	0	0	0	0	0	0	0	0	0	0	0	0	0	0	0	0	0	0	0	0	0	0	0	0	0	0	0	0	0	0	0	0	0	0	0	0	0	0	0	0	0	0	0	0	0	0	0	0	0	0	0	0	0	0	0	0	0	0	0	0	0	0	0	0	0	0	0	0	0	0	0	0	0	0	0	0	0	0	0	0	0	0	0	0	0	0	0	0	0	0	0	0	0	0	0	0	0	0	0	0	0	0	0	0	0	0	0	0	0	0	0	0	0	0	0	0	0	0	0	0	0	0	0	0	0	0	0	0	0	0	0	0	0	0	0	0	0	0	0	0	0	0	0	0	0	0	0	0	0	0	0	0	0	0	0	0	0	0	0	0	0	0	0	0	0	0	0	0	0	0	0	0	0	0	0	0	0	0	0	0	0	0	0	0	0	0	0	0	0	0	0	0	0	0	0	0	0	0	0	0	0	0	0	0	0	0	0	0	0	0	0	0	0	0	0	0	0	0	0	0	0	0	0	0	0	0	0	0	0	0	0	0	0	0	0	0	0	0	0	0	0	0	0	0	0	0	0	0	0	0	0	0	0	0	0	50:60,19.115:200,50:80
Ly9-NR_102726	0	0	0	0	0	0	0	0	0	0	0	0	0	0	0	0	0	0	0	0	0	0	0	0	0	0	0	0	0	0	0	0	0	0	0	0	0	0	0	0	0	0	0	0	0	0	0	0	0	0	0	0	0	0	0	0	0	0	0	0	0	0	0	0	0	0	0	0	0	0	0	0	0	0	0	0	0	0	0	0	0	0	0	0	0	0	0	0	0	0	0	0	0	0	0	0	0	0	0	0	0	0	0	0	0	0	0	0	0	0	0	0	0	0	0	0	0	0	0	0	0	0	0	0	0	0	0	0	0	0	0	0	0	0	0	0	0	0	0	0	0	0	0	0	0	0	0	0	0	0	0	0	0	0	0	0	0	0	0	0	0	0	0	0	0	0	0	0	0	0	0	0	0	0	0	0	0	0	0	0	0	0	0	0	0	0	0	0	0	0	0	0	0	0	0	0	0	0	0	0	0	0	0	0	0	0	0	0	0	0	0	0	0	0	0	0	0	0	0	0	0	0	0	0	0	0	0	0	0	0	0	0	0	0	0	0	0	0	0	0	0	0	0	0	0	0	0	0	0	0	0	0	0	0	0	0	0	0	0	0	0	0	0	0	0	0	0	0	0	0	0	0	0	0	0	0	0	0	0	0	0	0	0	0	0	0	0	0	0	0	0	0	0	0	0	0	0	0	0	0	0	0	0	0	0	0	0	0	0	0	0	0	0	0	0	0	0	0	0	0	0	0	0	0	0	0	0	0	0	0	0	0	0	0	0	0	0	0	0	0	50:60,93.61:200,50:80
Map3k7-NM_172688	0	0	0	0.893	1.786	2.322	0	0	0	0	0	0	0	0	0	0	0	0	0	0	0	0	0.179	0	0.179	0	0	0	0	0	0	0	0	0.179	0	0	0	0	0	0	0	0.179	0	0	0.893	0.357	1.607	1.072	0	0	0	0	0	0.179	0	1.072	8.394	5.536	0.714	0.179	9.823	4.108	0.714	0.536	0.536	0	0.357	0.179	0	0.179	0.536	0.536	0.357	0.179	0.357	0.179	0.357	0.357	0.536	0.179	1.429	0	0	0.179	0.536	0.536	0	0.536	0.714	0.357	0.536	0.179	0.179	0	0.179	0	0.179	0.357	0.714	3.393	0	1.25	1.429	0.893	0.893	0	0.179	0.357	0.357	0.357	0.179	0.179	0.179	0.179	1.429	0.714	0.714	0	0.536	0.893	1.607	0.357	0.536	1.072	1.25	0.179	0.714	0	0	0	0.179	0.179	0.893	1.25	0.714	1.75	3.072	0	0	0	2.322	2.322	2.393	3.679	2.143	1.072	0.714	1.786	4.108	1.607	0.357	1.429	3.036	0.893	2.5	1.25	0.714	0.714	2.322	0.536	1.607	1.822	3.893	2.322	3.215	0.357	1.607	1.072	2.679	1.786	1.607	1.072	0.893	2.143	1.429	1.072	0.714	0.893	4.108	3.393	2.143	1.607	1.607	1.607	1.25	0.536	2.322	3.036	0.714	1.072	0.714	0.714	1.072	1.072	0.536	1.25	0.179	1.072	4.108	1.786	1.786	1.607	5.001	1.429	1.965	2.822	4.679	2.858	1.786	3.929	2.5	2.143	3.215	3.215	2.679	0.536	3.143	2.572	2.143	0.179	2.643	1.464	3.393	3.393	1.965	1.429	1.072	1.072	1.25	0.357	0	1.25	1.607	1.25	0.893	2.322	3.393	4.465	0.714	2.143	3.036	4.643	5.536	5.536	1.607	5.501	1.286	0.536	3.572	1.786	2.322	1.25	1.607	6.429	3.036	1.965	4.465	1.25	2.322	8.394	0.536	0.357	2.143	3.393	1.429	2.5	1.429	1.25	0	0	0	0	0	0	0	0	0.179	0.357	0	0	0.179	0	0	0	0	2.143	2.322	4.108	2.143	1.607	0.536	0.357	0.179	1.072	1.25	0.536	0.536	0.179	0	1.607	0.536	0	0.179	0.357	1.429	1.429	1.965	0.893	2.143	1.072	1.429	1.607	0.357	0.714	0.893	3.036	0.714	1.072	2.679	1.607	0.536	0.714	1.786	1.965	0.714	0.893	0.179	0.536	1.072	0.893	1.965	2.322	1.072	1.429	0.357	1.607	6.429	0.536	1.072	0.536	50:60,296.8:200,50:80
Mapk7-NM_011841	0	0.357	0	0	0	0	0	0	0	0	0	0	0.357	0.179	0.179	0	0	0	0	0	0	0.179	0	0	0.179	0	0	0	0	0	0	0	0	0	0	0	0.179	0	0.357	0	0	0.179	0.357	0	0	0.179	0.357	0.179	0.893	3.215	0.893	0	0.714	0	0.179	0	0.179	0.179	0.357	1.072	0.714	10.216	13.506	2.71	3.103	1.54	0.893	0	0	0.536	0.179	0	0.357	0	0.179	0	0.179	0	0	0	0	0	0.357	0.179	0.179	0	0	0	0	0	0	0	0.357	0.357	0	0	0	0	0	0	0	0	0	0	0.179	0.357	0.179	0.179	0.179	0	0	0	0.714	0.179	0.179	0.357	0.179	0	0	0	0	0	0	0	0.179	0.179	0	0	0.179	0	0	0.179	0	0.179	0.179	0	0	0.179	0	0	0	0	0	0	0	0	0	0	0.179	0.179	0	0	0	0.179	0	0	0	0.179	0	0.179	0.179	0.179	0.179	0.357	0.179	0	0	0	0	0	0	0	0	0.179	0	0	0	0	0.536	0.536	0.179	0.536	0	0.179	0	0.536	0	0	0.179	0	0	0	0	0.179	0.179	0.179	0	0	0	0	0	0	0.179	0	0	0	0.179	0	0	0	0.357	0	0	0	0	0	0	0	0	0	0.179	0	0.179	0.375	0.161	0	0.344	0.549	0	0	0.179	0.232	0.125	0.357	0.179	0	0.179	0.179	0.357	0.357	0.357	0	0	0.286	0.25	0	0	0.536	0.179	0	0	0	0.179	0	0	0	0	0.179	0	0.179	0.179	0.179	0.179	0.179	0.536	2.858	0.714	0.714	0.179	0	0.357	0.179	0.179	0.357	0.714	0.179	0	0	0.357	0	0.179	0	0.357	0	0.179	0	0.179	0	0	0	0	0	0	0	0	0	0	0	0	0	0.179	0	0	0	0	0	0	0	0	0	0	0	0	0	0	0.179	0	0	0	0	0	0	0	0.179	0	0	0	0	0	0.179	0.536	0.179	0.179	0	0	0	0.179	0	0	0	50:60,27.275:200,50:80
Mapk8ip1-NM_001202445	0	0	0	0	0	0	0	0	0	0	0	0.357	0	0	0	0	0	0	0	0	0	0	0	0	0	0	0	0	0.179	0	0	0	0.179	0	0	0	0	0	0	0	0	0	0	0.179	0.179	0.179	0	0.179	0	0.357	0	0	0	0.179	0	0	0	0	0	0	0	0.179	0	0.386	0.864	0.357	0	0	0	0	0.357	0	0	0.179	0.179	0.357	0	0	0	0	0	0	0	0	0.536	0.179	0	0	0	0	0	0	0	0.179	0	0.179	0	0	0	0	0	0	0	0.179	0	0	0	0	0	0.179	0	0	0	0	0	0	0	0	0	0.071	0.107	0.179	0	0	0	0	0	0.179	0	0	0	0.179	0	0	0	0	1.429	0	0	0	0	0	0	0.179	0.179	0.179	0.179	0.179	0.279	0.257	0.179	0.357	0.179	0	0.179	0.179	0	0	0	0.179	0.179	0	0	0	0.179	0	0	0	0	0.071	0.107	0.179	0	0	0	0.179	0	0	0	0	0	0	0	0	0.179	0	0.179	0.357	0	0.893	0.179	0.536	0	0.179	0.179	0	0	0	0	0.357	0	0	0.357	0.357	0.179	0.507	1.1	0.179	0.179	0.357	0	0	0	0	0	0	0.357	0	0	0	0	0	0.179	0.179	0	0	0.179	0	0	0	0	0	0	0	0	0	0.179	0	0	0	0	0.179	0	0	0	0.179	0.357	0	0.357	0	0	0	0.179	0	0.536	0	0	0	0.357	0.893	0	0	0.179	0.714	0.714	0.536	0.536	0	0.179	0.179	0.179	0.536	0.179	0.357	0.357	0.357	0	0.179	0.536	0.357	0.179	0.179	0	0	0.536	0.714	0	0	0.179	0.357	0	0.536	0.179	1.25	0.179	0.179	0.714	0	0.536	0	0.179	0.357	0	0.357	0.179	0	0.536	0.893	0.357	0.179	0	0	0	0	0	0	0	0	0	0	0.357	0	0	0	0	0.179	0.179	0	0	0.179	0.179	0	0	0	0	0.179	0	0	0	0	50:60,45.04:200,50:80
Mapk9-NM_001163672	0	0	0.536	0.714	0	0	0	0.179	0.357	0	0	0	0	0	0	0.893	0.357	0	0	0	0.179	0.536	0.357	0	0	0.179	0	0.179	0.536	0	0	0	0.179	0	0	0	0.179	0	0	0	0	0	0	0	0	0	0	0	0	0	0.179	0	0.179	0.179	0	0.179	0.179	0	0	0	0.714	3.393	1.607	0.357	0.714	0.179	0.179	0	0.179	0	0	0.179	0	0	0	0	0	0	0	0	0	0	0	0.179	0	0	0.179	0	0	0	0.179	0	0	0	0	0	0	0.357	0	0	0	0.179	0	0.179	0.179	0.179	0.179	0	0	0.179	0	0	0.357	0	0	0	0	0.179	0	0	0.536	0.179	0	0	0	0.179	0	0.179	0	0.179	0.893	0.357	0	0	0	0	0	0	0	0.179	0.179	0	0	0	0.179	0.179	0	0.179	0	0	0	0	0.179	0	0.179	0.893	0	0.179	0	0	0.357	0.179	0	0.179	0.357	1.429	1.786	0.714	0.536	0	0.357	0.357	0.536	0.357	0.357	0.714	0.714	0	0.357	1.072	1.607	1.072	0.179	0	0.179	1.072	1.072	1.607	0.714	0.714	1.429	1.225	0.739	0.357	1.429	1.25	2.143	3.572	1.607	0.714	0.179	0	0.714	0.179	0.893	0	0	0.714	0.893	0.179	6.072	3.215	3.929	2.679	1.607	1.25	1.429	0.179	2.679	1.072	0.714	1.607	0.714	1.289	1.568	0.357	3.036	1.25	0.179	2.322	0.893	0	0	2.5	0.357	0.536	1.786	0.714	1.965	2.143	1.429	1.25	1.429	0.357	1.607	1.965	0.536	1.607	1.607	1.607	2.858	0.536	0.893	0.357	1.648	1.924	0.357	1.965	1.786	0.893	0	0.179	0	0.536	0.536	0	0.536	1.25	0	0	0.714	0.179	0.179	0.357	0.536	0	1.072	0.536	1.072	0.179	0	0	0	0.357	0	0	0	0.179	0.714	0.179	0.714	0	0.179	0.179	0.179	0.357	0	0.179	0.357	0	0	0	0.179	0.357	0	0	0	1.072	0.357	0.179	0.179	0	0	0.179	0	0.179	0	0.714	2.858	1.607	0.357	0.714	0.357	0.179	0.536	0	0	0.893	0.714	0	0	0	0.357	0.714	1.25	0.357	0.179	0.179	0.179	0	50:60,198.355:200,50:80
Matk-NM_001285855	0	0	0.536	0.179	0.357	0.357	0.536	0.893	0.536	0.357	0	0.179	0	0	0.536	0.179	0.536	0.179	0	0.179	0	0.179	0.179	0.179	0.179	0	0	0.179	0	0	0	0	0.536	0	0.714	0.357	0	0	0	0.179	0.357	0.536	1.607	0.536	0	0.536	0.536	1.072	0	0	0.179	0	0	0	0.536	0.714	0.179	0	0.714	0.714	1.607	0	0	0	0	0.179	0.536	0.893	0.357	0.536	0	0.536	1.072	0.357	0.893	1.072	1.607	0.536	0.893	0	0	0.209	0.505	0.893	0	0.714	0.714	0.179	1.396	0.212	0.536	0	0.179	0	1.072	1.607	0.357	0	0.357	0.357	0.179	0.179	0.357	0.357	0.179	0.323	0.391	0	0	0	0	0	0	0	0	0	0	0	0.179	0	0.714	0	0	0	0	0	0	0.536	0.179	0	0	0.357	0.357	0.357	0.714	0.357	0.357	0.893	0.536	0	0	0	0	0.179	0.179	0	0.437	0.099	0.536	0	0	0.179	0.179	1.429	0.179	0	0	0	0	0	0.179	0	0.179	0	0.179	0.179	0	0	0.179	0	0	0	0	0	0.357	0	0	0	0	0	0	0	0.357	0	0	0	0	0	0	0	0	0	0	0	0	0	0	0	0	0	0	0	0	0.179	0	0	0	0	0	0	0.179	0	0	0	0	0	0	0	0.179	0.179	0	0	0.357	0	0.179	0	0	0	0.179	0	0	0	0	0	0	0	0	0	0	0	0	0	0	0	0	0	0	0	0	0	0	0	0	0	0	0.179	0	0	0	0	0	0	0	0	0	0	0	0.179	0	0	0.179	0	0	0	0	0	0	0	0	0	0	0.357	0.357	0	0.179	0.179	0	0	0	0	0	0.893	0	0	0.357	0	0	0.179	0.357	0	0	0	0.179	0	0	0	0	0	0.179	0	0.179	0	0.179	0.357	0.179	0	0	0	0.179	0.179	0	0.357	0.714	0.714	0.179	0	0	0.357	0	0	0	0	0	0.536	11.073	2.322	0.357	0.179	0	1.072	50:60,50.235:200,50:80
Matn2-NM_001358780	0	0	0	0	0	0	0	0.179	0	0	0	0	0	0	0.179	0	0	0	0	0	0	0	0	0	0	0	0	0	0	0	0	0	0	0	0	0	0	0	0	0	0	0	0	0	0	0	0	0	0	0	0.179	0	0	0	0	0	0.179	0	0	0	15.716	0.357	0.179	0	0	0	0.179	0	0.179	0	0	0.179	0	0	0.179	0	0	0	0	0	0.179	0.179	0.179	0.179	0.357	0.179	0	0.179	0.179	0	0.536	0	0	0	0	0.357	0.536	0.179	0.536	0.357	0.179	0	0.714	0.357	0.714	0.357	0.179	0.357	0.179	0.536	0.179	0.357	0.357	0.536	0.714	0.357	0.714	0.179	0	0.357	1.072	1.429	0.179	0.536	1.429	1.25	0.714	0.714	0	0.893	0	0	0.357	0	0	0.357	0	0.179	0.179	0	0	0.179	0.179	0	0	0	0	0.714	0.179	0	0	0	0.179	0	1.607	2.322	0.179	0.357	0	0.357	0	0.357	0.179	0.179	0.536	0.357	0.179	0.179	0.536	0	0	0.179	0.179	0.179	0	0.357	0.179	0	0	0	0	0	0	0.179	0	0	0	0.179	0	0.179	0	0.179	0.179	0	0	0.179	0	0	0.179	0.536	0.179	0.179	0	0.179	0.357	0.714	0.179	0.357	0	0.179	0	0.179	0.357	0	0.357	0.179	0.179	0	0	0.179	0.179	0	0.536	0.536	0.357	1.072	0.357	0	0.179	0.179	0	0.357	0.357	0.179	0.357	1.072	0	0.536	0	0.357	0.357	0	0.179	0.179	0.357	0.357	0.179	0.536	0.179	0.179	0.714	0.357	0.357	0	0	0.536	0.179	0	0.536	0.536	0	0	0	0	0	0	0	0	0	0	0	0	0	0	0	0	0.179	0	0	0	0	0	0	0	0	0	0.179	0	0	0	0	0	0	0	0	0	0	0	0	0	0	0	0	0	0	0	0.179	0	0	0	0	0	0	0	0	0	0	0.893	0.357	0	0	0	0	0	0	0	0	0	0	0	0	0.179	0	0	0	0.357	0.357	0	0	0	50:60,647.8:200,50:80
Mdga1-NM_001081160	0	0	0	0	0	0	0	0	0	0	0	0	0	0	0	0	0	0	0	0.179	0	0	0	0	0	0	0	0	0	0	0	0	0	0	0	0	0	0	0	0	0	0	0	0	0	0.179	0	0	0	0	0.893	0.714	0.179	0	0	0	0	0	0	0	0.179	0	0.179	0	0	0	0	0	0	0	0	0	0	0.179	0	0	0	0	0	0.179	0	0.179	0.179	0	0	1.429	0	0.179	0.179	0.179	0.179	0	0	0	0	0	0	0	0.179	0	0	0	0	0	3.036	0.179	0	0	0	0	0.179	0	0	0	0	0	0.357	0.179	19.623	0.915	0.179	0	0	0.179	0	0.179	0.179	0.179	0	0	0	0.179	0	0.179	0	0.714	0	0.179	0	0	0	0	0	0	0	0.179	0.357	0	0.179	0	0	0.357	0.179	0	0.179	0	0	0	0	0	0	0	0	0.179	0	0.179	0	0	0	0	1.786	0.893	0.179	0.179	0	2.679	1.965	3.393	1.786	0.179	0.179	0.357	0	0.179	0.179	0.536	0	0.179	0.536	0.357	0	0	0	0	0.714	0.179	0.536	0.179	0.357	0.536	0.179	0.714	0.714	0.357	0	0.357	0.714	1.072	0.179	0.357	0.357	1.429	0	1.965	0.179	0.179	0.714	0.357	0	0.357	0	0.357	0.179	0.357	1.25	0.714	0.179	0	0	0	0.357	0.357	0	0	0.357	0.179	0.357	0.357	0	0.089	0.089	1.072	0	1.429	0.714	0.536	0.714	1.607	0.893	0.893	0.179	0.536	0.179	0.357	0	0	0	0.357	0.714	1.786	0.357	0	0	0.357	0.893	0.357	0.179	0.536	0.179	0.179	0	0	0	0	0	0	0	0	0.179	0.357	0.357	0.536	0.357	0.357	0.179	0.357	2.143	0.714	0.536	0.179	0.714	0.179	0	0.179	0.357	0.536	0	0.536	0.714	0.357	0	0	0	0.357	0.536	0	0.179	0.357	1.25	0.357	0.179	0.714	0.536	0.536	0	0.179	0.357	0.179	0.179	0.179	0.179	0	0	0.536	0.536	0.179	0	0	0.179	0.179	0	0.179	0	0.179	0.357	0.179	0	0.179	0.357	0.536	50:60,299.625:200,50:80
Meig1-NM_001355207	0	0	0	0	0	0	0	0	0	0	0	0	0	0	0	0	0	0	0	0	0	0	0	0	0	0	0	0	0	0	0	0	0	0	0	0	0.893	0	0.179	0	0	0	0	0	0	0	0	0	0	0	0	0	0	0	0	0	0	0	0	0	0	0.179	0	0	0	0	0	0	0	0	0	0	0	0	0	0	0	0	0	0	0	0	0.179	0	0	0	0	0	0	0	0	0	0	0	0	0	0	0	0	0	0	0	0	0	0	0	0	0	0	0	0	0	0	0	0	0	0	0	0	0	0	0	0	0	0	0	0	0	0	0	0	0	0	0	0	0	0.179	0	0	0	0	0	0	0	0	0	0	0	0	0	0	0	0	0	0	0	0.714	0	0	0	0	0	0	0	0	0	0	0	0	0	0	0	0	0	0	0	0	0	0	0	0	0	0	0	0	0	0	0.357	0	0	0	0	0	0	0	0	0	0	0	0	0	0	0	0	0	0	0	0	0	0	0	0	0	0	0	0	0	0	0	0	0	0	0	0	0	0	0	0	0	0	0	0	0	0	0	0	0	0	0	0	0	0	0	0	0	0	0	0	0	0	0	0	0	0	0	0	0	0	0	0	0	0	0	0	0	0	0	0	0	0	0	0	0	0	0	0	0	0	0	0	0	0	0	0	0	0	0	0	0	0	0	0	0	0	0	0	0	0	0	0.179	0	0	0	0	0	0	0	0	0	0	0	0	0	0	0	0	0	0	0	0	0	0	0	0	0	0	0	0	0	0	0	0	0	0	0	0	0	0	0	0	50:60,50.435:200,50:80
Meis3-NM_008627	0	0	0	0	0	0	0	0	0	0	0	0	0	0	0	0	0	0	0	0	0	0	0	0	0	0	0	0	0	0	0	0	0	0	0	0	0	0	0	0	0	0	0	0	0	0	0	0	0	0	0	0	0	0	0.357	0	0	0	0	0.179	0.536	0.893	0	0	0	0	0	0	0	0.179	0	0	0	0	0.179	0	0	0	0	0	0	0	0	0	0	0	0	0	0	0	0	0	0	0	0	0	0	0	0	0	0	0	0	0	0	0	0	0	0	0	0	0	0	0	0	0	0	0	0	0	0	0	0	0.179	0	0	0	0	0	0	0	0	0.179	0	0	0	0	0	0	0	0	0	0	0	0.179	0	0	0	0	0	0	0	0	0	0	0	0	0	0	0	0	0	0	0	0	0	0	0.179	0	0	0	0	0	0	0	0	0	0	0	0	0	0	0	0	0.179	0	0	0	0	0	0	0	0	0	0	0	0	0	0	0	0	0	0	0	0	0	0	0	0	0	0	0	0	0.179	0	0	0	0	0.179	0	0	0	0	0.179	0.179	0	0	0	0	0	0	0	0	0	0	0	0	0	0	0.179	0.179	0	0	0	0	0	0	0	0	0	0	0	0.179	0	0	0	0	0	0	0	0	0	0	0	0	0	0	0	0	0	0	0	0	0	0	0	0	0	0	0	0	0	0	0	0	0	0	0	0	0	0	0	0	0	0	0	0	0	0	0	0	0	0	0	0	0	0	0	0	0	0	0	0	0	0	0	0	0	0	0	0	0	0	0	0	0	0	0	0	0	0	0.179	0	0	0	0	0	0	0	0	50:60,55.57:200,50:80
Mier2-NM_001316699	0	0	0	0	0	0	0	0	0	0	0	0	0	0	0	0	0	0	0	0	0	0	0	0	0	0	0	0	0	0	0	0	0	0	0	0	0	0	0	0	0	0	0	0	0	0	0	0	0	0	0	0.179	0	0	0	0	0	0	0	0	3.751	0.536	0.179	0	6.072	1.965	0	0	0	0	0	0	0	0	0	0.179	0.357	0	0	0.179	0.179	0.357	0.179	0	0	0	0	0	0	0.179	0	0	0	0	0	0	0.179	0	0	0	0	0	0	0	0.179	0	0.179	0.179	0	0	0	0	0.179	0	0	0	0	0.179	0	0	0	0	0	0	0	0	0	0	0	0	0	0	0	0.357	0	0	0	0.179	0	0	0	0	0.179	0.357	0.179	0	0.357	0	0	0	0	0.179	0.179	0	0.179	0.057	0.479	0	0	0	0	0	0	0.179	0.179	0	0	0	0.179	0	0.179	0	0.357	0.357	0	0	0	0	0.179	0	0.179	0	0.179	0	0	0	0.179	0.179	0	0	0	0	0	0.179	0.893	0.714	0.536	0.179	0.357	0.536	0.357	0.714	0.357	0	0.179	0.536	0.357	0.357	0.536	0	0.357	0.357	1.072	0.893	0	0.714	0.168	0.547	0.179	0.714	0.714	0	0.357	0.357	0.536	0	0.536	0.357	0	0.25	0.286	0.179	1.25	0	1.072	0.893	0.714	0.536	0	0	0.357	0.357	0.179	0.179	0.357	0.179	0.714	1.072	0.357	0	0.357	0.179	0.893	2.143	0.536	2.858	1.607	4.465	4.643	2.858	1.072	1.072	1.607	2.679	3.751	7.322	5.001	4.108	4.822	4.108	1.25	3.215	1.25	0.536	0.714	0.714	0	0.714	3.215	1.786	0.357	1.965	1.429	1.25	4.465	3.572	3.215	1.429	1.429	2.322	5.358	1.786	1.786	1.25	0.357	0.714	4.286	2.322	1.072	4.822	2.143	1.965	0.179	0.357	0.179	1.607	0.357	0.893	0.357	0.357	0.357	0.179	1.786	0.357	0	0.179	0.893	2.143	0.536	0.357	0	0	0	0	0.179	0	0	0.179	0.179	0	0	0	0.357	0.357	0	0.714	0.357	0.179	0.179	0.179	50:60,74.42:200,50:80
Mif4gd-NM_027162	0.179	0.714	0.893	0.357	0.536	0.179	0	0.536	1.607	0.357	0	0.357	1.072	0.893	0.714	0.179	0.714	1.25	0.179	1.965	4.822	5.358	1.786	1.072	1.072	2.143	0.357	0	0	0	0.179	0.179	0.536	0	0.179	0.714	0.357	0	0	1.072	0.357	0.893	4.465	4.465	2.143	6.429	0.714	0.357	0	0.179	0.179	4.465	2.5	0.714	0.714	0.179	0	0	0	9.466	7.447	5.054	1.884	0.08	0	0	0	0.179	0	0.357	0	0	0	0	0	0.179	0	0.357	0	0	0.357	0.179	0.357	0	0	0	0	0	0	0	0	0	0	0	0	0	0.179	0	0	0	0.179	0	0	0	0	0	0	0	0	0	0	0	0	0	0	0	0	0	0	0	0	0	0	0	0	0	0	0.179	0	0	0	0	0	0	0	0	0	0	0	0	0	0	0	0	0	0	0.179	0.179	0	0	0.179	0	0	0.179	0.179	0	0.179	0.357	0	0	0	0	0	0	0	0	0	0	0	0	0	0	0	0	0	0	0	0	0	0	0	0	0	0.179	0.29	0.424	0	0	0	0	0	0	0	0	0	0	0	0.179	0	0	0	0.063	0.116	0	0	0	0	0.179	0	0	0.357	0	0	0	0	0	0.179	0	0	0.179	0	0	0	0	0	0	0	0	0	0	0	0.179	0	0	0	0	0	0	0	0	0.179	0	0	0.179	0.179	0	0	0.179	0	0	0	0	0	0	0.179	0	0	0	0	0	0	0	0	0	0	0	0	0.536	0.536	0.357	0.179	0.179	0.179	0	0	0	0.179	0.179	0.536	0	0	0.536	0	0.536	0.179	0	0	0	0	0.179	0	0	0.357	0	0.179	0	0	0.179	0	0	0.179	0	0	0	0	0	0	0	0	0	0.357	0.179	0.179	0.179	0	0	0	0	0	0	0.179	0.179	0.357	0.179	0	0	0.179	0	0.536	0.179	0	0.179	0	0	0	0.179	0.357	0.179	0	0	50:60,22.925:200,50:80
Mlxipl-NR_152882	0	0	0	0	0	0	0	0	0	0	0	0	0	0	0	0	0	0	0	0	0	0	0	0	0	0	0	0	0	0	0	0	0	0	0	0	0	0	0	0	0	0	0	0	0	0	0	0	0	0	0	0	0	0	0	0	0	0	0	0	7.68	0	0.714	0.893	0.179	0	0.893	0.536	0.179	0.357	0.536	0	0	0	0	0	0.179	0	0	0.179	0	0.357	0	0	0	0	0.179	0	0	0.357	0	0	0	0.179	0	0.179	0	0	0.357	0	0	0.357	0.536	0.357	0	0	0	0	0	0	0	0	0	0	0.179	0	0	0	0	0	0	0.179	0	0	0	0	0	0	0	0	0.179	0	0.357	0.179	0	0.179	0.357	0	0	0	0	0	0.179	0.357	0.714	0.357	0.179	0	0.357	0	0.179	0.536	0	0	0.357	0.179	0.714	0.714	0	0.179	0	0	0.179	0	0	0.357	0	0.179	0	0	0.179	0	0.357	0	0.179	0.179	0.179	0.179	0	0.357	0.179	0	0.179	0	0.179	0.179	0.536	1.072	0.285	0.251	0	0.179	0.357	0	0.893	0.714	0	0	0.179	0	0.179	0.893	0	0	0	0	0.357	2.858	1.072	0	0	0.357	0.179	0	0.357	0.179	1.607	1.072	0.714	2.679	1.072	0.179	0.179	0	0	0.179	2.322	0.357	0.357	1.429	0.536	0.893	0.179	0	1.25	0.536	1.429	0	2.026	1.189	0.893	0.536	0.357	0.179	0.179	0.22	0.138	0	0.536	0	0	0.179	0	0.357	0	0.357	0.714	1.072	0.893	0.357	0.536	0.179	0	0	0	0	0.536	0.179	0	0	0	0	0.536	0	0.179	0.179	0.536	0	0.179	0	0.357	0	0.357	0	0	0	0.179	0.357	0	0	0	0	0.536	0	0	0	0	0.179	0.714	0	0	0	0	0	0	0	0	0	0	0	0	0	0.179	0	0	0	0	0	0	0	0	0.179	0	0	0	0	0	0	0.357	0	0	0	0	0	0	0	0	0.179	0.179	0.179	50:60,156.555:200,50:80
Mospd1-NM_001358456	0	0	0	0	0	0	0	0	0	0	0	0	0	0	0	0	0	0	0	0	0	0	0	0	0	0	0	0	0	0	0	0	0	0	0	0	0	0	0	0	0	0	0	0	0	0	0	0	0	0	0	0	0	0	0.179	0	0	0	0	0	23.723	10.568	0.893	0.714	0.563	1.223	0.179	0.179	0	0	0	0	0	0	0.179	0.179	0	0	0	0.357	0	0	0	0	0	0	0	0	0	0	0	0	0.179	0	0	0	0	0	0	0	0	0	0	0	0	0	0	0	0	0	0	0	0	0	0	0	0	0	0	0	0	0	0	0.021	0.336	0	0	0	0	0	0	0	0	0	0	0	0	0	0	0	0	0	0	0	0	0	0	0	0	0	0	0	0.179	0	0	0	0.714	0	0	0	0	0.179	0	0	0	0	0.179	0	0	0	0	0	0	0	0	0.179	0	0	0	0	0.357	0	0.357	1.25	0	0	0	0	0	0.179	0.179	0	0.893	0.714	1.607	0.536	0.179	0.893	0.357	0.357	0.179	0	0.536	0.714	0	0	0.536	0.357	0.179	0.179	0.893	0.536	0.357	0.536	0.179	0	0	1.072	0	0	0.893	0	0.179	0.357	0.357	0.357	0.179	0.357	0.893	0.179	0.357	0.179	0.179	0.179	0	0	0.714	0.536	0.357	0	0	0	0.357	0	0.179	1.25	0.714	1.072	0	0	0	0	0	0	0	0.179	0	0	0	0.179	0	0	0.179	0.536	0.357	0	0	1.072	0	0.893	0.179	0.179	0.357	0.893	0	1.25	0.536	0.179	0	0	0.357	0.179	0	0.714	0.357	1.25	1.072	0.714	0	0.179	0	0	0.714	0.179	0	0.357	0.179	0.357	0.179	0.179	0.179	0.536	0	0	0	0	0	0.179	0.179	0	0	0	0.179	0	0.179	0	0	0	0.179	0	0	0	0	0	0	0	0	0	0.179	0.179	0	0	0	0.179	0	0	0	0	0	0.179	50:60,129.83:200,50:80
Mreg-NM_001357488	0	0.357	0	0	0	0	0	0	0.179	0.536	1.072	0	0.536	0	0	0.179	1.072	0.536	0	0	0	0.536	0.357	0	0.179	0.893	2.858	0.357	0.179	0	0.179	0.357	0	0	0.179	0	0	0	0	0	0	0	0	0	0	0.179	0.357	0	0.357	0	0	0.357	0.893	0	0.893	0.179	0.179	0	0	0.357	2.679	16.399	17.356	8.751	2.5	1.25	1.429	1.072	0.893	0.893	0.893	1.965	2.322	0.536	2.858	0.893	0.893	1.965	6.251	2.322	2.322	1.072	0.714	3.393	2.143	0.893	5.001	1.429	1.429	0.893	1.072	0.179	1.786	3.929	2.5	0.357	0.536	0.714	1.072	0.179	1.072	1.072	0.714	0.536	0.714	1.25	2.322	1.072	1.786	1.965	1.25	0.536	1.429	1.429	1.786	2.858	0.893	1.25	1.25	3.036	1.072	0.714	0.536	2.679	0.893	1.786	0.357	3.215	1.607	1.25	1.786	1.965	0.714	0.536	0	1.072	2.322	3.036	0.893	1.429	2.679	5.001	0.714	1.072	3.393	2.19	2.097	3.751	3.929	1.965	0.179	1.429	4.488	4.538	1.69	2.322	3.572	3.572	6.429	3.751	2.5	3.929	6.787	4.465	6.072	9.108	5.001	7.322	6.251	2.679	5.536	5.001	3.393	4.643	4.465	3.751	1.607	4.286	1.786	3.393	3.215	6.608	7.858	6.429	4.465	7.501	5.204	12.12	7.144	5.001	6.251	2.858	5.179	2.143	3.036	1.965	1.607	0.668	7.19	2.679	4.108	5.536	7.322	4.643	7.581	7.063	10.001	11.609	8.394	6.787	8.215	8.215	2.679	2.65	11.459	6.787	13.395	6.251	7.501	11.252	2.679	4.004	16.534	3.751	1.607	0.547	4.99	3.35	8.615	10.18	6.787	9.38	3.122	4.286	6.072	2.322	6.429	6.429	0	6.251	6.251	9.644	5.011	3.74	5.001	5.179	7.501	7.144	5.001	4.643	0.893	0	0.893	2.143	4.635	9.117	1.607	0.893	0	6.787	1.072	1.607	1.607	1.072	0.714	2.858	0.714	1.072	6.072	8.037	3.215	5.715	6.787	7.144	0.893	3.929	11.787	6.608	9.466	7.68	9.644	5.715	30.897	6.072	1.25	4.643	11.43	19.824	5.715	4.108	1.072	6.787	3.393	12.502	6.429	7.322	7.322	0.893	0.536	0	0.357	5.894	8.573	2.858	2.322	1.786	0.893	2.322	8.215	0	0.714	0.179	0.179	0.179	2.679	0.893	1.25	1.429	3.929	1.786	2.143	0.536	0.536	0	0	0	0.179	1.786	2.322	3.751	0.536	0.536	0	0.536	0.179	1.429	0.893	0.536	1.786	1.965	50:60,265.41:200,50:80
Mrm2-NM_026510	0.179	0	1.072	0.893	0	0.714	0.536	2.679	4.644	5.358	1.965	0.357	0.179	2.5	0.179	0	0.179	0.893	1.965	0.536	0.893	0.179	0.357	0	1.25	0.179	0	0	0	0	0	0.357	0	0.357	0.714	0.179	0.179	0.179	0.357	0.179	0.714	0.179	0.893	3.393	1.607	0	0	0	0.179	0.714	1.072	0.357	0	1.786	4.822	1.25	0.357	0	0	1.072	3.505	8.193	4.978	6.898	8.037	6.028	2.188	0.179	0.179	0.357	0.357	2.322	1.607	0.179	0.357	0	0	0	0	0	0	0	0	0	0	0	0	0	0	0	0	0.179	0.357	0	0	0	0	0	0.179	0	0	0	0	0	0	0	0	0	0	0	0	0	0	0	0	0	0	0	0	0.357	0	0	0.536	0.357	0	0	0	0	0.179	0	0	0	0	0	0	0	0	0	0	0	0	0	0	0	0	0	0	0	0	0	0	0	0	0	0	0	0.179	0	0.179	0	0	0.179	0	0	0	0	0	0	0	0	0.357	0.357	0	0.045	0.134	0	0	0.179	0.179	0	0	0	0	0	0	0.268	0.268	0	0	0	0	0	0	0	0	0	0	0	0	0	0	0	0	0	0.357	0	0	0.357	0	0	0	0	0	0.179	0	0	0	0.179	0	0	0	0	0	0	0	0	0	0	0	0.357	0	0	0	0	0	0.179	0	0	0	0	0	0.357	0.179	0	0	0	0	0.179	0	0.179	0	0.179	0.357	0	0	0	0	0	0	0	0	0	0.179	0	0.179	0	0	0.357	0.179	0	0.179	0	0.179	0.179	0.536	0.357	0.714	0	0	0.179	0	0	0	0	0	0	0	0	0	0	0.179	0.179	0.893	0	0	0	0.357	0.179	0	0.357	0.536	0	0	0	0	0	0	0	0.179	0.536	0.893	0.179	0.179	0.893	0	0	0	0	0	0	0	0	0.179	0	0.179	0	0	0	0.357	0	0	0	0	0.179	0	0	0.357	0.179	0.179	0	50:60,21.125:200,50:80
Mrto4-NM_001356476	0	0	0	0	0	0	0	0	0	0	0.179	0	0	0	0	0	0	0	0	0	0	0	0	0	0	0	0	0	0	0	0	0	0	0	0	0	0	0	0	0	0	0	0	0	0	0	0	0.179	0	0	0.179	0.357	1.072	0	0	0	0	0	0	1.786	3.638	15.802	8.778	10.894	1.25	0.179	0	0	0.536	0.179	0.179	6.787	2.126	2.696	1.348	1.688	0	0	0	0.179	0	0.536	0	0	0.714	0.179	0.179	0.179	0.536	0	0.179	0	0.179	0	0.357	0.179	0	0.714	0.536	0.893	0.536	0	0	0.357	0	0	0	0	0	0.179	1.072	0	0	0.534	0.895	0.357	0.536	0	0	0	0	0.179	0.179	0.179	0	0	0	0.179	0	0	0	0.179	0	0.357	0	0	0	0	0	0	0	0	0	0	0	0	0	0.814	0.257	0	0.06	0.297	0	0	0	0	0	0	0.324	0.39	0.536	0	0	0	0	0	0	0	0	0.357	0	0	0	0	0.179	0	0	0	0.893	0.536	0	0	0	0	0.179	0.179	0	0	0.179	0.893	0.179	0	0	0	0	0	0	0	0	0	0	0.179	0.179	0.357	0	0	0	0	0	0	0	0.357	0.179	0.536	0.714	0	0.357	0	0.357	0	0	0	0	0	0	0.357	0	0	0	0	0	0	0	0	0.536	0.357	0	0	0	0	0	0	0	0.179	0	0	0	0	0	0	0	0	0	0	0.357	0	0.179	0	0	0	0	0	0	0.179	0.893	0.714	0.179	1.965	1.25	0.893	0.536	0	0.179	1.429	3.215	0.714	2.858	0	0.357	3.572	2.679	0.357	0.357	0.179	1.072	0	0	0	0.179	0.179	0	0	0.536	0.714	0.179	0	0.357	0	0	0.179	0	0	0	0	0	0	0	0	0	0	0.179	0	0.179	0.179	0	0	0	0	0	0	0	0.179	0	0	0.179	0	0	0.536	0	0	0	0.179	0	0	0	0	0	0	0	0	50:60,25.685:200,50:80
Msl3-NM_001370794	0	0	0	0.179	0	0	0	0	0	0	0	0	0	0	0	0	0	0	0	0	0	0	0	0	0	0	0	0	0	0	0	0	0	0	0	0	0	0	0	0.179	0	0.179	0	0.179	0	0	0	0.179	0.357	0	0	0.893	1.429	0	0.179	0.179	0	0	0	0	16.074	1.965	0.536	70.474	6.144	0.925	1.039	0.357	0.357	0.179	0.179	8.037	8.573	1.072	0.179	0.179	0	0	0	0	0	0	0	0	0	0	0	0.179	0	0	0	0	0	0	0	0	0.179	0	0	0	0	0	0	0	0	0	0.179	0	0	0	0	0.179	0	0	0	0	0	0	0	0	0	0	0	0	0.357	0.179	0	0	0	0	0	0	0.714	0.893	0.179	0	0.179	0.179	0	0	0	0.179	0	0.714	0.179	0	0.893	0.179	0.893	0.179	0	0	0	0	0	0.179	0	0.179	0.179	0.536	0	0	0.179	0	0	0	0	0	0	0	0	0	0	0	0	0	0.179	0	0	0	0	0	0	0.179	0.357	0.179	0	0.179	0.179	0.179	0.893	0	0	0	0	0	0	0	0	0	0	0	0	0	0	0	0	0.179	0	0	0.714	0.714	0	0.714	0	0.714	0	0	0	0	0.536	0.179	0	0	0	0	0	0	0.536	0	0.179	0	0	0	0.179	0.357	0.714	0.179	0.179	0	0.179	0.357	0.357	0.357	0.714	1.25	0.714	0.536	0.714	0.357	1.072	0.357	1.25	0.357	1.072	0.357	2.679	1.429	0.357	0.536	0.714	0	0	0	0	0.179	0	3.036	1.072	0	0.357	0	0	0	0.893	0.179	0.179	0.357	0.357	0.357	0.357	0.179	0.179	0	0	0.536	0.714	0.179	0.179	0	0	0.179	0.179	0	0.179	0.357	0.179	0.179	0	0	0	0	0	0.179	0.179	0.179	0	0	0	0.179	0.179	0.179	0.357	0.179	0	0.179	0.179	0	0	0.179	0.357	0.357	0.357	0.357	0	0	0	0	0.357	0.179	0	0	0	0	0	0	0.357	0	0	0	50:60,113.03:200,50:80
Mterf1a-NM_172135	0	0	0	0	0	0	0	0	0	0	0	0	0	0	0	0	0	0	0	0	0	0	0.179	0	0	0	0	0	0	0	0	0	0	0	0	0	0	0	0	0	0	0	0	0	0	0	0	0	0	0	0	0	0	0	0	0	0	0	0	0	0	0	0	0	0	0	0	0	0	0	0	0	0	0	0	0	0	0	0	0	0	0	0	0	0	0	0	0	0	0	0	0.179	0	0.179	0	0	0	0	0	0	0	0	0	0	0	0.179	0	0	0	0	0	0.179	0	0	0	0.179	0.357	0	0	0	0	0	0	0	0.357	0	0.179	0.179	0.357	0	0	0	0.179	0.179	0	0	0	0	0	0	0	0	0	0	0	0	0	0	0	0	0	0	0	0	0	0	0	0	0.179	0	0	0	0	0	0	0	0	0.179	0	0	0	0	0	0.179	0	0	0	0	0	0	0	0	0	0	0	0	0	0	0	0	0	0	0	0	0	0	0	0	0	0	0	0	0	0	0	0	0	0	0	0	0	0	0	0	0	0	0	0	0	0	0	0	0	0	0	0	0	0	0	0	0	0	0	0	0	0	0	0	0	0	0	0	0	0	0	0	0	0	0	0	0	0	0	0	0	0	0	0	0	0	0	0	0	0	0	0	0	0	0.357	0	0	0	0	0	0	0	0	0	0	0	0	0	0	0	0	0	0	0	0	0	0	0	0	0	0.179	0	0.179	0	0.357	0	0.179	0.179	0	0	0	0	0	0	0	0	0	0	0	0	0	0.179	0.179	0	0.179	0	0	0	0	0	0	0	0	0	0	0	0	0	0	0	0	0	0	0	0	0	50:60,16.765:200,50:80
Mturn-NM_001289741	0	0	0	0	0	0	0	0	0	0	0	0	0	0	0	0	0.179	0	0	0	0	0	0	0	0	0	0	0	0	0	0	0	0	0	0	0	0	0	0	0	0	0	0	0	0	0	0	0	0.179	0.179	0	0	0	0.179	0	0	0	0.179	0	0	0	4.465	0.179	0	0	0	0	0.179	0	0	0	0	0	0	0	0	0	0	0	0	0	0	0	0	0.357	0	0	0	0	0	0	0	0	0	0	0.179	0	0.179	0	0	0	0.179	0	0	0	0	0	0.179	0.179	0	0	0	0	0	0.179	0	0.179	0	0	0	0	0	0	0.179	0	0	0	0	0.179	0	0	0	0	0	0	0	0	0	0.179	0	0	0.357	0.179	0	0	0.357	0	0	0	0	0.179	0	0	0	0.357	0	0	0	0.179	0	0	0	0.357	0.179	0	0	0.179	0.714	1.072	0	0	0.179	0	0.179	0.357	0.714	0.179	0.357	0.357	0	0	0	0	0	0	0	0	0	0	0.179	0	0	0	0	0.179	0	0.357	0	0	0.179	0.714	0.714	0	0.357	0	0.714	1.072	0	0	0	0	0.179	0	0	0	0	0.179	0.179	0.357	2.679	1.072	0.357	1.429	0.536	0	0	0.179	0.179	0.179	0	0.893	0.357	0	0	0	0.714	0.536	0.357	0.357	0.536	0.357	0.536	1.607	0.179	0.179	0.357	1.072	0.536	0.536	0.357	0.357	0	0.536	1.072	0.893	0.179	0	0.179	1.25	0	0.357	0.536	0.179	0	0	0	0	0.179	0.179	0	0	0.179	0.179	0	0	0	0	0	0.179	0	0.179	0	0	0	0	0.357	0	0	0	0	0.536	0	0	0.357	0.536	0.179	0	0.179	0	0.357	0	0.179	0.179	0.536	0	0.179	0	0.179	0.179	0.179	0	0	0	0.179	0	0	0	0	0	0.536	0.179	0	0.179	0	0	0	0	0	0	0	0.357	0	0	0.179	0	0	0	0	0	0	50:60,111.16:200,50:80
Myo18a-NM_011586	0	0	0	0	0.357	0	0	0	1.072	0	0	0.179	0	0	0.536	0	0	0	0	0	0	0	0	0	0	0	0	0.179	0	0	0	0.357	0.357	0	0.179	0.179	0	0.536	0	0.893	0	0.536	0	0	1.072	0.179	0	0	0	0	0	0	0.536	0.179	0.179	0	0	0	0.357	0.179	3.036	1.607	5.894	2.143	2.322	0.714	0.357	0.893	0.536	1.072	3.929	1.25	1.25	0.893	1.072	1.072	3.215	2.297	4.133	2.679	5.358	2.858	0.714	0.536	2.858	0.893	1.25	1.529	1.686	2.143	1.965	2.322	7.501	3.751	4.822	7.144	129.304	3.572	1.25	1.072	1.429	2.5	1.965	4.643	1.965	0.536	0.714	0.179	3.036	1.607	1.786	1.429	0.714	0.536	3.393	1.25	0.536	0.893	4.108	1.607	0.893	0.536	0.714	1.25	0.893	3.393	0.714	2.5	1.607	6.787	1.965	2.143	2.679	2.143	1.741	2.902	0.179	2.5	0.714	0.357	1.965	2.143	2.322	4.465	2.5	5.894	5.001	2.322	2.5	4.643	3.572	4.643	3.751	2.322	2.858	1.072	3.572	1.786	1.786	5.536	8.037	9.644	3.683	2.747	12.859	3.572	7.858	9.108	1.965	5.358	9.823	8.573	4.643	11.252	11.073	6.251	10.18	4.643	4.822	1.607	2.5	5.001	9.057	12.554	5.269	10.448	2.679	0.536	5.894	2.322	3.929	0.536	4.286	6.251	5.715	4.643	0.714	2.858	1.786	4.822	1.429	0.536	2.143	0.893	4.76	0.852	4.568	5.715	2.679	1.072	3.393	8.037	8.394	3.036	4.108	1.629	4.622	5.358	10.359	3.215	6.072	4.465	8.394	0.943	5.844	3.751	5.179	5.179	5.715	6.072	2.679	1.965	8.037	8.93	6.608	3.036	7.553	3.342	6.429	2.679	6.608	2.5	2.5	1.429	3.215	6.608	3.036	16.609	11.43	14.645	10.894	12.502	14.823	11.609	5.358	22.503	16.074	8.751	18.395	38.041	1.429	2.322	0.357	2.322	1.25	1.25	0.357	0.357	0.893	0.536	4.643	2.143	0.893	0.536	1.429	1.25	1.25	4.643	10.537	1.25	1.786	3.929	4.643	10.537	0.357	0.179	0.536	0.714	2.679	0.714	0.179	0.179	0	0.179	0	0.536	0.893	0.893	1.965	0.536	0.536	0.893	1.429	0.357	4.643	3.751	0.714	2.322	0.536	0.893	1.25	5.894	1.072	3.572	2.143	0.714	0.893	1.25	0.357	0	0	1.25	1.072	0	0.179	0.179	0.357	0.893	1.965	1.607	0	0.179	1.072	0.357	0.893	0.179	0	2.322	0	0.893	50:60,443.77:200,50:80
Myt1l-NM_008666	0	0	0	0	0	0	0	0	0	0	0	0	0	0	0	0	0.179	0	0	0	0	0	0	0	0	0	0	0.179	0	0	0	0	0	0	0	0	0.357	0.357	0.179	0	0	0	0	0	0.179	0	0	0	0	0	0	0	0	0	0	0	0	0	0	0	0	0	0	0.179	0.179	0	0	0	0	0	0	0.357	0	0	0.179	0.357	0	0.357	0.179	0	0.179	0	0	0.357	0.536	0	0.179	0.179	0	0.357	0	0	0	0.357	0.179	0.179	0	0.179	0	0	0	0	0.179	0	0.357	0	0	0.179	0.179	0.179	0.179	0	0	0.179	0	0.179	0	0	0.357	0	0.179	0	0.536	0	0	0	0	0.179	0	0.179	0	0.536	0.357	0	0	0.179	0	0	0	0.179	0.179	0	0	0	0.179	0	0.179	0	0	0	0	0.357	0	0.179	0.357	0	0	0	0	0	0	0	0	0	0	0.179	0	0	0.179	0	0	0.357	0.357	0	0	0.357	0	0	0.179	0.179	0	0	0.179	0	0	0	0	0	0	0	0	0	0	0	0	0	0	0.179	0.179	0.179	0.179	0	0	0.357	0.536	0.179	0.357	0	0	0.179	0.179	0	0	0	0.536	0.179	0.357	0	0	0	0	0	0.179	0	0.179	0.179	0	0.179	0.179	0	0	0.179	0.357	0	0	0	0	0	0	0	0	0	0	0	0.179	0	0.179	0	0.179	0	0.179	0	0.536	0.179	0	0	0.179	0.179	0.357	0	0	0	0	0	0	0	0	0	0	0	0	0	0	0	0	0	0	0	0	0	0	0	0	0	0	0	0	0	0	0	0	0	0	0	0	0	0	0	0	0	0	0	0	0	0	0	0	0	0	0	0	0	0	0	0.179	0	0	0	0	0	0	0	0	0	0	0	0	0	0	0	0	0	0	0	0	0	0	0	0	0	50:60,1974.13:200,50:80
Nat8f5-NM_023493	0	0	0	0	0	0	0	0	0	0	0	0	0	0	0	0	0	0	0	0	0	0	0	0	0	0	0	0	0	0	0	0	0	0	0	0	0	0	0	0	0	0	0	0	0	0	0	0	0	0	0	0	0	0	0	0	0	0	0	0	0	0	0	0	0	0	0	0	0	0	0	0	0	0	0	0	0	0	0	0	0	0	0	0	0	0	0	0	0	0	0	0	0	0	0	0	0	0	0	0	0	0	0	0	0	0	0	0	0	0	0	0	0	0	0	0	0	0	0	0	0	0	0	0	0	0	0	0	0	0	0	0	0	0	0	0	0	0	0	0	0	0	0	0	0	0	0	0	0	0	0	0	0	0	0	0	0	0	0	0	0	0	0	0	0	0	0	0	0	0	0	0	0	0	0	0	0	0	0	0	0	0	0	0	0	0	0	0	0	0	0	0	0	0	0	0	0	0	0	0	0	0	0	0	0	0	0.179	0	0	0	0	0.143	0.036	0	0.179	0	0	0	0	0	0	0.179	0	0	0	0	0	0	0	0	0	0	0	0	0	0	0	0	0	0	0	0	0	0	0	0	0	0	0	0	0	0	0	0	0	0	0	0	0	0	0	0	0	0	0	0	0	0	0	0	0	0	0	0	0	0	0	0	0	0	0	0	0	0	0	0	0	0	0	0	0	0	0	0	0	0	0	0	0	0	0	0	0	0	0	0	0	0	0	0	0	0	0	0	0	0	0	0	0	0	0	0	0	0	0	0	0	0	0	0	0	0	0	0	0	0	0	0	0	0	50:60,18.775:200,50:80
Ncoa7-NM_001358842	0	0	0	0	0	0	0	0	0	0	0	0	0	0	0	0	0	0	0	0	0	0	0	0	0	0	0	0	0	0	0	0	0	0	0	0	0	0	0	0	0	0	0	0	0.179	0	0.893	0.179	0.179	0	0	0.536	0	0.893	0.357	0	0	0	0	0	8.215	1.786	0.357	0.536	0.179	0	0	0.179	0.179	0.179	0	0	0	0.179	0.357	2.5	1.786	2.322	1.072	0.893	3.572	1.429	1.25	0.893	1.072	0.536	0.536	0.536	0.536	0.357	0.536	1.965	0.714	1.25	1.965	2.858	2.5	1.366	7.742	1.429	2.679	0.893	1.25	0.893	1.607	0.536	0.179	0.179	0.714	2.322	0.536	3.751	2.143	0.714	3.215	0.714	1.072	3.036	1.786	2.858	2.5	3.215	1.607	1.429	3.393	2.5	2.679	1.786	3.393	2.322	2.858	2.322	4.108	3.036	0.357	0.893	1.965	0.536	5.536	3.036	1.607	0.536	1.786	4.643	2.143	0.893	1.072	0.357	6.429	0.714	3.572	2.322	1.786	2.5	1.072	1.607	2.5	2.322	1.429	2.143	2.143	1.072	0.357	3.751	1.786	2.143	2.322	2.679	1.786	1.429	0.714	2.322	1.429	1.429	1.429	1.429	0.714	3.036	3.036	4.465	1.786	2.858	3.393	1.072	0.357	1.429	2.5	1.965	3.036	3.393	2.5	2.143	1.072	1.072	0.714	1.072	1.786	3.036	4.108	3.215	1.429	3.572	8.215	5.536	2.143	3.215	2.322	1.072	2.322	3.215	1.786	1.607	1.429	2.679	3.036	2.5	1.607	2.5	3.215	6.965	6.023	3.442	1.25	4.465	3.572	3.215	4.643	4.108	2.5	1.786	2.679	0.179	0.357	1.786	1.786	1.607	1.429	1.786	1.607	2.5	0.357	2.5	1.429	3.036	2.5	4.26	6.099	13.395	4.643	2.322	2.322	1.965	2.322	1.607	3.929	1.607	1.786	3.215	0.179	1.786	0	0	0	0.357	0.179	0	0	0	0	0	0	1.607	0	0.179	0	0	0.179	0	0.179	0	0	0	0.357	0.357	0	0.357	0	0	0.179	0.179	0.179	0.357	0.179	0	0	0.357	0	0.536	0.893	0.179	0	0	0.179	0.179	0.714	0	0	0	0	0	0	0	0	1.607	0.714	0.714	0.357	0.357	0.357	0.179	0.357	0.179	0	0	0	0	0.179	0	0.179	0.179	0	0	0	0.179	0.179	0.536	1.429	0	0	0	50:60,788.725:200,50:80
Ndufaf4-NM_026742	0	0	0	0	0	0	0	0	0	0	0	0	0	0	0	0	0	0	0	0	0	0	0	0	0	0	0	0	0	0	0	0	0	0	0	0	0	0	0	0	0	0	0	0	0	0	0	0	0	0	0	0	0	0	0	0	0	0	0	0	11.966	16.94	14.136	1.072	0	0	0	0	0.357	0.179	0	0	0	0	0	0.179	0	0.179	0.357	0	0	0	0	0.179	0.179	0	0.179	0	0	0	0	0	0	0.179	0	0	0	0	0	0	0.179	0	0.179	0	0	0	0	0	0	0	0	0	0	0	0	0	0	0	0	0	0	0	0	0	0	0	0	0	0	0	0	0	0	0.357	0.179	0.179	0	0.357	0	0	0	0	0	0	0	0	0	0	0	0	0	0	0	0	0	0	0.357	0	0	0	0	0	0	0	0.179	0	0	0	0	0	0	0	0	0	0	0	0	0	0	0.179	0.179	0	0	0	0	0.179	0.179	0	0	0	0	0	0	0	0	0	0	0	0	0	0	0	0	0	0	0.179	0	0	0	0	0	0	0	0	0	0	0.179	0	0	0.179	0	0	0	0	0.357	0.179	0.536	0	0	0	0.312	0.224	0.714	0.536	0	0	0	0	0	0.179	0	0.179	0.179	0	0	0	0	0.179	0	0	0	0	0	0	0	0.179	0.179	0.179	0	0	0	0	0	0	0	0	0	0	0	0	0	0	0	0.179	0	0	0	0.179	0	0	0	0	0	0	0	0	0	0	0	0	0	0	0	0	0	0	0	0	0	0	0.179	0	0	0	0	0	0	0	0	0	0	0	0	0	0	0	0	0	0	0	0	0	0	0	0	0	0	0	0	0	0	0.179	0	0	0	0	0	0	0	0	50:60,34.595:200,50:80
Nedd8-NM_008683	0.179	0	0	0	0.357	1.072	1.607	0	0.179	1.072	0	0	0	0	0	0	0.179	0.357	0	0	0	0	0	0	0	0.179	0.357	0	0.179	0.179	0.179	0.357	0.179	0.179	0.179	0.179	0	0.536	0.179	0.179	0	1.607	0.536	0.893	0.357	0.536	0	0.179	0	0.357	0.179	0.714	0.357	0.714	1.607	10.001	32.683	1.25	0	2.5	11.252	7.322	1.429	0.536	1.25	1.072	0.714	0.714	0	0.179	0.179	0.179	1.072	0.271	0.622	0	0	0.536	0	0.179	0.357	0	0	0	0.357	0.179	0.179	0	0	0.179	0.536	0.357	0	0	0	0	0	0	0.536	0.357	0.357	0.357	0	0	0.179	0.179	0	0.179	0.179	0	0	0	0	0	0	0	0	0	0	0	0	0	0	0	0	0	0	0.179	0	0	0.179	0	0.179	0	0.714	0	0	0.357	0	0.179	0.179	0	0	0	0	0	0	0	0.179	0	0	0	0	0	0	0	0.536	0.357	0	0.179	0	0.179	0	0	0	0	0.179	0	0.893	0.536	0.179	0	0	0	0	0.357	0.714	0	0	0	0.179	0	0.179	0.179	0	0	0	0	0	0	0	0	0	0	0	0	0.536	0.357	0.179	0.536	0	0	0	0.357	0	0.179	0	0.179	0.536	0	0	0.179	0.179	0.714	0	0	0.179	0	0	0	0	0.179	0	0	0	0.536	0	0	0.179	0	0	0	0	0.357	0	0	0.357	0.179	0	0.357	0.179	0	0.179	0	0	0	0	0.179	0	0	0	0	0.357	0	0.179	0	0	0	0.52	0.909	0.179	0.179	0.179	0	0	0	0	0	0.536	0	0	0	0	0	0	0	0	0.179	0.536	0.714	1.429	0.179	0.536	0	0.179	0.893	0	0.357	0.179	0.179	0	0.179	0	0.179	0.357	2.322	31.254	31.433	8.93	0.357	0.714	1.607	1.25	0.536	0.179	0.714	0	0	0	0	0	0	0	0.179	0	0	0	0	0	0.179	0	0	0	0	0	0	0	0	0	0	0	0	0.179	0	0	0.179	0	0	0.536	0	50:60,48.09:200,50:80
Nip7-NR_028367	0	0	0	0	0.179	0	0	0	0	0	0	0	0	0.179	0	0	0	0	0	0	0	0.179	0	0	0.179	0	0	0	0	0	0	0	0	0	0.536	0	0	0	0	0.179	0.179	0	0	0.357	0	0	0	0.179	0	0.357	0	0.179	0.357	0	0	0	0	0	0.893	1.429	77.664	240.715	107.554	26.029	404.852	279.32	39.823	7.626	2.472	1.643	1.929	0.714	0.357	0.522	1.8	1.586	5.558	5.065	1.364	0.714	0	0.179	0.357	0.536	0	0	0	0	0.179	0.179	0.179	0.179	0.357	0	0	0.179	0	0.179	0	0	0.179	0.714	0.893	0.714	0	0	0	0	0	0	0	0	0	0	0.054	0.482	0	0	0	0	0	0.179	0.246	0.289	0.357	0.179	0	0	0	0	0	0.179	0.357	0	0	0	0	0.179	0	0	0.179	0	0	0.536	0	0	0	0	0	0	0.357	0	0	0	0.179	0	0	0	0	0	0	0	0.893	0.179	0	0	0.504	0.032	0.179	0	0	0	0	0.179	0.357	0	0.357	0.357	1.429	0.214	0.5	0	0	0.357	0	0.536	0	0	0	0.179	0	0	0.714	0.179	0	0	0	0	0	0	0	0	0.357	0.357	0.536	0.893	0.536	0.357	1.204	1.297	2.322	0.893	0	1.429	1.072	0.179	0.179	0.893	0.714	0.179	0	0.179	0.068	0.111	0	0	0	0	0	0.179	0.714	0	0.179	0	0	0	0	0	0	0	0.179	0.179	0	1.072	1.072	0.536	0.179	0.514	0.914	0	0	0.536	0.179	0	0	0	0.179	0	0	0	0.893	0.536	0.357	0	0	0	1.25	0.893	0.714	0.179	2.322	0	0	0	0	0	0.357	0.179	1.429	0.714	0.893	0	0	0.179	0.357	0	0	0.536	0	0	0	0	0	0.357	0.536	0.357	0	0.357	0	0	0.179	0	0	0	0	0	0	0	0	0.179	0	0	0	0	0	1.25	0.357	0.179	0	0	0	0.179	0.179	0	0	0	0	0	0	0	0	0	0	0.179	0	0	0	0	0	0	50:60,20.26:200,50:80
Nlrp5-NR_131241	0	0	0	0	0	0	0	0	0	0	0	0	0	0	0	0	0	0	0	0	0	0	0	0	0	0	0	0	0	0	0	0	0	0	0	0	0	0	0	0	0	0	0	0	0	0	0	0	0	0	0	0	0	0	0	0	0	0	0	0	0	0	0	0	0	0	0	0	0	0	0	0	0	0	0	0	0	0	0	0	0	0	0	0	0	0	0	0	0	0	0	0	0	0	0	0	0	0	0	0	0	0	0	0	0	0	0	0	0	0	0	0	0	0	0	0	0	0	0	0	0	0	0	0	0	0	0	0	0	0	0	0	0	0	0	0	0	0	0	0	0	0	0	0	0	0	0	0	0	0	0	0	0	0	0	0	0	0	0	0	0	0	0	0	0	0	0	0.179	0	0	0	0	0	0	0	0	0	0	0	0	0	0	0	0	0	0	0	0	0	0	0	0	0	0	0	0	0	0	0	0	0	0	0	0	0	0	0	0	0	0	0	0	0	0	0	0	0	0	0	0	0	0	0	0	0.179	0	0	0	0	0	0	0	0	0	0	0	0	0	0	0	0	0	0	0	0	0	0	0	0	0	0	0	0	0.179	0	0	0	0	0	0	0	0	0	0	0	0	0	0	0	0	0	0	0	0	0	0	0	0	0	0	0	0	0	0	0	0	0	0	0	0	0	0	0	0	0	0	0	0	0	0	0	0	0	0	0	0	0	0	0	0	0	0	0	0	0	0	0	0	0	0	0	0	0	0	0	0	0	0	0	0	0	0	0	0	0	0	0	0	0	0	50:60,189.11:200,50:80
Nlrp5-ps-NR_045119	0	0	0	0	0	0	0	0	0	0	0	0	0	0	0	0	0	0	0	0	0	0	0	0	0	0	0	0	0	0	0	0	0	0	0	0	0	0	0	0	0	0	0	0	0	0	0	0	0	0	0	0	0	0	0	0	0	0	0	0	0.179	0	0	0.179	0	0	0.179	0.179	0.179	0	0	0.357	0.179	0	0	0	0	0.179	0.714	0	0.179	0.179	0.179	0.357	0	0	0	0	0	0	0.179	0.179	0	0	0	0	0.179	0	0	0	0	0	0.179	1.429	0.536	0.179	0.179	0	0	0.179	0	0	0.536	0.714	0	0	0.179	0	0	0	0.179	0	0	0.357	0.714	0	0	0	0.357	0.357	0.179	1.25	0.179	0.271	0.443	0.357	0	0.179	0.357	0	0	0.357	0	0	0.357	0	0	0.179	0	0	0.714	0	0.536	0.179	0.536	0.357	1.607	0	0	0.357	0	0	0	0.179	0.179	0	0.179	0	0.179	0	0	0.357	0	0.179	0.179	0	0	0	0	0.179	0.179	0	0	0.179	0	0	0	0.179	0	0.179	0	0	0	0	0.179	0.179	0	0.179	0	0.179	0	0	0.357	0	0.179	0	0	0.357	0.357	0	0	0	0	0	0	0	0	0	0	0	0	0	0	0	0	0	0.179	0	0.179	0	0.179	0	0	0	0	0.357	0.179	0.357	0	0	0.179	0.714	0	0	0	0	0.179	0	0	0.179	0.179	0	0.179	0	0	0	0	0	0.179	0	0	0	0	0	0	0	0	0	0	0	0	0	0	0	0	0	0	0	0.179	0	0	0	0	0	0	0	0	0	0	0	0	0	0	0	0	0	0	0	0	0	0	0	0	0	0	0	0	0	0	0	0	0	0	0	0	0	0	0	0	0	0	0	0	0	0	0	0	0	0	0	0	0	0	0	0	0	0	0	0	0	50:60,309.48:200,50:80
Nop53-NM_133831	0	0.179	0	0	0	0	0.179	0.357	0.179	0.357	0.179	0.179	0.357	1.072	0.179	0.179	4.108	0	1.25	1.429	1.25	1.072	0.179	0	0	0	0	0.179	0.179	0.357	0	0	0	0.714	0.714	0	0.179	0	0	0.179	0	0.179	0	0	0.357	0	0.536	0.179	0	0	0	0.179	0.357	0	0	0	0	0	0.893	0.357	16.074	0.536	4.303	0.519	0	0	1.25	7.98	9.931	2.807	7.325	4.641	0	0.357	0.357	0.714	0.536	0	0	0	0.714	0	0.179	0	0	0	0.179	0	0	0.536	0.179	0	0	0	0	0	0.357	0.668	0.404	0	0	0.536	0.179	0.536	0	0	0.357	0	0.357	0	0	0	0	0.179	0.179	0	0	0	0.714	0.179	0	0.179	0.179	0	0	0.179	0	0	0.357	0	0	0	0	0	0.536	1.382	0.225	0	0	0	0	0.357	0	0.179	0.357	0.179	0.357	0.357	0	0	0	0	0	0	0	0	0.179	0	0	0	0	0	0.179	0.179	0	0	0	0.179	0.179	0.536	0.357	0.179	0	0.536	0	0	0.179	0	0.357	0	0.179	0.179	0.536	0.179	0	0	0	0	0	0	0	0	0	0.179	0.179	1.429	0.179	0.179	0	0.179	0	0	0	0	0	0.357	0	0.179	0.179	0.536	0.179	0	0	0	0.179	0	0.536	0	0	0	0	0	0.179	0.179	0.179	0	0	0	0	0.179	0	0.714	1.25	0.536	0.179	0	0.714	1.072	0.714	0.179	0.179	0.536	0	1.965	0.536	0	0	0.179	0	0	0.179	0.193	0.522	0	0	0	0.179	0.714	0.357	0.179	0.714	0.357	0.893	0	1.429	3.929	1.786	1.429	0.536	0.357	0.357	0.357	1.607	0	0.179	0.179	0	1.429	0.357	1.429	0.357	0	3.929	0	0.357	1.25	0.536	0.536	3.215	2.5	2.5	0.357	0.179	2.322	0	0.357	0.357	0	0.536	0.714	0.179	1.429	2.322	1.429	0.179	0.179	0.179	1.607	0.179	0	0.357	0	0	0	0.179	0	0.179	0.357	0.714	0	0	0.179	0.893	0.536	0	0.357	0	0	0	0.179	0	0	0	0.357	0.357	0	0	0	0	0	50:60,41.365:200,50:80
Notch4-NM_010929	0	0	0	0	0	0	0	0	0	0	0	0	0	0	0	0	0	0	0	0	0	0	0	0	0	0	0	0	0	0	0	0	0	0	0	0	0	0	0	0	0	0	0	0.179	0	0	0.179	0.179	0	0	0	0	0	0	0	0	0.179	0	0	0.714	4.643	0.357	0	0	0	0	0.536	0	0	0	0.179	0	0	0	0	0	0	0	0.179	0	0	0	0	0	0	0	0	0	0	0	0.357	0.15	0.029	0	0.179	0	0	0	0	0	0	0	0.357	0	0	0	0	0	0.179	0	0	0	0	0	0	0.357	0	0	0.179	0	0	0	0	0	0	0	0.179	0.179	0.357	0.179	0.179	0	0.357	0	0	0	0	0	0	0.536	0	0	0.357	0	0	0.179	0	0	0	0	0	0	0	0	0	0	0	0	0.179	0	0	0	0	0.357	0.357	0	0	0.179	0.179	0.357	0	0	0.536	0.179	0.536	0.179	0.179	0.179	0	0.179	0.357	0.179	0.536	0	0	0	0.357	0	0.179	0	0.357	0	0.179	0	0	0.536	0.536	0.179	0.714	0.357	0.179	0.179	1.607	0.893	0	0	0	0.179	0.357	0.179	0	0.536	2.322	0.893	0.536	0.357	1.072	1.072	0.714	0.714	1.786	0.357	0.714	1.072	0.357	1.072	0.536	1.786	0.536	0	0.893	1.25	0	0.536	0	0.179	0	0.179	0.893	0.179	1.072	2.5	0.179	4.658	4.808	0.357	1.429	2.143	0.714	0.179	2.143	0.179	32.683	1.607	0.357	1.429	2.858	2.591	1.516	2.143	0.357	0.357	0.179	1.072	0.714	0.179	0.179	0	0	0.357	0	0.179	0	0	0.179	0	0.357	0.357	0.357	1.072	1.25	0.179	0	0.536	0.536	5.894	2.322	0.357	0	0.714	0	0.179	0.179	0.357	0	0	0	0	0	0	0.179	0	0	0	0	0	0	0	0.179	0.179	0	0	0	0	0.357	0.179	0.179	0	0	0	0	0	0	0.357	0	0	0	0	0.179	0	0	0	0	0.536	4.286	0.179	0	0.179	0.179	0.179	50:60,121.245:200,50:80
Nrap-NM_198059	0	0	0	0	0	0	0	0	0.179	0	0	0	0.179	0	0	0	0	0.179	0	0	0	0	0	0	0	0	0	0	0	0.179	0	0	0	0	0	0	0	0	0	0	0	0	0	0	0	0	0	0	0.179	0	0	0	0	0	0	0	0	0	0	0	0.179	0	0.179	0	0	0	0	0	0.179	0	0	0	0	0	0	0	0	0	0	0	0	0	0	0	0	0	0	0.179	0	0	0	0	0	0	0	0	0	0	0	0	0	0.179	0	0	0	0	0	0	0	0.179	0.179	0	0	0	0.179	0	0	0	0	0	0	0	0	0	0	0	0	0	0	0.179	0	0	0	0	0	0	0	0	0	0	0	0	0.179	0	0	0	0.179	0	0	0	0	0	0	0	0.179	0	0	0	0	0	0	0	0	0	0	0	0	0	0	0	0	0	0	0	0	0	0	0	0	0	0	0	0	0	0	0	0	0	0	0	0.179	0	0.179	0	0	0	0	0	0	0	0	0	0	0	0	0	0	0	0	0	0	0	0	0.179	0	0	0	0	0	0	0	0	0	0	0	0	0	0	0	0	0	0	0.179	0	0	0	0	0	0	0	0	0	0	0	0	0	0	0	0	0	0	0	0	0	0	0	0	0	0.357	0	0	0	0	0	0	0	0	0	0	0	0	0	0	0	0	0	0	0	0	0	0	0	0	0	0	0	0	0	0	0	0	0	0	0	0	0	0	0	0	0	0	0	0	0	0	0	0	0	0	0	0	0	0	0	0	0	0	0	0	0	0	0	0	0	0	0	0	0	0	0	0	0	0	0	0	0	0	0	0	0	50:60,349.99:200,50:80
Nrf1-NM_001361695	0.179	0.893	0.179	0.179	0.179	0.179	0	0.714	1.786	0.179	0.179	1.25	0	0	0	0.179	0.179	0	0.179	0.357	0.357	0.179	0.179	1.072	0	0	0	0.357	0	0.357	0	0.179	0.179	0.179	0.357	0	0	0	0.179	0	0	0	0	0	0.179	0	0	0	0.357	0.179	0	0.179	0.536	0.179	0.536	0.179	1.429	0	0	0	2.858	0.179	1.681	0.998	0.714	2.143	3.393	0.536	2.5	3.572	7.144	3.751	4.702	3.334	2.858	3.215	5.179	5.536	6.06	1.084	5.894	2.858	3.215	3.751	2.143	3.393	2.624	3.449	5.358	8.573	0.893	2.679	3.751	5.894	8.573	5.358	1.607	3.215	3.929	1.965	11.787	4.108	1.786	2.322	10.894	3.861	4.533	3.036	9.108	3.572	8.573	6.429	5.179	1.25	5.358	4.465	2.679	5.179	3.393	2.858	3.393	2.322	5.001	5.358	4.108	4.108	1.607	4.643	4.108	5.358	1.607	2.679	5.001	3.036	5.179	5.258	8.673	5.715	3.215	4.286	0.893	2.143	1.965	6.608	4.286	2.679	4.267	4.306	3.929	16.074	6.965	2.322	11.252	6.429	10.001	5.179	7.322	10.18	25.455	6.335	4.643	13.395	6.787	2.143	1.607	5.829	6.315	0.357	7.501	6.251	4.465	1.965	5.536	10.894	3.572	5.001	3.036	5.001	6.429	1.786	1.965	6.608	11.073	4.465	8.037	9.287	6.731	8.985	1.786	0.179	2.5	5.358	2.858	4.108	3.117	9.207	7.144	5.536	3.929	5.715	0.536	0.536	1.25	1.965	7.322	14.288	3.751	8.215	7.501	5.001	6.072	4.465	7.501	9.823	1.429	3.572	5.358	2.679	3.215	4.643	10.537	9.823	7.501	2.515	7.844	6.072	4.643	2.5	9.644	12.145	15.068	5.799	48.237	15.015	47.328	18.574	11.609	0	1.607	7.68	18.395	7.501	4.822	20.003	15.538	6.965	15.359	20.003	6.429	13.216	4.108	6.072	3.929	3.036	10.894	7.144	3.036	14.645	4.822	2.322	0.714	0.536	1.607	1.965	2.322	2.5	0.179	0	0.893	0.893	0.357	2.322	0.714	0.179	0.536	0.357	0.536	1.072	0.536	1.607	0.536	0	0.536	1.25	3.751	3.929	2.322	2.322	2.679	0.714	2.5	0.714	0.893	1.25	0.357	0.714	0.357	1.607	0.893	0.714	2.322	0.179	0.536	0.536	0.714	0.536	1.607	0.893	0.714	1.786	0.357	0	1.072	0.179	1.786	0.536	0	0	0.893	0.536	0	0	0	0.179	0	0.179	0	0	0.179	0.179	0.893	0.179	0.536	0.179	0.536	0	0.179	0	0.357	0.179	50:60,331.47:200,50:80
Nrg1-NM_001364422	0	0	0.179	0	0.357	0	0.357	0.536	0.536	0.179	0.179	0.179	0.536	1.072	0.179	0.536	0.179	0	0.179	0.893	0.179	0.179	1.25	0.714	0	0	0	0.893	1.429	0.179	0	0.179	0	0.357	0.536	0.536	0.357	1.25	0.536	0	0	0.357	0.179	1.072	0	0.536	0	0.357	1.072	0	0.714	0.893	0	0	0	0	0.536	0.714	0.357	0	1.512	3.846	3.464	4.037	2.143	1.429	3.393	5.001	3.572	1.25	3.751	3.751	3.929	3.751	7.144	2.858	3.572	2.322	5.001	5.179	4.286	4.822	4.108	0.893	4.465	4.822	3.572	3.215	2.143	3.215	5.358	4.465	3.393	8.394	3.751	6.787	3.572	3.751	3.572	4.108	0.893	3.215	1.965	1.607	1.786	3.036	2.679	1.25	3.036	4.643	2.322	0.893	3.215	2.858	2.858	3.215	1.072	0.536	2.143	3.393	1.786	3.929	6.965	3.572	2.679	4.822	5.179	3.215	5.715	3.393	1.25	3.036	2.848	5.725	4.108	5.179	2.679	1.965	5.001	2.858	4.286	3.393	4.465	3.036	1.965	4.465	4.643	1.429	1.429	2.322	5.358	1.965	1.965	2.858	2.858	3.572	1.786	0.893	0.536	2.322	1.595	2.691	3.751	4.465	3.183	4.318	5.894	4.822	3.393	1.072	6.787	5.358	2.858	6.787	4.822	3.393	2.322	3.572	5.001	3.036	1.786	6.429	3.036	3.751	3.215	4.822	4.643	1.607	1.786	6.072	2.679	5.001	0.714	3.036	5.001	1.607	1.072	1.25	2.322	1.429	1.429	2.143	2.5	3.036	2.679	4.108	1.072	3.897	2.532	2.679	3.215	2.322	5.001	1.786	2.143	4.108	3.215	1.607	6.429	2.143	0.714	2.858	3.393	3.751	3.036	4.643	2.143	3.393	5.536	0.893	1.965	3.572	6.251	2.858	5.715	4.643	6.429	6.429	2.858	0	3.215	7.858	2.858	2.322	4.643	4.643	3.393	2.143	4.465	6.787	9.466	6.965	5.001	2.143	2.143	4.465	9.644	2.679	10.537	4.286	0.179	0	0.893	0.893	0.179	0	0.357	0	0.536	0	0	0	0	0	0	0.179	0.179	0.893	2.5	1.25	0.714	1.965	2.322	2.143	2.322	1.072	0.714	0.357	0	0.893	0.893	1.607	1.072	0.714	2.143	1.072	3.393	1.965	1.429	0.714	0.536	0.893	0.357	1.072	0.357	0.714	0.893	1.607	1.072	2.858	7.501	0.536	1.25	0.179	0.179	0.179	1.25	3.572	1.072	0.893	1.429	1.965	1.25	0.714	0	1.25	0.357	0.357	0.179	0.893	0.714	0	1.25	0.357	1.429	0.357	0.536	0.179	0	0.714	50:60,521.465:200,50:80
Nrp2-NM_001077403	0	0	0	0	0	0	0	0	0	0	0	0	0	0	0	0	0.179	0	0	0	0.179	0	0	0	0	0	0	0	0	0	0	0	0	0	0	0	0	0	0	0	0	0	0	0	0	0	0.179	0	0	0.357	0.179	0	0.357	0	0	0	0	0	0	0	1.965	0	0.357	0.714	0.357	1.786	0.357	1.607	0	0.893	0	0	0.179	0	0	0	0.536	0.179	0.179	0	0.179	0	0.179	0	0.357	0.179	0.536	0.357	0.179	0	0.179	0.179	0.179	0.893	0.179	1.072	0.179	1.25	0.357	0.357	0	0	0	0.179	0.357	0.357	0.179	0.179	0.536	0.179	0.714	0	0.179	0.893	0	0.179	0.536	0.357	2.322	0.536	11.966	3.572	0.179	0.714	0.179	0.357	0.179	0.179	0.536	0.893	0.179	0.714	0.357	0.179	0.179	0.357	0.179	0.179	0.536	0	0.536	0.714	0.893	1.607	0	0.179	0.179	0.179	0.357	0	0.536	0.179	0.179	0.714	0.357	0.357	0.893	0.179	0.536	0	0.893	0.714	0.536	1.429	0.357	0.893	1.25	0.536	0.893	0.536	1.965	3.036	4.822	1.429	1.607	1.25	0.357	1.072	1.072	1.179	3.822	0.893	3.751	0.714	0.536	0.179	2.143	1.429	1.25	1.429	0.357	0.714	0.714	0.357	0.536	0.536	0.714	1.607	0.714	1.786	1.965	0.357	0.357	0.536	0.536	0.893	0.714	0.357	0.714	1.072	0	0.179	0.357	2.143	0.179	0.714	1.429	0.893	0.714	1.965	2.5	0.536	1.072	0.536	1.25	0.179	0.357	0.357	0.714	0.179	0.536	0.357	0	0.357	0.714	0.536	1.072	0.179	1.429	0.536	0.536	0	0	0	0.179	0	0	1.607	0.357	0.893	0.179	0.357	0.179	0.179	0.893	0.357	0.536	0.714	2.5	0.893	0.179	0	0.179	0	0.179	0	0.179	0.357	0.357	0.536	0	0	0	0.179	0	0	0.357	0.357	0	0	0.179	0	0	0	0	0.179	0	0	0	0	0	0	0	0	0	0	0	0.179	0	0	0.179	0.179	0	0	0	0	0	0	0	0	0	0	0	0	0	0	0	0	0	0	0.179	0	0	0	0	0	0	0	0	0	0	0	0	0	0	0	0	0	0	0	50:60,576.88:200,50:80
Nsmf-NM_001039387	0.179	0.179	0	0	0	0.893	0.893	0.536	0	0.714	0	0.357	0.357	0.536	0.714	0	0.357	0.179	0	0.893	0.357	0.179	0	0.357	0.714	0.893	0	0	0	0	0.357	0.179	0.179	0.357	0.536	1.25	1.429	0.714	0.179	0	0.536	0.357	1.072	0.714	0.179	0.536	0.357	0.179	0	0.179	1.25	1.786	2.858	3.215	0.893	0.179	0	0	0	0	0	1.607	2.143	0	0.179	0.179	0.536	0.357	0.714	0.357	0.357	0	0.179	0.357	0.357	0.179	0	0	0.357	0	0	0	0	0.179	0	0	0	0.357	0	0	0	0	0	0	0	0	0	0	0	0	0.179	0	0	0.179	0	0.179	0.179	0	0	0	0	0.179	0	0.179	0	0	0	0	0	0	0.179	0	0.179	0	0	0	0	0	0	0	0	0	0.179	0	0	0	0	0	0	0	0	0	0	0	0	0	0	0	0	0.179	0	0	0	0	0	0	0	0	0	0	0	0	0	0.179	0	0	0	0	0	0	0	0	0	0	0.179	0	0	0	0.357	0	0.179	0	0	0	0	0	0	0	0.179	0	0	0	0.267	0.09	0	0	0.179	0	0	0	0	0.179	0	0	0	0.179	0.126	0.053	0.357	0.357	0.179	0	0	0.357	0.179	0	0	0	0.179	0.179	0	0	0	0.179	0	0	0	0.536	0	0.179	0.357	0	0	0	0	0	0.179	0.179	0	0	0	0.179	0	0.536	0.179	0.179	0.179	0	0	0.179	0.179	0	0.536	0.179	1.072	0.179	0.893	1.429	0.893	0.179	0	0.536	0.357	0.536	0.179	0	0	0	0	0.714	0.893	0.357	0.179	0	0	0	0	0	0	0.179	0.179	0	0	0.357	0	0	0	0	0	0	0	0	0	0	0	0	0	0	0	0	0	0	0	0	0	0	0	0	0.179	0.179	0	0	0.179	0	0	0	0	0	0.714	0	0	0	0	0	0	0	0	0	0	0	0	0	0	0	0	0	0	0	0	0	50:60,42.515:200,50:80
Nt5dc2-NM_027289	0.179	0.536	0	0	0.357	0	0	0	0	0	0	0.357	0.179	0	0.179	0.179	0	0	0	0	0	0.179	0	0	0	0	0	0	0	0	0.179	0.179	0.179	0	0	0	0	0	0	0	0	0	0	0	0	0	0	0	0	0.357	0	0.536	0	0	0	0	0	0	0.536	0	0	0	0	0	0	0.357	0	0	0	0.179	0	0	0.179	0	0	0	0	0	0	0	0	0	0	0.179	0	0	0	0.179	0	0	0	0	0	0.179	0	0	0	0	0	0	0	0	0	0	0	0.179	0	0.179	0	0.357	0.179	0.357	0	0	0	0	0	0	0.357	0	0	0	0	0	0	0	0	0	0	0.536	0	0	0	0.179	0.179	0.536	0	0	0.357	0	0	0	0.179	0.179	0.058	0.121	0.255	0.28	0.179	0	0	0.536	0.536	0	0	0	0	0	0	0	0.179	0	0.179	0.357	0.179	0	0.536	0.893	0	0.357	0	0	0.357	0.357	0	0.357	0.357	0.27	0.088	0	0.179	0.536	0.357	0.179	0	0.179	0	0.179	0	0.179	0.179	0.179	0	0	0	0	0.179	0	0.179	0.357	0.179	0	0	0	0	0	0	0.179	0.714	0.357	0.179	0	0	0.179	0.179	0.893	0.179	0	0.357	0.179	0	0	0	0	0	0.179	0	0.357	0	0.357	0	0	0	0.179	0	0	0.179	0.357	0.714	0.357	0	0.179	0.357	0	0	0.179	0	0.179	0.179	0.634	0.438	0	0.357	0	0	0	0.357	0	0.179	0.357	0.357	0.179	0	0.179	0.714	0	0	0	0.179	0.179	0.714	0	0.179	0	0	0.536	0.179	0.357	0.179	0	0	0.179	0	0.179	0	0.357	0	0	0	0	0	0	0	0	0.179	0	0	0	0	0	0	0	0	0	0	0	0	0	0	0	0	0	0	0	0	0	0	0	0.179	0	0	0	0	0	0	0	0	0	0	0	0	0	0	0	0	0	0	0	0	0	50:60,21.945:200,50:80
Nudt13-NR_153364	0	0	0	0	0	0	0	0	0	0	0	0	0	0	0	0	0	0	0	0	0	0	0	0	0	0	0	0	0	0	0	0	0	0	0	0	0	0	0	0	0	0	0	0	0	0	0.179	0	0	0	0	0	0	0	0	0	0	0	0	0.714	41.434	0.357	0	0	0	0	0	0	0	0	0	0	0	0	0	0	0	0	0	0	0	0	0.179	0	0	0	0	0	0	0	0.179	0	0.179	0	0	0	0.179	0	0	0	0	0	0	0	0	0	0	0	0	0	0	0	0	0	0	0	0	0	0	0	0	0	0	0	0	0	0	0	0	0	0	0	0	0.179	0.179	0.357	0	0	0	0.179	0	0	0	0	0	0.179	0	0.179	0	0	0	0	0	0	0	0	0	0	0	0	0	0.179	0	0	0.179	0.179	0	0	0	0	0.536	0	0	0	0	0	0.357	0	0.179	0	0	0	0	0.179	0	0	0	0	0	0	0.357	0	0	0	0.179	0.536	0	0	0	0.179	0	1.25	1.072	0	0	0.893	1.072	0.179	0.536	0.536	0.179	0	0.179	0	0	0	0	0.179	0.357	0.357	0	0	0	0	0	0	0.357	0	0.179	0	0	0.179	0	0	0.179	0.357	0.357	0	0.714	0.357	0	0.179	0.179	0.357	0	0	0	0.179	0.179	0	0.357	1.607	0	0.357	0	1.329	1.172	0.714	0.179	0.714	0	0	0.357	1.072	0	0.357	0.179	0	0	0	0	0.179	0.179	0.714	0.179	0.357	0	0.179	0	0.357	0	0	0	0.179	0.179	0	0	0	0	0.357	0.357	0.893	0.536	0.893	0.714	0	0.714	0	0	0	0.714	0.179	0.179	0	0.357	0	0	0.357	0.893	0.179	0	0	0	0	0.357	0	0	0	0	0	0	0	0.179	0.179	0	0	0.179	0	0	0	0	0	0.179	0.357	0.179	0	0.179	0	0.536	0	50:60,114.445:200,50:80
Oard1-NM_207219	0	0	0	0	0	0	0	0	0	0	0	0	0	0	0	0	0	0	0	0.179	0.357	1.607	3.036	0.179	0	0	0	0	1.072	0.179	0.179	0.179	0	0.179	0.357	0.536	0.893	1.607	0.536	1.25	0	0	10.359	35.183	5.715	3.393	0	0	0	0	0.179	0.536	0	0	0	0	0	0.179	2.322	0	1.072	8.037	4.834	11.061	1.072	49.276	287.318	122.904	0.564	0.357	0.179	0.536	0.714	3.751	2.143	2.322	0.714	0.357	3.526	2.546	0.714	0	0.714	0.357	0	0	0	0	0	0	0.179	0	0.714	0	0	0.179	0.536	0.179	0	0	0	0.179	0.179	0	0	0	0	0	0	0	0	0	0	0.357	0	0.179	0	0	0	0	0.179	0	0	0	0	0	0.357	0.179	0	0	0	0	0	0	0.179	0	0.179	0	0	0	0	0.179	0.179	0.179	0	0	0	0	0	0	0	0	0	0	0	0	0	0	0	0	0	0	0.179	0	0	0	0	0	0	0	0	0	0	0.357	0	0.179	0.714	0	0.179	0	0	0	0	0	0	0	0	0	0	0	0.179	0.179	0	0	0	0	0	0	0.419	0.117	0	0.357	0	0	0	0	0	0	0	0	0.179	0	0.648	1.495	0	0.179	0.179	0	0.179	0.179	0	0	0	0.179	0.179	0	0.179	0.179	0	0.179	0.179	0	0	0	0	0	0	0	0	0	0	0	0	0.536	0.179	0	0	0	0.179	0.179	0.179	0	1.25	0.893	0	0	0	0	0.179	0.893	0	0.714	1.786	0.536	0.714	0.357	0.357	0.179	0	0.714	1.25	0.179	0.714	0	0.357	0.179	0.714	0.536	0.536	0.893	0.536	0.179	0.357	1.429	0.893	1.072	0.357	0.357	0.536	0.179	0	0.179	0.893	0.179	0.179	0.714	0.536	0	0	0.714	0.893	0.179	0	1.25	1.072	1.072	0.357	0	0.179	0.357	0.893	0.714	0.357	0.179	1.429	1.072	1.429	0.357	0.179	0.536	0	0.357	0.179	0	0	0.536	0.357	0.536	0	0.893	0	1.429	0.179	0.179	0.179	0	0	0.179	0.179	0.714	50:60,36.355:200,50:80
Ogdhl-NM_001081130	0	0	0.179	0	0	0	0.536	0	0.179	0	0	0	0	0	0.179	0	0.179	0	0.536	0	0	0	0.179	0	0	0	0	0	0	0	0	0.179	0.357	0	0	0	0	0	0.179	0	0	0	0	0	0	0	0	0	0.357	0	0	0	0	0	0.357	0	0	0	0	8.751	20.776	1.548	2.143	4.643	1.25	0.179	0	0.179	0.536	0.179	0.893	0.536	0	0.357	0.357	0.179	0	0.179	0	0	0.357	0.536	0	0	0	0	0.714	0.179	0.357	0	0.179	0	0	0	0	0.179	0	0	0	0.464	0.607	0.714	0.179	0.179	0.179	0.179	0.536	0.179	0	0	0.179	0	0.179	0.536	0.179	0.179	0.536	0	0	0	0	0	0	0	0	0.179	0.179	0.179	0	0	0	0	0	0	0.179	0	0	0.357	0	0	0.179	0.357	1.429	0	0.536	0.893	1.25	2.5	0.536	0.179	1.25	0.357	1.607	0.893	0.357	0.357	0.536	0	0.893	1.786	0.893	0.179	0.536	0.357	2.322	0.714	1.965	0.536	0.179	0.179	0.714	1.25	0.536	0.536	0.536	1.429	0.357	1.25	1.429	1.607	0.179	1.607	1.965	2.143	0.179	2.322	1.607	0.357	0.893	1.786	0.714	0.536	2.5	3.215	1.965	2.322	3.393	1.388	1.113	1.429	2.322	2.5	1.429	0.357	0.357	3.215	2.322	1.607	2.679	7.68	2.322	1.786	1.25	0.179	0.536	0.357	3.393	2.679	3.215	5.179	6.251	1.072	1.965	3.751	0.714	1.965	1.072	2.143	2.322	8.037	4.643	0.357	3.572	1.377	3.445	2.7	8.908	9.287	2.5	1.607	5.001	3.215	4.108	7.68	8.573	2.322	1.429	1.79	4.941	6.843	2.143	4.822	1.072	9.108	3.036	3.572	5.002	1.071	3.929	2.143	1.607	1.786	1.607	5.179	1.786	0.536	2.322	1.25	1.429	0.179	0.714	0.179	0	1.25	3.215	2.679	1.965	1.429	2.5	0.714	0.893	0.714	1.072	1.25	0.357	0	2.858	1.429	1.965	1.607	1.607	0.179	2.5	0.357	4.286	1.429	0.179	0.536	0.536	3.929	7.68	0.357	2.679	6.251	1.607	3.393	1.429	0.536	1.429	5.358	4.108	0.893	1.786	0.536	0.893	0	0.357	0.536	0.536	1.429	1.429	0.714	2.143	1.965	2.322	0	0	0	0	0	3.929	4.465	6.251	3.215	0	0.179	0.179	0.357	1.607	0	50:60,130.665:200,50:80
Olfml2b-NM_177068	0	0	0	0	0	0	0	0	0	0	0	0	0	0	0	0	0	0	0	0	0	0	0	0	0	0	0	0	0	0	0	0	0	0	0	0	0	0	0	0	0	0	0	0	0	0	0	0	0	0	0	0	0	0	0	0	0	0	0	0	0.357	0.179	0	0	0	0	0	0	0	0	0	0	0	0	0	0	0	0	0	0	0	0	0	0	0	0	0	0	0	0	0	0	0	0	0	0	0	0.179	0	0	0	0	0	0	0	0	0	0	0	0	0	0.179	0	0	0	0	0	0	0	0.179	0	0	0	0	0.179	0	0	0	0	0	0	0	0	0	0	0	0	0	0.179	0	0	0	0	0	0	0	0.179	0.179	0	0	0	0	0	0	0	0	0	0.179	0	0	0	0	0	0	0	0.179	0	0	0	0	0	0.179	0	0.179	0	0	0	0	0	0	0	0	0.179	0	0.179	0	0	0	0.179	0	0.179	0	0	0	0	0.179	0	0.536	0	0	0	0.179	0.179	0	0	0	0.357	0.179	0.179	0.179	0	0	0	0	0	0	0.536	0	0	0	0	0.179	0	0.357	0.179	0	0	0	0.179	0.179	0.179	0.179	0	0	0	0	0	0	0.179	0.179	0.179	0.179	0	0	0.357	0	0	0	0	0.536	0.179	0.179	0	0.357	0	0.714	0.179	0.179	0.714	0	0	0	0.179	0	0	0	0	0	0	0	0	0	0	0	0	0	0	0	0	0	0	0	0	0	0	0	0	0	0	0	0	0	0	0	0.179	0	0	0	0	0	0	0	0	0	0	0	0	0	0	0	0	0	0	0	0	0	0	0	0	0	0	0	0	0	0	0	0	0	0	0	0	0	0.179	0	0	0	0	0	0	0	50:60,191.29:200,50:80
Olfr225-NM_001011740	0	0	0	0	0	0	0	0	0	0	0	0	0	0	0	0	0	0	0	0	0	0	0	0	0	0	0	0	0	0	0	0	0	0	0	0	0	0	0	0	0	0	0	0	0	0	0	0	0	0	0	0	0	0	0	0	0	0	0	0	0	0	0	0	0	0	0	0	0	0	0	0	0	0	0	0	0	0	0	0	0	0	0	0	0	0	0	0	0	0	0	0	0	0	0	0	0	0	0	0	0	0	0	0	0	0	0	0	0	0	0	0	0	0	0	0	0	0	0	0	0	0	0	0	0	0	0	0	0	0	0	0	0	0	0	0	0	0	0	0	0	0	0	0	0	0	0	0	0	0	0	0	0	0	0	0	0	0	0	0	0	0	0	0	0	0	0	0	0	0	0	0	0	0	0	0	0	0	0	0	0	0	0	0	0	0	0	0	0	0	0	0	0	0	0	0	0	0	0	0	0	0	0	0	0	0	0	0	0	0	0	0	0	0	0	0	0	0	0	0	0	0	0	0	0	0	0	0	0	0	0	0	0	0	0	0	0	0	0	0	0	0	0	0	0	0	0	0	0	0	0	0	0	0	0	0	0	0	0	0	0	0	0	0	0	0	0	0	0	0	0	0	0	0	0	0	0	0	0	0	0	0	0	0	0	0	0	0	0	0	0	0	0	0	0	0	0	0	0	0	0	0	0	0	0	0	0	0	0	0	0	0	0	0	0	0	0	0	0	0	0	0	0	0	0	0	0	0	0	0	0	0	0	0	0	0	0	0	0	0	50:60,6.3:200,50:80
Olfr64-NM_013617	0	0	0	0	0	0	0	0	0	0	0	0	0	0	0	0	0	0	0	0	0	0	0	0	0	0	0	0	0	0	0	0	0	0	0	0	0	0	0	0	0	0	0	0	0	0	0	0	0	0	0	0	0	0	0	0	0	0	0	0	0	0	0	0	0	0	0	0	0	0	0	0	0	0	0	0	0	0	0	0	0	0	0	0	0	0	0	0	0	0	0	0	0	0	0	0	0	0	0	0	0	0	0	0	0	0	0	0	0	0	0	0	0	0	0	0	0	0	0	0	0	0	0	0	0	0	0	0	0	0	0	0	0	0	0	0	0	0	0	0	0	0	0	0	0	0	0	0	0	0	0	0	0	0	0	0	0	0	0	0	0	0	0	0	0	0	0	0	0	0	0	0	0	0	0	0	0	0	0	0	0	0	0	0	0	0	0	0	0	0	0	0	0	0	0	0	0	0	0	0	0	0	0	0	0	0	0	0	0	0	0	0	0	0	0	0	0	0	0	0	0	0	0	0	0	0	0	0	0	0	0	0	0	0	0	0	0	0	0	0	0	0	0	0	0	0	0	0	0	0	0	0	0	0	0	0	0	0	0	0	0	0	0	0	0	0	0	0	0	0	0	0	0	0	0	0	0	0	0	0	0	0	0	0	0	0	0	0	0	0	0	0	0	0	0	0	0	0	0	0	0	0	0	0	0	0	0	0	0	0	0	0	0	0	0	0	0	0	0	0	0	0	0	0	0	0	0	0	0	0	0	0	0	0	0	0	0	0	0	0	50:60,8.31:200,50:80
Olfr986-NM_146615	0	0	0	0	0	0	0	0	0	0	0	0	0	0	0	0	0	0	0	0	0	0	0	0	0	0	0	0	0	0	0	0	0	0	0	0	0	0	0	0	0	0	0	0	0	0	0	0	0	0	0	0	0	0	0	0	0	0	0	0	0	0	0	0	0	0	0	0	0	0	0	0	0	0	0	0	0	0	0	0	0	0	0	0	0	0	0	0	0	0	0	0	0	0	0	0	0	0	0	0	0	0	0	0	0	0	0	0	0	0	0	0	0	0	0	0	0	0	0	0	0	0	0	0	0	0	0	0	0	0	0	0	0	0	0	0	0	0	0	0	0	0	0	0	0	0	0	0	0	0	0	0	0	0	0	0	0	0	0	0	0	0	0	0	0	0	0	0	0	0	0	0	0	0	0	0	0	0	0	0	0	0	0	0	0	0	0	0	0	0	0	0	0	0	0	0	0	0	0	0	0	0	0	0	0	0	0	0	0	0	0	0	0	0	0	0	0	0	0	0	0	0	0	0	0	0	0	0	0	0	0	0	0	0	0	0	0	0	0	0	0	0	0	0	0	0	0	0	0	0	0	0	0	0	0	0	0	0	0	0	0	0	0	0	0	0	0	0	0	0	0	0	0	0	0	0	0	0	0	0	0	0	0	0	0	0	0	0	0	0	0	0	0	0	0	0	0	0	0	0	0	0	0	0	0	0	0	0	0	0	0	0	0	0	0	0	0	0	0	0	0	0	0	1.072	0	0	0	0	0	0	0.179	0.179	0	0	0	0	0	0	0	0	50:60,5.08:200,50:80
Ormdl2-NM_001359170	0	0	0	0	0	0	0	0	0	0	0	0	0	0	0	0	0	0	0	0	0	0	0	0	0	0	0	0	0.714	0.179	0.179	0	0	0	0.179	0	0	0	2.858	3.036	0	0.179	0	0	0	0.357	2.322	1.965	1.072	0.536	0	0	0	0	0	0	0	0	0	0.179	2.679	0.536	0.536	16.195	16.345	9.787	15.081	4.251	5.186	5.272	5.937	2.136	5.651	2.029	0.179	0	0.714	0	0.179	0	0	0	0	0	0.357	0	0.536	0	0	0.179	0.179	0	0	0	0	0	0	0	0	0	0	0	0	0	0	0	0	0	0	0	0	0	0	0	0	0	0	0	0	0	0	0	0	0	0	0	0	0	0	0	0	0	0	0	0	0	0	0	0	0	0	0	0	0	0	0	0	0	0	0.179	0	0	0	0	0.179	0	0	0	0	0	0	0	0	0	0	0	0	0	0	0	0	0	0	0	0	0	0	0	0	0	0	0	0	0	0	0	0	0	0	0	0	0	0	0	0	0	0	0	0	0	0	0	0	0	0	0	0	0	0	0	0	0	0	0	0	0	0	0	0	0	0	0	0	0	0	0	0	0	0	0	0	0	0	0	0	0	0	0	0	0	0	0	0	0	0	0	0	0	0	0	0	0	0	0	0	0	0	0	0	0	0.179	0	0	0	0	0	0.179	0	0	0.179	0.179	0.179	0	0	0	0.179	0	0	0	0	0	0	0	0	0	0	0	0	0	0	0	0	0	0	0	0	0.179	0	0	0	0	0	0	0	0	0	0.179	0	0	0	0.179	0	0	0	0	0	0	0	0	0	0	0	0	0	0	0	0	0	0	0	0	0	0	0	0	0	0.179	0	0	0	50:60,18.64:200,50:80
Oscar-NM_175632	0	0.179	0	0	0	0	0.179	0	0	0	0	0	0	0	0	0.179	0	0	0	0	0	0	0.179	0.179	0	0	0.536	2.679	0	0	0.179	0.179	0	0	0	0	0.179	0.179	0.179	0.357	0	0	0	0	0.357	0	0.179	0	0	0	0	0.179	0	0	0	0	0	0.179	0	0	0	0	0	0	0	0	0	0	0	0	0	0	0	0	0	0	0	0	0	0	0	0	0	0	0	0	0	0	0	0	0	0	0	0	0	0	0	0	0	0	0	0	0	0	0	0	0	0	0	0	0	0	0	0	0	0	0	0	0	0	0	0	0	0	0	0	0	0	0	0	0	0	0	0	0	0	0	0	0	0	0	0	0	0	0	0	0	0	0	0	0	0	0	0	0	0	0	0	0	0	0	0	0	0	0	0	0	0	0	0	0	0	0	0	0	0	0	0	0	0	0	0	0	0	0	0	0	0	0	0	0	0	0.179	0	0	0	0.536	0.179	0	0	0	0.357	0	0.179	0.357	0	0.179	0.179	0	0	0.179	0	0.179	0	0	0.057	0.3	0	0	0	0	0.179	0	0	0	0	0	0	0	0	0	0	0	0	0	0	0	0	0	0	0	0	0	0	0	0	0	0	0	0	0	0	0	0	0	0	0	0	0	0	0	0	0	0	0	0	0	0	0	0	0	0	0	0	0	0	0	0	0	0	0	0	0	0	0	0	0	0	0	0	0.179	0.179	0	0	0	0	0	0	0	0	0	0	0	0	0	0	0	0	0	0	0	0	0	0.179	0	0	0.179	0.714	0	0	0	0	0	0	0	0	0	0	0	0	0	0	0	0	0	0	0	0	0	0	50:60,31.72:200,50:80
Oxr1-NM_001130163	0.179	0	0.179	0	0	0	0	0	0	0	0	0	0	0	0	0	0	0	0	0	0	0	0	0	0	0.179	0	0	0	0	0	0	0	0	0	0	0	0	0	0	0	0	0	0	0.357	0.357	0.536	0.179	0	11.787	9.466	0	0	0	0	0	0	0	0.179	0.714	1.429	9.823	0.179	0.179	0.893	0	0	0.772	0.479	0.357	0	0.357	0.179	0.357	0.179	0	0.714	0	0	0.179	0.179	0	0	0	0	0	0	0.179	0.357	0	0.179	0.357	0	0.179	0.357	0.179	0	0	0	0.179	0	0.357	0.179	0.357	0.893	0.179	0	0	0	0	0	0	0	0	0	0	0	0.179	0.179	0	0	0.179	0.714	1.072	1.607	0.714	1.072	0.536	2.5	2.679	2.5	0.893	0.179	1.607	3.215	1.429	1.429	3.036	2.322	2.143	1.786	3.393	0	1.429	0.714	0.714	2.679	2.679	0.357	2.322	3.572	2.5	1.607	1.965	1.786	0.893	1.429	2.858	0.893	0.714	5.001	0.714	1.072	0	1.25	2.143	4.465	2.322	8.037	4.108	4.286	1.25	0.893	5.358	3.835	5.987	1.072	0.714	1.25	2.5	3.572	1.429	0.714	2.858	0.536	0.357	2.679	4.822	0	0	0	0	0	0	1.786	0.893	2.5	3.751	2.322	2.679	2.322	3.393	1.965	1.429	0.893	2.143	3.393	1.965	1.965	1.607	1.072	2.322	4.643	1.965	0.536	3.929	1.607	2.5	2.5	4.108	1.072	3.215	0.714	1.429	0.536	1.25	5.179	2.143	1.607	2.858	3.572	2.5	1.429	1.786	3.215	1.072	1.965	1.072	1.25	0.714	1.607	1.965	4.643	1.786	0.357	1.072	0	1.965	1.25	3.572	1.965	1.965	2.143	2.322	1.429	2.5	1.607	2.679	1.25	1.25	0.179	0.893	0	0.536	1.429	2.5	0.536	0	0	1.072	1.607	1.429	0.179	0.357	0.179	1.25	0.179	0.357	0.357	0	0.179	0.893	0.357	0	0.357	0.357	0.179	0	0.179	0.179	0.179	0.357	0	0	0	1.072	0.536	0.179	0.714	0.893	0.893	0.536	0.179	0.357	1.429	1.072	1.25	1.25	0.893	0	1.25	0.714	0.179	1.25	0.714	1.25	1.072	0.536	0.357	0.714	1.607	0	0.179	0.179	1.965	0.179	0.536	0	0	0	0.179	0	0	0.179	0	0	0	0	0.179	0.536	50:60,357.665:200,50:80
Pan2-NM_001358822	0	0	0	0	0	0	0	0	0	0	0	0	0	0	0	0	0	0	0	0	0	0	0	0	0	0	0	0	0	0	0.179	0	0	0	0	0	0	0	0	0	0.179	0.536	0.357	0	2.143	2.679	0.357	0.179	0.357	0	0.179	0	0.179	0	0	0	0	0	0	4.286	101.8	1.607	1.314	26.897	86.912	14.616	3.851	1.072	0.536	1.25	0.179	1.15	0.1	0.179	0.179	0.179	0	0	0	0	0	0	0.179	0.179	0.179	0	0	0	0	0.179	0	0	0	0	0	0	0	0	0	0.179	0.179	0	0	0.357	0	0	0.179	0.179	0	0	0	0	0.179	0.179	0.357	0.179	0.357	0.893	0	0.179	0	0	0	0.179	0.179	0	0	0	0	0	0	0	0	0	0.536	0	0	0.179	0.893	0	0.179	0	0.179	0	0.179	0.357	0.179	0	0.179	0.357	0.536	0.357	0	0.357	0	0	0	0	0	0	0.021	0.157	0	0	0	0	0	0.179	0.179	0.179	0.179	0.179	0	0.179	0.357	0.357	0.179	0.179	0	0.179	0	0.357	0.357	0.357	0	0.357	0	0.714	0.179	0.179	0.179	0.536	1.786	0.714	0.357	0.536	0	0.736	0.336	1.25	0	0	0	0	0	0	0.179	0.714	0.893	0.893	0.536	0.714	0.357	0.714	0	0.179	0.536	0	0.357	0.357	1.072	0	0.536	0.179	0.357	0	0.536	0.357	0.179	0	0.357	0.357	0.714	0	0.893	0.179	0	0.179	0.179	0.179	0.536	0.714	0.357	0.536	0.714	0.179	1.25	0.357	0.536	1.965	1.607	0.357	0.179	0.714	0	0.357	2.143	3.572	0.893	0.714	0.714	0.893	1.786	0.357	0	1.072	7.858	2.5	0.357	2.143	0.536	0	0.357	0.357	0.179	1.25	1.25	0.179	0	0.179	0.714	0.357	2.322	47.685	28.575	38.577	13.038	17.502	23.932	5.179	1.786	2.679	1.072	0	1.25	0.357	0	0.179	0	0.357	0.536	0	0	0	0.179	0	0	0.179	0.179	0	0.179	0	0	0.179	0	0.179	0	0.179	0	0.179	0.179	0	0	0.536	0	0	0	0.179	0	0.536	0	0	0	0	0	0	0	0	0	0.179	50:60,90.12:200,50:80
Pax2-NM_001368748	0	0	0	0	0	0	0	0	0	0	0	0	0	0	0	0	0	0	0	0	0	0	0	0	0	0	0	0	0	0	0	0	0	0	0	0	0	0	0	0	0	0	0	0	0	0	0	0	0	0	0	0	0	0.179	0	0	0	0	0	0	0	0	0	0	0	0	0	0	0	0	0	0	0	0.179	0	0	0	0	0	0	0.179	0	0	0	0	0	0	0	0	0	0	0	0	0	0	0	0	0	0	0	0	0.179	0	0	0.179	0	0	0	0	0	0	0	0	0	0	0	0	0	0	0	0	0	0	0	0	0	0	0	0	0	0	0	0	0	0	0	0	0	0	0	0	0	0	0	0	0	0	0	0	0	0	0	0	0	0	0	0	0	0	0	0	0	0	0.179	0	0.179	0.357	0	0	0	0	0	0.536	0.179	0	0	0	0	0	0	0	0	0	0	0	0	0	0	0.357	0.179	0	0	0	0	0	0	0	0	0	0	0	0	0	0	0	0	0	0	0	0	0	0	0	0	0	0	0	0	0	0	0	0	0	0	0	0	0	0	0	0	0	0	0.179	0	0	0	0	0	0	0	0	0	0.179	0	0	0	0.179	0	0	0	0	0	0.357	0	0	1.429	0	0.179	0	0	0	0	0	0	0	0	0	0	0	0	0	0	0	0	0	0	0	0	0	0	0	0	0	0	0	0	0	0	0	0	0	0	0	0	0	0	0	0	0	0	0	0	0	0	0	0	0	0	0	0	0	0	0	0	0	0	0	0	0	0	0	0	0	0	0	0	0	0	0	0	0	0	0	0	0	0	0	0	0	0	50:60,406.82:200,50:80
Pax6-NM_001310146	0.179	0	0.179	0	0	0.179	0.179	0	0	0	0	0	0	0	0	0	0	0.179	0	0	0	0	0	0	0.179	0.357	0	0.179	0.179	0.893	0.179	0.179	0	0	0	0	0	0	0	0	0	0.179	0	0	0	0	0	0	0	0	0	0	0	0	0	0.179	0	0	0	0	0	0.179	0.179	0.179	0	0	0	0	0	0	0	0	0	0	0	0	0	0	0	0	0	0	0	0	0	0	0	0	0	0	0	0	0	0	0.179	0	0	0	0	0	0	0	0	0	0	0.179	0	0	0	0	0	0	0	0	0	0	0.179	0	0	0	0.179	0	0	0	0.536	0.179	0.536	0	2.143	0	0.179	0	0	0.357	0.179	0	0.714	0.357	0.357	0.179	0.714	0.714	0	0.357	0.179	0	0	0	0	0	1.429	0	0.179	0.179	0.357	0.357	0	0.357	0.179	0	0.714	0	0	0	0	0	0.179	0.179	0	0	0.893	0.179	0.179	0	0.893	1.25	0	0	0.179	0.536	0	0.179	0	0	0.357	0	0.179	0	0.357	0	0.536	0	0.179	0.179	0.179	0	0	0.536	0	0	0.179	0.179	0	0	0.179	0.179	0	0	0.179	0.179	0	0	0	0	0	0	0.357	0.179	0	0	0.357	0.179	0	0.179	0	0.179	0	0	0	0	0	0.357	0	0.179	0.357	0	0	0	0	0	0	0	0	0	0	0	0	0.179	0	0.179	0	0	0.179	0.179	0	0	0	0	0.357	0.357	0.536	0	0	0	0	0	0.357	0.357	0	0.357	0	0	0	0	0	0.179	0.179	0.536	0	0	0	0.179	0.179	0.179	0	0	0	0	0	0	0.179	0.179	0	0.179	0	0	0	0	0	0	0	0	0	0	0	0	0	0	0	0	0	0	0	0.179	0	0	0	0	0	0	0	0	0	0	0	0	0	0	0	0	0	0.179	0.179	0	0	0	0	0	0	0	50:60,79.74:200,50:80
Pbx4-NM_001024954	0.179	0	0.179	0	0.179	0.179	0.179	0	0	0	0	0.179	0	0	0	0.179	0.179	0	0	0	0.179	0	0	0	0	0.357	0.536	0.179	0.179	0	0	0.179	0	0	0	0.179	0.536	0.179	0.357	0	0	0	0	0.179	0.536	0	0	0	0	0	0.357	0.179	0	0	0	0.179	0.179	0.179	0.536	0.179	4.108	0.714	0.179	0	0	0	0	0	0	0	0	0	0	0	0	0	0	0	0.179	0	0	0	0	0.179	0	0	0.179	0	0	0	0	0.357	0.357	0.179	0.357	0	0	0.179	0.714	0	0	0.179	0.536	0	0.893	0.179	0.714	2.5	1.607	0.714	1.429	1.607	1.25	2.143	0	0.893	0.893	0.179	0.179	0.357	0.714	0.179	0.893	0.179	0.536	0.536	0	0	0.179	1.072	0	0.686	0.564	0.357	0.179	0	0.179	0.179	1.965	0.179	0.536	0.714	0.714	2.679	4.108	0.893	0	0.179	0.536	0	1.25	1.786	0.536	0.536	0.536	0.179	0	0	0.714	0.179	1.786	1.429	1.072	0.714	1.25	0.179	0	0.179	0.357	0.357	0	1.607	1.965	0.357	1.607	0.179	0.309	1.477	1.072	1.786	0.357	0	0.357	0.536	0	0	0	0.357	1.607	0.714	1.607	0.536	0.179	0.536	0.179	0.714	0.179	0.179	0.179	0	0	0.536	0.179	0	0.179	0.179	0	0	0.536	0	1.072	0.357	0.179	0	0.357	0.179	0.179	0.179	0.357	0.179	0.179	0.179	0.357	0.893	0.179	0.714	0	0	0	0	0.536	0.179	0	0	0	0.179	1.429	1.072	0	0.714	0.179	0.714	0.179	0.179	0	0.536	0.357	0	0.179	0.536	1.231	1.09	0.893	0.179	0.536	0.714	0.536	0.536	1.072	2.322	0.357	0.179	0.714	0.179	0	0.357	0	0	0.714	0.179	0	0.357	0.179	0	0	0	0	0.357	2.143	1.25	0	0	0.179	0	0	0.714	0	0	0.179	0.714	0	0.179	0	0	0	0.357	0.536	0.357	0.357	0.179	0.536	0.179	0.357	0.357	0.179	0	0.179	0	0	0	0	0	0	0.179	0.357	0.179	0.179	0	0	0.179	0	0	0	0.536	0	0.179	0	0	0.179	0.179	0	0.179	0	0	0	0	0	0	0	0.357	50:60,198.345:200,50:80
Pcdh9-NM_001346722	0	0	0	0	0	0	0	0	0	0	0	0	0	0	0	0	0	0	0	0	0	0	0	0	0	0	0	0	0	0	0	0	0	0	0	0	0	0	0	0	0	0	0	0	0	0	0	0	0	0	0	0	0	0	0	0	0	0	0	0.536	8.93	0	0	0	0.357	0.179	0.179	0.357	0	0.357	0	0.357	0.179	0.179	0	0	0.179	0.357	0.536	0.179	0	0.179	0.357	0	0.357	0	0.536	0	0.179	0.179	0	0	0	0.179	0	0.179	0.357	0.357	0.357	0.357	0.536	0.179	0	0.357	0	0	0	0	0	0.179	0	0	0	0.179	0	0	0	0	0	0	0.357	0	0	0.179	0.536	0.179	0.179	0	0	0	0	0	0	0	0	0	0	0	0	0	0	0	0	0	0	0	0	0.179	0	0.357	0.179	0	0	0	0	0	0	0.179	0	0	0.357	0	0	0.179	0	0.179	0	0	0.179	0.179	0	0	0	0	0.179	0	0	0	0.179	0	0	0	0.357	0	0.714	0.179	0.179	0	0.536	0.179	0	0.179	0	0	0	0	0.179	0.179	0.179	0	0	0	0	0.179	0	0	0	0	0	0.179	0	0	0	5.358	0	2.143	0	0.536	0.357	0	0.179	0	0	0	0	0.357	0.179	0.179	0.179	0	0.179	0	0	0	0	0	0	0	0	0	0	0	0	0	0.179	0	0	0.179	0	0	0.179	0.179	0	0.179	0	0	0	0	0	0	0	0	0	0	0	0	0	0	0	0	0	0	0	0	0	0	0	0	0	0	0	0	0	0	0	0	0	0	0	0	0	0	0	0	0	0	0	0	0	0	0	0	0	0	0	0	0	0	0	0	0	0	0	0	0	0	0	0	0	0	0	0	0	0	0	0	0	0	0	0	0	0	0	0	0	0	0	0	0	0	50:60,4384.9:200,50:80
Pcdhgb1-NM_033574	0.714	0.357	0.179	0	0	0.179	0	0	0	0.179	0	0	0	0	0.357	0	0.179	0	0	0.179	0	0	0	0	0.179	0	0	0	0.179	0.179	0.179	0	0.179	0	0	0.179	0	0.179	0	0	0.179	0	0	0	0.179	0	0	0	0.179	0	0	0.179	0.179	0	0	0	0	0	0	0.357	5.179	1.965	0.357	3.393	1.965	0.893	3.751	2.143	1.607	0.893	3.215	2.143	3.929	2.679	1.072	1.429	0.357	2.5	1.607	3.393	0.893	0.714	0.357	0.536	0.179	0.179	0.893	1.429	0.179	1.25	1.786	0.893	1.25	1.072	0.893	0.714	0.714	0.893	0.357	4.465	0.714	0.179	4.286	1.607	0.893	1.965	0.536	0.179	1.25	5.001	2.5	2.5	0.357	0.714	1.022	0.228	7.501	1.429	2.858	1.786	1.429	2.5	3.929	3.751	4.286	1.786	1.965	2.322	1.072	1.25	5.715	1.965	2.858	1.965	2.143	1.25	2.322	1.965	1.072	2.322	1.25	0.357	5.358	1.965	2.143	6.251	0.536	0.893	3.751	3.751	0.357	2.679	1.786	13.752	6.072	3.393	1.786	2.143	0.357	1.072	5.894	1.072	1.607	0.357	1.25	1.25	8.394	3.393	3.393	5.179	1.965	0.357	3.036	3.572	1.786	0.714	0.893	0.893	0.893	1.607	1.072	1.25	0.357	3.751	0.357	1.607	2.143	1.072	0.536	2.143	0.893	2.322	0.714	0.893	1.786	2.322	0.536	1.965	0.714	2.679	1.25	0.179	0.714	0.357	0.357	0.536	0.536	0.714	1.429	3.929	0.893	4.108	3.393	4.465	8.573	8.612	32.287	11.609	6.251	8.394	5.894	3.215	4.286	2.143	0.179	3.751	6.251	9.466	6.608	4.822	8.215	5.179	11.787	10.18	6.608	11.609	15.895	9.644	18.753	31.612	8.93	7.68	2.158	2.128	1.607	1.607	1.072	1.786	3.751	3.036	2.679	1.25	6.072	4.822	1.965	0.357	1.786	3.751	5.179	18.931	1.429	1.25	1.25	1.072	3.215	4.822	0	0.179	0	0	0.714	0	0.714	0.179	0.179	0.536	0.714	0.179	0.536	0.714	0.357	0.179	0.179	0.536	0	0.179	0.179	0.357	0.714	0	0	0	0	0.179	0	0	0	0	0	0.179	0.179	0	0	0	0.179	0	0	0	0	0.536	0	0	0	0	0	0	0	0.536	0	0	0	0	0	0	0	0	0	0	0	0	0	0.179	0	0	0.179	0.179	0	0	0	0	50:60,807.995:200,50:80
Pclo-NM_011995	0	0	0	0	0	0	0	0	0	0	0	0	0	0	0	0	0	0	0	0	0	0	0	0	0	0	0	0	0	0	0	0	0	0	0	0	0	0	0	0	0	0	0	0	0	0	0	0	0	0	0	0	0	0	0	0	0	0.179	0	0	2.5	0.179	0.179	0	0.179	0	0.179	0.714	0	0	0.714	0	0	0.357	0.893	0.357	0.179	0.357	0.179	0	0	0.179	0.357	0.179	1.25	0.893	0	0.179	0.714	0	0.536	0.179	1.072	1.072	0.536	0.893	0.179	0.714	0.179	0.179	0	0.357	0	0	0.179	0	0.179	0.714	0	0.179	0	0	0.357	0.536	0.179	0	0	0.179	0	0.357	0.536	0.357	0.536	0.536	0.179	0	0.179	0.179	0	0	0.179	0.536	0	0	0.179	0	0.357	1.786	0.179	0.536	0.536	0.357	0	0.536	0	0	0	0.179	0.179	0.536	0	0.179	0.536	1.786	0.893	1.786	0.714	0.536	0.179	0.357	0	0.536	0	0.357	0.714	0.893	0.357	0.357	0	0.357	0.357	0.179	0.536	0.357	1.607	0	0	0	0	0	0	0	0	0.536	0.179	0	0	0	0	0	0	0	0.179	0	0	0.357	0.179	0.536	0.357	0	0.357	0.357	0.536	0	0.357	0	0.179	0.357	0	0.357	0	0.179	0	0.714	0.179	0.179	0.357	0	0	0	0.357	0.714	0	0.357	0	0.357	0.357	0.357	0.536	0	0	0	0	0	0	0	0	0	0	0	0	0	0	0	0	0	0.179	0	0	0	0	0	0	0	0	0	0	0	0	0	0	0	0	0	0	0	0	0	0	0	0	0	0	0	0	0	0	0	0	0	0	0	0	0	0	0	0	0	0	0	0	0	0	0	0	0	0	0	0	0	0	0	0	0	0	0	0	0	0	0	0	0	0	0	0	0	0	0	0	0	0	0	0	0	0	0	0	0	0	0	0	0	0	0	0	0	0	0	0	0	50:60,1742.71:200,50:80
Pdcd6-NM_011051	0.179	0	0.179	0.179	0.179	0.179	0.357	0.179	0.893	0.893	1.607	0	0.893	0.714	0.714	0	0	0.179	0.893	0	0	0.536	0.179	0.179	0	0.536	0.179	1.072	0	1.25	1.25	0.536	0	0.893	0	1.965	0.357	0.179	0.179	0.179	1.25	0.714	0.179	0	1.429	0.179	1.607	0.179	0.714	0.357	0.357	0.536	0.893	0	0.179	0.714	0.357	0.179	0.179	0	3.756	13.747	0.714	0.536	0	0	0.357	1.072	0.536	0	0.416	0.298	0.179	0.357	0	0	0.536	0	0.357	0.179	0	0	0	0	0	0	0	0	0	0.179	0	0	0	0	0.179	0	0	0	0	0	0	0	0	0.179	0.179	0.179	0	0	0	0	0	0	0	0	0	0.179	0.179	0	0	0	0	0	0.536	0	0.179	0	0	0	0.179	0.536	0	0	0	0	0	0.179	0	0	0	0	0.179	0	0	0	0	0.179	0	0	0	0	0	0	0.179	0.536	0.357	0	0	0.179	0.536	0	0	0	0	0.179	0.536	0	0.179	0	0	0	0	0.357	0	0	0.179	0.357	0	0	0.179	0	0.179	0	0	0.357	0.357	0.357	0.357	0.357	0	0	0	0	0.179	0	0.179	0	0	0.536	0.357	0	0.357	0	0	0.714	0	0	0	0	0.179	0	0	0	0.179	0	0	0	0.357	0	0.179	0.179	0	0	0	0.179	0.357	0.179	0.179	0	0	0	0	0	0	0	0	0.536	0.179	0.357	0	0.179	0	0	0	0.357	0.357	0	0	0	0.179	0.714	0.357	0	0.141	0.216	0.536	0.179	0	0	0.536	0.357	0.179	0.714	0.714	0.893	0.357	0.179	0.714	2.322	0.179	0	0.179	0	0	0.357	0.179	0	0.179	0.357	0	0	0	0.357	0.536	0.536	0	0	0.179	0.179	0.357	0.714	1.072	0.357	0	0	0.179	0	1.25	0.714	0.357	0	0	0.179	0	0.179	0	0	0	0.179	0	0.179	0.357	0.179	0	0	0	0	0	0	0	0	0	0	0	0	0	0	0	0	0	0	0	0	0	0	0	0	0	0	0	0	50:60,71.03:200,50:80
Pfkfb3-NM_001177753	0	0	0	0	0	0	0	0	0.179	0.357	0.714	0	0.714	0	0	0	0.179	0	0	0	0	0	0	0	0	0	0.179	0	0	0	0	0	0	0	0	0	0	0	0.536	1.25	0.179	0	0.536	0	0	0	0	0	0	0.179	0.357	0.179	0.179	0	0.179	0.357	0	0	0	2.143	79.654	1.965	1.607	0.357	0.536	1.072	0.357	0.179	0.179	0	0.179	0	0	0.536	0	0	0	0	0.179	0	0	0	0	0	0	0.179	0	0.357	0	0	0	0.893	0.179	0	0	0	0	0	0.179	0	0.179	0	0.179	0.179	0.179	0.357	0.357	0	0	0.536	0.536	0.714	0.357	0	0	0	0.179	0.357	0.179	0.357	0.179	0	0.179	0.179	0.357	0.536	0.357	0.179	0	0	0.179	0.536	0.179	0.357	0.179	0	0.179	1.072	0	0.714	0.179	0	0.536	0	0.357	0	0	0.357	0.179	0.179	0.357	0.357	0.179	0	0.357	0.179	0.179	0.357	0.357	0	0.357	0.714	0.179	0	0.357	0.179	0.179	1.072	0	0.179	0.179	1.25	1.607	3.929	3.572	1.25	0.714	0.179	0.893	0.714	1.072	3.036	1.59	0.375	0	0.893	0.893	0.357	0.357	0.179	0.536	0.893	0.357	0.536	0.714	1.072	1.786	1.072	0.893	1.429	0	0.536	0.714	1.965	2.143	0.357	0.357	0.357	0.357	2.322	0.714	2.858	1.607	0.714	0.357	1.25	0.714	1.25	0	0.179	2.322	1.429	1.072	0.714	0.714	0.357	0.179	0.714	0.714	0.536	0.714	0.357	1.768	1.982	0.179	1.607	1.072	0.893	0.893	0.179	0.536	1.072	0.893	0.357	2.232	0.268	0.536	1.679	0.643	0.179	3.929	3.393	0.179	0.893	1.965	1.25	1.607	0.714	0.714	1.072	0	0	0	0	0	0	0.714	0.179	1.072	0.179	0.179	0.714	0.536	2.143	0.179	0.357	0.179	0	0	0.536	0.357	0.179	0.536	0.179	0.893	2.322	0.714	1.072	0.536	1.429	1.429	0.714	3.036	0.536	0.179	1.25	0.357	0.179	0.714	0	0.357	0	0	0.179	0.357	0.179	0	0	1.25	1.607	0.357	0	0.179	0	0	0	0.179	0	0	0	0	0	0	0	0	0	0	0	0	0	0	0	0	0	0	0	0	0	0	0	50:60,153.3:200,50:80
Phkb-NM_001364411	0	0	0	0	0	0	0	0	0	0	0	0	0	0	0	0	0	0	0	0	0	0	0	0	0	0	0	0	0	0	0	0	0	0	0	0	0	0	0.179	0.536	0.357	0.179	0.357	0	0	0	3.393	3.036	0.357	0	2.858	4.286	0.179	0	0	0	0	0.714	0.357	1.072	112.694	0	0.179	0.179	0	0.536	0.357	0	0	0	1.429	4.822	27.147	3.215	0.714	1.965	1.786	0.893	1.25	0.714	1.072	0.357	1.429	1.786	1.965	1.786	1.429	1.786	6.072	4.465	2.679	3.215	3.215	1.607	2.5	2.143	3.572	2.679	1.965	1.965	3.572	0	0	0.357	0.179	3.215	5.358	3.215	3.393	3.751	1.786	0.893	0.536	1.429	3.751	2.5	0.893	0.536	3.929	5.536	1.072	6.072	2.679	1.965	4.822	4.286	0.893	0	0	0	0	0	4.465	3.036	2.322	2.143	4.465	4.465	2.858	3.393	2.679	1.429	0	2.5	4.643	6.608	5.715	7.001	8.18	10.716	4.465	5.894	6.787	5.894	10.537	6.251	7.501	5.536	0	0	0	0	0	0.357	4.465	3.572	4.465	2.858	3.751	6.251	4.286	4.465	1.429	2.322	1.072	1.965	1.786	4.822	5.358	5.536	2.858	3.393	1.786	1.25	3.036	0	0	0	0	2.858	1.607	0.714	0.893	1.429	0	0.536	2.5	3.572	1.786	3.929	2.858	3.036	3.572	1.607	4.643	0.179	3.036	1.072	0.536	3.393	2.5	0.714	3.036	2.322	1.25	3.929	8.037	3.572	1.607	1.429	5.001	0.893	1.429	3.036	5.894	5.358	7.68	3.572	2.679	3.751	4.286	3.036	3.751	3.929	5.358	5.894	4.643	8.93	3.215	6.787	8.394	4.822	4.465	2.679	3.215	2.858	1.965	3.036	1.965	3.215	1.25	4.643	1.25	2.143	0	1.607	1.786	7.144	9.823	5.536	0.536	0	0.357	0.357	0.536	0.179	0.179	0.357	0.179	0	0.179	0.357	0.179	0	0.536	0.357	1.25	0.536	0	0.536	0	0.536	0.893	0.536	0.357	0.179	1.072	0.536	0	0.179	0.714	0	0.179	0	0.714	0	1.072	0.893	0.179	0.357	0.179	2.5	1.607	0.536	0.536	0.536	0.536	0.893	0.179	0	0.179	0.179	0	0	0	0.536	0.179	0	0.179	0.179	0.536	0.714	0	0.179	0	0.179	0	0	3.393	0.179	0	0.179	0.893	1.429	1.072	1.607	0.179	0	0	0.536	50:60,1098.275:200,50:80
Phkg1-NR_145486	0	0.357	0.357	0	0	0	0.179	0	0	0.179	0.893	0.536	0.179	0	0	0	0	0	0.357	0.536	0	0	0	0	0.179	0	0.536	0.179	0	0	0.357	0	0.357	0	0	0	0.357	0.179	0	0	0	0	0	0	0.357	0	0.179	0.179	0.893	0.179	0	0.179	0	0	0.357	0	0.179	0	0	0	0	0	0	0	0	0	0.179	0	0	0	0	0	0	0.179	0	0	0	0.357	0	0	0	0	0	0.357	0.179	0	0	0	0	0.179	0	0	0	0	0	0	0	0	0	0	0	0	0	0.179	0	0	0	0	0.89	0.538	0.179	0.179	0	0	0	0	0	0	0	0	0	0.357	0.179	0.886	6.615	0	0.536	0.179	0.179	0.536	0.179	0.357	0.179	0	0	0	0	0	0	0	0	0	0	0	0	0	0	0	0	0	0	0	0	0	0	0	0	0	0	0	0	0	1.965	0	0	0	0	0	0	0	0	0	0	0.179	0	0	0	0	0	0	0	0.179	0	1.607	0.179	1.786	0.179	0	0	0	0.179	0	0	0	0	0	0	0	0	0	0	0	0	0	0.179	0	0	0	0	0	0.714	0	0	0	0	0	0	0	0	0	0.179	0.357	0.357	0	0.179	0.179	0.179	1.607	0	0	0	0	0	0	0.357	0	0.179	0.357	0.179	0	0	0	0.179	0.893	0.179	0.179	0.536	0.357	0	0.179	0.536	0	0.179	0.179	0.357	0.357	0	0	0	0	0	0	0.179	0.179	0	0	0.179	0	0	0	0	0	0	0.536	0	0.179	0.536	0.357	0	0.179	0	0	0	0	0.179	0.179	0	0	0	0	0	0	0	0	0	0	0	0	0	0	0	0	0	0	0.179	0.179	0.179	0	0	0	0	0.357	0	0	0	0	0	0	0	0	0	0	0	0	0	0	0	0	0	0	0	0	0	0	0	0	0	0	0	0	50:60,78.265:200,50:80
Pianp-NM_001145926	0	0	0	0	0	0	0	0	0	0	0	0	0	0	0	0	0	0	0	0	0	0	0	0	0.179	0	0	0	0	0	0	0	0	0.179	0	0	0	0.536	0	0	0	0	0	0	0	0	0	0	0	0	0.179	0	0.179	0	1.607	2.322	0	0	0	1.072	0.179	0	0.179	0	0	0	0	1.072	1.456	1.759	1.072	0	0	0	0.179	0	0	0	0	0.357	0	0	0	0	0	0.357	0	0	0.179	0	0.179	0	0	0	1.25	0.214	2.822	0	0.179	0	0	0	0.179	0	0	0	0	0	0	0.179	0.357	0.179	0.357	0	0	0.179	0	0	0	0	0.357	0.714	0.179	0	0	0	0	0	0	0	0	0	0	0	0	0	0	0	0	0	0.179	0	0.357	0	0	0	0	0	0	0	0	0	0	0	0	0.179	0	0.179	0	0	0	0.161	0.018	0	0	0	0	0	0	0	0	0	0.179	0	0	0	0.179	0	0	0	0	0	0	0	0	0	0	0	0	0	0	0.179	0	0	0.179	0.179	0	0	0	0	0	0	0	0	0	0	0	0.179	0	0	0	0	0	0	0	0	0	0	0	0	0	0	0	0	0.179	0	0	0	0	0	0	0	0	0	0	0	0	0	0	0	0.357	0	0.179	0.179	0	0	0	0	0	0	0	0	0	0	0	0	0	0	0	0	0.179	0.357	0	0	0.179	0	0.179	0.179	0	0	0	0	0.536	0	0	0	0.357	0	0	0	0	0	0	0	0.357	0.179	0	0	0	0	0	0	0	0.179	0	0.357	0	0	0.357	0	0	0	0	0	0	0	0.179	0	0	0	0	0	0.179	0	0	0.179	0	0	0.357	0.179	0	0	0	0	0	0	0	0	0	0	0	0	0	0	0	0.179	0	0	0	0.179	50:60,22.45:200,50:80
Pifo-NM_029604	0	0	0	0	0	0	0	0	0	0	0	0	0	0	0	0	0	0	0	0	0	0	0	0	0	0	0	0	0	0	0	0	0	0	0	0	0	0	0	0	0	0	0	0	0	0	0	0	0	0	0	0	0	0	0	0	0	0	0	0	0	0	0	0	0	0	0	0	0	0	0	0	0	0	0	0	0	0	0	0	0	0	0	0	0	0	0	0	0	0	0	0	0	0	0	0	0	0	0	0	0	0	0	0	0	0	0	0	0	0	0	0	0	0	0	0	0	0	0	0	0	0	0	0	0	0	0	0	0	0	0	0	0	0	0	0	0	0	0	0	0	0	0	0	0	0	0	0	0	0	0	0	0	0	0	0	0	0	0	0	0	0	0	0	0	0	0	0	0	0	0	0	0	0	0	0	0	0	0	0	0	0	0	0	0	0	0	0	0	0.179	0	0	0	0	0	0	0	0	0	0	0	0	0	0	0	0	0	0	0	0	0	0	0	0	0	0	0	0	0	0	0	0	0	0	0	0	0	0	0	0	0	0	0	0	0	0	0	0	0	0	0	0	0	0	0	0	0	0	0	0	0	0	0	0	0	0	0	0	0	0	0	0	0	0	0	0	0	0	0	0	0	0	0	0	0	0	0	0	0	0	0	0	0	0	0	0	0	0	0	0	0	0	0	0	0	0	0	0	0	0	0	0	0	0	0	0	0	0	0	0	0	0	0	0	0	0	0	0	0	0	0	0	0	0	0	0	0	0	0	0	0	0	0	0	0	0	0	0	0	0	50:60,22.705:200,50:80
Pitx2-NM_011098	0	0	0	0	0	0	0	0	0.179	0	0	0	0	0	0	0	0	0	0	0	0	0	0	0	0	0	0	0	0	0	0	0	0	0	0	0	0	0.179	0	0	0	0	0	0	0	0	0	0	0	0	0	0	0	0	0	0	0	0	0	0	0	0	0	0	0	0	0	0	0	0.179	0	0	0	0	0	0	0	0	0	0	0	0	0	0	0	0	0	0	0	0	0	0	0	0	0	0	0	0	0	0	0	0.179	0	0	0	0	0.179	0	0.179	0	0	0	0.536	0	0	0	0	0	0	0	0	0	0	0	0.179	0	0	0	0	0	0	0	0	0	0	0	0	0	0	0	0	0	0	0	0	0	0	0	0	0	0	0	0	0	0	0	0	0	0	0	0	0	0	0	0	0	0	0	0	0	0	0	0	0.179	0	0	0	0	0	0	0	0	0.179	0	0.179	0	0	0	0	0	0	0	0	0.357	0	0	0	0	0	0.357	0.179	0.179	35.941	12.637	3.215	5.595	45.125	8.038	1.101	1.399	0.714	1.072	5.894	16.788	8.573	6.787	4.822	0.714	6.251	9.644	1.786	0	1.25	0.179	0.357	2.679	1.072	1.25	0.357	0.357	2.5	2.5	1.25	0.893	2.322	0.179	2.5	1.786	1.072	24.521	11.198	3.099	37.8	12.145	4.684	2.639	2.143	0.714	1.786	1.965	2.858	1.786	8.93	5.001	0.357	1.607	0.179	0.714	0.179	0.536	0.179	0.179	0	0.179	0.357	0.357	0	0	0	0	0.179	0.179	0.357	0	0.179	0	0.179	0.536	0	0	0.179	0	0.714	2.679	1.072	1.25	0.893	0.179	0.357	0.357	1.072	1.786	2.5	0.357	1.25	0.536	0	0.536	3.751	1.429	0.179	0.893	2.143	1.429	0.179	0	0.179	0.179	1.429	0.357	0	0	0.179	0	0	0	0	0	0.357	0.179	0.357	0.714	0.714	1.25	3.036	9.108	6.251	1.25	1.072	0.536	0.536	0	1.072	0.357	0.536	0	0.179	0.714	0	0.179	50:60,98.585:200,50:80
Plch2-NM_001113360	0.179	0	0	0	0.179	0	0	0.179	0.179	0	0	0	0.357	0	0	0	0	0.179	0	0	0	0.179	0	0	0	0	0	0.179	0	0	0	0	0.179	0	0	0	0	0	0.179	0	0	0	0	0	0	0.179	0	0	0.179	0	0	0	0	0	0	0	0	0	0	0	0	0	0	0	0.179	0	0.357	0	0.179	0.179	0.179	0	0	0	0	0.357	0	0	0	0	0	0	0	0	0.179	0	0.179	0	0	0	0.179	0	0	0	0	0	0	0	0	0	0.179	0	0.179	0.179	0.357	0.179	0	0.179	0	0	0	0.179	0	0	0	0	0.357	0	0.179	0	0.179	0.357	0.179	0.714	0	0	0	0.179	0	0	0	0.179	0.536	0	0	0.536	0.179	1.072	0.179	0	0	0	0.536	0.357	0	0	0	0	0	0	0	0	0.179	0	0.179	0	0	0.179	0.179	0.179	0	0	0	0.179	0.179	0	0.179	0.179	0	0	0.357	0.179	0	0	0	0.179	0	0.088	0.627	0.179	0	0.357	0.179	0	0	0.179	0.179	0	0	0	0.179	0	0	0	0	0	0	0	0	0	0	0	0	0	0	0.179	0.179	0.357	0	0	0.179	0.179	0.357	0	0	0.179	0.179	0	0	0.357	0	0	0.179	0	0	0.179	0	0	0.179	0	0	0	0	0	0.179	0	0	0.893	0.357	0.536	0.357	0	0.357	0.357	0.179	0.357	0	0.179	0.179	0.179	0	0.179	0.179	0	0.536	0.357	0.179	0.357	0.357	0	0	0.179	0	0	0.179	0	0	0.179	0	0	0	0.179	0.179	0.893	0.179	0.536	0.536	0	0	0	0.179	0	0	0	0.536	0	1.25	0.357	0	0.357	0	0.357	0.179	0	0.179	0	0	0.179	0	0.357	0	0	0	0	0	0	0	0	0	0	0	0	0	0	0	0	0	0	0	0	0	0	0	0	0	0	0	0	0	0	0	0	0	0	0	0	0	0	0	0	50:60,139.555:200,50:80
Plod2-NM_011961	0	0	0	0	0.179	0	0	0	0	0	0	0	0	0	0	0	0	0	0	0	0	0	0	0	0	0	0	0	0	0	0	0	0	0	0	0	0	0	0	0	0	0	0	0	0.179	0	0	0	0	0	0	0	0	0	0	0.357	0	0	0	0.357	46.082	6.961	1.072	0	0.714	0.179	0.536	0.714	0.536	0.357	0	0.714	1.072	0.179	0	0.179	0.179	0.357	0.893	1.25	4.465	1.25	0	0.357	0	0.357	0.536	0	0.179	0.714	0.179	0	0.357	0.536	0.357	0	0.714	0.179	0.179	0.179	1.25	1.786	0.179	1.072	0.714	0.357	0.179	0.357	0.714	0.357	0.893	0.893	0.536	0	0.536	0.893	1.072	0.893	0.714	0	0.357	1.072	1.174	1.862	2.143	1.429	0.179	1.429	1.25	0.357	1.429	1.965	1.25	1.25	2.5	0.179	0.714	1.429	0.179	1.25	0.536	0.536	0.714	0.714	0	1.072	3.572	1.072	2.5	3.036	0.357	2.143	1.429	4.643	4.108	0.536	0.536	1.072	2.5	1.072	0	1.072	1.607	2.143	3.929	2.679	2.322	2.143	0.893	0.893	1.25	0	1.429	3.751	0.893	1.25	1.072	3.929	2.322	1.072	0	0	0	3.036	1.786	2.679	0.893	11.252	3.572	7.501	6.251	8.394	5.001	4.349	1.366	6.501	1.536	1.429	8.037	2.679	2.5	1.607	9.644	1.072	3.929	7.322	5.536	7.144	5.715	5.715	2.143	2.858	3.215	1.786	4.286	15.895	3.751	1.607	6.787	4.465	3.215	2.679	4.108	3.036	5.961	3.148	3.067	4.969	5.715	0.893	3.572	8.751	0.893	2.858	4.286	5.894	2.143	3.215	2.143	4.822	4.822	11.43	6.429	5.179	2.679	4.286	9.466	1.25	1.429	5.715	3.393	8.394	9.823	4.822	10.537	8.751	15.167	6.621	4.643	4.822	1.786	0.357	0.536	0.357	2.143	6.965	0.536	0.714	1.072	2.5	1.965	1.25	2.143	2.322	13.573	18.931	0.893	1.072	0.179	0	0	3.215	0.893	1.965	0.536	1.25	0	1.25	1.786	6.787	1.429	1.25	1.786	2.322	2.679	3.393	2.858	8.037	9.823	0.179	0.357	0.536	0.357	0.179	1.072	3.215	0.357	1.429	1.965	0	1.429	0.714	0.714	0.179	0.179	1.072	0.179	1.072	1.072	0.536	0.536	1.072	0.893	1.072	0.714	1.25	1.429	0.536	0	0.179	0	0	0.179	1.965	0.893	0.357	0.536	1.965	3.929	0.179	50:60,331.025:200,50:80
Pls3-NM_145629	0	0	0	0	0	0	0	0	0	0	0	0	0	0	0	0	0	0	0	0	0	0	0	0	0	0	0	0	0	0	0	0	0	0	0	0	0	0.179	0	0	0	0	0	0	0	0	0	1.607	1.965	16.431	2.143	2.5	3.215	1.072	0.357	0.357	0	0	0	0	0.536	0.536	0.179	0	0.179	0.179	0	0.357	0.179	0.179	0.357	0.357	0	0	0	0	0	0.357	0	0.179	0.179	0.179	0.179	0.357	1.072	0.179	0	0.179	0.357	1.429	0.357	0	0.357	0.714	0.179	0	0.357	0.714	0	0.357	0	0	0.179	0.893	0	0.357	0	1.072	0.179	1.072	0.536	0.357	0.179	1.072	1.786	0.714	0.714	1.072	0.357	0.536	0.357	1.25	0	2.143	0.893	0.357	0.893	0.357	1.072	1.072	0.714	1.25	0.357	0.714	0.357	1.965	0.714	0.536	0.357	0	0.179	0.357	1.429	0.714	0.893	0.714	0.179	0	2.143	0.893	1.072	0.357	1.786	0.714	0.357	0.536	1.786	0.536	2.143	0.179	0.179	1.429	1.786	0.357	0.536	0	1.25	0.357	0.179	0.536	0.893	0.714	0.357	0.714	0.357	0.536	0	0	0.357	0	0.179	1.072	0.179	0.179	0	0.714	0.179	0	0	0	0.179	0	0	0.357	0.714	0.179	1.25	0.357	0	0.179	0.536	0.536	0	0.357	0.179	0.357	0.714	0.536	0.179	0.536	0.179	0.357	0	0.893	0.893	1.072	0.714	0	0.714	0.179	0	0	0.536	1.072	0.536	1.429	0.714	0.714	0.179	1.072	0.357	1.072	0.714	0	0.893	0.357	0.536	1.786	0.893	0.536	1.25	1.965	1.965	0.893	1.25	0.714	0.714	0.714	0.714	0.179	2.322	0.357	0.714	2.5	0	0	0.179	0.536	1.072	1.25	0.714	0.179	0	0	0	0	0.179	0.357	0.536	0.179	0	0	0	0.179	0	0.357	0	0.536	0	0	0	0	0	0	0.179	0.179	0	0	0.179	0.179	0.179	0.179	0.179	0	0	0	0.357	0	0	0.179	0.179	0.714	0.179	0.714	0	0.536	0.179	0	0.179	0	0	0	0.536	0.536	0	0.179	0.714	0.536	0	0	0	0	0	0	0.179	0	0	0	0	0	0.357	0	0	0	0	0	0.179	0	0.179	0	50:60,444.605:200,50:80
Plscr3-NM_023564	0	0	0	0	0	0	0	0	0	0	0	0	0	0	0.179	0	0	0	0	0	0	0	0	0	0	0	0	0	0	0	0	0	0	0	0	0	0	0	0	0	0	0.357	0	0	0.179	0.357	0.179	0.714	0.179	0.179	0	0	0.536	0.357	0.179	0	0	0	0	0	0.714	1.043	1.993	0.179	0.714	0	0	0	0	0	0.714	4.022	3.074	1.12	0.179	0	0	0	0	0	0	0	0	0.179	0.179	0	0	0	0	0	0	0	0	0	0.179	0	0	0	0.179	0	0	0.179	0	0.179	0	0	0	0	0	0	0	0	0	0	0	0	0	0	0	0	0	0	0	0.179	0	0	0	0	0	0	0	0	0	0	0	0.179	0	0	0	0	0	0	0	0	0	0	0	0	0	0	0	0	0	0	0	0	0	0	0	0	0	0	0	0	0	0.179	0	0	0	0	0	0	0	0	0	0	0	0	0	0	0	0	0	0	0	0	0	0	0	0.179	0	0	0	0	0	0	0	0	0	0	0	0.357	0	0	0	0	0.179	0	0	0.179	0	0	0	0.357	0.179	0	0	0	0	0	0.179	0	0.357	0	0	0	0	0	0	0	0	0	0	0	0	0	0	0	0	0	0	0	0.179	0	0	0.179	0	0.179	0.357	0	0	0	0	0.357	0.179	0.179	0.179	0	0	0.179	0.893	1.072	1.25	0.536	0	0	0	0	0	0	0	0	0	0.179	0.179	0.714	0	0.179	0.179	0	0.179	0.179	0.536	0	0.536	0	0	0	0.357	0	0	0	0.714	0.179	0	0	0.357	0	0.357	0.536	0.179	0.179	0.179	0.357	0.179	0.357	0	0.179	0.179	0.179	0	0.179	0.357	0	0	0	0.714	0.357	0	0.714	1.072	0	0	0	0.179	0.714	0	0.179	0	0	0	0.536	0	0.357	0	0.179	0.179	0	0.357	0	50:60,27.21:200,50:80
Pmfbp1-NM_019938	0	0	0	0	0	0	0	0	0	0	0	0	0	0	0	0	0	0	0	0	0	0.179	0	0	0	0	0	0	0	0	0	0	0	0	0	0	0	0	0	0	0	0	0	0	0	0	0	0	0	0	0	0	0	0	0	0	0	0	0	0	0	0	0	0	0	0	0	0	0	0	0	0	0	0	0	0	0	0	0	0	0	0	0	0	0	0	0	0	0	0	0	0	0	0	0	0	0	0	0	0	0	0	0	0	0	0	0	0	0	0.179	0	0	0	0	0	0	0	0	0	0	0	0	0	0	0	0	0	0	0	0	0	0	0	0	0	0	0	0	0	0	0	0	0	0	0	0	0	0	0	0	0	0	0.179	0	0	0	0	0	0	0	0	0	0	0	0	0	0	0	0	0	0	0	0	0	0	0	0	0	0	0	0	0	0.179	0	0	0	0	0	0	0	0	0	0	0	0	0.179	0	0	0	0	0	0	0	0	0	0	0	0	0	0	0	0	0.179	0	0	0	0	0	0	0	0	0	0	0	0	0	0	0	0	0	0	0.179	0	0	0	0	0	0	0	0	0	0	0	0	0	0	0	0	0	0	0.179	0	0	0	0	0	0	0	0.536	0.179	0	0	0	0	0.179	0	0	0	0	0	0	0	0	0	0	0	0	0	0	0	0	0	0.179	0	0	0	0	0	0	0	0.536	0.536	0	0	0	0	0	0	0	0	0	0	0	0	0	0	0	0	0	0	0	0	0	0	0	0	0	0	0	0	0	0	0	0	0	0	0	0	0	0	0	0	0	0	0	0	0	0	0	0	50:60,243.08:200,50:80
Polg2-NM_001353435	1.965	0.357	0.357	3.929	0.714	0	0	0	0	0	0	0	0	0	0	0	0	0.357	0.536	3.036	0.179	0.179	0.536	1.25	0.893	0.179	7.501	0.536	0.536	5.358	2.858	3.929	1.072	0.536	2.5	1.607	0.179	0.179	0	3.215	0	0.179	0.893	0.179	1.965	0.714	1.965	0	2.679	0.357	0.714	2.322	3.393	2.143	5.358	3.215	0.893	1.072	32.683	98.228	1.965	1.072	2.679	4.465	3.751	0.893	0	1.5	2.25	1.25	0	0	0.179	0.357	0.357	0	0	0	0	0.179	1.072	0.179	0.179	0.179	0.179	0.179	0.179	0	0	0.536	0	0.357	0	0.357	0.179	0	0	0	0	0.536	0.179	0.357	0	0	0.179	0.179	0	0	0	0	0	0	0	0	0	0	0.482	0.054	0	0.179	0	0.179	0	0.179	0.357	0	0	0	0	0	0.357	0.357	0.179	0.179	0.179	0	0	0	0.536	0.179	0	0	0	0	0	0	0.179	0.179	0	0.536	0	0	0	0	0	0	0.179	0.357	0	0	0	0	0.179	0	0	0	0	0	0	0	0	0	0	0	0	0.179	0	0.179	0	0.179	0.179	0	0	0	0	0	0.179	0	0.536	0	0	0	0	0	0	0.179	0	0	0	0	0	0.179	0	0	0.179	0.357	0	0	0	0	0	0.179	0.179	0	0	0	0.179	0.179	0	0	0	0	0.179	0.179	0	0	0	0	0	0	0	0.179	0	0	0.357	0.179	0	0	0	0	0.179	0	0	0.179	0.357	0	0	0	0	0	0	0.357	0	0	0	0	0.536	0.179	0.179	0	0.357	0.179	0.179	0.179	0	0	0	0	0	0	0	0.179	0.179	0	0	0	0	0.179	0	0.357	0	0	0	0	0	0.179	0	0.179	0	0.179	0	0.179	0	0	0.179	0	0	0.536	0	0.536	0.357	0	0	0	0	0	0	0	0	0.179	0.179	0.536	0.893	0.179	0	0.357	1.429	0.536	0	0	0	0	0.179	0.179	0.714	0.357	0	0.179	0.357	0	0.536	0.179	0.357	0.179	0.893	0	0.357	0.179	0	1.072	50:60,56.05:200,50:80
Pparg-NM_011146	0	0	0	0	0	0	0	0	0	0	0	0	0	0	0	0	0	0	0	0	0	0	0	0	0	0	0	0	0	0	0	0	0	0	0	0	0	0	0	0	0	0	0	0	0	0	0	0	0	0	0	0	0	0	0	0	0	0	0	0	0	0	0	0	0	0	0	0	0	0	0	0	0	0	0	0	0	0	0	0	0	0	0	0	0	0	0	0	0	0	0	0	0	0	0.179	0	0	0	0	0	0	0	0	0.179	0	0	0	0.179	0	0	0	0	0	0	0	0	0	0	0	0	0	0	0	0	0	0	0	0	0	0.179	0	0	0	0	0	0	0	0	0	0	0	0	0	0	0	0	0	0	0	0	0	0	0	0	0	0	0	0	0	0	0	0	0	0.179	0	0	0	0	0	0	0	0.179	0	0	0	0	0	0	0	0	0.179	0	0	0	0	0	0	0.179	0	0.179	0	0	0	0	0	0	0	0	0	0	0	0.179	0	0	0	0	0	0	0	0.357	0	0	0	0	0.179	0	0.179	0	0	0	0	0	0	0	0	0	0.179	0	0	0	0	0.536	0	0.179	0	0	0	0	0	0	0	0	0	0	0	0	0	0	0	0	0	0	0	0	0	0	0	0	0	0	0	0	0	0	0	0	0	0	0	0	0	0	0	0	0	0	0	0	0	0	0	0	0	0	0	0	0	0	0	0	0	0	0	0	0	0	0	0	0	0	0	0	0	0	0	0	0	0	0	0	0	0	0	0	0.179	0	0	0	0	0	0	0	0	0.179	0	0	0	0	0	0.179	0	0	0	0	0	0	0	0	0	0	50:60,341.68:200,50:80
Ppp1r8-NM_001355198	0.536	0	0	0	0	0	0.714	0	0.536	0.536	1.965	0.893	0	0	0.179	0	0	0	0	0	0	0	0.179	0	0	0	0	0	0	0	0	0	0	0.536	0	1.965	0.179	1.25	0.536	0.357	1.072	0.179	0	0.179	0.179	0	0.179	0.536	1.607	0.179	2.5	1.25	0.536	0.536	0.714	0.179	0.357	0.179	0.893	113.23	462.611	204.624	4.822	1.607	0	1.429	1.429	0	1.786	1.072	0	0.536	1.965	0	0.357	0.157	0.2	0.179	0	0	0.179	0	0	0	0.067	0.469	0	0	0.357	0.179	0	0	0	0.179	0.357	0	0.357	0	0	0.893	0	0	0	0	0.179	0	0	0.179	0.357	0	0	0	0.179	0.179	0	0	0	0	0.179	0	0.536	0.179	0	0	0	0	0	0	0	0.357	0.357	0.179	0.179	0.179	0	0	0	0	0	0.357	0.179	0	0.357	0	0.179	0.179	0	0	0.357	0	0	0.179	0	0	0	0.179	0	0	0.357	0.893	0.357	0	0	0	0	0.179	0	0	0	0	0.357	0	0.357	0.179	0.357	0.357	0	0	0.179	0.714	0.179	0	0.179	0.357	0.179	0.536	0.536	0	0.357	0.357	0.357	0.179	0	0	0	0	0	0	0	0.179	0.357	1.25	0.714	0.179	0.536	0.179	0.179	0	0	0	0.357	0.893	1.25	0	0	0.179	0.714	0.536	1.429	0	0	0	0.357	0.179	0	0.714	0.714	1.965	0.179	0.357	0.179	0.536	0.714	0.893	0	0.179	0	0.179	0	0.536	0.357	0.357	0.179	0.179	0.357	0.357	0.536	0.179	1.786	1.072	1.786	2.679	0.357	1.25	2.679	0.536	1.221	0.565	0	0.714	0.536	0.357	0.357	1.786	2.143	2.679	1.786	0.357	0.357	1.072	1.072	5.358	3.929	0.357	0.179	1.072	1.072	0.536	2.322	0.536	0.357	0.536	0.179	0.536	0.893	0.179	0	0.536	1.072	0.179	0.357	0.179	0.179	0.357	0.893	1.965	0.179	0	0	0	0	0	0	0	0	0	0.893	0	0.179	0.536	0.536	0	0.357	0.357	0.357	1.607	0.536	0	0	0.357	0	0	0	0	0	0	0	0	0	0.179	0	0.357	0.357	0	0.179	0	0	0	0.179	0	50:60,81.055:200,50:80
Ppp2r1b-NM_028614	0.179	0.179	0.179	0.536	0.179	0	0	0.536	0.536	0	0.357	0	0.179	0.179	0	0.714	0.179	0	0	0	0.179	0	0	0	0	0	0	0.357	0.357	0.357	0	0	0	0.357	0	0	0	0	0	0	0.179	0	0	0	0.357	0.179	0	0.357	0	0.179	0	0	0	0.179	0.714	1.25	0.357	0.179	0.179	0.179	82.955	4.2	0.179	0.179	0.893	0	0.357	0.893	0	0	0.179	0.179	0	0	0.357	0.179	0.179	0	0	0	0	0.357	0	0	0	0	0	0.357	0	0	0	0	0.536	0	0	0.179	0	0	0.179	0.179	0	0	0.179	0	0	0	0.179	0.357	0.179	0.179	0.179	0	0	0	0	0.179	0	0	0.357	0.357	0	0	0.357	0.179	0.536	0.357	0.179	0.179	0	0.357	0	0.357	0	0.357	0.179	0.179	0.357	0	0.357	0.179	0.179	0.357	0	1.25	1.072	0.893	0.536	0.357	0.179	0.357	0	0	0.179	0	0.179	0.357	0.179	0	0.357	0.714	0	0.536	0	0	0	0	1.072	0	0.536	1.607	0.357	0	0	0	0	0	0.536	0.179	0	0	0	0	0	0	0.357	0	0.357	1.072	0.357	0	0.179	1.25	2.143	0.357	0.357	0.179	0.714	1.072	0.714	0.714	0.714	0.179	3.176	1.11	1.072	0.179	0	0.714	2.322	0	0.357	1.072	0.893	0.179	0.536	0.179	0.536	1.429	1.429	0	0.179	2.322	1.072	2.322	0.357	0.536	0	0	1.072	1.072	0.536	0	0.536	0.714	0.357	0.357	0.893	0.714	0.893	1.625	1.232	1.965	0.357	0.179	1.072	1.429	0.536	0.357	0.714	1.607	1.965	2.322	1.786	1.607	0.893	1.072	0	0.179	2.143	1.965	0.714	1.786	0.536	0.179	1.25	0.357	0.536	0.893	0	0.179	0.536	0.179	0.893	0.357	0.179	0	2.679	3.929	4.465	2.679	0.179	0.357	0.357	0.179	0.714	0.357	0.893	1.786	0.536	0.536	0.893	2.679	0.714	1.072	0.893	0.714	1.072	2.143	0.714	1.429	0.893	0.714	2.322	0.536	1.786	0.893	0.179	0.714	4.286	1.25	0.536	2.322	2.679	0.179	1.072	0.536	1.786	1.25	0.357	1.607	0	0.536	1.429	1.965	1.25	0.179	0.179	2.858	2.858	1.607	0.179	0.536	0	0.357	0.893	0	0.536	0	0.536	0	50:60,123.495:200,50:80
Ppp2r3c-NM_021529	0	0	0	0	0	0	0	0	0	0	0	0	0	0	0	0	0	0	0	0	0	0	0	0	0	0	0	0	0	0	0	0	0	0	0.179	0	0	0	0.536	0.179	0	0	0	0	0	0	0	0	0	0	0	0	0	0	0	6.608	5.179	2.322	0.179	0.357	9.466	0.536	15.002	34.78	24.514	1.607	0.179	0.179	0.179	0	0	0	0	0	0.179	0.179	0.179	0.179	0	0	0	0	0.179	0.179	0	0.179	0	0	0	0	0	0.179	0	0	0.536	0	0	0	0	0.179	0	0	0	0.179	0	0	0	0	0	0	0.179	0	0	0	0	0.179	0	0	0	0	0	0	0.179	0	0	0	0	0	0.357	0	0	0	0	0	0	0	0	0.179	0	0	0	0	0.179	0	0.179	0	0.179	0	0	0	0.179	0.357	0	0.179	0	0	0.179	0.179	0	0	0	0.179	0.179	0	0	0.179	0.179	0	0	0	0	0	0	0	0	0	0	0	0.179	0	0	0	0	0.179	0	0	0	0	0	0	0	0	0	0	0	0	0	0	0	0	0	0	0	0	0.179	0.179	0	0	0.179	0	0	0.357	0	0	0	0	0	0	0	0	0	0	0	0	0	0	0	0	0	0.179	0	0	0.357	0	0	0	0	0	0	0	0	0	0	0	0	0.179	0.357	0.179	0	0	0	0	0	0	0	0.357	0	0	0	0	0	0	0	0.357	0.179	0	0	0	0.179	0	0	0	0	0.357	0	0	0	0	0	0	0.179	0	0	0	0.179	0	0	0	0	0	0	0	0	0	0	0	0	0	0	0	0	0	0	0	0	0	0	0	0	0	0	0	0	0	0	0	0	0	0	0	0	0	0	0.536	0	0	0	0	0	0	0	0	0	0.179	0	0	0	0	0	0	50:60,110.935:200,50:80
Ppt1-NM_008917	0	0	0	0	0	0	0	0	0	0	0	0	0	0	0	0	0	0	0	0	0	0	0	0	0	0	0	0	0	0	0	0	0	0	0	0	0.179	0	0	0	0	0	0	0	0	0	0	0	0	0	0	0	0	0.179	0	0	0	0	0	0.179	54.472	0.445	0.091	0	0	0	0	0	0	0	0.179	0	0	0	0	0	0	0	0	0	0	0.179	0	0	0	0	0	0.179	0	0	0	0	0	0.179	0	0	0	0	0	0.179	0	0	0	0	0	0	0	0	0	0.179	0	0	0	0	0	0	0.179	0	0	0	0	0	0	0	0	0	0	0	0	0	0	0	0	0	0	0	0	0	0	0	0	0	0	0.179	0.179	0	0.179	0.179	0	0	0	0.179	0	0	0	0.357	0	0	0	0	0.179	0.536	0.179	0	0.357	0	0.357	0.357	0	0.357	0.179	0	0.179	0	0.893	0.179	0	0.179	0.357	0.179	1.786	1.786	0	0.179	0.536	0.536	2.322	1.072	1.072	0.536	0.893	0	0	0	0.536	0.179	0.536	0.179	0.992	0.615	0.365	0.349	1.25	0.536	0	0.536	1.072	1.429	1.25	1.25	0.357	0	0	1.072	0.714	0.357	0.357	1.965	2.143	0.607	1	1.429	2.322	0.357	0.714	0.179	0.536	1.072	0.179	0.179	0.536	0	0	0.714	0.893	0	0.179	0.536	0.536	0.893	1.607	1.429	0.357	0	0	0.357	0	0.714	0.714	0.893	1.786	1.786	0.179	0.893	0.893	3.751	3.929	1.786	0.714	0.893	0.536	1.786	0.179	0.179	0.179	0.357	0.714	0.536	0.714	0.893	1.429	0.893	1.429	0	0	0	0	0.179	0	0.536	0.357	0	0	0.179	0	0	0	0	0	0	0	0	0	0	0	0	0	0	0	0	0.179	0.179	0	1.072	0.357	0	0.357	0	1.607	0.179	0.357	0.179	0.536	0.179	0.357	1.072	0	0	0	0.179	0.357	0.179	0.357	0	0.357	0.357	1.965	0.357	1.072	0	0	0.179	0	0	0	0	0	0	0.357	0.357	50:60,114.745:200,50:80
Prpf40b-NM_001370635	0	0	0	0	0	0	0	0	0	0	0	0	0	0	0	0	0	0	0	0	0	0	0	0	0	0	0	0	0	0	0	0	0	0	0	0	0	0.179	0	0	0	0	0	0	0	0.179	0	0	0	0	0	0	0	0	0	0	0	0	0	0.179	2.143	1.786	10.104	1.862	0.179	0.179	0	0.536	0	0	0	0	0	0.357	0	0	0.179	0	0.357	0.179	0	0	0	0	0	0	0	0.179	0.179	0	0	0.357	0.179	0	0	0.179	0	0.179	0	0.179	0	0	0.357	0.536	0	0.536	0.714	0.536	0	0.357	0.357	0.536	0.357	0.179	0	0	0	0	0.179	0	0.536	0.179	1.429	0	0.536	0	0	0	0.536	1.25	0	1.429	0.536	0.179	0.179	0	0	0.893	1.429	1.25	0.357	0.179	1.25	0.357	0	0.179	0.179	0.179	0.714	1.072	0.179	0.179	1.786	0.179	0.357	0	0.536	0.179	0.179	1.072	0.714	0.179	0	0	0.714	3.572	0.357	2.858	0.536	1.786	0.357	1.25	0.357	0.357	0.714	4.108	3.393	1.429	0.536	0.179	1.34	2.053	0.357	0	0.357	1.072	0.536	0.536	0	0	3.215	0.893	0.179	0	0.357	0	0.536	0	0.179	1.25	0.893	0.179	0	0	0.893	0.357	0.179	0.179	0.179	0.536	0.714	1.429	1.786	0.893	0.714	0	0	0.536	1.429	2.322	1.429	1.786	1.607	3.036	1.786	0.714	0.893	0.179	0.357	2.679	1.564	2.366	4.286	6.251	0.357	1.072	2.858	4.108	0.357	1.072	1.25	0.179	2.074	2.841	5.265	1.072	2.143	1.607	0.536	0.705	1.795	1.786	2.143	0.893	0.536	1.072	1.25	0.893	0.179	0.714	0	0	0.357	0.179	0.179	0	0.179	0.893	0.536	0	0	0	0.714	0.357	1.429	0.179	0.714	1.429	0.714	0.179	0.179	0.357	0.893	1.072	1.429	0.536	1.965	0.893	0.536	0.179	0.179	2.5	0.893	0.536	1.607	0.536	0.179	0.714	0.357	0.357	0.357	0.179	0	0	0.179	1.072	0.179	0.536	0.357	1.429	0.179	0	0.179	0.357	0.179	0.179	0	0.893	1.607	1.429	0.893	0	0	0.357	0.179	0.893	0	0.536	0	0.179	0	0.179	1.607	0	0	0.893	0	0	0.357	0.179	50:60,108.905:200,50:80
Prss55-NM_001081063	0	0	0	0	0	0	0	0	0	0	0	0	0	0	0	0	0	0	0	0	0	0	0	0	0	0	0	0	0	0	0	0	0	0	0	0	0	0	0	0	0	0	0	0	0	0	0	0	0	0	0	0	0	0	0	0	0	0	0	0	0	0	0	0	0	0	0	0	0	0	0	0	0	0	0	0	0	0	0	0	0	0	0	0	0	0	0	0	0	0	0	0	0	0	0	0	0	0	0	0	0	0	0	0	0	0	0	0	0	0	0	0	0	0	0	0	0	0	0	0	0	0	0	0	0	0	0	0	0	0	0	0	0	0	0	0	0	0	0	0	0	0	0	0	0	0	0	0	0	0	0	0	0	0	0	0	0	0	0	0	0	0	0	0	0	0	0	0	0	0	0	0	0	0	0	0	0	0	0	0	0	0	0	0	0	0	0	0	0	0	0	0	0	0	0	0	0	0	0	0	0	0	0	0	0	0	0	0	0	0	0	0	0	0	0	0	0	0	0	0	0.179	0.179	0	0	0	0	0	0	0	0	0	0	0	0.179	0.179	0	0	0	0	0	0	0	0	0	0	0	0	0	0	0	0	0	0	0	0	0	0	0	0	0	0	0	0	0	0	0	0	0	0	0	0	0	0	0	0	0	0	0	0	0	0	0	0	0	0	0	0	0	0	0	0	0	0	0	0	0	0	0	0	0	0	0	0	0	0	0	0	0	0	0	0	0	0	0	0	0	0	0	0	0	0	0	0	0	0	0	0	0	0	0	0	0	0	0	0	0	0	0	0	0	50:60,49.865:200,50:80
Psap-NM_001146121	0	0	0	0	0	0	0	0	0	0	0	0	0	0	0	0	0	0	0	0	0	0	0	0	0	0	0	0	0	0	0	0	0	0	0	0	0	0	0	0	0	0	0	0	0	0	0	0	0	0	0	0	0.179	0	0	0	0	0	0	0.536	23.575	2.5	8.394	3.929	0.536	0.357	0.357	0	0.714	0	0.179	0	0.179	0	0	0.179	0	0	0	0	0.029	0.328	0.179	0.357	0.179	0.179	0	0	0.179	0	0	0	0	0	0	0.179	0	0	0	0	0	0	0	0	0	0	0	0	0.179	0.179	0.179	0.179	0	0	0	0	0	0	0	0	0	0	0	0	0.179	0	0	0	0.536	0	0	0.179	0	0.179	0	0	0.357	0.179	0	0.179	0	0.179	0.179	0	0.179	0.357	0	0	0.357	0.179	0	0	0	0	0	0.357	0.536	0	0.357	0	0	0	0.357	0	0	0.179	0	0.179	0	0.179	0	0	0	0	0	0.893	0.179	0.179	0	0.179	0	0	0.179	0.536	0.179	0.357	0.357	0.536	0.357	0	0.179	0.357	0.357	0.536	0.536	0	0.179	0.357	0.893	0	0.536	0.536	0.357	0.536	1.607	0.714	0.714	0.179	0.893	0.134	1.652	0.714	0.357	0	0.357	0.893	0.536	0.536	1.607	0.714	0.714	0.357	0.357	0.536	0.357	0.714	0.357	2.858	0.357	0.357	0.893	0.536	1.072	0.805	0.623	1.472	1.207	1.959	2.506	1.75	3.25	1.25	1.429	2.858	2.143	1.429	0.893	1.429	0.714	1.072	1.25	0.893	1.607	1.25	0.357	3.572	2.679	5.99	0.975	0.357	0.179	0	0.179	0.893	0.179	0.714	1.25	0.714	3.215	1.965	0.357	1.429	4.286	0	1.072	0.714	1.429	0.179	0.179	1.072	1.072	0.714	0.714	0	1.072	1.607	3.036	1.607	0.893	0	0	1.072	0.179	0	0	0.179	0.536	0.179	0	0	0.357	0.179	0	0.357	0.714	0.179	0.357	0.357	0.179	0	0	0.179	0	0.357	0.714	0	0	0	0.179	0.357	0	0	0	0	0.179	0	0.357	0.179	0.179	0.179	0.179	0	0.357	0	0.179	0	0	0	0	0	50:60,124.865:200,50:80
Psmd5-NM_001355544	0	0	0	0	0	0	0	0	0	0	0	0	0	0	0	0	0	0	0	0	0	0	0	0	0	0	0	0	0	0.179	0	0	0	0	0	0	0	0	0	0	0	0	0	0.179	0	0.179	0.179	0	0	0	0	0.357	4.108	2.322	0.714	0.179	0	0	0	0.536	40.541	1.786	0.893	0.714	0	0.357	0.357	0	0	0.179	0.179	0.536	1.607	0.536	0.179	0.179	0.357	0	0	0	0	0	0.179	0	0.357	0.179	0.179	0	0	0	0	0.357	0	0	0	0	0.179	0	0	0	0	0	0.179	0.179	0	0	0	0	0	0	0	0	0	0	0	0	0.179	0	0	0	0.179	0	0	0	0	0.357	0	0	0	0	0	0.536	0	0	0	0	0	0	0	0	0	0	0	0.536	0	0.179	0	0	0.179	0	0	0.536	0	0	0	0	0	0	0	0	0	0	0.179	0	0.179	0	0	0	0	0	0	0	0	0	0.357	0.357	0.179	0.179	1.072	0.179	0.179	0.179	0	0.872	0.2	0.536	0.536	0.357	0.179	0.179	0.357	0.179	0	0.179	0.714	0.714	1.786	0.357	0.714	1.572	0.572	1.607	0.357	0.05	0.486	0.536	0	0.179	0.357	0.536	0.179	2.322	0.893	0.536	1.072	0	0.179	0.179	0	0	0	0	0.357	0	0.893	0	0	0.357	0.536	0.357	0.179	0.357	0	0.714	0.714	0.893	0	0	0	0.893	0.536	0.179	0.357	0	0	0.179	0.893	0.179	0.536	0.536	1.429	0.536	1.429	0.536	0.893	0.179	1.25	0.357	1.25	1.072	0.179	0.536	0.536	0	0.893	0.893	0.357	1.25	0	0.179	0.179	0	0.179	0	1.25	0	0	0.714	1.072	0.893	0	2.143	0.714	0.179	0.357	0.536	0.893	0.536	0.357	1.429	0.536	1.607	0.357	0.536	0	0.714	1.607	0.714	2.5	0.536	0.179	1.429	0.714	0.536	1.429	0.179	1.072	0.357	0.179	0	0	0	0	0.536	1.429	0.179	1.072	0.179	1.25	0.357	0.714	0.714	0.357	3.036	0.714	0.893	1.429	1.429	0.357	0	0	0	0	0.179	0	0	0.179	0.179	0.357	1.072	50:60,94.37:200,50:80
Ptges-NM_022415	0	0	0	0	0	0.714	0	0	0	0	0.179	0.179	0	0	0	0	0	0	0	0	0	0	0	0	0	0	0	0	0	0	0	0	0	0	0	0	0	0	0	0	0	0	0.179	0	0	0.179	0	0	0	0	0	0	0	0	0	0	0	0	0	0	0.714	0.536	0	0.714	0	0	0.179	0.179	0	0	0.357	0.179	0	0.357	0	0	0	0	0	0	0	0	0	0	0.179	0	0	0	0	0	0	0	0	0	0	0	0	0	0	0	0	0	0	0	0	0	0	0	0.179	0.179	0	0	0	0.179	0	0	0	0	0	0	0	0	0	0	0	0	0	0	0	0	0	0	0	0	0	0	0	0	0	0	0	0	0	0	0	0	0	0	0	0	0	0	0	0.179	0	0	0	0	0.179	0	0	0	0	0	0	0	0	0.179	0	0	0	0	0	0	0	0	0	0	0.179	0	0.179	0	0	0	0	0	0	0	0	0	0	0	0	0	0	0	0	0	0.179	0	0	0	0	0	0	0	0.151	0.385	0	0	0	0	0.179	0	0	0.179	0	0	0	0	0	0	0	0	0	0	0	0.179	0	0	0.179	0	0	0	0	0.672	0.579	0.536	0.179	0.179	0	0.179	0.536	0	0	0	0	0.179	0	0.536	0.179	0.536	0	0	0	0	0	0.357	0.179	0.179	0	0	0.179	0.179	0	0	0	0.357	0.893	0.357	0.179	0	0	0	0	0	0	0.179	0	0	0	0	0	0	0	0.179	0.179	0	0	0.357	0	0	0	0	0	0	0	0	0	0	0	0	0	0	0.179	0	0	0	0	0	0	0	0	0	0	0	0	0	0	0	0	0	0	0	0	0	0	0	0	0	0	0	0	0.179	0	0	0	0	0	0	50:60,69.135:200,50:80
Pwwp2a-NM_001363141	0	0	0	0	0	0	0	0	0	0	0	0	0	0	0	0	0	0	0	0	0	0	0	0	0	0	0	0	0	0	0	0	0	0	0	0	0	0	0	0.179	0	0	0	0	0.179	0	0	0.357	0	0	0	0	0.179	0	0	0.179	0	0.179	0	0.179	13.216	0.179	1.072	0.179	0.179	0.536	0	0	0	0.357	0.179	0.714	0.179	0.357	0.357	0.536	0.179	0	0	0.179	0	0	0	0	0.179	0	0	0.179	0.357	0.179	0	0	0.179	0.357	0.179	0	0.357	0	0	0.179	0.357	0	0.179	0	0.179	1.25	0	0.357	0.357	0.179	0	0	0.357	0.714	0.179	0	0.357	0	0	0	0	0.179	0	0	0	0	0	0.357	0	0.893	0	0	1.429	0.357	0	0.179	1.429	0.179	6.072	1.607	2.858	0.536	1.072	0.179	1.072	2.322	0.893	2.679	0.536	2	3	0.714	1.25	3.929	2.143	0.893	1.965	0.714	0	1.607	6.072	0.357	0.536	1.072	1.072	0	1.25	2.679	3.572	0.536	1.072	0.893	3.215	4.108	2.143	3.215	8.573	4.286	8.469	10.641	8.93	10.001	0.357	0.357	1.786	8.037	1.607	2.143	17.502	8.823	7.89	2.575	2.858	0.179	0.714	6.429	5.358	6.072	3.929	2.5	3.572	0.714	4.286	2.858	4.822	1.429	3.215	1.786	1.607	3.751	2.143	6.787	2.143	0.357	4.108	6.801	3.915	4.465	7.858	4.465	5.89	6.969	5.894	3.215	4.643	7.301	10.559	13.395	2.679	5.358	1.25	1.607	3.572	7.558	9.587	3.036	6.251	5.715	5.894	3.393	0.536	0	4.108	4.286	5.001	1.965	2.858	4.643	3.036	7.501	3.572	1.965	1.429	3.215	0.357	2.858	7.322	2.679	5.001	0.893	0.893	0.714	1.429	0.893	1.25	1.429	0	0.179	1.429	0.893	0.714	0	0.357	0.714	0.536	0	1.072	5.179	0.714	0.357	0.714	0.536	0.536	0.536	1.072	2.679	1.607	0.179	0.893	3.751	0.357	0.179	0.893	3.036	0.536	0.536	0	0.357	1.965	2.5	2.322	1.25	1.072	2.143	0.179	0.536	0.893	0.179	1.786	1.607	0	0.893	1.965	2.679	3.215	6.251	2.322	1.429	2.143	3.215	2.322	2.5	1.072	0.893	0.536	0	0.179	0.893	1.25	0.179	1.072	0.893	0.179	0.357	2.143	1.607	2.143	4.286	2.858	1.429	50:60,203.18:200,50:80
Rab37-NM_021411	0	0	0	0	0	0	0	0	0	0	0	0	0	0	0	0	0	0	0	0	0	0	0	0.179	0.179	0	0	0	0	0	0	0	0	0	0	0	0	0	0	0	0	0	0	0	0	0	0	0	0	0	0	0	0	0	0	0	0	0	0	0.714	1.965	0.357	0	0.179	0	0	0	0	0	0	0	0	0	0	0	0	0	0	0	0	0	0	0	0	0	0	0	0	0	0	0.357	0	0	0	0	0.179	0	0	0	0	0	0	0	0	0	0	0	0	0	0	0	0	0	0	0	0	0	0	0	0	0	0.179	0	0	0	0	0	0	0	0	0	0	0	0	0	0	0	0	0	0	0	0	0	0	0	0	0	0	0	0	0	0	0	0	0	0	0	0	0	0	0	0	0	0	0	0	0	0	0	0	0	0	0	0	0	0	0	0	0	0	0	0	0	0	0	0	0	0	0	0	0	0	0	0	0	0	0	0	0	0	0	0	0	0	0	0	0	0	0	0	0	0	0	0	0	0	0	0	0	0	0	0	0	0	0	0	0	0	0	0	0	0	0	0	0	0	0	0	0	0	0	0	0	0.179	0	0	0	0.039	0.139	0.179	0	0	0	0	0	0	0	0	0.179	0	0	0	0	0.179	0	0	0	0	0	0	0	0.357	0.179	0.179	0	0	0	0.179	0	0.179	0.179	3.215	120.552	3.751	0.893	0.714	0.179	0.357	0.893	0.179	0	0	0	0.714	0.357	0	0	0	0.179	0	0	0	0.536	0	0.179	0.179	0.179	0.536	0.179	0	0	0.357	0	0.179	0	0	0	0.357	0.179	0	0.893	0	0	0.357	0	0.893	0.893	0	0	0	0	0	0	0	0	0	0.179	0	0	0.357	50:60,40.315:200,50:80
Ralgapa1-NM_001286263	0	0	0	0	0	0	0	0	0	0	0	0	0	0	0	0	0	0	0	0	0	0	0	0	0	0	0	0	0	0	0	0	0	0	0	0	0	0	0	0	0	0	0	0	0	0	0	0	0	0	0	0	0	0	0	0	0	0	0	0	7.858	0.179	0.357	0.179	0.357	0.714	0.179	0.179	0.536	0.536	0.357	0.893	0.179	0.357	0.893	0.357	0.893	1.25	0	1.965	0.714	0.893	1.072	0.179	0.714	1.786	0.714	0.893	1.786	0.536	0.179	1.965	2.5	1.965	3.572	2.322	3.215	0.357	0	1.786	3.751	2.322	2.5	4.108	2.143	4.286	2.5	5.179	5.536	5.001	6.072	1.429	3.929	5.001	1.965	4.643	7.089	2.019	3.036	4.822	1.786	0.536	0.357	2.858	0.179	1.25	3.036	2.679	6.608	4.822	3.751	3.215	4.822	2.143	5.715	3.036	5.179	6.072	3.572	3.679	2.929	4.286	3.572	1.25	2.143	4.465	8.037	3.929	3.036	2.858	3.929	5.179	2.858	3.036	6.965	4.286	3.215	1.072	3.393	5.001	2.858	2.679	6.608	2.143	1.25	1.072	0.179	1.072	0.893	4.108	2.679	1.786	4.465	0.536	1.429	1.965	4.822	2.5	2.858	4.108	0.536	2.679	4.286	0.714	1.607	3.215	5.358	4.465	5.179	3.215	2.5	0.893	4.822	3.929	4.505	4.782	1.072	2.143	2.858	1.786	1.25	7.501	2.679	1.429	3.036	5.894	3.036	2.143	3.036	1.429	2.858	1.25	1.965	2.143	3.036	0.893	2.322	2.858	3.036	3.751	1.965	0.357	0.893	2.322	1.607	2.858	0.179	0	0	0	0	0	8.93	4.286	5.358	6.429	2.679	4.108	9.644	13.752	6.072	7.501	2.5	2.143	0.893	5.715	3.215	2.858	4.643	5.715	3.751	3.929	2.858	1.429	0.893	2.143	2.5	3.393	2.143	2.5	0.179	0.179	0.357	0.357	0	0.357	0.714	0.179	1.25	0.179	0	0.357	0	0	0.536	0.179	0.179	0.179	0.179	0	0.357	0	0	0	0	0	0	0	0	0	0.357	0.357	0.179	1.607	0.357	0.357	0.357	0.179	0	0	0.179	0	0	0	0.179	0	0.714	0.357	0.179	0.179	0	0	0.179	0.357	0	0.179	0.179	0	0	0	0	0	0	0	0	0	0	0	0	0	0	0	0	0	0	0	0	0	0	0	50:60,1093.135:200,50:80
Rasal2-NM_177644	0	0	0	0	0	0	0	0	0	0	0	0	0	0	0	0	0	0	0	0	0	0	0	0	0	0	0	0	0	0	0	0	0	0	0	0	0	0	0	0	0	0	0	0	0	0	0	0	0.536	0	0	0.179	0	0	0	0	0	0	1.072	0.536	7.68	0.536	0.179	0.179	0.357	0	0.179	0	0.179	0.179	0.179	0.179	0.714	0.893	1.25	0.714	0.357	1.25	1.429	2.143	0.714	2.143	4.108	3.036	3.929	1.786	0.179	5.715	4.108	2.322	3.751	1.429	2.143	4.286	3.751	2.322	2.5	3.929	2.5	1.429	0.893	2.143	8.751	2.322	1.25	3.215	1.072	0.893	0.714	4.108	1.965	2.322	5.179	2.322	1.786	2.858	5.001	3.036	2.679	1.786	1.25	4.108	1.607	2.5	4.822	6.251	4.643	4.108	4.286	5.894	4.286	4.286	3.572	2.858	2.858	2.679	8.93	3.215	3.572	3.036	1.786	2.322	2.858	3.215	1.965	5.179	3.393	4.108	2.143	2.5	2.322	4.822	3.759	4.457	3.751	2.679	3.393	1.965	2.5	2.322	1.965	1.786	1.786	0.536	1.607	3.215	1.429	3.929	2.322	0	4.465	2.5	4.286	1.607	5.715	1.072	4.286	7.501	3.393	3.036	4.822	3.381	1.977	5.358	2.143	0.357	3.036	0.714	3.036	2.143	2.322	3.036	3.572	1.607	3.572	1.25	1.072	2.143	2.322	3.751	1.25	1.786	1.429	0.714	2.143	2.322	2.5	4.643	1.965	1.607	0.179	0.714	1.607	3.393	3.751	4.108	1.786	4.465	3.215	2.858	3.036	2.679	1.965	1.965	3.929	1.25	3.036	3.036	2.143	4.465	4.465	9.823	3.929	0.179	5.001	2.858	3.572	2.679	4.465	1.965	5.001	3.572	5.536	4.822	5.536	8.573	5.894	3.036	4.108	5.715	3.572	6.787	2.5	1.965	2.5	6.965	6.072	2.834	5.905	5.369	1.072	0.179	0	0	0	0	0	0	0.714	0	0	0.179	0	0	0	0	0	0	0	0	0.179	0	0.357	0	0.179	0.179	0.179	0	0	0	0	0	0	0	0	0	0.179	0.893	0.536	1.072	0.179	0.357	0	0	0.179	0.179	0.179	0	0.179	0.179	0	0	0.179	0	0	0.536	0	0	0.179	0	0	0.179	0.714	0.179	0.179	0	0	0.536	0	0	0.179	0.179	1.072	0.536	0.357	0.179	0	0	0	0	50:60,1387.065:200,50:80
Rbfox2-NM_001358770	0.536	0.179	0.179	0.536	1.072	0.714	0.536	0.536	0.179	0	1.072	0.536	1.607	0	0.179	0.179	0.357	0.714	0	0.179	0.536	0.357	0	0.357	0.357	0.179	0	0.357	0.714	0	0	0	0	0	0.536	0.357	0	0.179	0.536	0	0.179	1.607	0.714	1.607	2.143	1.786	0.179	0.179	0.357	0.179	0	0.357	0.179	0	1.25	1.072	0.179	0.179	0.179	0.714	13.038	6.965	5.894	8.751	3.572	3.929	6.072	8.751	5.358	6.787	5.715	5.715	6.608	6.608	3.929	4.822	10.537	5.894	14.645	8.037	2.858	11.252	7.68	6.608	5.001	13.573	8.495	12.222	7.144	3.572	9.108	10.537	6.251	13.395	7.559	7.8	12.15	13.032	9.466	5.894	8.394	7.858	8.573	12.502	11.073	5.536	5.536	8.215	5.001	8.573	8.215	12.323	9.644	7.322	8.215	11.966	9.287	11.073	17.502	13.395	9.644	8.215	10.716	11.787	7.532	4.969	11.966	5.715	3.393	5.358	2.322	3.572	3.751	5.001	4.286	4.643	5.536	7.68	17.502	5.536	5.536	1.607	3.929	3.393	5.358	4.495	6.22	6.965	3.393	5.894	15.002	8.037	8.93	5.179	6.429	9.508	13.888	9.466	5.179	8.215	7.858	6.608	5.536	3.929	2.858	5.536	4.108	9.466	6.608	3.751	12.323	14.288	13.93	13.038	17.502	5.715	2.322	8.573	7.144	6.251	3.929	8.93	7.144	9.823	6.072	11.073	6.965	8.394	10.18	5.001	3.036	3.929	8.215	7.858	6.072	8.394	7.858	7.501	8.394	9.108	6.251	7.501	19.646	8.394	1.429	2.858	13.038	6.429	4.465	9.108	4.822	2.679	6.787	8.93	10.18	7.501	7.501	6.608	13.038	6.072	8.751	11.43	9.639	6.613	7.68	18.395	11.073	7.68	13.752	25.361	7.858	8.215	12.68	7.501	4.465	8.573	6.251	7.858	6.965	6.608	12.145	7.322	14.109	9.644	6.429	6.965	11.43	21.61	6.429	7.501	8.037	6.429	11.966	5.536	13.216	27.325	27.861	25.361	15.002	9.823	0.714	0	0.357	0.893	1.786	0.893	1.072	0	0	0	0.179	0.714	0	0.179	0.179	1.072	2.858	0.714	1.786	2.143	1.965	0.536	0.893	0.357	0.536	1.607	1.786	1.786	3.751	0.536	1.965	0.179	0.536	0.179	0.357	3.036	0.179	1.25	1.072	0.357	1.25	0.179	1.25	0	0.179	1.25	0.357	2.322	0.357	0.536	0.536	0	0	0	0.179	0.536	0.714	1.607	2.322	0.536	0.179	0.357	0.893	1.429	0.893	1.786	0.536	0.893	1.072	1.072	3.036	3.215	0.714	0.714	3.929	5.358	0.893	0.179	1.072	0.179	50:60,833.095:200,50:80
Rbm45-NM_153405	0	0	0	0	0	0	0	0	0	0.179	0	0	0	0	0	0	0	0	0	0	0	0.179	0	0	0	0	0	0	0	0	0	0	0	0	0	0	0	0	0	0	0	0	0.179	0	0.179	0	0	0	0	0	0	0	0	0.179	0	0	0	0	0	0.714	4.986	5.165	1.993	0	0	1.607	6.965	0.893	0	0	0.179	0.536	0	0	0	0	0	0	0	0	0	0	0	0	0	0	0	0	0	0.179	0.179	0	0	0.179	0	0	0	0	0	0	0	0	0	0	0	0.179	0.357	0.179	0	0	0	0	0	0	0	0	0	0	0	0.179	0	0	0	0	0	0	0	0	0	0.179	0	0	0.179	0.357	0	0	0	0	0	0	0	0	0	0	0	0	0	0	0.179	0	0	0	0	0.536	0	0	0	0	0	0	0	0	0	0.357	0	0	0	0	0	0	0	0	0	0	0	0	0	0	0	0	0	0.179	0	0	0	0	0	0.314	0.043	0	0.179	0	0	0.179	0	0	0	0.179	0	0	0.357	0	0.1	0.257	0.714	0.714	0	0	0	0.893	0.357	0.357	0	0.179	0	0	0.079	0.279	0	0	0	0	0	0.357	1.072	0	0.179	0.179	0.179	0.357	0	0	0	0	0	0.179	0.536	1.072	0.714	0.357	0.714	0	0	0.179	0.714	0.893	0.714	0	0	0.179	0.179	0	0	0.357	0	0.179	0	0.357	0	0.357	0.714	0.179	0.179	0.179	0.179	0.536	0.357	0.893	0.179	0.179	0.536	0	1.429	0.357	0	0.179	2.143	0.357	0.179	0.179	0.357	0.357	0.893	0.357	0.536	0	0.179	0.179	0.179	0.179	1.786	3.751	2.5	0.179	0.357	0.893	0	0	0	0	0	0	0	0	0	0	0	0	0	0	0	0	0	0	0	0.357	1.25	0.893	0.714	0	0	0.536	0.179	0.536	0	0	0	0	0	0	1.429	0.714	0.357	0.179	0	0	0.179	0.179	1.429	0.714	50:60,68.92:200,50:80
Rhbdf1-NM_010117	0.357	0.357	0.357	0.357	0.179	0.357	0	0.357	0.536	0.714	0.179	0.179	0	0.714	0.179	0.179	0.714	0.179	0	0	0.536	0.179	0	0	0.179	0.893	1.25	0.179	0.536	0	0.357	0	0.714	0	0	0	0	0.179	0.357	0	0.179	0	0.536	0	0	0	1.072	0.714	0.714	1.429	0.714	0.893	0.357	0	0	0	0	0	0	0	0	14.109	1.607	0	0	0	0.179	0.179	0.179	0.536	0.357	0.179	0.179	0.893	0	0	0.357	1.429	0.357	0.179	0	0.179	0.179	0	0.179	0.357	0	0.179	0	0	0	0.179	0	0.179	0	0	0	0	0.357	0	0	0.357	0.179	0.179	0	0	0.179	0	0	0	0	0.179	0.714	0	0	0.179	0	0.179	0.536	0	0.179	0	0	0	0	0	0	0	0	0	0	0	0	0	0	0	0	0	0	0	0	0	0	0	0	0	0.179	0.357	0	0	0	0	0.179	0	0	0	0	0	0	0	0	0	0	0	0	0	0.179	0.179	0.179	0.179	0	0.179	0.179	0	0	0	0	0	0.179	0.179	0	0	0	0	0	0	0	0	0	0.179	0	0.357	0.179	0	0.357	0.357	0	0	0	0.179	0.357	0.536	0.714	0.357	0	0.714	0.714	0.179	0.357	0.179	0	0	0	0	0.179	0.179	0.536	0.179	0	0.357	0.357	0.179	0.536	0.179	0	0.179	0.357	0	0	0	0.893	0.714	0	0	0	0.179	0	0.359	0.891	0.179	0.357	0.714	0.536	0.179	0	0.357	0.179	1.607	0.179	0	0.179	0.893	0.357	0	0.536	0.357	0.357	1.072	0.536	1.607	1.786	1.072	0.536	0.357	1.25	0.893	0.357	0	0	0.179	0.179	0	0	0.893	0.179	0.179	0.179	0.179	0.893	0.357	0.179	0	0	0.179	0	0	0	0	0.357	0	0	0	0	0	0	0.179	0	0	0	0	0	0	0	0.179	0.179	0	0	0	0	0	0	0	0	0	0	0	0	0	0	0	0	0	0	0	0	0.179	0	0	0	0	0	0	0	0	0	0	0.179	0	0.714	0	50:60,63.545:200,50:80
Rims1-NM_183018	0	0	0	0	0	0	0	0	0	0	0	0	0	0	0	0	0	0	0	0	0	0	0	0	0	0	0	0	0	0	0	0	0	0	0	0	0	0	0	0	0	0	0	0	0	0	0	0	0	0	0	0	0	0	0	0	0	0	0	0	0.179	0	0	0	0	0	0	0	0	0	0	0	0.179	0	0	0.357	0	0	0	0.536	0	0.179	0	0	0.179	0.179	0	0.179	0.179	0	0	0.179	0.357	0.179	0	0	0.179	0	0	0	0.179	0	0	0	0	0	0	0	0.357	0	0	0	0	0	0	0	0.179	0.179	0	0	0	1.965	0	0	0	0	0.179	0	0.179	0	0.179	0	0.357	0	0	0	0	0	0	0	0	0	0.893	0	0	0	0	0	0	0	0	0	1.965	0	0	0	0	0	0	0.179	0	1.25	0	0	0.179	0.179	0.357	0	0	0.179	0.357	0.357	0.179	0.357	0.357	0.357	0.357	0.357	0	0.536	0.714	1.25	0.179	1.25	1.072	0.714	0.893	0	0	0	0	0	0	0	0	0	0	0	0	0	0	0	0	0	0	0.536	1.25	0.893	0.893	0.536	0.893	1.072	0.536	0.179	0.179	0.536	0.893	0.357	1.607	0.536	0	0.179	0.893	0.893	0.179	1.072	0	1.072	0.714	0.536	0.357	0.179	0.179	0.714	0.536	0.893	1.25	0.714	0.357	0.714	0.357	0.536	0.714	0.179	0.357	0.357	0.714	0.893	1.25	0.714	0.714	1.072	0.179	0.536	0.893	1.072	0	0.536	0.179	1.429	0	0	0	0	0	0	0	0	0	0	0	0	0	0	0	0	0	0	0	0	0.179	0	0	0	0	0	0	0	0	0	0	0	0	0	0	0	0	0	0	0	0	0	0	0	0	0	0	0	0	0	0	0	0	0	0	0	0	0	0	0	0	0	0	0	0	0	0	0	0	0	0	0	0	0	0	0	0	0	0	0	50:60,2683.945:200,50:80
Rnf130-NM_001290749	0	0	0	0	0	0	0	0	0	0	0	0	0	0	0	0	0	0	0	0	0	0	0	0	0	0	0	0	0	0	0	0	0	0	0	0	0	0	0	0	0	0	0	0	0	0	0	0	0	0	0	0	0	0.714	0.357	0	0.179	0	0	0	1.429	0.179	0.179	0	0	0.536	0.179	0	0	0	0	0	0	0	0.179	0.179	0	0	0	0	0	0	0.179	0.179	0	0	0.536	0	0.179	0.179	0	0	0	0	0	0	0.357	0	0	0	0	0.179	0	0.179	0	0	0	0	0	0	0	0	0.357	0	0	0	0	0.179	0.536	0.357	0.179	0	0.714	0.536	0	0.714	0.179	0.179	0.179	0.179	0	0	0.536	0	0.536	0.179	0	0.714	0.357	0.357	0.536	1.607	0.714	0.357	0.714	1.786	1.429	0.714	0.714	0.893	0.714	0.714	0.714	0.179	0.893	0.536	1.072	0.893	0.357	0.536	1.072	1.072	0	0.179	1.607	0.536	0	0.536	0.536	0.536	0.357	0.536	1.25	2.143	2.5	1.429	0.714	2.322	1.429	1.25	0.179	0.893	0.893	2.5	1.072	0.536	1.786	0.179	0.357	0.893	1.429	0.179	1.429	0	1.429	2.679	0.714	3.572	1.965	0.357	0.357	0.714	1.072	1.607	1.072	1.072	0.893	1.25	1.25	0.536	2.5	0.893	0.536	1.607	2.143	2.858	1.965	1.786	0.893	2.5	1.25	1.429	1.25	2.5	1.072	2.322	3.036	0.714	0.357	1.786	0.357	0.893	3.036	0.714	0	4.108	1.429	1.786	3.564	1.794	1.429	1.25	0.893	1.786	2.679	1.786	0.536	2.143	1.429	2.143	4.286	0.714	1.429	0	4.465	1.25	1.607	2.322	1.556	2.374	0	0.714	0.893	0.179	0.179	0.179	0.714	0	0	0.179	0.714	0	0.179	0.357	0.357	0.179	0.179	0	0	0.536	0.179	0.357	0.179	0	0	0.357	0.893	0.536	0.357	0.714	0.357	0	0.179	0	0	0	0.893	1.25	0.893	0.179	0.357	0	0	0	0.357	0.536	0.179	2.679	1.072	1.607	0.179	0	0.357	0.357	0	0	0.179	0	0.179	0.179	0	0.357	0.357	0.714	0	0.357	0.179	0.179	0.536	0	0.357	0	0.179	0.536	0.357	0	0	0	0.179	0.714	50:60,397.145:200,50:80
Rnf181-NM_001331173	0	0	0	0	0	0	0	0	0	0	0	0	0	0	0	0	0	0	0	0.179	0	0	0	0	0	0.179	0	0	0	0	0	0	0	0	0	0	0.179	0	0	0	0	0	0.179	0	0.357	0	0	0	0	0.179	0	0.357	0.536	0	0	0	0	0	0.179	0.357	0	3.929	1.786	1.429	0.54	8.211	5.651	7.001	1.815	13.77	3.197	0.761	0.668	1.072	0.714	1.072	0.229	0.306	0.446	0.822	0.875	0	0.714	0	0.179	0	0	0	0	0.179	0	0	0	0	0	0	0	0	0	0.179	0	0	0.179	0	0	0.179	0.179	0	0	0	0	0.179	0	0	0	0	0	0	0	0	0	0	0	0	0	0	0.357	0	0.179	0	0	0	0.179	0	0	0	0	0	0	0	0	0	0	0	0	0.179	0	0	0	0	0	0	0	0	0	0.179	0	0	0	0	0	0.179	0	0	0.179	0	0	0	0	0	0	0	0	0	0	0	0	0	0	0	0	0	0	0.179	0	0	0	0	0	0	0	0	0	0	0	0	0.179	0	0.179	0	0	0	0	0	0	0	0	0	0	0	0	0	0	0.03	0.148	0	0	0.536	0	0	0.179	0	0	0	0	0	0	0	0.179	0	0	0.357	0	0	0	0	0	0	0	0	0	0	0.536	0	0	0.179	0.179	0	0	0	0.179	0	0	0	0	0	0	0	0	0	0	0.179	0.179	0.357	0.179	0.357	0	0	0.179	0	0.179	0.714	0.357	0.357	0	0.179	0.179	0	0	0	0.179	0	0.357	0	0	0	0.179	0.179	0.179	0.179	0	0.357	0.536	0.357	0	0	0.179	0	1.072	0.714	0.179	0.179	0	0	0.357	0	0.179	0	0	0	0	0.179	0	0.179	0	0	0	0.357	0.179	0	0.357	0	0.179	0.179	0.179	0.179	0.179	0.179	0.536	0.714	0.357	0	0.179	0.179	0.536	0.357	0.357	0.179	0	0.536	50:60,13.605:200,50:80
Rpgr-NM_001177951	0	0	0	0	0	0	0	0	0	0	0	0	0	0	0	0	0	0	0	0	0	0	0	0	0	0	0	0	0	0	0	0	0	0	0	0	0	0	0	0	0	0	0	0	0	0	0	0	0	0	0	0	0	0	0	0	0	0	0	0	0.536	22.682	4.643	0.714	0	0	0	0	0	0.179	0	0	0	0	0	0	0	0	0	0	0	0	0	0	0	0	0	0	0	0	0	0	0	0.179	0	0	0.179	0.179	0	0	0	0	0	0	0.179	0	0	0.357	0.179	0	0	0	0.357	0.179	0.179	0.357	0.179	0	0	0	0	0.357	0.536	1.072	0.714	0.357	0.893	0.179	0.179	0.179	0.357	0.357	0.179	0.714	0.179	1.429	0.357	0.357	0.357	0.179	1.25	0	0	0	0	0	0	0.714	0	0	0	0	0	0	0.179	0.179	0.893	0	0	0	0	0	0	0.536	0.179	0.536	0.179	0.357	0.893	0.536	2.143	2.143	0.179	0.179	0.179	0.536	0	0	0	0	1.786	1.429	0.536	0.357	0	0	0.179	0.179	0	0.357	0.357	0.357	0.714	0.179	0	0.357	0.179	0.357	0.357	0.179	0.179	0.357	0.357	0.357	0.357	0.536	0.536	0	0.536	0.179	0.179	0.179	0	0.357	0.536	0.357	0.536	0.714	0.893	0.179	0.179	0.357	0.714	0	0.179	0.714	1.25	0.893	0.357	1.25	0	0	0.714	0	0	0.536	0	0.893	0	0	0.357	0.179	0.536	0	0	0.536	0.714	0.179	0	0.714	0.179	0	0.357	0.179	0	0	0	0	0.179	0.179	0	0	0	0	0	0	0	0	0	0	0	0	0	0	0	0	0	0	0	0	0	0	0.357	0	0	0	0	0	0	0	0	0.179	0	0	0	0	0	0.179	0	0.536	0	0	0	0	0	0	0	0.536	0.179	0	0	0	0	0	0	0	0	0	0	0	0	0	0	0	0	0	0.357	0.179	0.179	0	0	0	0.179	0	0	0	0	0	0	0	50:60,280.935:200,50:80
Rps27l-NM_001311101	0	0	0	0	0	0	0	0	0	0	0	0	0	0	0	0	0	0	0	0	0	0	0	0	0	0	0	0	0	0.179	0	0	0	0	0	0	0	0	0	0	0	0	0	0	0	0	0	0	0	0	1.429	1.429	0.714	0	0	0	0	0	0	0.357	2.533	5.748	38.53	5.02	15.807	206.592	87.605	9.451	4.598	1.667	1.072	0.536	0.536	0	0.536	1.064	0.186	0.179	0.714	2.5	0.536	0.357	2.143	3.115	1.529	1.786	0.714	0	1.429	1.25	0.536	0.179	0	0.357	0.357	0.357	0.179	0.536	1.25	4.358	0.822	0.536	0.893	0.536	0	0	0	0	0	0	0.179	0.357	0	0.179	0	0.357	0.357	0.536	0.179	0	0	0	0	0	0.179	0.179	0.179	0	0.357	0.179	0	0	0.179	0.357	0	0	0.179	0	0	0	0	0.388	1.041	0.357	0	0	0	0	0.179	0.179	0	0	0	0.179	0	0	0	0	0	0	0	0	0	0	0.357	0	0.678	0.037	0	0	0	0.357	0	0	0	0	0	0	0	0	0.179	0	0	0	0	0	0.179	0	0	0	0	0	0	0	0	0	0	0	0	0	0	0.179	0	0	0	0	0.213	0.322	0.357	0.179	0	0	0	0	0	0	0.179	0	0	0	0	0.357	0.179	0	0.357	0.179	0.179	0	0.536	0.259	0.098	0	0.179	0	0	0	0	0	0	0	0	0	0	0	0	0	0	0.179	0	0	0	0	0	0	0	0	0	0	0.503	0.212	0	0	0	0	1.25	0.893	1.072	1.607	0.357	0.179	0.536	1.607	0	0	0	0	0	0	0	0	0	0	0	0	0	0	0	0	0	0	0	0	0	0	0	0.179	0.179	1.25	0.714	1.965	0.714	1.25	0.357	0	0.536	0.357	0	0	0	0	0.714	0.179	0.893	0.893	0	0	0	0.179	0	0.179	0.179	0.179	0.179	0	0	0.357	0	0	0.179	0	0	0.357	0	0	0	0	0	0.179	0	0	50:60,17.185:200,50:80
Rps6kb2-NR_153661	0	0	0	0	0.179	0.357	0.536	0.357	0	0	0	0.179	0	0	0	0	0	0	0	0	0	0	0	0.357	0	0	0	0	0	0	0	0	0	0	0.179	0	0	0	0	0	0	0	0	0	0	0	0	0.179	0	0	0	0	0	0.179	0	0.179	0	0	0	0	0.171	3.4	9.78	18.002	45.049	3.25	2.322	0.536	0	0	0	0	0	0	0	0	0.179	0.179	0.179	0	0	0	0	0	0	0	0	0	0	0	0	0	0	0	0	0	0	0	0.179	0	0	0	0	0	0	0	0	0.179	0	0	0	0	0	0	0	0.179	0	0	0	0	0	0	0	0	0	0	0	0.179	0.179	0	0	0	0	0.179	0	0	0.179	0.179	0	0	0	0	0	0	0	0	0	0	0	0	0	0	0	0	0	0	0	0	0	0	0	0	0	0	0	0	0	0	0	0.179	0	0	0	0.179	0.179	0	0	0	0	0	0	0	0	0	0	0	0	0	0	0	0	0	0	0	0	0.179	0	0	0	0	0	0.057	0.121	0	0	0	0	0	0.179	0.357	0	0	0.179	0	0	0	0	0.179	0	0	0	0	0	0	0	0.179	0	0.357	0	0.179	0	0	0.179	0.179	0.179	0	0.179	0	0	0	0	0	0.179	0	0	0	0.357	0	0	0	0	0	0	0	0	0.179	0.179	0.893	0.179	0	0.536	0	0	0.179	0.179	0.179	0	0.357	1.25	0	0.179	0	0	0	0.179	0.179	0.179	0.536	0.714	0.714	1.429	0.536	0.357	0.357	0.179	0.536	0.357	1.072	1.072	1.607	0.357	0.179	0	0	0	0.357	0.893	1.072	0	0.179	0.357	0.893	0.536	0.179	0.536	0.536	0.714	0.536	1.072	1.429	0.714	0.179	0	0	0.179	1.072	0.357	0	0.357	0	0.893	0	0.536	0	0	0	0.179	1.607	0	0.179	0.357	0.893	1.786	0.714	0.536	0.536	0.893	0	0	0.357	50:60,32.96:200,50:80
Rreb1-NR_033218	0.357	0.179	0.179	0	0.536	0.714	1.072	0	0.893	0.536	0.357	0.357	0.179	0.179	0.357	0.714	0.893	0.536	0	0.179	0.536	1.965	0.714	0	0	0	0	0	0	0	0.179	0	0.536	0	0.179	1.072	1.786	0.714	0.536	0	0	0	0.536	0.179	0.357	0.536	0.179	0	0.714	0.179	0.357	0.714	0	0.179	0.714	0.179	0	0.536	0.714	0	3.393	2.322	1.25	3.215	0.357	2.322	1.254	1.761	3.236	0	1.429	6.429	0.568	1.039	1.947	1.804	2.858	5.179	1.25	2.322	3.036	3.929	3.393	2.858	3.036	4.643	3.929	2.5	7.322	7.858	1.607	0.357	2.5	2.679	2.322	1.25	3.751	4.643	2.679	5.715	6.297	6.919	5.358	6.608	0.179	4.286	1.786	3.929	2.5	1.965	1.965	3.165	3.265	1.965	3.393	6.965	0.179	8.215	2.679	2.679	2.143	7.68	0.893	1.25	4.465	3.036	8.215	6.429	5.358	4.643	2.679	2.143	3.751	6.965	5.894	6.251	6.251	4.108	9.108	0.714	2.858	3.572	3.929	3.393	8.037	4.286	2.143	4.643	2.679	1.429	1.786	3.215	3.751	6.429	2.679	3.929	2.322	2.322	0.893	5.358	2.143	1.429	4.108	5.358	2.5	3.393	1.25	1.25	2.5	2.322	2.143	3.215	4.822	1.786	2.5	12.28	2.543	0.357	1.607	2.858	1.786	4.286	1.786	0.714	1.786	1.607	5.179	2.143	2.5	0.714	3.215	2.679	3.036	9.466	4.822	2.858	3.036	6.072	6.347	5.619	3.393	4.643	2.675	2.147	3.929	2.679	3.036	3.393	1.429	2.858	3.572	4.822	0.997	9.005	1.072	0.179	6.251	0.893	4.644	0.536	0.179	1.429	6.072	3.751	4.286	2.679	0.893	1.607	6.072	4.286	3.572	0.893	1.25	12.323	2.143	2.322	1.429	2.858	3.215	2.286	2.536	4.286	1.607	3.572	1.786	2.858	2.679	2.322	3.929	4.465	0.357	4.108	7.501	1.072	0.714	1.429	5.715	1.965	2.143	2.858	0.536	1.072	0.536	0.714	0.714	0.179	0.893	1.965	1.607	2.143	0.536	0.714	6.251	0.893	0	1.072	0.893	0.357	0.536	0.179	0	0.357	0.536	0.714	2.143	1.072	0.357	0.179	0.179	0	0.179	0	0	0	0	0	0	0.536	0.357	0	0	0	0	0	0	0.536	0.179	0.179	0.179	0.357	0.714	0.714	0.357	0	0.536	0.357	0.714	0	0.179	0.357	0	0	0	0.357	0.179	0.179	0.536	0.179	0	0	0	0	0	0	0.179	0.179	0.357	0.179	0.179	0	50:60,317.86:200,50:80
Rsrc2-NR_153357	0	0	0	0	0	0	0	0	0	0	0	0.179	0	0	0	0	0	0	0	0	0	0	0	0	0	0	0	0	0	0	0	0	0	0	0	0	0	0	0.357	0	0	0	0	0	0	0.536	0.357	0	0	0.357	0.357	0.179	0.357	0	0	0	0	0	0.179	2.5	767.899	713.694	14.655	16.639	1.25	1.072	0.179	0.536	1.431	0.355	0.179	1.25	0.179	0	0.357	1.25	0.714	0.179	0.357	0	0.357	1.25	0	0.357	0.357	0	0.357	0.536	0.357	1.25	0.179	0	0	0.357	0.536	0	0.179	0	0	0.357	0.179	0.179	0.893	0.179	0.357	0.357	0.536	0.357	0.536	0.357	0	0	0	0.179	0.714	0.357	0	0.179	0	0.536	0.179	0	0	0	0	0	0.536	0	0.357	0.357	0	0	1.25	0	0.714	0.357	0.357	0	0.536	0.179	0.179	0	0.179	0	0	0	0	0	0	0	0	0.525	0.368	0	0.357	0.179	0	1.25	0.536	0	0.714	0.179	0.357	0	0.357	0.357	0.179	0.179	0	0.536	0.357	0	1.39	0.217	0	0.357	0	0.179	0	1.072	1.072	0	0	0.179	0.357	0.179	0.536	0.893	0	0.536	0.179	0.714	0.357	0	1.072	0.179	0	1.607	0.536	0.357	0	0.179	0	0.536	0.357	0.179	0.179	0.893	1.037	0.928	0.714	0	0.283	0.967	1.786	0.536	0.714	0	0	1.25	4.108	0.714	0	1.25	0.536	0.179	0.179	0.493	0.221	0.357	0	0.179	0	0.179	0.179	0.357	1.072	3.215	0.536	0.536	0.179	0.536	0.357	0.893	0.357	0.179	0.893	1.072	0	0.357	1.607	2.143	0.536	0	0.406	2.987	0	1.25	7.68	0.179	1.429	0	0	1.25	3.215	2.322	6.787	12.323	4.108	1.607	0	0.357	1.429	1.072	2.5	3.393	6.965	4.643	3.929	3.572	0.893	0	0.179	1.607	0.714	2.679	0	0.714	0.893	2.5	3.929	1.965	1.25	0	0.179	0.179	0.893	0.714	0.179	1.429	1.072	0.357	1.965	0.893	0.536	0.357	1.25	0	0	0	0	0	0	2.322	0	0	0	0	0	0	0	0	0	0	0	0.357	0	0.179	0	0	0.357	0	0	0	0	0	0	0	0	0	50:60,104.945:200,50:80
Runx3-NM_019732	0	0	0	0	0	0	0	0	0	0	0	0	0	0	0	0	0	0	0	0	0	0	0	0	0	0	0	0	0	0.179	0	0	0	0	0	0.179	0	0	0	0	0	0	0	0	0	0	0	0	0	0	0	0	0	0	0	0	0	0	0	0	0	0	0	0	0	0	0	0	0	0	0	0	0	0	0	0	0	0	0	0	0	0	0	0	0	0	0	0	0.357	0.893	0	0	0	0	0	0	0	0	0	0	0	0	0	0	0	0	0	0	0	0.179	0	0	0	0	0	0	0	0	0	0	0	0	0	0	0	0	0	0	0	0	0	0	0.179	0	0	0	0	0	0	0	0	0	0	0	0	0	0	0	0	0	0	0	0	0	0	0	0	0	0.179	0	0	0	0	0.179	0	0.357	0	0	0	0.357	0	0.893	0	0	0	0.179	0	0.179	0	0	0	0.179	0.179	0	0	0	0	0.179	0.357	0	0	0	0.179	0.893	0.179	0.536	0	0	0.179	0.179	0	0	0	0	0.179	0	0	0	0.357	0	0.179	0	0.179	0	0	0	0	0.179	0	0.179	1.607	0	0.893	0.179	0.179	1.072	0.536	0.179	0.357	0.357	0	0	0	0	0	0.179	0.179	0	0	0.179	0	0.536	0	0.179	0	0.357	0.179	0.357	0.357	0.179	0.179	0	0.714	0.714	0.536	0.536	1.786	0.536	0.357	0.714	1.25	1.072	0	0	0.179	0	0.179	0.179	0.179	0.179	0	0.179	0.357	0.179	1.25	1.25	0.179	0	0	0.714	1.25	0	0.714	0	0.536	0.179	0.179	0	0	0.536	0	0	0.357	0	0.357	0	0.179	0	0	0.179	0.536	0	0	0	0.357	0	0	0	0	0	0.357	0	0.179	0	0	0	0.536	0	0	0	0	0	0	0	0	0	0	0.179	0	0	0	0	0.179	0	0	0	0	0	0	0	50:60,286.73:200,50:80
S100a1-NM_011309	0	0	0	0	0	0	0	0	0	0	0	0	0	0	0	0	0	0	0	0	0	0	0	0	0	0	0	0	0	0	0	0	0	0	0	0	0	0.179	0.179	0	0	0	0	0	0	0	0	0	0.357	33.04	18.931	3.572	0.357	0.179	0.179	0	0	0.179	1.25	3.215	1.607	0.893	3.653	15.482	21.942	2.143	0.606	0.287	0.536	0.893	0.596	1.19	0.179	1.607	0.536	0.893	1.607	1.25	0.357	0.536	0	0	0	0	0	0.179	0	0	0	0	0.179	0.179	0.357	0.266	1.341	0	0.357	0	0.179	0.179	0	0	0	0	0	0	0	0.357	0	0	0.179	0.179	0.357	0	0	0.357	0.179	0	1.786	3.215	2.5	1.607	0.179	0.179	0.357	0.536	0.179	0	0	0.179	0.179	0	0.145	0.57	1.072	1.072	0.961	2.075	2.322	0.714	0.893	2.858	0	0	0	0	0	0	0	0	0	0.179	0	0.179	0	0.179	0	0	0	0	0	0	0	0	0	0	0	0.179	0.179	0	0	0	0	0	0	0	0	0	0.179	0.036	0.143	0	0	0	0	0	0	0	0	0	0	0	0.179	0.354	0.004	0.179	0	0.179	0	0	0	0	0	0	0	0	0	0	0	0	0	0	0	0	0	0	0	0	0	0	0	0	0	0	0	0	0	0	0	0	0	0	0.179	0	0	0	0	0	0.179	0.179	0	0.357	0	0	0	0	0	0	0	0	0	0	0	0	0	0	0	0	0	0	0.179	0	0	0.357	0	0	0	0	0	0	0	0	0	0	0	0	0	0	0.179	0	0.357	0.357	2.858	0.536	2.143	0	0	0	0.179	0.357	9.287	11.787	0	0	0	0	0.179	0.536	0	8.215	43.042	6.608	1.072	1.965	1.429	0	0.714	0	0.357	0	0.536	0.536	0.357	0.179	0	0.357	0	0	0.357	0	0.179	0.357	0.179	0	0	0.179	0.179	1.072	0	0	0	0.179	0	0	0.536	0.179	0	0	0	0.179	50:60,16.485:200,50:80
Samd10-NM_172676	0.179	0	0	0	0.179	0	0	0	0	0	0.179	0	0	0	0	0	0	0	3.751	23.753	17.86	9.823	0.536	0.714	0	0.536	0.536	0	0.179	0.179	0	0	0	0	0	0.179	0.179	0	0	0	0	0	0	0	0	0	0	0	0	0	0	0	0	0	0.179	0	0	0	0	0.179	0	0.179	0	0.179	0.714	0.536	0	0	0	0	0.179	0	0.357	0	0.179	0.179	0.536	0.179	0.179	0	0.179	0	0.179	0	0.357	0	0	0	0	0	0.179	0	0	0	0	0.357	0.179	0	0	0	0	0	0	0	0	0	0	0	0	0	0	0	0	0	0	0	0	0	0	0	0	0	0	0	0	0	0	0	0	0	0	0	0	0	0.179	0	0	0	0	0	0	0.179	0.536	0	0	0	0	0	0	0	0	0	0	0	0	0	0	0	0	0	0	0	0	0	0	0	0	0	0	0	0	0	0	0	0	0	0	0	0	0	0	0	0	0	0	0.179	0	0	0	0	0.179	0	0	0	0	0	0	0	0.179	0	0	0	0	0	0	0	0	0	0	0	0	0	0	0	0	0	0	0	0	0	0	0	0	0	0	0	0	0	0	0	0	0	0	0	0	0	0	0	0	0.179	0	0	0	0	0	0	0	0	0	0	0	0	0	0	0	0	0	0	0	0	0	0	0	0	0	0	0	0	0	0	0	0	0	0	0.179	0	0	0	0	0	0	0	0	0	0	0	0	0	0.179	0	0	0	0	1.607	0	0	0	0	0.179	0.357	0.357	0.357	0	0.179	0	0	0	0	0	0	0.893	0	0	0.536	0	0.179	0.179	0	0.893	0.893	0.179	0	0	0	0.357	0	0	0	0	0.536	0	0	0	0	0	0	0	0	0.179	0	50:60,20.065:200,50:80
Samd4b-NM_175021	0.179	0.179	0.357	0	0	0.357	0	0	0	0	0	0	0	0	0	0	0	0	0	0	0	0	0	0.179	0	0.179	0	0	0	0	0.357	0	0	0	0.179	0.179	0.179	7.68	2.679	0.536	0	5.358	7.68	1.429	1.965	0	0	0	0	0	0	0	0	0.179	0	0	0	0	0.714	0	1.848	2.616	0.179	0.357	0.714	0	0.536	0.179	0	0.179	0.357	0.536	0.179	0	0.179	0.179	0	0.179	0.179	0	0.357	0	0.179	0.714	0.179	0	0.179	0	0.179	0.179	0.357	0.357	0	0	0	0	0.179	0.357	0	0	0.179	0.536	0	0.357	0.179	0.179	0.714	0.536	0.179	0.179	0.536	0.179	0.357	0	0	0.179	0.893	0.179	0	0.179	0.179	0	0.357	0.179	0.179	1.072	0.893	0.179	0	0.357	0.179	1.072	0.357	0	0.536	0.179	0.357	0	0	0	0.714	0.179	0.357	1.25	0.179	0.536	0.536	0.893	0.536	0.714	0.893	0.357	0.893	0.714	0.357	1.607	0.714	1.25	1.786	1.429	5.358	0.179	0.893	3.215	1.607	1.429	1.607	0.179	1.607	0.714	1.965	0	3.036	1.965	0.893	0.893	0.893	2.322	3.215	0	0.179	1.607	3.572	0.893	5.001	1.429	1.786	7.68	4.465	6.697	5.956	10.921	7.144	3.572	11.43	3.143	0.964	7.501	2.143	2.143	6.072	3.215	2.5	25.432	7.43	1.072	8.037	3.036	0.536	5.983	0.446	2.5	1.072	1.607	1.965	3.929	1.063	4.117	5.179	4.286	1.25	1.072	0.714	1.786	2.322	1.786	0.893	2.5	0.741	6.403	3.036	0.357	4.286	3.036	1.072	1.965	5.179	1.786	1.072	3.929	8.215	3.572	2.679	1.786	1.607	1.429	1.965	1.429	0.536	2.679	0.357	4.286	1.25	2.5	1.072	0.179	2.143	2.5	2.143	3.393	2.143	1.607	0.714	0.179	0.179	0.536	0	1.607	1.072	0.536	1.786	2.679	0.357	0.357	0.357	0.893	0.536	0.536	1.25	0.536	2.143	1.429	0.357	2.858	2.679	5.358	2.679	0.714	1.607	4.108	0.179	2.5	2.322	3.751	1.607	0.714	2.322	1.25	1.965	0	0	0	0.536	0.179	0	0	0.357	0.357	0	0	1.072	3.751	1.25	1.072	3.751	0.357	0.179	0	0.536	0.179	3.036	0.357	1.607	1.607	3.215	3.751	1.607	4.286	0.179	2.5	3.393	0.893	1.786	4.108	0.357	0.179	0.179	0.536	1.429	0.714	50:60,183.35:200,50:80
Satb1-NM_001357640	0	0	0	0	0	0	0	0	0	0	0	0	0.179	0	0	0	0.179	0	0.357	0	0	0.179	0.536	0	0.179	0	0	0	0	0	0	0	0	0	0	0	0	0.179	0.179	0	0	0	0	0	0.179	0.536	0.893	0	0	0	0	0.179	0.179	0.357	0.357	0	0	0	0	0	2.679	2.322	0.893	1.429	0.893	0.357	0.357	0.714	0.893	0.714	0.536	0.357	0.357	0.179	0.179	0	0.357	0.893	0.714	0.893	0.179	0.179	0.714	0.714	0.179	0.357	0.357	0	0	0.536	0.536	1.072	0.357	0.357	1.072	0	0.179	0	0.179	0.179	0.179	0.357	0	0.179	0.179	0.179	0.536	0.714	0.536	0	0.714	1.072	0.179	0	0.179	1.25	2.143	0	1.072	0.179	0.536	2.858	2.322	1.607	0.893	1.072	0.357	0.179	1.607	1.607	0.536	0.714	1.607	1.072	0.179	0.714	0.536	1.965	2.679	0.536	1.786	0.536	2.322	1.429	2.322	0.536	1.607	1.072	2.143	1.429	1.072	0.536	2.143	0.714	0.893	1.25	0.357	0.714	1.072	0.357	1.25	0.536	1.786	0.536	1.25	3.393	0.714	0.357	3.036	0.893	2.679	1.072	0.536	1.25	1.938	2.17	5.001	3.572	4.108	2.858	0.714	1.965	2.143	1.607	1.072	0.714	1.072	0	1.25	1.072	0.893	0.893	0.536	1.429	0.893	1.25	0.714	1.072	2.143	0.893	1.607	3.036	1.25	3.036	2.679	0.714	1.25	0.536	0.893	0.357	1.786	0.357	0.357	0	1.786	1.429	1.25	0.893	2.322	1.25	0.714	0.893	0.179	0.357	0.714	1.965	1.786	0	0.893	1.429	1.786	1.072	0.893	3.215	0.357	0.179	0.357	0.179	1.072	2.143	2.858	2.858	0.893	0.893	0.893	1.25	0.714	1.25	1.429	1.607	4.108	1.786	0.179	3.751	4.465	12.323	1.072	7.322	4.465	1.607	0	0	0.179	0.536	0	0.179	0	0	0	0	0.179	0.536	0.357	0	0	0	0	0.179	0	0	0.357	0	0	0	0.179	0	0	0	0.179	0	0	0	0	0	0.179	0	0	0.179	0	0.357	0	0	0	0	0	0.357	0	0.179	0	0	0	0	0	0	0	0	0	0	0	0	0	0	0	0	0	0	0	0	0	0	0	0	0	0	0	0	0	0	0	0	50:60,379.99:200,50:80
Scfd1-NR_157117	0.179	0.714	1.072	2.322	5.001	0.179	0.536	0.179	1.429	0.893	2.322	5.001	1.786	1.965	0.179	0.893	1.965	4.108	8.037	2.679	0.714	0.536	0.357	1.25	0	0.179	0.357	0.536	0.536	0.536	3.393	1.429	2.322	3.929	2.679	0.536	2.679	6.072	1.072	0.357	4.286	1.25	0.714	2.5	0.536	0.536	7.501	4.465	1.965	7.322	8.215	2.679	1.429	0	3.036	9.466	28.754	19.11	13.93	2.143	202.528	8.037	3.379	0.371	0.893	2.322	0.536	1.25	1.072	0.536	0	1.072	0.536	0	1.25	0.357	0.714	0.179	0.714	0.714	0.179	0	0.536	0.536	0	0	0.229	0.129	0.536	0	0	0.179	0.357	0.357	0.893	0.179	0.357	0.893	0.536	0.536	0.179	0	0.179	0.357	0.714	0.893	1.072	0.536	1.072	0.536	0.179	0.714	1.072	1.965	1.429	0.357	0.179	0.179	0.179	0.536	0.357	0	0.179	1.072	0.179	1.786	1.072	0.179	1.25	1.965	1.965	1.25	1.607	0.357	0.536	1.429	1.25	1.607	1.965	1.072	1.072	6.072	1.607	1.607	2.858	1.607	1.25	0.536	2.143	1.25	0	0	0	0	0.357	0	0.536	0.536	5.001	0.357	1.429	1.786	1.965	4.643	1.072	1.965	2.858	4.108	1.072	1.965	5.179	1.25	2.322	3.036	0	1.25	0.357	0.893	5.358	1.607	0.536	0	0.714	1.786	0.536	0.893	1.25	2.322	0	0	0.536	2.143	2.143	1.965	2.858	4.465	0.536	0.357	0	0.357	2.679	3.036	0.357	1.429	0.179	2.679	1.25	6.787	7.322	3.215	1.072	1.607	1.429	4.108	8.215	1.607	1.072	2.322	2.858	2.5	2.5	4.108	0.536	0.357	2.143	1.429	0.714	1.786	3.572	0.714	2.758	1.172	0.714	2.143	0.536	0.179	2.322	5.001	1.072	2.322	1.786	1.965	2.5	3.215	5.179	4.286	3.036	4.822	1.072	0.357	4.329	5.315	1.786	1.25	0.893	3.929	2.679	0.893	1.607	0.179	0	0	0	0	0	0	0	0	0	0	0	0.714	0.714	0	0	0	0	0	0	0	0.179	1.25	1.072	2.322	0	0.179	0	0	0.714	0	0.179	0.357	0	0.179	0	0.357	0.179	0.357	0.179	0.179	1.072	0.179	0.536	0.893	0	0.179	0.179	0.536	0	0.357	0	0.179	0.536	0.536	0.893	0.179	0.536	0	0	0.179	0	0.179	0	0.357	0	0	0	0	0	0	0.179	0.357	0.893	0.357	0.536	0.714	0.536	1.072	0.714	1.786	50:60,346.64:200,50:80
Sec14l5-NM_001127725	0	0	0	0	0	0	0	0	0	0	0	0	0	0	0	0	0	0	0	0	0	0	0	0	0	0	0	0	0	0	0.179	0	0	0	0	0	0	0	0.179	0	0	0	0	0	0	0	0.179	0	0	0	0	0	0	0	0	0.357	0.714	3.572	5.001	0.536	0.179	0.179	0.536	0	0	0.179	0	0	0	0	0	0	0	0	0	0	0	0	0	0	0.179	0	0	0	0	0	0	0	0	0	0	0	0	0.179	0	0	0	0	0	0	0	0	0	0	0	0	0	0.179	0.179	0	0	0	0	0	0	0.536	0	0	0	0	0	0	0.357	0	0.179	0.179	0	0	0	0	0.357	0	0	0	0	0	0.179	0.179	0.357	0	0.179	0.179	0	0.893	0.357	0	0	0.179	0	0	0	0.357	0.357	0	0.179	0	0.536	0.357	0.357	0	0	0.536	1.072	0	0	0.714	0.357	0.179	0	0.179	0	0.714	0.179	0	0	0.179	0	0.179	0.179	0	0	0	0.179	0	0.893	0.179	0	0	0.179	0	0	0	0.357	0.179	0	0	0	0	0	0	0	0.179	0	0	0	0.179	0	0	0.179	0.357	0	0.179	0	0	0	0	0.357	0.536	0.357	0.357	0.179	0.357	0.179	0.179	0	0	0	0.893	0	0.179	0.179	0	0	0	0.179	0	0	0.179	0	0	0.357	0.536	0.179	0	0.179	0	0.179	0.179	0.179	0.179	0.357	0	0	0.179	0	0	0	0.179	0	0.179	0	0	0.179	0	0	0.179	0.179	0.179	0	0	0.357	0	0	0	0	0.357	0	0.179	0.357	0.179	0	0.536	0	0	0	0	0	0	0	0	0	0	0	0	0	0.357	0	0	0	0.179	0	0	0	0	0	0	0	0	0.179	0.179	0.179	0.179	0	0.179	0	0	0	0.357	0.357	0.179	0	0.536	0	0.179	0.357	0	0.536	0	0	0	0	0.179	0	0	0	0.179	0.179	0	0	0.179	50:60,184.13:200,50:80
Septin8-NM_001361968	0	0	0	0	0	0	0	0	0	0	0	0	0	0	0	0	0	0	0	0	0	0	0	0	0	0	0	0.179	0	0	0	0	0	0	0	0	0	0	0	0	0	0	0	0	0	0	0	0	0	0	0	0	0	0	0.179	0.536	0	0	0	0	0	0.179	0.357	0	0	0	0.357	0	0.357	0	0	0.179	0	0	0.179	0	0	0.179	0	0.179	0.179	0	0	0	0	0	0	0	0	0	0	0	0	0.179	0	0	0	0	0	0	0	0	0	0	0	0	0	0	0	0	0	0	0.179	0	0.179	0	0	0	0	0	0	0.179	0.179	0	0	0	0	0	0	0.179	0	0.179	0.179	0	0.179	0	0	0	0	0	0	0	0	0	0	0	0	0	0	0	0.357	0	0	0	0	0.357	0	0	0.179	0	0	0	0	0	1.072	0.357	0	0.179	0	0.357	0	0.179	0.813	0.616	3.036	0.714	0.179	0.893	0.893	1.965	0.179	0.357	0.179	0	0	0	0	0	0	0.179	0.893	0.179	0.179	0.179	0.179	0.714	0.179	0.179	0.536	0.357	0	0.357	0.179	0.536	0.536	0	1.072	1.072	1.965	1.607	1.786	0.893	1.607	1.786	3.572	2.143	2.5	3.036	3.036	0.536	3.036	7.322	1.25	1.965	0.179	0.536	2.143	0.714	0	1.072	0	0.357	0.179	0.357	0.223	0.313	0	0.179	0.357	0	0.893	1.965	0.179	0	0.179	0.536	0	0	0.179	0.179	0.357	0	0	0.179	0.179	0	0	0.536	0	0	0	0	0	0	0	0	0	0	0	0	0	0	0	0	0	0	0	0	0	0	0	0	0	0	0	0	0.179	0	0	0	0	0	0	0	0	0.179	0	0	0	0	0	0	0	0	0	0.357	0	0	0	0	0	0.357	0.179	0	0	0	0	0	0.179	0	0	0	0	0	0	0	0	0.179	0	0	0	0	0	0	0	0	0.179	0	0	0	50:60,149.35:200,50:80
Setx-NM_198033	0	0	0	0	0	0	0	0	0	0	0	0.179	0	0.714	1.786	1.965	0.893	1.072	0.357	0.179	0	0	0.179	0	0	0	0	0	0	0	0.179	0	0	0	0	0	0	0	0	0	0	0	1.429	5.358	0.536	0	0	0	0	0.179	0.179	0.179	1.072	0.357	0	0	0	0	0.357	0.179	8.43	21.932	3.393	1.25	0.714	0.893	0.714	0.357	0	0	0	0	0	1.429	1.25	0	0.714	0.714	3.751	0.536	1.072	0.357	3.572	1.072	1.429	2.322	3.215	1.072	0.393	1.393	0.893	1.965	1.965	2.322	0.893	0.179	0.893	2.5	2.679	5.001	5.001	1.965	1.072	2.679	1.25	8.215	4.465	0.893	1.786	1.965	0.179	1.25	0.536	1.072	0.536	4.108	0	0.714	2.143	0	0.179	0.357	2.5	7.501	0.536	0.179	2.858	1.965	0.179	2.143	0.893	0.357	5.001	9.823	6.787	15.002	10.18	13.145	5.251	8.93	8.037	2.322	13.645	46.721	7.501	4.465	3.036	5.358	5.536	5.894	3.572	6.072	3.929	3.572	6.072	3.929	2.322	5.536	7.501	2.858	5.144	3.072	2.858	1.072	1.25	0.536	1.786	3.751	0.357	10.537	3.215	5.179	8.394	15.645	6.144	3.929	6.429	7.322	2.679	4.643	3.036	2.679	1.25	8.394	3.215	0.714	2.858	2.5	5.536	3.572	2.858	13.216	3.215	6.965	0.714	3.393	6.429	12.68	7.68	0.357	8.394	3.036	0.357	2.322	2.322	2.679	0.714	0.179	2.143	2.5	1.786	3.751	0.893	3.215	5.001	3.215	1.072	1.786	1.786	2.679	2.5	0.714	2.5	3.572	4.822	6.429	2.5	9.823	1.072	6.429	2.143	5.001	1.286	6.215	3.393	18.931	3.929	7.68	4.643	5.179	4.894	1.357	6.501	4.501	4.894	9.644	3.751	5.894	7.501	3.751	2.858	8.93	13.93	11.43	23.039	35.183	9.287	31.79	19.824	6.787	0.357	0.893	4.108	2.143	0.714	0.714	0.536	2.5	0.893	0.357	0	0.179	0.357	0	0	0.179	0.179	2.858	1.786	1.429	4.286	4.822	2.858	0.357	0.714	0.893	0	0.893	4.108	2.679	2.858	1.786	2.679	0.893	0.536	0	0.179	0.536	3.215	0	1.429	0	0	1.072	1.072	0.357	0.357	3.751	1.607	1.072	0	0	0.357	1.072	0.536	0	0.179	0.714	0.536	0.357	0	0	0.536	0	0	0	0	0	0	0.179	0.179	0.357	0.179	0	0.179	0.536	1.072	0.179	0.893	0	50:60,287.4:200,50:80
Sfrp4-NM_016687	0	0	0	0	0	0	0	0	0	0	0	0.179	0	0	0	0	0	0	0	0	0	0	0	0	0	0	0	0	0	0	0	0	0.179	0	0	0	0	0	0	0	0	0	0	0	0	0	0	0	0	0	0	0	0.357	0.179	0	0	0	1.072	9.644	7.858	2.143	0.357	0.357	0	0	0	0	0	0	0	0	0	0.536	0.179	0	0	0	0	0	0	0	0	0	0.357	0.179	0	0	0	0	0	0	0	0	0	0	0	0	0	0	0	0	0	0	0	0.179	0	0	0	0	0	0	0	0	0	0	0	0	0	0	0	0	0	0	0	0	0.179	0	0	0	0	0	0	0	0	0	0	0	0	0	0	0	0	0	0	0	0	0	0	0	0	0	0	0	0	0	0	0.179	0	0	0	0	0	0	0	0	0	0	0	0	0	0.179	0	0	0	0	0	0.179	0	1.072	0.357	0	0	0	0	0	0	0	0	0	0.179	0	0.179	0	0	0	0	0	0	0	0	0	0	0	0	0	0	0.179	0	0	0	0	0	0	0	0	0	0	0	0	0	0.179	0	0	0	0	0	0	0.357	0	0.179	0	0	0	0	0	0	0	0	0	0.179	0	0	0	0	0	0	0.179	0	0	0	0	0	0	0	0	0	0	0	0	0	0.179	0	0.179	0	0	0	0	0	0.179	0	0	0	0.179	0	0	0	0	0	0	0	0	0	0	0.179	0	0	0	0	0.179	0	0	0.536	0	0	0	0	0.179	0	0	0	0	0	0	0.179	0	0.179	0	0	0	0	0.179	0	0	0.536	0	0.179	0.179	0	0	0	0	0	0.179	0	0.357	0	0	0	0	0.714	0.179	0	0	0	0	0.179	0.179	0.536	0.179	0	50:60,48.245:200,50:80
Sipa1l2-NM_001081337	0.357	0.179	0.893	0	0.357	0.714	1.429	0.357	0.179	0.714	0.536	2.143	0	0.357	0.179	0.179	0.179	0.179	0.893	1.429	1.072	0	0	0.357	0.714	1.072	0.179	0.714	0.893	0	0.179	0	1.786	0.893	0.714	0	0.179	0	0	0.179	0	0	0	0	0	0.536	0.179	0.536	0.714	0	0	0.536	0.179	0.179	0.536	0.357	0.179	0.893	0.536	0.893	2.858	1.607	2.143	1.965	4.286	6.429	8.215	10.359	5.536	9.466	4.822	2.679	1.072	8.751	4.465	5.179	1.072	1.965	3.393	3.929	5.179	3.215	1.607	5.179	2.322	5.179	6.429	1.429	10.537	6.251	3.215	1.072	4.644	2.897	4.792	12.829	5.915	2.5	5.179	0	1.072	0	5.001	2.679	1.072	4.822	2.322	3.393	5.001	3.215	3.036	3.272	5.479	6.608	5.894	2.322	3.929	4.643	2.5	6.787	3.572	2.322	1.429	3.929	3.215	7.322	5.358	1.607	3.036	4.643	5.358	5.358	13.216	4.465	2.322	4.643	8.037	8.394	6.251	2.036	6.715	3.572	1.607	4.286	4.822	3.751	9.823	5.536	4.822	5.536	5.285	9.182	3.572	4.286	1.786	8.573	2.858	2.679	8.633	8.333	7.144	6.072	6.072	8.394	4.822	2.5	9.466	4.822	5.179	2.554	6.197	4.822	3.215	4.286	3.572	2.5	1.786	8.215	6.251	0.714	5.536	3.393	5.894	2.322	2.322	4.465	5.715	8.08	3.35	1.965	0.714	3.572	6.965	4.643	1.786	2.322	4.108	5.001	4.465	1.25	1.965	1.965	1.786	5.536	1.786	2.143	2.858	2.322	3.215	3.751	1.072	2.322	1.607	1.25	3.393	2.143	2.858	6.787	3.572	2.143	2.322	5.261	1.525	2.858	4.643	1.25	8.215	2.143	2.5	5.358	2.322	2.858	1.25	3.215	1.25	1.429	6.429	3.393	1.429	0.893	4.465	2.5	3.929	1.965	0.536	2.5	1.429	2.322	4.286	1.25	2.322	8.394	2.858	0.714	12.859	7.144	2.322	10.537	15.359	5.179	3.215	0.893	0.179	0	0	0	0.179	0	0.714	0.357	0.893	0.536	0.179	0.893	0	0	0.893	1.25	0.357	0.536	0.536	0.536	0.357	0.179	0	0.357	0	1.072	0.536	1.072	2.858	0.357	2.5	1.786	1.072	0.714	1.25	2.858	1.25	1.25	0.357	0.714	1.072	0	0.179	0	0.714	1.072	0.714	0.536	0.714	0	0	0	0.357	0	0	0.357	0	1.607	0.536	1.072	2.322	0.714	0.893	0	0.179	0.179	0.357	0.893	0.536	1.072	0	0.179	0.179	0.179	0.357	2.322	1.429	0	50:60,373.83:200,50:80
Slc12a4-NM_009195	0	0	0	0	0	0	0	0	0	0	0	0	0	0	0	0	0	0	0	0	0	0	0	0	0	0	0	0	0	0	0	0	0	0	0	0	0	0	0.357	0.536	1.072	0.536	0.357	0	0.357	0	0	0	0	0	0	0	0	0.179	0	0	0	0	0	0.357	31.704	11.873	0.357	2.236	4.015	0.893	0	0.536	0	0.179	0	0	0	0	0.714	0.179	0.179	0.179	0.179	0.357	0.179	0	0	0	0	0	0	0.179	0	0	0.179	0.179	0.357	0.179	0	0	0.536	0.179	0.536	0.179	0.179	0.179	0	0	0	0.179	0	0.179	0	0	0	0.179	0.179	0	0.179	0	0.179	0	0	0	0.893	0	0.179	0	0.179	0.179	1.25	0.714	0.893	0.179	0	0	0	0.357	0.536	0.179	0	0.179	0	0	0	0	0	0.893	0.357	0.179	0.357	0.179	0.357	0.536	0.179	0.357	0.536	0	0.357	0.357	0	0	0	0	0	0.179	0.357	0	0.179	0.179	1.072	1.25	1.072	1.072	0.536	0.179	0.179	0.357	0.714	0.179	0	0.179	0	0	0.179	0.179	0	1.072	0	0.179	0.357	0.536	0.357	1.072	0	1.429	0.179	1.429	3.929	0.714	0.357	0.357	0.179	1.25	1.965	0.179	1.25	0.179	0.179	0.357	0.536	2.143	1.965	0.714	0.357	0.357	0.179	0.179	0.179	0.536	0.179	0.536	2.679	1.25	3.572	1.072	0.536	2.143	1.072	2.679	0.714	0.893	2.143	0.536	1.965	0.714	0.893	1.25	0.536	0	0	0.714	0.811	1.69	0.179	1.429	0.357	1.25	1.965	2.858	3.751	0.179	0.714	1.429	3.036	3.929	0.714	2.5	2.322	0.714	1.072	2.322	1.072	3.036	0.357	0	0.179	3.393	0.536	0.536	1.072	0.357	0.179	0	0.536	1.965	2.143	0.536	0.179	0.179	1.072	0.893	3.929	2.858	3.751	0.357	1.786	1.786	0.357	0.536	0.536	0.536	1.607	0	0.179	0.179	0.179	0	0	0	0	0	0	0.179	0.179	0.536	0.179	0	0	0	0	0.179	0	0	0	0	0	0.179	0	0.357	0.536	0	0	0	0	0	0	0	0	0	0.357	0	0	0	0.179	0.893	0.179	0.179	0	0.357	0.179	0	0	0.357	50:60,112.63:200,50:80
Slc25a47-NM_001012310	0	0	0	0	0.536	0	0.357	0.357	0	0.536	0.179	0.893	0.536	0.179	0.357	0	0	0	0	0	0	0	0	0	0.357	0.179	0	0	0	0	0	0.179	0.357	0.179	0.714	0.357	0	0.179	0.179	0.357	0	0.179	0	0	0.179	0	0	0	0.179	0.357	0	0	0	0	0	0.179	0.357	0.179	0.179	0.893	0	0	0.179	0	0	0.179	0	0.179	0.536	0	0	0	0	0.179	0	0	0	0.179	0	0.357	0	0	0	0.179	0	0	0	0	0.179	0	0.179	0	0.357	0.179	0.536	0.714	0	0	0.179	0	0	0	0	0	0	1.607	0.179	0	0	0	0.179	0	0	0.357	0	0.179	0	0	0	0	0	0	0	0	0	0.179	0	0	0.179	0	0	0	0	0	0	0	0.179	0	0	0	0.179	0	0	0	0.357	0	0	0	0	0	0	0	0	0.179	0	0	0	0	0.357	0	0	0	0	0	0	0	0	0	0	0	0	0.179	0	0	0	0.357	0.179	0.179	0	0	0	0	0.179	0	0.179	0	0	0	0	0	0	0	0	0	0.179	0	0	0	0	0	0	0.179	0.179	0	0.179	0	0	0	0	0	0	0	0	0	0	0	0	0	0.357	0	0	0	0	0	0	0	0	0	0	0	0	0	0	0	0	0.179	0	0.179	0	0	0	0	0	0	0	0.357	0.179	0	0.179	0	0	0.179	0	0	0	0	0.357	0.179	0	1.072	0.179	0	0	0	0.179	0	0	0	0	0	0	0	0.179	0.179	0	0.179	0.179	0	0.179	0	0.179	0.536	0	0.179	0.179	0.536	0	0	0	0	0	0	0	0	0	0	0	0	0	0	0.536	0.179	0	0	0	0.179	0	0.179	0	0	0	0	0	0	0	0	0	0	0	0	0	0	0.179	0	0.179	0	0.179	0	0	0	0	0	0.179	0	0	0	0	0	0	0.179	50:60,28.435:200,50:80
Slc30a1-NM_009579	0	0	0	0	0	0	0	0	0	0	0	0	0	0	0	0	0.179	0	0	0	0	0	0	0	0	0	0	0	0	0	0	0	0	0.536	0.179	0.714	0	0.179	0.179	0	0	0.179	0.179	0	0	0.179	0.357	0	0	0	0	0	0	0	0	0	0	0	0	0.714	1.37	15.359	2.202	0	0	0	0.123	0.234	0	0.179	0.179	0.536	0	0	0	0	0	0	0.179	0	0	0	0	0	0	0	0	0	0.179	0.902	0.17	0.357	0	0.179	0	0	0.357	0	0	0.179	0	0	0.357	0.357	0.357	0.179	0	0.179	0.179	0.179	0	0	0	0	0.179	0	0	0	0.179	0.018	0.161	0.179	0.357	0.714	0	0	0.357	0.179	0.357	0	0.357	0	0	0	0	0	0	0	0	0	0	0	0	0	0	0	0	0	0.179	0	0	0	0	0	0.357	0.536	0	0	0	0	0.179	0.179	0.179	0	0	0	0	0	0	0	0	0.357	0	0	0.179	0	0.179	0	0	0	0	0.179	0	0.179	0	0.179	0.179	0	0	0	0.357	0	0	0	0	0	0	0	0.179	0	0	0.357	0	0	0	0.357	0.179	0.104	0.075	0.179	0	0	0.179	0	0	0	0	0	0	0	0	0	0	0.179	0	0	0	0	0.179	0	0	0.179	0	0	0	0	0	0	0	0	0	0	0	0.357	0	0	0	0	0	0	0	0.179	0	0	0	0.179	0	0	0	0	0	0	0.179	0	0	0	0	0.357	0	0	0.893	0.357	0.179	0.893	0	0	0	0	0	0	0	0	0	0	0	0.179	0.357	0	0	0.179	0	0	0	0.179	0	0.179	0	0	0	0	0	0	0	0.179	0	0	0	0	0.179	0	0.179	0	0	0	0	0.179	0	0	0	0.357	0	0	0.179	0	0	0	0	0	0	0.179	0	0	0	0	0	0	0	0	0	0	50:60,32.335:200,50:80
Slc35a2-NM_001083937	0	0	0	0	0	0	0.179	1.072	0.714	0.893	0.357	1.25	0.179	0.357	0.179	0.536	0.179	0	0	0.179	0.357	1.072	0	0.179	0	0	0.179	0	0	0	0	0	0	0	0	0	0	0.179	0.536	0.357	0	0	0	1.965	3.929	2.5	0.893	1.072	1.429	0.357	1.786	1.786	7.322	7.68	7.144	20.003	25.896	10.359	4.108	0	0.714	26.611	42.642	7.551	5.887	0.536	2.5	3.393	0.357	0.179	0	0.357	0.357	0	0.179	0	1.25	0.179	0	0.179	0	0.357	0	0	0	0	0	0	0	0	0	0	0.179	0	0	0.179	0	0.179	0	0	0	0	0	0	0	0	0	0	0.179	0	0	0	0	0	0	0.179	0	0	0.179	0.179	0	0	0.179	0	0	0	0	0	0.179	0.179	0	0	0	0	0	0	0.357	0	0	0	0.179	0	0	0	0	0	0	0	0	0	0	0	0	0	0	0	0.357	0.357	0	0	0	0	0	0	0	0	0	0	0	0	0	0	0.179	0	0	0.179	0	0.357	0.179	0.179	0	0	0	0	0	0.179	0.329	0.207	0	0	0	0	0	0.179	0	0	0	0	0.357	0.179	0	0	0.179	0	0	0	0	0	0	0	0	0.507	0.207	0	0	0	0.179	0.179	0.357	0	0	0	0	0	0	0	0	0	0	0	0	0	0	0	0.179	0	0	0.179	0.536	0	0.357	0	0	0	0	0	0	0	0.179	0.357	0.179	0.357	0	0.357	0.536	0.357	0.357	0	0.536	0	0.536	0	0	0.357	0	0	0	0.179	0	0	0	0.179	0	0.357	0	0	0.536	0.357	0	0	0	0.357	0.536	0	0	0	0.179	0	0	0	0	0.536	0.357	0	0.357	0.179	0.536	0	0.357	0.179	0	0.179	0	0.179	0	0	0	0.179	0.179	0	0	0	0.536	0.179	0	0	0	0.179	0	0.179	0	0	0	0	0	0	0	0	0	0.179	0	0	0.536	0	0.179	0	0	0	0.536	0	50:60,48.92:200,50:80
Slc6a15-NM_001252330	0	0	0	0	0	0	0	0	0	0	0	0	0	0	0	0	0	0	0	0	0	0	0	0	0	0	0	0	0	0	0	0	0	0	0	0	0	0	0	0	0	0	0	0	0	0	0	0	0	0.179	0.179	0.893	0.357	1.786	0	0	0.714	0	0.357	0	0.893	10.13	2.55	7.858	2.322	1.072	2.322	0	0.179	0	0	0	0	0.179	0	0	0.179	0	0	0	0	0	0	0.179	0	0	0	0	0	0	0	0	0	0	0.179	0	0	0	0	0	0	0	0	0	0	0.179	0	0	0	0	0	0.179	0	0	0	0	0	0	0.179	0	0	0	0	0.179	0	0	0.179	0	0	0.179	0	0.357	0	0.357	0	0.179	0	0.536	0	0	0	0	0	0.357	0.357	0	0	0	0.357	0.357	0.357	0	0.179	0.536	0.179	0	0.714	0.179	0	0.357	0.179	0	0.357	0	0	1.072	0.357	0.536	0.893	0.536	0	0.179	0.714	0	0	0.714	3.036	0.8	0.986	1.072	1.072	1.607	0	2.5	0.714	0.357	0.179	0.357	0.536	1.429	0.536	0.714	0.179	0	0.179	0	0.179	0	0	0.357	0.179	0.893	0.179	0.536	0	0	0.357	0.357	0.357	0.179	0.179	0.357	0	0	0.893	0	0.536	0.357	0.357	0.179	0.179	0.893	0.179	0	0	0.179	0	0	0.179	0.357	0.179	0	0	0.293	0.421	0.179	0.357	0.536	1.607	0	0.179	0.357	0.357	0	1.072	0.536	0	0.179	0.536	0.357	0.179	0.179	0.357	0	0.536	0.893	1.25	2.143	1.429	0.179	0.357	0.357	0	0	0	0	0	0	0	0	0.357	0	0.179	0.357	0.893	0.179	1.25	1.072	0.179	0	0.179	0	0.357	0	0.179	0	0.179	0	0.714	0	0.714	0.714	0.179	0	0	0	0	0	0	0	0	0	0.179	0	0	0	0	0	0	0	0	0	0	0	0	0	0	0	0	0	0	0	0	0	0	0	0	0.536	0	0	0.179	0.179	0	0	0	0	0.179	0	0	0	50:60,257.86:200,50:80
Slc9a3r2-NM_001357796	0	0	0	0	0	0	0	0	0	0	0	0	0	0	0	0	0	0	0	0	0	0	0	0	0	0	0	0	0	0	0	0	0	0	0	0	0	0	0	0	0	0	0	0	0	0	0	0	0	0	0	0	0	0.179	0	0	0	0	0	0	0	0	0.179	0	0	0	0	0	0.536	0.357	0	0	0	0	0.179	0	0	0	0	0	0	0	0	0	0	0	0	0	0	0	0	0	0	0	0	0	0	0	0	0	0	0	0	0	0	0	0	0	0	0	0	0	0.179	0	0.357	0	0	0	0	0	0	0	0	0	0	0	0	0	0.357	0.357	0.536	0	0.357	0	0	0	0	0.179	0	0.536	0	0.536	0.179	0	0	0	0.179	0	0	0	0	0	0.179	0	0	0	0	0	0	0	0	0	0	0	0	0	0	0	0	0	0	0	0	0	0.357	0	0	0.179	0	0	0	0	0	0	0	0	0	0.179	0	0	0	0	0	0	0	0	0	0	0	0	0	0	0	0	0	0	0.179	0	0	0	0	0.179	0	0	0	0	0	0	0	0	0	0	0	0	0	0	0	0.179	0.179	0	0	0	0	0.357	0.536	0	0.179	0	0.179	0	0.179	0.714	0	0	0	0.179	0.179	0.179	0.339	0.375	0	0.357	0	0.179	0	0.536	0.179	0.179	0.357	1.072	0.179	0.357	0.357	1.429	0.714	0.536	0	0	0	0	0	0.179	0.357	0.179	0.179	0.714	0.357	0.714	0	0.536	0.357	0	0	0.357	0	0	0.357	0	0	0.179	0.357	0.179	0.357	0.357	0.179	0	0	0	0.179	0.179	0.179	0	0	0	0.179	0	0	0.357	0.357	0	0	0.536	0.536	0.536	0	0	0	0.179	0	0	0	0.714	0.179	0	0	0	0	0	0	0	0.357	0	0	0.357	0	0	0	0	0	0.179	50:60,55.1:200,50:80
Slfn10-ps-NM_001355513	0	0	0	0	0	0	0	0	0	0	0	0	0	0	0	0	0	0	0	0	0	0	0	0	0	0	0	0	0	0	0	0	0	0	0	0	0	0	0	0	0	0	0	0	0	0	0	0	0	0	0	0	0	0	0	0	0	0	0	0	0	0	0	0.179	0	0.179	0	0.179	0	0	0.179	0	0	0	0	0	0	0	0	0	0	0	0	0	0	0	0.536	0	0	0	0	0	0	0	0	0	0	0	0	0	0	0	0	0	0	0	0	0	0	0	0	0	0	0.179	0.179	0	0	0	0	0	0	0	0	0	0	0	0	0	0	0	0	0	0	0	0	0	0	0	0	0	0	0	0	0	0	0	0	0	0	0	0	0	0	0	0	0	0	0	0	0	0	0	0	0	0	0	0	0	0	0	0	0	0	0	0.179	0	0	0	0	0	0	0	0.179	0	0	0	0	0	0	0	0	0	0	0	0	0	0	0	0	0	0	0	0	0	0	0	0	0	0.179	0	0	0	0	0	0	0	0	0	0	0	0	0	0	0	0	0	0	0	0	0	0	0	0	0	0	0	0	0.179	0	0	0	0	0	0	0	0	0	0	0.357	0.179	0.179	0	0	0	0	0	0	0.179	0	0	0	0	0	0	0	0	0	0	0	0	0	0	0	0	0	0	0	0	0	0	0	0	0	0	0	0	0	0	0	0	0	0.179	0	0	0	0	0	0	0	0	0	0	0	0	0	0	0	0	0	0	0	0	0	0	0	0	0	0	0	0	0	0	0	0	0	0	0	0	0	0	0	0	0	0	0	0	0	0	0	0	50:60,62.015:200,50:80
Slitrk5-NM_198865	0	0	0	0	0	0	0	0	0	0	0	0	0	0	0	0	0	0	0	0	0	0	0	0	0	0	0	0	0	0	0	0	0	0	0	0	0	0	0	0	0	0	0	0	0	0	0	0	0	0	0	0	0	0	0	0	0.179	0	0	0	0.179	0	0	0	0	0.179	0	0	0	0.179	0	0	0	0.179	0	0	0	0	0	0	0	0.357	0	0	0.179	0	0	0	0	0	0	0	0	0	0.179	0	0	0	0	0	0	0	0	0	0	0	0	0	0	0	0	0	0	0	0	0	0	0	0	0	0	0	0	0	0	0	0	0	0	0	0	0	0	0	0	0	0	0	0	0	0	0	0	0	0	0	0	0	0	0	0	0	0	0	0	0	0	0.179	0	0	0	0	0	0	0	0.179	0	0	0	0	0	0	0	0	0	0	0	0	0	0	0	0	0	0	0	0	0	0	0	0	0	0	0	0	0	0	0	0	0.179	0	0.179	0	0	0	0	0	0	0.179	0	0	0	0	0	0	0	0	0	0.179	0.536	0.179	0	0	0.179	0.179	0.179	0.179	0.179	0	0	0.179	0	0	0.357	0.179	0.357	0	0	0	0	0.179	0	0	0	0	0	0	0	0.179	0	0	0	0	0	0	0	0	0	0	0	0	0	0.179	0	0	0	0	0.179	0	0	0	0	0	0	0	0	0	0	0	0	0	0	0	0	0	0	0	0	0	0	0	0	0	0.179	0	0	0	0	0	0	0	0	0	0	0	0	0	0.357	0	0	0	0	0	0	0	0	0	0	0	0	0	0	0	0	0	0.179	0	0	0.179	0	0	0	0	0	0	0	0	0	0	0	0	50:60,40.105:200,50:80
Smad2-NM_010754	0	0	0	0	0	0	0	0	0	0	0	0	0	0	0	0	0	0	0	0	0	0	0	0	0	0	0	0	0	0	0	0	0	0	0	0	0	0	0	0	0.179	0.179	0	0	0.179	0	0	0	0	0	0	1.25	1.607	1.607	1.25	4.465	0	0.357	0	0	3.929	9.371	40.279	1.429	1.429	2.322	1.429	1.25	2.679	1.965	4.108	2.5	1.607	0.179	1.607	1.072	0.357	0.179	0.714	0.536	0.179	1.072	0.179	0.357	0.714	0.893	0	0.536	0.714	2.858	0.536	0.536	0.179	1.25	0.357	1.072	0.536	0.357	0	0.893	0.357	0.179	0.357	0	0	0.357	1.25	0.893	0.714	0.714	1.072	0.932	1.032	0.179	0.714	0.564	0.507	0.536	0.893	1.25	0.893	0.893	0.536	2.143	2.5	1.429	2.858	0.179	2.143	1.25	2.322	0.893	1.965	1.072	0.357	0.179	0.714	0	0.179	0	0	0	0	0	0	0	0.357	0	0	0.536	2.5	1.786	1.786	0.893	2.322	1.429	3.215	1.072	1.429	3.572	0.714	2.679	0.357	0.893	2.858	1.607	0.357	2.679	1.25	1.786	0.536	1.429	5.179	1.429	2.679	2.143	3.215	3.036	4.459	2.328	6.965	2.322	4.286	4.286	2.143	1.607	2.5	3.036	4.465	2.322	0	2.147	3.568	3.659	4.02	2.143	1.25	1.965	1.965	9.805	4.483	5.536	5.358	1.4	2.529	4.286	1.786	4.465	3.572	1.072	3.572	6.072	2.143	5.894	11.787	6.965	4.465	1.25	3.929	3.751	2.322	4.286	3.036	0.714	3.215	3.393	3.036	11.43	3.393	7.68	9.108	4.286	4.108	9.625	20.558	12.323	5.894	9.287	11.252	3.572	5.536	3.751	5.001	6.608	3.393	10.716	15.895	6.072	7.858	9.287	6.965	6.251	3.929	16.788	20.181	8.037	8.394	35.183	9.823	4.822	0.714	1.072	1.429	1.607	0	0	0.893	1.25	0.893	1.25	0	0	1.429	1.25	2.5	3.572	5.536	6.429	10.18	2.5	1.965	0.714	0.357	4.643	5.001	5.358	0	0	0	0	1.786	0.536	0.179	1.786	4.108	4.286	2.322	2.858	2.143	7.68	4.822	2.858	8.037	4.643	2.143	0.714	1.965	5.536	5.894	0.893	0.357	0	1.607	1.786	1.25	3.393	7.144	1.607	8.215	2.143	1.786	0	0.357	0.714	4.465	1.786	0.893	1.786	0.714	1.429	3.393	2.143	4.108	3.929	3.929	3.929	2.322	1.965	4.286	10.001	50:60,350.235:200,50:80
Smarcb1-NM_001161853	0.179	0.179	0.179	0	0	0	0	0.357	0.179	0.179	0	0.357	0	0.179	0.179	0	0.179	0.893	0.179	0	0	0.357	0.357	0.179	0.179	0	0	1.25	0.714	1.25	0.179	0.179	1.25	0.357	0	0	0.714	0.536	0.179	0.179	0.893	0.536	0	0.179	0.357	0	1.072	0.357	0.536	0.536	0.536	1.429	0.536	0.179	0	0	0.179	0.536	0.179	0	20.003	1.25	2.143	0.357	8.751	1.25	1.965	0.536	0.179	0	0	0.179	0	0.179	0.536	0.179	0	0	0	0.179	0	0.536	0.179	0.179	0.536	0	0.179	0.179	0	0.179	0.357	0	0.357	0.357	0.179	0	0.357	0	0	0	0.357	0.536	0	0.179	0	0	0.179	0.179	0.179	0.179	0.179	0.179	0.357	0.536	0.536	0	0	0	0.179	0	0	0	0.714	0.357	0.536	0.714	0.536	0	0.536	0.893	0.536	0.357	2.858	3.751	0.714	0	0	1.072	1.072	0.357	0.714	0.714	0.893	0.714	1.072	1.25	0.357	0.536	0.179	0.536	0	0.179	0.893	0.536	0.714	1.072	0.179	0.893	0.179	0	0	0	0	0.357	0.179	0.714	0	0.536	1.25	0.536	0.714	0.179	1.072	4.465	0.536	1.25	0.698	1.623	1.25	1.429	0.714	0.893	0.893	1.607	0.179	0.179	1.072	0.893	0.357	0	0.179	0.179	1.072	0.179	1.429	0.893	0.536	1.607	0.179	0.893	0.179	0	0.357	0	0.536	1.072	3.147	5.076	2.493	1.25	0.714	1.072	0.179	1.429	3.393	0.893	2.5	0.954	1.725	0.179	0.714	0.714	1.072	1.072	1.607	0.179	1.25	0.179	3.929	3.929	0.536	0.714	0.536	0.179	1.072	0.357	0	0.536	0.893	0.179	3.393	2.322	0.536	1.607	0.893	0.893	1.429	0.893	3.929	8.215	1.607	0.357	1.072	1.429	0.714	0	1.25	0.179	0.893	0.357	0.536	0.536	0.357	0.357	0.179	1.25	0.714	0.536	0.357	1.072	1.965	2.322	3.215	0.357	0	0.179	0.357	1.072	0.179	0.536	0.536	0.893	0.357	2.679	3.751	3.393	0.714	1.786	1.607	0.893	0.357	0.536	0.714	2.322	0.179	0.179	3.036	5.358	1.965	2.5	4.108	0.893	1.429	0.536	0.893	0.357	0.357	1.607	2.679	0.357	2.322	5.001	0.536	2.679	1.965	2.858	0.714	0.179	0.536	0.893	1.429	5.715	3.036	0.357	0	0	0.536	0	0.714	1.965	5.715	2.858	1.786	6.429	20.717	5.001	7.68	2.5	1.429	0	50:60,124.23:200,50:80
Smn1-NM_001252629	0	0	0	0	0	0	0	0	0	0	0	0	0	0	0	0	0	0	0	0	0	0	0	0	0	0	0	0	0	0	0	0	0	0	0	0	0	0	0	0	0	0	0	0	0	0	0	0	0	0	0	0	0	0	0	0	0	0	0	0	0	0	0	0	0	0	0	0	0	0	0	0	0.179	0	0.357	0	0.179	0	0	0	0	0	3.929	62.559	2.45	1.072	10.894	0.179	0	0	0.893	1.25	0.179	0	0	0.179	0	0	0	0	0.048	0.666	0.179	0	0.357	0.357	0.179	0	0.536	0.179	0.179	0	0	0	0	0	0	0	0	0.179	0.536	0.382	0.511	0.357	0.536	0	0	0.179	0.357	0.357	0.536	0	0	0	0.179	0	0.714	0.714	0.357	0.179	0.179	0	0	0.357	0	0.179	0	0	0	0	0	0	0	0	0	0	0	0	0	0	0	0.714	0.179	0	0.357	0	0.179	0.357	0	0	0.536	0.179	0.357	0.179	0.179	0	0	0.179	0.179	0.179	0	0.179	0	0	0	0	0.357	0.357	0	0	0.179	0	0	0	0	0.357	0.536	0	0	0	0	0.357	0.179	0.179	0	0	0.357	0.179	0.357	0.357	0	0	0.179	0	0	0	0.357	0.536	0	0	0.357	0.179	0.179	0	0	0.536	0.179	0	0	0.357	0	0	0.179	0.179	0.402	0.263	0.229	0	0.179	0.357	0	0	0.179	0	0	0	1.072	0	0	0	0	0	0	0	0.179	0	0.357	0.179	0.536	0.179	0	0.357	0.536	0.357	0.179	0.179	0.179	0	0	0	0.179	0.357	0	0	0.714	0.357	0	0	0	0	0	0.179	0.893	0.357	0.357	0.893	0.357	0.714	1.072	0.179	0.714	1.25	1.25	1.25	0.536	0.714	0	0	0	0	0	0	0	0	0.357	0.714	1.25	0.714	0.179	0.357	0.179	1.429	3.929	1.072	1.429	0.893	2.143	0	0.179	0.714	0.714	0.179	0.357	0	0	0	0.179	0.179	0.179	0	0	0	0.179	0	0	0	0	0.179	0	0	50:60,72.47:200,50:80
Snap23-NM_001177793	0	0	0	0	0	0	0	0	0	0	0	0	0	0	0	0	0	0	0	0	0	0	0	0	0	0	0	0	0	0	0	0	0	0	0	0	0	0	0	0	0	0	0	0	0	0.179	0.179	0.536	6.072	3.036	1.25	0.536	1.072	0.714	0	0	0.357	0	0	2.322	480.648	13.348	1.072	0	0.357	0	0	0	0	0	0	0	0.179	0	0	0	0	0	0	0	0	0.179	0	0	0	0	0	0.179	0	0.357	0	0	0	0	0	0	0.179	0	0	0	0.179	0.179	0.179	0	0	0	0.179	0	0	0	0.536	0	0.179	0.179	0	0	0.179	0	0.179	0.179	0	0	0	0	0	0.893	1.965	1.25	0.179	0	0	0.179	0	0	0	0	0	0	0	0.179	0.357	0	0.179	0	0	0.179	0.179	0	0	0.179	0	0	0	0.179	0	0	0	0.179	0.357	0	0	0.179	0	0	0.179	0	0.179	0.179	0	0.357	0.357	0	0	0.714	0.357	0.536	0.179	0.179	0	0	0	0	0	0	0	0	0.714	0.714	0.179	0.179	0.714	0.357	0.714	0.893	1.072	0.357	0.536	0.179	0.179	0.536	0.893	0.357	1.072	0	0	0.357	0.536	0.179	0.536	0.179	0	0	0.179	0	0.714	0.893	0.179	0.893	0.536	0	0.179	0.179	0.536	1.072	1.25	0	0.179	0.893	0.357	0.357	2.322	0.714	0.893	0.714	0.179	0.714	0.179	3.036	0	0	0	0.357	1.25	0	0.357	0.357	0.893	2.858	0.179	0.179	0.893	0	0	0.536	0	0	0.357	0.714	0.179	0.357	0.357	0	0	0	0	0	0	0.536	0	0	0.179	0	0	0.179	0.179	0.536	0	0	0.357	0.357	0.714	0	0	0	0	0.179	0.714	0.714	0	0	0	0	0.357	0	0	0	1.786	1.607	1.429	0	0.357	1.786	3.393	0.357	0.357	0.357	0	0.714	0.893	0	0.179	0.179	0.536	0.536	0.536	0.536	0.893	2.679	1.965	1.786	2.858	2.322	0.357	1.786	1.786	0	0.179	0	0.179	0	0	0.893	0	0.357	0.536	0.714	0.179	0.357	0.179	1.25	50:60,165.26:200,50:80
Snap25-NM_001355255	0	0	0	0	0	0	0	0	0	0	0	0	0	0	0	0	0	0	0	0	0	0	0	0	0	0	0	0	0	0	0	0	0	0	0	0	0	1.429	0.893	0.179	0	0	0	0.357	0.357	0	0	0	0	0	0	0	0	0	0	0	0	0	0	0	2.858	0	0	0.179	0	0	0	0	0	0	0.179	0	0	0	0	0	0.179	0	0	0	0.179	0	0	0	0	0.179	0	0	0	0	0	0.179	0	0	0	0	0	0	0	0	0	0.179	0.179	0	0	0.357	0.179	0.357	0.893	0	0	0.179	0	0	0	0.179	0	0	0.179	0	0	0.179	0	0	0	0	0.179	0.179	0.357	0.714	0	0	0	0	0.179	0.179	0.357	0	0.179	0	0	0	0	0.179	0.536	0.357	0.179	0.357	0.357	0	0.357	0	0.179	0	0.179	0	0	0.179	0	0.536	0	0.179	0	0	0.179	0.179	0	0	0	0	0.179	0.179	0	0	0	0	0	0.179	0	0	0.536	0	0	0.179	0.179	0	0	0	0	0	0	0	0	0	0.179	0	0.179	0.179	0	0	0.179	0.357	0.179	0	0	0.179	0	0	0.179	0.357	0.536	0	0.179	0.179	0.179	0.357	0.179	0.714	0.179	0.179	0.179	0.536	0.179	0	0.179	0.357	0.179	0.179	0.179	1.072	0.536	0.179	0.893	0.179	0.357	0.536	0	0.179	0.357	0.357	0.179	0	0	0.179	0.536	0.179	0.179	0	0.179	0.179	0.179	0	0.536	0.357	0.179	0	0	0	0.357	0.536	0	0	0	0	0	0	0	0	0	0	0	0	0	0	0	0	0	0.357	0	0	0	0	0	0.179	0.179	0	0	0	0	0	0.179	0.179	0	0	0	0	0.179	0	0.179	0	0	0	0	0	0	0	0	0	0	0.179	0.179	0	0	0	0	0	0	0	0	0	0	0.536	0	0	0	0	0	0	0	0	0	0	0	0	0	0	0	0	0	0	50:60,344.895:200,50:80
Snapc2-NM_133968	0	0	0.179	0	0	0.536	0.179	0	0	0.357	0	0	0	0	0.179	0	0.714	0.179	0.357	0.179	0.179	0.179	0.179	0.179	0	0.179	0.357	0.536	0.179	0	0	0	0	0	0	0	0	0	0	0	0	0.179	0	0.179	0	0	0.179	0.179	0	0.179	0.536	1.072	0.179	0	0	0	0.179	0	0	0.179	0.179	0.034	1.395	0	1.25	0.714	0.893	0.179	0	0	0	0	0	0	0	0.179	0.714	0.357	0.412	1.16	0.839	0.821	0.698	0.357	0.357	1.072	0.357	0.357	0	0.357	0.357	0.179	0.227	2.218	0.948	0.536	0	0.714	0.536	0.536	0.357	0	0	0	0.179	0	0	0	0	0	0	0	0	0	0	0	0	0	0	0	0	0	0	0	0	0	0	0	0	0	0.179	0	0.179	0	0	0	0	0	0	0	0	0	0	0	0	0	0	0	0	0	0	0	0	0	0	0	0	0	0.162	0.017	0	0	0	0	0	0	0	0	0	0	0	0	0	0	0	0	0	0	0	0	0	0	0	0	0	0	0	0	0	0	0	0	0	0	0	0	0	0	0	0	0	0	0	0	0	0	0	0.357	0	0	0	0	0	0	0	0	0	0	0	0	0	0	0	0	0	0	0	0	0	0	0	0.179	0	0	0	0	0	0	0	0	0	0	0	0	0	0	0	0	0	0	0	0	0	0	0	0.179	0	0	0	0	0.893	0.179	0.179	0.536	0	0.893	0.893	0.893	0.893	0.536	0.179	0.179	0.536	0.714	0.179	0.179	0.893	0	0	0	0.179	0	0	0.714	0.357	0	0.357	0	0.179	0.179	0.357	0	0	0.179	0.179	0	0	0	0.179	0.357	0.179	0.179	0	0.179	0	0.357	0	0	0	0	0	0.179	0	0	0.179	0	0.179	0	0	0	0	0	0.179	0.179	0.536	0	0	0	0	0	0	0	0	0	0	0	0	0	0	0	50:60,15.595:200,50:80
Sncaip-NM_001199154	0	0	0	0	0	0	0	0	0	0	0	0	0	0	0	0	0	0	0	0	0	0	0	0	0	0	0	0	0	0	0	0	0	0	0	0	0	0	0	0	0	0	0	0	0	0	0	0	0	0	0	0	0	0	0	0	0	0	0	0	0.893	0	0	0	0	0	0	0	0	0	0	0	0.179	0	0	0	0	0.179	0	0	0	0	0	0	0	0	0	0	0	0	0.179	0	0	0	0.179	0	0	0	0	0	0	0	0	0	0	0	0	0	0	0	0.179	0	0.179	0	0	0	0	0	0	0.179	0	0	0	0	0	0	0.179	0	0	0	0	0	0	0	0	0	0	0	0.179	0.179	0	0	0	0	0	0	0.179	0	0	0	0.357	0.179	0	0	0.179	0	0	0	0	0	0	0	0	0	0	0	0	0	0	0	0	0	0	0	0.179	0	0	0	0	0.179	0	0	0	0	0	0	0	0	0	0	0	0	0	0	0	0	0	0	0	0	0	0	0	0.536	0	0.179	1.072	0	0	0	0	0	0	0	0	0.357	0	0.179	0	0.179	0	0.357	0	0.179	0	0	0.179	0	0	0	0	0.179	0	0	0.179	0	0	0	0	0	0	0	0	0	0	0	0	0.179	0	0	0	0.357	0	0	0	0.179	0.179	0	0.179	0	0	0	0	0	0	0	0	0	0	0	0	0	0	0	0	0	0	0	0	0	0	0	0	0	0	0	0	0	0	0	0	0	0	0	0	0	0	0	0	0	0	0	0	0	0	0	0	0	0	0	0	0	0	0	0	0	0	0	0	0	0	0	0	0	0	0	0	0	0	0	0	0	0	0	0	0	0	0	0	0	50:60,738.94:200,50:80
Sntb2-NM_001368316	0	0.357	0.714	0	0.179	0	0	0	0	0	0	0	0	0	0	0	0	0	0.536	0	0	0	0	0	0	0	0	0	0	0	0	0	0	1.25	0.536	0	0.179	0	0	0	0	0.179	0.179	0	0	0	0.179	1.25	0.179	0.179	0	0	0	0	0	0.179	0.179	0	0	0.714	26.968	1.429	0.357	0.893	0.893	0.893	0	0	0	0.357	0.357	0	0.179	0.179	0.714	1.25	0.179	0	0	0	0.179	0.536	2.5	0.536	0.357	0.357	0.179	0.179	0.536	0.536	0	0.357	0.357	1.25	0.179	0	1.786	0.357	0.357	0.536	0.357	1.429	0.357	1.25	1.072	1.25	3.572	1.607	1.429	2.143	0.714	0.893	2.858	1.786	1.965	1.607	0.893	2.322	1.25	1.25	3.036	0.536	1.786	3.708	0.936	3.036	0	5.536	4.643	4.563	2.938	3.929	2.143	3.215	6.787	1.25	0	5.536	1.25	1.786	1.786	2.322	1.607	0.714	0.893	1.25	0.357	6.965	2.5	3.215	2.5	2.858	1.786	2.858	1.25	0.893	2.143	1.607	0.714	2.679	5.894	4.108	1.965	0.536	0.714	2.679	1.965	1.072	1.965	2.322	2.143	0.714	3.215	1.072	1.965	0.893	3.929	1.786	1.607	4.286	3.215	3.572	2.5	3.036	2.5	0.357	3.036	5.358	2.679	0.357	0	1.429	6.429	3.751	1.389	2.005	2.322	0.893	4.108	1.607	0.893	1.786	1.786	3.751	0.893	1.965	6.965	1.072	5.536	3.215	1.25	1.965	3.751	2.858	1.786	3.036	4.286	3.393	4.465	2.679	1.25	6.608	5.358	3.572	3.036	3.572	1.25	3.751	1.25	3.036	5.536	1.25	4.108	1.965	6.072	2.858	10.18	3.215	4.465	6.251	4.822	4.465	3.393	6.072	9.287	7.144	3.393	2.322	3.393	7.68	0.536	6.251	6.072	5.536	12.323	10.359	5.894	21.444	11.596	4.286	0	0.179	0.714	1.25	0.893	1.072	1.607	0.536	0.714	0	0.179	0	0	0.714	1.25	2.5	0.536	1.072	0.714	1.072	1.607	1.965	5.001	1.965	2.322	0.357	0.179	0.357	0.179	0.536	0.893	0.179	0.179	0.357	0.536	1.072	0.714	0.179	0.536	0.179	0.357	3.393	1.786	6.608	0.179	0.357	0.179	0.357	2.858	0.893	4.108	6.608	2.143	1.786	0.536	1.429	1.072	2.5	3.751	2.858	3.215	0.179	0.179	1.072	0.714	0.179	0	0.357	0.179	0	0	0	0.357	2.679	0.179	0	0.179	0.714	1.607	2.5	50:60,392.465:200,50:80
Snx25-NM_207213	0	0	0	0	0	0	0	0	0	0	0	0	0	0	0	0	0	0	0	0	0	0	0	0	0	0	0	0	0	0	0	0	0	0	0	0	0	0	0	0.357	0	0	0	0	0	0	0.179	0.357	3.751	0	0	0	0	0	0	0	0	0	0	0	1.786	0	0	0.179	0	0.357	0.179	0.179	0.179	0.536	0	3.215	0.357	0	0.179	0.179	0.357	0.179	0	0.357	0.714	0	0.357	0.357	0	0	0.179	1.072	0	0	0	0	0.357	1.072	0.357	1.607	1.072	0.179	1.429	0.714	0	0	0	0	1.786	0.893	0.536	1.429	2.5	0.536	1.607	2.322	1.429	1.965	1.607	0.893	1.072	2.5	1.786	2.322	1.607	2.5	1.429	1.072	0.893	2.322	5.001	3.215	2.679	4.286	3.751	3.215	2.858	2.858	1.429	1.786	1.607	0.357	1.25	2.5	2.449	2.908	1.607	0.179	0.357	0.357	0.357	0.536	0.179	1.607	1.072	0.357	0.536	0.357	0.536	1.25	1.429	2.5	3.215	2.143	0.536	1.072	0.536	1.072	0.893	1.25	1.429	0.357	0.893	1.188	2.563	0.893	1.429	1.786	2.5	0.893	2.143	3.036	0.357	0.179	0.714	2.5	1.133	3.153	1.429	0.179	1.786	1.25	2.5	3.215	2.679	3.036	2.143	1.25	1.607	1.429	4.108	3.393	0.357	2.143	2.5	1.429	0	0	0	1.786	0.536	4.286	2.679	1.786	0.536	0.179	0	0	2.679	2.143	0.536	2.143	0.536	2.5	2.322	2.5	0.357	1.607	3.215	2.858	2.143	3.215	1.786	0.893	1.619	6.061	3.393	3.036	2.143	2.5	5.715	1.965	3.572	1.786	3.215	2.5	5.536	2.5	2.143	5.179	3.393	1.607	3.929	1.965	3.751	3.215	3.929	0.714	4.643	1.429	0.714	3.929	4.465	1.429	0	0.179	0.893	0	0.179	0.357	0.179	0.179	0.357	0	0.179	0	0	0.179	0.893	0	0.536	0.357	0.179	0.536	0.536	1.607	0.357	0.714	0.179	1.25	0.179	0	0	0.179	0.179	0.179	0.357	0	0	0	0	0	0	0	0	0	0	0	0	0	0	0	0	0	0.179	0.357	0.357	0.179	0.357	0.179	0.536	0.357	0.714	0.179	0	0.536	0.179	0.714	0.536	1.072	0.893	0.357	0	0	0.179	0	0	0.179	0	0	0	0	0	0	50:60,592.515:200,50:80
Snx33-NM_175483	0	0	0	0	0	0	0	0	0	0	0	0	0	0	0	0	0.179	0	0	0.179	0	0	0	0	0	0	0	0.179	0	0	0	0	0.357	0	0	0	0	0	0	0	0	0	0	0	0	0	0	0	0	0	0	0	0	0	0	0	0	0	0	0	1.072	0	0.179	1.329	0.279	2.322	0	0.179	0	0	0	0	0.357	0	0	0.493	0.043	0	0	0	0.179	0	0	0.179	0	0	0	0	0	0	0.179	0	0	0.179	0	0	0.179	0	0	0	0	0	0	0	0	0	0	0.179	0	0	0	0	0.357	0	0	0	0	0	0	0	0	0	0	0	0.179	0.179	0	1.693	0.629	0.179	0	0	0.357	0	0	0	0.179	0	0	0	0	0	0	0	0	0	0.179	0	0	0	0	0	0	0	0	0.179	0	0	0	0	0	0	0	0	0.179	0	0	0	0.179	0	0	0	0	0	0	0	0	0	0	0	0	0	0	0	0	0	0	0	0	0	0	0	0	0	0	0	0	0	0	0.357	0	0	0	0	0	0	0	0.179	0	0	0	0	0.179	0	0	0	0	0	0	0.357	0.179	0.179	0.179	0.179	0	0.179	0.179	0	0.357	0	0.179	0.357	0	0	0.179	0	0	0.179	0	0.536	0	0	0	0	0.179	0.179	0.357	0	0.179	0.536	0	0	0.179	0	0	0.179	0	0.179	0.357	0	0	0.179	0	0	0	0	0.179	0.357	0.357	0	0	0.179	0	0	0	0	0	0.357	0	0.357	0.179	0.179	0.536	0	0.714	0.893	0	0.179	0	0.179	0	0.179	0.179	0.357	0.714	0.179	0.179	0	0	0	0.179	0	0.179	0	0	0.179	0	0	0.179	0	0	0.179	0	0.179	0	0.536	0.714	0.536	0	0.357	0.179	0.536	1.429	0	0	0	0.179	0.357	0.714	0.357	0.357	0	0	0.179	0	0	0.179	0.179	0	0.179	50:60,55.86:200,50:80
Sox3-NM_009237	0.179	0	0	0	0	0	0	0	0	0	0	0	0	0	0	0	0	0	0	0	0	0	0	0	0	0	0	0.179	0	0	0	0	0	0	0	0	0	0	0	0.179	0	0	0	0	0	0	0	0	0.357	0	0	0	0	0	0	0	0.179	0	0.179	0.893	0.536	0.179	0.353	0.004	0.179	0.527	0.009	0	0.179	0	0	0	0	0	0	0	0	0	0	0.179	0	0	0	0	0	0	0	0	0	0	0	0	0	0	0	0	0	0	0	0	0	0	0	0	0	0	0	0	0	0	0	0	0	0	0	0	0	0	0	0	0	0	0	0	0	0	0	0	0	0	0	0.179	0	0	0	0	0	0.179	0	0	0	0	0	0	0	0	0	0	0	0	0	0	0	0	0	0	0	0	0	0	0	0	0	0	0	0	0	0.179	0	0	0	0	0	0	0	0	0	0	0	0	0	0	0	0	0	0	0	0.357	0	0.179	0	0	0	0	0	0.179	0.179	0.179	0.179	0	0	0	0	0.179	0	0	0	0	0	0	0	0	0	0	0.179	0	0	0	0.179	0	0	0	0.531	0.237	0.125	0	0	0	0	0	0.179	0	0	0	0	0	0	0.179	0.179	0	0.179	0	0	0	0	0.179	0	0	0	0	0	0	0	0	0	0	0	0	0.179	0	0.179	0	0	0	0	0.179	0.179	0.714	0.536	0	0	0.357	0	0	0	0	0	0	0.179	0	0.357	0	0	0.179	0.179	0	0	0	0	0	0	0	0	0	0	0	0	0	0.179	0.179	0	0	0	0	0	0	0	0	0	0	0	0	0	0	0	0.179	0.179	0	0	0	0	0	0	0	0	0	0	0	0	0	0	0	0	0	0	0	0	0	0	0	50:60,10.325:200,50:80
Sp140-NM_001013817	0	0	0	0	0	0	0	0	0	0	0	0	0	0	0	0	0	0	0	0	0	0	0	0	0	0	0	0	0	0	0	0	0	0	0	0	0	0	0	0	0	0	0	0	0	0	0	0	0	0	0	0	0	0	0	0	0	0	0	0	0	0	0	0.179	0	0	0	0	0	0	0	0	0	0	0	0	0	0	0	0	0	0	0	0	0	0	0	0	0	0	0	0	0	0	0	0	0	0	0	0	0	0	0	0	0	0	0	0	0	0	0	0	0	0	0	0	0	0	0	0	0	0	0	0.179	0	0	0	0	0	0	0	0	0	0	0	0	0	0	0	0	0	0	0	0	0	0	0	0	0	0	0	0	0	0	0	0	0	0	0	0	0	0	0	0	0	0	0	0	0	0	0	0	0	0	0	0	0	0	0	0	0	0	0	0	0	0	0	0	0	0	0	0	0	0	0	0	0	0	0	0	0	0	0	0	0	0.179	0	0	0	0	0	0	0	0	0	0	0	0	0	0	0	0	0	0	0	0	0	0	0	0	0	0	0	0	0	0	0	0	0	0	0	0	0	0	0	0	0	0	0	0	0	0	0	0	0	0	0	0	0	0	0	0	0	0	0	0	0	0	0	0	0	0	0	0	0	0	0	0	0	0	0	0	0	0	0	0	0	0	0	0	0	0	0	0	0	0	0	0	0	0	0	0	0	0	0	0	0	0	0	0	0	0	0	0	0	0	0	0	0	0	0	0	0	0	0	0	0	0	0	0	0	0	0	0	0	0	0	0	0	0	50:60,221.67:200,50:80
Spata48-NM_028669	0	0	0	0	0	0	0	0	0	0	0	0	0	0	0	0	0	0	0	0	0	0	0	0	0	0	0	0	0	0	0	0	0	0	0	0	0	0	0	0	0	0	0	0	0	0	0	0	0	0	0	0	0	0	0	0	0	0	0	0	0	0	0	0	0	0	0	0	0	0	0	0	0	0	0	0	0	0	0	0	0	0	0	0	0	0	0	0	0	0	0	0	0	0	0	0	0	0	0	0	0.179	0	0	0	0	0	0	0	0	0	0	0	0	0	0	0	0	0	0	0	0	0	0.536	0	0	0	0	0	0	0	0	0.357	0	0	0.179	0	0	0	0	0	0	0	0	0	0	0	0	0	0	0	0	0	0	0	0	0	0	0	0	0	0	0	0	0	0	0	0	0	0	0	0	0	0	0	0	0	0	0	0	0	0	0	0	0	0	0	0	0	0	0	0	0	0	0	0	0.179	0	0	0	0	0	0	0	0	0	0	0	0	0	0	0	0	0	0	0	0	0	0	0	0	0	0	0	0	0	0	0	0	0	0	0	0	0	0	0	0	0	0	0	0	0	0	0	0	0	0	0	0	0	0	0	0	0	0	0	0	0	0	0	0	0	0	0	0	0	0	0	0	0	0	0	0	0.179	0	0	0	0	0	0	0	0	0	0	0	0	0	0	0	0	0	0	0	0	0	0	0	0	0	0	0	0.357	0	0	0	0	0	0	0	0	0	0	0	0	0	0	0	0	0.179	0	0	0	0	0	0	0	0	0	0	0	0	0	0	0	0	0	0	0	0	0	0	50:60,129.625:200,50:80
Spink14-NM_001039218	0	0	0	0	0	0	0	0	0	0	0	0	0	0	0	0	0	0	0	0	0	0	0	0	0	0	0	0	0	0	0	0	0	0	0	0	0	0	0	0	0	0	0	0	0	0	0	0	0	0	0	0	0	0	0	0	0	0	0	0	0	0	0	0	0	0	0	0	0	0	0	0	0	0	0	0	0	0	0	0	0	0	0	0	0	0	0	0	0	0	0	0	0	0	0	0	0	0	0	0	0	0	0	0	0	0	0	0	0	0	0	0	0	0	0	0	0	0	0	0	0	0	0	0	0	0	0	0	0	0	0	0	0	0	0	0	0	0	0	0	0	0	0	0	0	0	0	0	0	0	0	0	0	0	0	0	0	0	0	0	0	0	0	0	0	0	0	0	0	0	0	0	0	0	0	0	0	0	0	0	0	0	0	0	0	0	0	0	0	0	0	0	0	0	0	0	0	0	0	0	0	0	0	0	0	0	0.179	0	0	0	0	0	0	0	0	0	0	0	0	0	0	0	0	0	0	0	0	0	0	0.179	0.179	0	0	0	0	0	0	0	0	0	0	0	0	0	0	0	0	0	0	0	0	0	0	0	0	0	0	0	0	0	0	0	0	0	0	0	0	0	0	0	0	0	0	0	0	0	0	0	0	0	0	0	0	0	0	0	0	0	0	0	0	0	0	0	0	0	0	0	0	0	0	0	0	0	0	0	0	0	0	0	0	0	0	0	0	0	0	0	0	0	0	0	0	0	0	0	0	0	0	0	0	0	0	0	0	0	0	0	0	0	50:60,21.7:200,50:80
Srrd-NR_153105	0	0	0	0	0	0	0	0	0	0	0	0	0	0	0	0	0	0	0	0	0	0	0	0	0	0	0	0	0	0	0	0.357	0.179	0.536	0	0	0	0	0	0	0	0	0	0	0	0.357	0	0.179	0	0	0	0.357	0	0	0.179	0	0	0	0	0	0.714	0.179	0	0	0.357	0	0	0.357	0	0	0	0	0	0.357	0	0	0	0	0	0	0	0	0	0	0	0	0	0	0	0	0	0	0	0	0	0	0	0	0	0	0.357	0.179	0.179	0.357	0	0.179	0.536	0.179	0	0	0	0	0	0	0	0	0	0	0.179	0.179	0	0	0	0	0	0	0.179	0.179	0.179	0.179	0	0	0	0	0	0	0	0	0	0	0	0	0	0	0	0	0	0	0.179	0	0	0	0	0	0	0	0	0.179	0	0	0	0	0	0	0	0	0	0	0	0	0	0	0	0	0	0	0	0	0	0	0	0.179	0	0	0	0	0	0	0	0	0	0	0	0	0	0	0	0	0	0	0	0	0	0	0	0	0	0	0	0	0	0	0	0	0	0.179	0	0	0	0	0	0	0	0	0	0	0	0	0	0	0	0	0	0	0	0	0	0	0	0.179	0	0	0	0	0	0	0	0	0	0	0.179	0	0.179	0	0	0	0	0	0	0	0	0.179	0	0	0	0.179	0.536	0.357	0.714	0.179	0	0	0	0	0.179	0	0.179	0.179	0.357	0	0.179	0	0	0.179	0.714	0	0.357	0.179	0	0	0	0	0.357	0	0	0	0	0	0	0	0	0	0	0	0	0	0.714	0.357	0.179	0	0	0	0	0	0	0.179	0	0	0	0	0	0	0	0	0	0	0	0.179	0	0	0	0	0	0	0	0	0	0	0	0	50:60,28.25:200,50:80
Taar2-NM_001007266	0	0	0	0	0	0	0	0	0	0	0	0	0	0	0	0	0	0	0	0	0	0	0	0	0	0	0	0	0	0	0	0	0	0	0	0	0	0	0	0	0	0	0	0	0	0	0	0	0	0	0	0	0	0	0	0	0	0	0	0	0	0	0	0	0	0	0	0	0	0	0	0	0	0	0	0	0	0	0	0	0	0	0	0	0	0	0	0	0	0	0	0	0	0	0	0	0	0	0	0	0	0	0	0	0	0	0	0	0	0	0	0	0	0	0	0	0	0	0	0	0	0	0	0	0	0	0	0	0	0	0	0	0	0	0	0	0	0	0	0	0	0	0	0	0	0	0	0	0	0	0	0	0	0	0	0	0	0	0	0	0	0	0	0	0	0	0	0	0	0	0	0	0	0	0	0	0	0	0	0	0	0	0	0	0	0	0	0	0	0	0	0	0	0	0	0	0	0	0	0	0	0	0	0	0	0	0	0	0	0	0	0	0	0	0	0	0	0	0	0	0	0	0	0	0	0	0	0	0	0	0	0	0	0	0	0	0	0	0	0	0	0	0	0	0	0	0	0	0	0	0	0	0	0	0	0	0	0	0	0	0	0	0	0	0	0	0	0	0	0	0	0	0	0	0	0	0	0	0	0	0	0	0	0	0	0	0	0	0	0	0	0	0	0	0	0	0	0	0	0	0	0	0	0	0	0	0	0	0	0	0	0	0	0	0	0	0	0	0	0	0	0	0	0	0	0	0	0	0	0	0	0	0	0	0	0	0	0	0	0	50:60,15.06:200,50:80
Taf1b-NM_020614	0	0	0	0	0	0	0	0	0	0	0	0	0	0	0	0	0	0	0	0	0	0	0	0	0	0	0	0	0	0	0	0	0	0	0	0	0	0	0	0	0	0	0	0	0	0	0	0	0	0	0	0	0	0	0	0.357	0	0	0	1.25	26.789	19.11	0	0	0	0	0	0	0	0	0	0	0	0	0	0	0	0	0	0	0	0	0	0	0	0	0	0	0	0	0	0	0	0	0	0	0.179	0	0.357	0.536	0	0	0	0.357	1.072	0.714	0.179	0.714	0.179	1.25	1.072	0.714	0.536	0	0	0.536	0.893	0.357	0.893	0.893	1.607	2.143	0.179	0	0.714	0.536	0.893	2.143	0.536	0.536	0.536	0.714	1.25	0.714	0.536	0.997	1.147	0	0	0.714	0.357	1.25	1.072	0.357	0.179	1.429	0.714	0.714	0.893	0	1.965	0.714	0.536	0.714	1.25	0.357	0.179	0.179	3.036	0.179	0.536	1.786	0.536	0.179	1.072	1.25	0.536	0	1.429	0.536	0.893	0.893	0.893	0.714	0.357	0.179	0	0.536	0.714	0.179	0.179	0.179	0.357	0.357	0.357	0.714	0.179	0.536	2.143	1.25	1.25	0.714	0.893	1.965	1.072	2.5	0.357	1.429	2.5	1.607	0.536	1.072	3.036	2.858	1.25	1.607	1.072	2.143	4.108	0.357	1.25	1.25	0.714	1.786	2.858	1.607	2.322	2.322	0.893	1.072	1.072	2.5	0.179	3.215	0.357	1.25	0.536	1.607	1.607	1.072	2.143	0.714	0	5.179	0.179	0.714	3.215	0.893	0.536	0.714	1.607	1.25	0.357	0.357	1.072	0.536	1.25	4.465	1.072	1.965	1.25	1.965	4.465	2.679	0.179	1.429	3.751	1.429	0.722	2.849	0	0.357	0.179	0.357	0	0	0.536	0.536	0	1.429	3.572	0	0.357	1.965	0.714	0.893	1.25	0.357	0.893	0	1.786	2.143	0.357	0.714	0	0.536	0	0.179	0.179	0.357	0.536	0.179	0.536	0.536	0.714	0.357	1.607	1.072	0.893	0	0.179	0.893	0.536	0.893	0.357	0.536	1.429	1.429	0.179	0.357	1.072	0.179	0	0	0	0.536	0.893	0.179	0.357	0	0.536	1.25	0.536	0	0.179	0	1.965	0	0	0	0	0	0	0	0.357	0	0	0.179	0.536	0.536	50:60,299.955:200,50:80
Tarbp2-NM_001253795	0	0.179	0.179	0	0	0	0.179	0	0	0	0	0	0	0	0	0	1.072	0.536	1.072	0.179	0.179	0.357	0.357	0.536	0.536	3.215	0	0.179	0.536	0	0	0	0	0.179	3.393	0	0.179	0.536	6.072	8.394	0.536	0.714	0.179	1.786	0.357	0	0	0.179	0	0	0	0	0	0	0	0	0	1.607	0.893	22.682	4.286	0.357	1.656	1.558	0.714	0.179	1.429	0.179	0.714	18.128	4.496	23.633	2.322	0.536	0.357	0.357	0	0.179	0	3.572	13.149	15.069	1.389	39.331	2.143	0	0.179	0	0.179	0.893	0.179	0.536	0.714	0	0	0	0	0	0	0	0	0.179	0.714	0	0.179	0.536	0	0	0.179	0	0	0.357	0	0	0	0	0	0	0	0	0.179	0	0	0.179	0	0	0	0.179	0	0	0	0	0	0	0	0	0	0	0	0	0	0	0	0	0	0	0	0	0	0.179	0	0	0	0	0	0	0	0	0	0	0	0	0	0	0	0	0	0	0	0	0.179	0	0	0	0	0	0.129	0.228	0	0	0.179	0	0	0	0	0.179	0	0	0	0	0	0	0	0	0	0	0	0	0	0	0	0	0	0	0	0	0	0	0	0	0	0	0	0	0	0	0	0	0	0.179	0	0	0	0	0	0	0	0	0	0.179	0	0	0	0	0	0	0	0	0.179	0	0	0	0	0	0	0	0	0	0	0	0	0	0	0	0	0	0	0	0	0	0	0.536	0.179	0.357	0	0.536	0.179	0	0	0	0.536	0.536	0	0	0	0.536	0	0	0	0	0	0	0.357	0	0.179	0.179	0.357	0.179	0	0.357	0.536	0.893	0.179	1.072	0.357	0.357	0.179	0	0.179	0	0.357	0.179	0	0	0	0	0.179	0	0	0	0	0	0	0.536	0	0.357	0	0	0	0	0	0	0	0	0	0	0	0.357	0	0	0	0	0	0	0.536	0	0	0	0.357	0	50:60,27.425:200,50:80
Tardbp-NM_145556	0	0	0	0	0	0	0	0	0	0	0	0	0	0	0	0	0	0	0	0	0	0	0	0.179	0	0	0	0	0	0	0	0	1.25	0.536	0	0	0	0	0	0	0	0.179	0	0	0	0.179	0	0	0	0	0	0	0	0	0	0	0	0	0.536	1.965	3.215	0	1.607	701.525	7.858	1.25	6.787	16.252	2.264	15.953	15.716	2.322	5.536	4.643	5.179	6.429	1.072	0	0	0.179	1.965	3.215	6.787	0.714	1.072	1.607	5.188	5.706	2.679	2.724	4.42	3.036	0	0.357	1.786	1.429	4.108	0.536	2.143	6.429	13.243	35.916	27.102	3.447	6.979	7.613	0.808	8.479	1.607	0	0.536	1.072	0.536	3.929	0.179	0.357	2.192	1.022	1.072	0.536	1.072	0.536	1.607	7.858	1.406	1.451	1.072	1.107	1.214	1.072	1.965	0.357	0.893	0	0.536	0	1.25	2.831	5.206	0	2.5	2.322	0.536	5.536	1.496	1.898	0.357	0.893	0	0.357	0.536	4.465	1.607	0.714	2.143	3.572	0.357	1.607	1.429	2.768	3.585	0.433	0.357	0.536	1.25	1.072	2.679	4.822	0.536	3.081	4.063	2.858	0	3.751	2.255	1.496	3.929	2.956	0.973	0	0	0	0.714	0	0	0	0	0	0	38.845	0.446	3.751	0	0	0	0	0.179	0	0.714	0	0.179	0.357	2.63	4.335	15.471	26.678	9.823	5.536	14.823	1.072	4.643	8.037	2.679	1.429	0.893	4.643	1.786	1.965	2.143	0.357	1.429	2.679	5.358	4.697	13.52	0.714	0.451	4.193	12.328	9.059	14.332	5.179	6.787	3.233	1.232	7.144	11.073	16.261	20.606	7.604	1.072	1.072	11.819	17.293	9.466	3.393	5.286	7.93	2.174	1.219	0.357	0.536	0.179	1.786	4.108	1.072	10.894	2.858	0.893	1.965	0	0	0.357	1.072	2.322	0.536	4.286	8.037	13.395	5.715	4.822	2.322	1.072	0	0.536	7.858	8.215	16.967	6.251	5.536	6.429	4.286	8.215	3.751	3.393	3.215	7.144	3.036	1.786	12.145	15.181	6.429	0.893	1.25	4.643	16.609	10.359	16.431	2.322	0.714	3.929	3.215	1.965	5.894	2.143	1.786	2.5	10.537	12.68	4.643	8.751	4.643	9.287	1.072	0	0	2.858	37.684	21.61	0.357	1.429	0	3.751	0.893	2.322	4.108	0.714	1.786	1.25	3.929	3.036	4.465	14.466	11.966	3.572	0.536	1.607	1.25	2.5	1.786	50:60,73.075:200,50:80
Tdrp-NM_001361630	0	0	0	0	0	0	0	0	0	0	0	0	0	0	0	0	0	0	0	0	0	0	0	0	0	0	0	0	0	0	0	0	0	0	0	0	0	0	0	0	0	0	0	0	0	0	0	0	0	0	0	0	0	0	0	0	0	0	0	0	5.239	2.619	0.536	72.749	0.475	0	0.179	0	0	0	0	0	0	0	0	0	0	0	0	0	0.179	0	0	0	0	0.179	0	0	0	0	0	0	0	0	0	0	0.179	0	0	0	0	0.179	0	0	0	0	0.179	0	0	0	0.179	0	0	0.357	0.179	0	0	0	0	0.179	0	0	0	0	0	0	0	0	0	0	0	0	0	0	0	0.179	0.357	0	0.179	0	0.357	0	0.179	0.179	0	0	0	0	0	0	0.179	0	0	0	0.179	0	0	0.179	0	0	0.179	0	0	0	0	0	0.179	0	0	0	0	0	0	0	0	0	0	0.179	0	0.357	0.536	0.179	0.357	1.25	1.786	0.179	0	0	0	0	0.179	0	0.179	0	0	0.179	0.357	0.357	0.357	0.357	0.357	0.536	0.714	0.357	0.714	0.179	0.357	0.179	0	0	0.64	0.253	0.179	0	0	0	0.357	0.179	0.536	0	0	0.179	0.893	0.179	0.179	0	0	0	0	0.536	0	0	0	0.357	0	0.357	0	0	0.179	0.714	0	0.357	0.357	0	0	0.536	0.714	1.072	3.036	0.536	0.179	0.179	0.714	0.714	0	0.536	1.786	1.607	1.072	0.357	0.179	2.143	0.357	0	0	0	0	0	0.357	1.429	1.429	0.714	0	0.536	0.179	0	0.714	0.536	0.536	0.357	0	0.714	0	0.357	0.536	0.357	0	0.179	0.179	0.714	0	0.179	1.072	0	0.179	0	0	0.179	0.357	0.179	0	0.179	0	0	0.179	0	0.357	0	0	0	0	0	0	0.179	0	0	0	0	0.179	0	0	0	0	0	0.179	0	0.357	0.357	0	0	0.357	1.25	0	0	0	0	0	0	0	0.179	50:60,115.335:200,50:80
Tex33-NM_001163612	0.357	0	0	0	0	0	0	0	0	0.357	0	0	0	0	0	0	0	0	0	0	0	0	0	0	0.179	0	0.179	0	0	0	0	0	0	0	0	0	0	0	0	0	0	0	0	0	0	0	0	0	0	0	0	0	0	0	0	0	0	0	0	0	0	0	0	0	0	0	0	0	0	0	0	0	0	0	0	0	0	0	0	0	0	0	0	0	0	0	0	0	0	0	0	0	0.179	0	0	0	0	0	0	0	0	0	0	0	0	0	0	0	0	0	0	0	0	0	0	0	0	0	0	0	0	0	0	0	0	0	0	0	0	0	0	0	0	0	0	0	0	0	0	0	0	0	0	0	0	0	0	0	0	0	0	0	0	0	0	0	0	0	0	0	0	0	0	0	0	0	0	0	0	0	0	0	0	0	0	0	0	0	0	0	0	0	0	0	0	0	0	0	0	0	0	0	0	0	0	0	0	0	0.179	0.357	0	0	0	0	0	0	0	0	0	0	0	0	0	0	0	0	0	0	0	0	0	0	0	0	0	0	0	0	0	0	0	0	0	0	0	0	0	0	0	0	0	0	0	0	0	0	0	0	0	0	0	0	0	0	0	0	0	0	0	0	0	0	0	0	0	0	0	0.179	0	0	0	0	0	0	0	0	0	0	0	0	0	0	0	0	0	0	0	0	0	0	0	0	0	0	0	0	0	0	0	0	0	0	0	0	0	0	0	0	0	0	0	0	0	0	0	0	0	0	0	0	0	0	0	0	0	0	0	0	0	0	0	0	0	0	0	0	0	0	0	0	50:60,87.565:200,50:80
Tfcp2l1-NM_023755	0	0	0	0	0	0	0	0	0	0.179	0	0	0	0.179	0	1.607	0.714	0.357	0.357	0.357	0.714	0.357	0.179	0	0	0.179	0	0	0.357	0	0	0	0	0	0	3.036	1.429	0.536	0.357	0	0	0.179	0.179	0	0	0.357	0	0.179	0	0	0	0	0	0.357	0	0	0	0	0	0	48.757	1.429	4.286	1.965	2.679	0.714	4.108	0.893	1.25	2.143	0.536	0.357	1.429	0.714	0.893	0.714	0	1.25	0	1.429	1.429	0.179	0.357	0.714	0.714	0	0.714	0	0	0.714	0	0	0	0	0.536	0.714	0.714	0.357	0.536	0.714	0.357	0.536	0.536	0.357	0.179	0.714	0.179	0.179	1.429	1.25	0.914	0.872	1.786	1.965	1.965	1.965	1.072	0.714	0.714	0.536	1.607	0.179	3.036	9.108	0.714	0.893	1.072	0.536	1.25	2.322	5.536	13.395	8.573	1.25	2.5	2.143	1.607	5.536	5.715	5.822	2.215	2.143	1.072	3.929	0.536	2.858	0.893	1.607	0.536	0	2.322	0.893	0.179	0	1.429	0.893	0.179	1.072	4.643	0.893	0.714	0.893	2.143	0.179	1.25	1.429	2.322	2.858	1.607	1.429	2.322	1.072	4.465	0.714	1.965	3.215	0.714	1.965	2.679	1.786	2.143	0.893	6.165	2.407	1.072	0.714	2.679	0.714	3.572	4.108	3.036	2.679	3.929	3.929	2.858	2.322	0	1.429	2.5	5.536	3.929	1.607	2.143	1.607	3.215	1.25	1.965	6.072	1.786	3.215	0.179	4.643	3.279	5.651	1.429	3.215	0	1.429	0.536	1.607	2.143	0.893	2.322	3.693	2.379	0.536	1.607	3.036	3.572	3.036	0.893	3.393	4.108	5.001	3.393	7.858	5.358	3.929	1.607	6.608	6.915	5.229	4.108	3.393	8.751	5.536	1.965	0.636	4.901	20.003	10.537	3.036	10.001	7.858	5.894	14.645	10.894	4.108	8.908	7.701	1.429	0.179	2.322	0.536	0.536	0.893	2.322	2.679	0.536	0.357	0.536	1.072	1.607	4.465	2.5	1.429	0.536	2.858	3.751	2.5	2.679	0.714	1.965	0.179	0	0	1.25	1.25	1.25	1.072	2.143	0.357	0.536	1.965	1.072	0.179	0	0.893	0.357	0.357	0.179	0	0.179	0	0.179	1.25	0.714	1.072	0.893	0	0	0.357	0	0.179	0.179	0	0	0.357	0	0.357	0.179	0.536	0	0	0	0	0	0	0.179	0	0	0	0	0	0	0	0	0	0	0.893	50:60,286.12:200,50:80
Tfeb-NM_001161722	0.179	0	0.179	0	0	0	0	0	0	0	0	0	0	0	0	0	0	0	0	0	0.357	0	0.179	0	0	0	0	0	0.536	0	0	0	0	0	0	0	0	0.357	0	0	0.357	0	0.179	0.179	0.714	0.357	0	0.179	0	0	0	0	0	0	0	0	0	0	0	0	3.572	0.536	0.714	11.609	4.465	2.858	1.072	0.357	0.714	0.357	2.5	0.714	0.357	0.179	0.357	0.893	0.357	0.179	0.179	0	0	0	0.179	0	0.357	0.357	0.179	0.714	0.357	0	0.357	0.536	0.357	0.179	0.179	0.536	0.893	0	0.714	1.786	1.25	1.072	0	1.429	0.179	0.179	1.25	0.536	1.072	1.25	0.536	1.072	0.179	0.536	0.357	0.536	0.536	1.25	1.429	0.536	0.714	1.965	1.072	1.429	0.536	2.5	1.607	0.357	0.536	0.536	1.607	1.25	0.357	0.893	2.143	1.25	0.179	1.072	0.714	1.607	0.714	1.429	1.072	1.072	1.607	0	1.072	0.357	0	0	0.893	0.536	1.429	1.429	2.322	0.714	1.786	1.607	0.714	1.072	0.357	0.893	1.25	1.786	1.25	2.5	4.286	0.536	1.25	2.143	0.179	3.751	4.108	0.357	1.072	2.679	3.215	3.393	3.411	1.054	3.572	2.858	1.607	0.893	2.59	0.804	1.607	1.072	1.429	2.679	1.786	0.357	1.072	1.25	0	0.536	0.893	0.893	1.25	0.893	1.25	0.179	2.858	0.536	1.25	1.25	1.607	0.357	0.536	0.179	1.965	0	0	0.357	1.429	3.215	1.786	0.893	0.893	0.536	0.893	0.714	0	0.536	1.25	0.893	1.607	0.714	1.965	1.429	1.25	1.965	1.25	1.179	3.286	3.393	0.536	0.179	1.072	1.25	1.947	1.089	2.679	1.072	0.536	2.858	4.286	1.25	0.911	5.697	2.5	2.286	0.75	2.5	3.572	1.429	1.072	2.858	6.072	5.001	1.429	1.786	1.429	1.607	1.072	1.429	0.179	1.965	0.179	0	0.179	0.536	0.536	0.536	0.893	5.715	0.536	0	5.536	2.858	0.179	0.536	1.072	0	0.893	0.536	1.429	1.429	0.179	1.072	0.536	1.25	2.143	3.572	1.25	0.357	0.357	0.179	0	1.965	0.179	0.893	0.714	0.893	1.25	0.357	0.893	0.536	0.536	0.179	0.536	0.536	0.179	0	0	0.179	0.357	0.357	0.179	0	0.714	0.714	0.714	0.536	0.714	0	0.357	0	0	0.179	1.25	0	0	0.357	0	0	0.179	0.536	0.536	0	50:60,276.9:200,50:80
Tff3-NM_011575	0	0	0	0	0	0	0	0	0	0	0	0	0	0	0	0	0	0	0	0	0	0	0	0	0	0	0	0	0	0.179	0	0.179	0	0.536	0	0	0	0	0	0	0	0	0	0	0	0	0	0	0	0	0	0	0	0	0	0	0	0	0	0	0	0	0	0	0.179	0	0	0	0	0	0	0	0	0	0	0	0	0	0	0	0	0	0	0	0	0	0	0	0	0	0	0	0	0	0	0	0	0	0	0	0	0	0	0	0	0	0	0	0	0	0	0	0	0	0	0	0	0	0	0	0	0	0	0	0	0	0	0	0	0	0	0	0	0	0	0	0	0	0	0	0	0	0	0	0	0	0	0	0	0	0	0	0	0	0	0	0	0	0	0	0	0	0	0	0	0	0	0	0	0	0	0	0	0	0	0	0	0	0	0	0	0	0	0	0	0	0	0	0	0	0	0	0	0	0	0	0	0	0	0	0	0	0	0	0	0	0	0	0	0	0	0	0	0	0	0	0	0	0	0	0	0	0	0	0	0	0	0	0	0	0	0	0	0	0	0.179	0	0	0	0	0	0	0	0	0	0	0	0	0	0	0	0	0	0	0	0	0	0	0	0	0	0	0	0	0	0.179	0	0	0	0	0	0	0	0	0	0	0	0	0	0	0	0	0	0	0	0	0	0	0	0	0	0	0	0	0	0	0	0	0	0	0	0	0	0	0	0	0	0	0	0	0	0	0	0	0	0	0	0	0	0	0	0	0	0	0	0	0	0	0	0	0	0	0	0	0	0	0	0	0	0	50:60,21.53:200,50:80
Tfpi2-NR_138566	0	0	0	0	0	0	0	0	0	0	0	0	0	0	0	0	0	0	0	0	0	0	0	0	0	0	0	0	0	0	0	0	0	0	0	0	0	0	0	0	0	0	0	0	0	0	0	0	0	0	0	0	0	0	0	0	0	0	0	0	0	0	0	0	0	0	0	0	0	0	0	0	0	0	0	0	0	0	0	0	0	0	0	0	0	0	0	0	0	0	0	0	0	0	0	0	0	0	0	0	0	0	0	0	0	0	0	0	0	0	0	0	0	0	0	0	0	0	0	0	0	0	0	0	0	0	0	0	0	0	0	0	0	0	0	0	0	0	0	0	0	0	0	0	0	0	0	0	0	0	0	0	0	0	0	0	0	0	0	0	0	0	0	0	0	0	0	0	0	0	0	0	0	0	0	0	0	0	0	0	0	0	0	0	0	0	0	0	0	0	0	0	0	0	0	0	0	0	0	0	0	0	0	0	0	0	0	0	0	0	0	0	0	0	0	0	0	0	0	0	0	0	0	0	0	0	0	0	0	0	0	0	0	0	0	0	0	0	0	0	0	0	0	0	0	0	0	0	0	0	0	0	0	0	0	0	0	0	0	0	0	0	0	0	0	0	0	0	0	0	0	0	0	0	0	0	0	0	0	0	0	0	0	0	0	0	0	0	0	0	0	0	0	0	0.179	0	0	0	0	0	0	0	0	0	0	0	0	0	0	0	0	0	0	0	0	0	0	0	0	0	0	0	0	0	0	0	0	0	0	0	0	0	0	0	0	0	0	0	0	0	50:60,131.35:200,50:80
Tgm3-NM_009374	0	0	0	0	0	0	0	0	0	0	0	0	0	0	0	0	0	0	0	0	0	0	0	0	0	0	0	0	0	0	0	0	0	0	0	0	0	0	0	0	0	0	0	0	0	0	0	0	0	0	0	0	0	0	0	0	0	0	0	0	0.714	0.357	0	0.179	0	0	0	0	0.179	0	0	0	0.179	0.179	0	0	0	0	0	0	0	0	0	0	0	0	0	0	0	0	0	0	0	0	0	0.179	0.179	0	0	0	0	0	0	0	0	0	0	0	0	0	0	0	0	0	0	0.179	0	0	0	0	0	0	0	0	0	0	0	0.179	0	0.179	0	0	0	0	0	0	0.357	0	0	0	0	0	0	0	0	0	0	0	0	0	0	0	0	0	0	0	0	0	0	0	0	0	0	0	0	0	0	0	0.179	0	0	0	0.536	0.179	0	0	0	0	0	0	0	0	0.179	0	0.179	0	0	0	0	0.179	0	0	0	0	0	0	0.179	0.179	0	0	0	0.179	0.161	0.018	0	0.179	0	0	0	0	0	0	0	0	0	0	0	0	0	0.179	0.179	0	0	0.179	0	0.179	0	0	0	0	0	0	0	0	0	0	0.179	0	0	0	0	0	0	0	0	0	0	0	0.536	0	0	0	0	0.179	0.536	0.357	0.357	0.357	0.179	0	0	0	0	0	0	0	0	0	0	0	0	0	0	0	0	0	0	0	0	0	0	0	0	0	0	0.179	0	0	0	0	0	0	0	0	0	0	0	0	0	0	0	0	0	0	0	0	0	0	0	0	0	0	0	0	0	0	0	0	0	0.179	0	0	0	0	0	0	0	0	0	0	0	0	0	0	0	0	0	0	0	0	50:60,190.3:200,50:80
Timd2-NM_134249	0	0	0	0	0	0	0	0	0	0	0	0	0	0	0	0	0	0	0	0	0	0	0	0	0	0	0	0	0	0	0	0	0	0	0	0.179	0	0	0	0	0	0	0	0	0	0	0	0	0	0	0	0	0	0	0	0	0	0	0	0	0	0	0	0	0	0	0	0	0	0	0	0	0	0	0	0	0	0	0	0	0	0	0	0	0	0	0	0	0	0	0	0	0	0	0	0	0	0	0	0	0	0	0.179	0	0	0	0	0	0	0	0	0	0	0	0	0.179	0	0	0	0	0.179	0	0.179	0	0	0	0	0.179	0	0	0	0	0	0	0	0	0	0	0	0	0	0	0	0	0	0	0	0	0	0	0	0	0	0	0	0	0	0	0	0	0	0	0	0	0	0	0	0	0	0	0	0	0.179	0	0	0	0	0	0	0.179	0.179	0	0	0	0	0	0	0	0	0	0	0.179	0	0	0	0	0	0	0	0	0	0	0	0	0	0	0	0	0	0	0	0	0	0	0.179	0	0	0	0	0	0	0	0	2.5	0	0	0	0	0	0	0	0	0	0	0	0	0	0	0	0	0	0	0	0	0	0	0	0	0	0	0	0	0.179	0	0	0.357	0	0	0	0	0	0	0	0	0	0	0	0	0	0	0	0	0	0	0	0	0	0	0	0	0	0	0	0	0	0	0	0	0	0	0	0	0	0	0	0	0	0	0	0	0	0	0	0	0	0	0	0	0	0	0	0	0	0	0.357	0.179	0	0	0	0	0	0	0	0	0	0	0	0	0	0	0	0	0	0	0	0.357	0	0	0	0	50:60,190.725:200,50:80
Timm10b-NM_001360052	0	0	0	0	0	0	0	0	0	0	0	0	0	0	0	0	0	0	0	0	0	0	0.357	0	0	0	0	0	0	0	0	0	0	0	0	0	0	0	0	0	0	0	0	0	0	0.179	0	0	0	0	0	0	0	0	0	0.179	0	0	0	2.143	5.001	21.61	5.715	1.786	0.179	0.714	0.536	0	0	0.179	0	0	0.179	0	0	0	0	0	0	0	0.179	0	0	0.179	0	0	0	0	0	0	0	0	0	0.179	0	0	0	0	0	0.357	0	0	0.179	0	0	0.179	0	0	0	0	0	0	0.536	0.357	0	0	0	0.357	0	0.179	0.357	0.179	0	0	0.357	0.179	0	0.179	0.357	0.179	0.357	0.179	0.179	0.536	0	0	0	0.179	0	0.536	0.357	0	0.179	0	0.572	0.143	0.179	0.179	0	0.179	0	0	0	0	0	0.179	0.357	0	0	0	0	0	0	0.714	0.893	0	0	0.179	0.536	0	0	0	0.179	0	0	0	0	0.536	1.072	0	0	0.179	0	0.357	0.357	0.357	0.714	0.179	0.357	0	0.357	0.357	0	0.357	0.536	0.893	0.179	2.143	1.607	0.357	0	0	0.357	0.179	0	0.179	0	0	0	0	0	0.357	0.179	0	0.179	0.179	0	0	0.179	0.179	0	0	0	0	0.179	0.179	0	0	0	0	0	0.714	0.714	0	0	0	0	0.179	0	0.357	0.357	0	0	0	0	0	0	0	0.179	0.179	0.179	0.179	0	0	0.357	0	0	0.179	0.179	0.357	0	0	0	0	0	0	0	0	0	0	0	0	0.179	0	0	0	0	0	0	0	0	0	0.179	0.179	0	0	0	0	0.179	0.357	0	0.179	0	0	0	0	0	0	0	0	0	0	0	0	0	0	0	0.179	0.536	0	0	0	0.179	0	0	0	0	0	0	0	0	0	0	0	0	0	0	0	0	0.179	0	0	0	0	0	0	0	0	0	0	50:60,76.52:200,50:80
Tll1-NM_009390	0	0	0	0	0	0	0	0	0	0	0	0	0	0	0	0	0	0	0	0	0	0	0	0	0	0	0	0	0	0	0	0	0	0.179	0	0	0	0	0	0	0	0.179	0.179	0	0	0	0.893	0	0	0.179	0	0	0	0.714	0.179	0	0.357	0.714	0	0.179	3.215	1.25	0	0	0	0	0	0	0	0	0.179	0	0	0	0	0	0.179	0	0	0.179	0	0	0	0.179	0.357	0.179	0.357	0	0.179	0	0	0.357	0.179	0.179	0.179	0	0.357	0.179	0.536	0.357	0	0	0	0	0.179	0	0.179	0	0	0.179	0.179	0	0	0.357	0.357	0.357	1.072	0.536	0	0.714	0.179	0.357	0	0.179	0.179	0	0	0.179	0.179	0.179	0.357	0	0.714	0	0	0	0	0.536	0.893	0	0.179	0.179	0	0.357	0.357	0	0	0.179	0	0	0.179	0	0.179	0	0.357	0	0	0	0	0.179	0.179	0	0.179	0	0	0.179	0	0	0.357	0	0.357	0	0	0	0	0.536	0.179	0.179	0.179	0	0	0	0.179	0	0	0	0.357	0	0	0	0	0	0.357	0.179	0.179	0	0	0.179	0	0.536	0	0	0	0.179	0.357	0.357	0	0	0.714	0.179	0	0	0.536	0.357	0.357	0.179	0.357	0.536	0.179	0.357	0	0.179	0	0.179	0.179	0	0.714	0	0.357	0	0	0.179	0	0	0	0	0.357	0.179	0	0	0	0	0.357	0.179	0	0.357	0	0	0	0.179	0.357	0.357	0.179	0.179	0.179	0	0	0.357	0.179	0	0	0	0	0	0	0	0	0	0	0	0	0	0	0	0	0	0	0	0	0	0	0	0	0	0	0	0	0	0	0	0	0	0	0	0	0	0	0	0	0.357	0	0	0	0	0	0	0	0	0	0	0	0	0	0	0	0	0	0	0	0	0	0	0	0	0	0	0	0	0	0	0	0	0	0	0	0	0	0	0	0	50:60,956.195:200,50:80
Tll2-NM_011904	1.607	6.251	2.322	2.679	4.465	2.679	1.429	5.536	1.786	2.143	5.358	8.93	1.429	1.607	0.714	0.536	0.714	0.179	2.322	2.679	3.393	0.536	5.179	3.929	1.072	1.25	1.25	1.786	2.143	0.179	0.536	0.714	0.714	0.357	3.215	5.001	0.536	1.072	1.429	1.072	0.893	0.714	0.714	0.893	1.965	0.536	1.965	4.465	0	0.714	0.714	1.429	0.357	0.179	0.357	0.714	0.714	0.357	4.822	1.429	3.929	1.072	1.607	1.25	0.536	0.893	1.072	1.25	0.714	0.893	0.357	1.072	0.714	1.072	0.536	0.357	1.607	1.072	0.536	1.072	0.179	0.179	0.536	0.357	0.179	0.179	0.893	0.893	0.357	0.179	0.357	0.357	0.179	0	0	0.179	0	0	0.536	0	0.179	0	0	0	0.179	0.179	0	0	0	0	0	0	0	0	0	0	0.179	0	0	0	0	0.179	0	0	0	0	0	0	0	0	0	0	0	0	0	0.357	0.179	0	0	0	0.179	0	0	0.179	0.179	0	0.179	0	0	0.179	0	0	0	0	0	0	0	0	0	0	0	0	0	0	0	0	0	0.179	0	0	0	0	0	0	0	0	0	0.179	0	0.179	0	0	0	0	0	0	0	0	0	0	0	0	0	0	0	0.179	0	0	0	0	0	0	0	0	0.357	0	0	0.179	0	0	0	0	0	0	0	0	0	0	0	0.179	0	0	0	0	0	0	0	0	0	0	0	0	0	0	0	0	0	0	0	0	0	0.179	0	0	0	0	0	0.536	0.179	0	0.179	0	0	0	0	0	0	0.179	0	0	0	0	0	0	0	0	0	0	0	0	0	0	0	0	0	0	0	0	0	0	0	0	0	0	0	0	0	0	0	0	0	0	0	0	0	0	0	0	0	0	0	0	0	0	0	0	0	0	0	0	0	0	0	0	0	0	0	0	0	0	0	0	0	0	0	0	0	0	0	0	0	0	0	0	0	0	0	0	0	0	50:60,629.125:200,50:80
Tmem191c-NM_177473	0	0	0	0	0	0	0	0	0	0.357	0.179	0.357	0	0	0.357	0.179	0	0	0	0	0	0.893	0	0	0	0	0	0	0	0	0	0	0	0	0	0	0	0	0	0	0	0	0	0	0	0	0	0.179	0	0	0	0.179	0.536	0.179	0.357	0.179	0	0.357	0.179	0.536	0	0.179	1.072	0.936	1.038	0.527	0	0	0.536	0	0	0	0	0	0	0	0	0.179	0	0.536	0.357	0	0	0	0	0	0	0	0	0.054	0.125	0	0	0.536	0.063	0.116	0	0	0	0	0	0	0	0	0	0.357	0	0.179	0	0	0.179	0	0	0	0.179	0	0	0	0.179	0	0.179	0.179	0.357	0.536	0.83	0.063	0	0	0	0.179	0	0.179	0.357	0	0.179	0.179	0	0	0	0	0	0	0	0	0	0	0	0	0	0	0	0	0	0	0.357	0	0	0.357	0.57	0.323	0	0	0	0	0	0	0.179	0	0	0.357	0	0	0	0.061	0.118	0	0	0	0.179	0	0	0.179	0	0	0	0	0.179	0	0	0	0	0	0.179	0	0.357	0.536	0	0	0	0.179	0.179	0.357	0	0.114	0.064	0	0	0	0	0	0	0	0.357	0	0.179	0.179	0.179	0	0	0	0	0	0	0	0	0	0	0	0	0	0	0	0	0	0	0	0.179	0	0	0	0	0.179	0	0	0	0	0	0	0	0	0.536	0	0	0	0	0	0	0	0	0.179	0	0	0.179	0.179	0.357	0.179	0.357	0.714	0.179	0.179	0	0.179	0	0	0	0	0	0	0	0.179	0	0	0	0	0.179	0	0.179	0.179	0	0	0	0	0	0	0.536	0.536	0	0	0.357	0	0.179	0.357	0.179	0	0.179	0	0	0	0	0	0	0	0	0	0.536	0.536	0	0	0	0	0.179	0.357	0	0.179	0	0	0	0.357	0	0	0.357	0.179	0	0.179	0.357	0.357	0.357	0.179	0	0	50:60,11.81:200,50:80
Tmem204-NM_001001183	0	0	0	0	0	0	0	0	0	0	0	0	0	0	0	0	0	0	0	0	0	0	0	0	0	0	0	0	0	0	0.179	0	0	0	0	0	0	0	0	0	0	0	0.179	0	0	0	0	0	0	0	0	0	0	0	0	0	0	0	0	0	0	0	0	0	0	0	0	0	0	0	0	0.179	0	0	0	0	0	0	0	0	0	0	0	0	0	0	0	0	0	0	0	0	0	0	0	0	0	0	0	0	0	0	0	0	0	0	0	0	0	0	0	0	0	0	0	0	0	0	0	0	0	0	0	0	0	0	0	0	0	0	0	0	0	0	0	0	0	0	0	0	0	0	0	0	0	0	0	0	0	0	0	0	0	0	0	0	0	0	0	0	0	0	0	0	0	0	0	0	0	0	0	0	0	0	0	0	0	0	0	0	0	0	0	0	0	0	0	0	0	0	0	0	0	0	0	0	0	0	0	0	0	0	0	0	0	0	0	0	0	0	0	0.179	0	0	0	0	0	0	0	0	0	0	0	0	0	0	0	0	0	0	0	0	0	0	0	0	0	0	0	0	0	0	0	0	0	0	0	0	0	0	0	0	0	0	0	0	0	0	0	0	0	0	0	0	0	0	0	0	0	0	0	0	0	0	0	0	0	0	0	0	0	0	0	0	0	0	0	0	0	0	0	0	0	0	0	0	0	0	0	0	0	0	0	0	0	0	0	0	0	0	0	0	0	0	0	0	0	0	0	0	0	0	0	0	0	0	0	0	0	0	0	0	0	0	0	0	0	0	0	0	50:60,117.065:200,50:80
Tmem237-NM_001361413	0	0	0	0	0	0	0	0	0	0	0	0	0	0	0	0	0	0	0	0	0	0	0	0	0	0	0	0	0	0	0	0	0	0	0	0	0	0	0	0	0	0	0	0	0	0	0	0	0	0	0	0	0	0	0	0	0	0	0	0	0.714	0.357	0.893	11.966	0.357	0	62.687	16.788	0.357	0.179	0	0.179	0	0.357	0	0	0	0	0	0	0	0	0	0	0	0	0	0	0	0	0	0	0	0	0	0.179	0	0	0	0	0	0	0	0	0	0	0	0	0	0	0	0	0	0	0	0	0	0	0	0	0	0	0.179	0	0	0	0	0	0	0.179	0	0	0	0	0	0	0	0	0	0.179	0	0	0.179	0	0	0	0	0	0	0	0.179	0.714	0.536	0	0	0.179	0	0.357	0	0	0	0	0	0	0.179	0.179	0	0	0	0	0	0	0.357	0	0	0.179	0	0	0.179	0.179	0	0	0	0	0	0	0	0	0	0.179	0	0	0	0	0	0	0	0	0	0	0.179	0	0	0	0.179	1.25	1.072	0.089	0.446	0	0	0	0	0.357	0.357	0.179	0.179	0.179	0	0.179	0	0	0	0	0	0	0	0	0	0	0	0	0	0	0	0	0	0.179	0.536	0.357	0	0.536	0.357	0	0	0.179	0.179	0.536	0	0.179	0	0	0	0.179	0.179	0	0	0	0.179	0	0	0	0	0	0	0	0	0	0.179	0.179	0.357	0.179	0	0	0.179	0.179	0.714	0.357	0	0.179	0.357	0.893	0	0.536	0.179	0.179	0.357	0.357	0	0	0	0	0.357	0.357	0	0.179	0.179	0.536	0.179	0.536	0	0	0	0	0	0	0	0	0	0	0	0	0	0.179	0.357	0	0	0	0	0	0	0	0	0	0	0	0	0	0	0.179	0	0	0	0.357	0	0.179	0	0	0	0	50:60,99.125:200,50:80
Tmem241-NM_178801	0	0	0	0	0	0	0	0	0	0	0	0	0	0	0	0	0	0	0	0	0	0	0	0	0	0	0	0	0	0	0	0	0	0	0	0	0	0	0	0	0	0	0	0	0	0	0	0	0	0	0	0	0	0	0	0	0	0	0	0	16.788	0.536	0.357	0.179	0	0	0	0.179	0	0	0.357	0.536	0	0	0	0.357	0.179	0.536	0	0.179	0.357	0	0.536	0.893	0.714	1.786	0.536	0.179	1.25	0.357	0.357	0	1.25	0.893	0.179	1.072	0.536	0.179	0.893	0.714	0.536	0	0	1.965	0	0.179	0	0	0.179	0.179	0.357	0.179	1.429	2.858	0.714	0.179	1.607	1.072	0.357	1.072	3.929	0.179	1.25	1.25	1.429	0.536	1.607	0.714	0.893	2.143	1.965	1.072	0.893	0.714	1.072	2.858	1.429	0.536	0.179	2.5	1.965	1.607	1.072	1.25	2.322	0.179	0.357	0.536	0.714	1.429	1.25	0	1.607	0.357	1.786	0.893	0.536	0.536	0.179	0.357	0.357	1.072	0.536	1.429	0.714	0.893	0.714	1.786	1.607	3.036	1.072	0.536	1.786	2.858	2.858	0	0.357	0	0	0.714	1.25	0.179	0.536	0.714	0	0.179	1.965	1.072	1.786	2.5	1.072	1.607	0.357	0.536	0.893	0.357	0.714	1.607	0.893	0.357	0	1.25	0.714	1.607	1.429	2.5	1.072	2.143	1.072	1.072	0.536	2.858	1.25	0.357	0	0.536	0.536	2.322	0.893	0.714	0.536	0.536	1.965	1.25	0.536	0.893	0.536	0.893	1.607	1.072	0.179	0.357	1.786	0.714	1.25	0.179	0.714	1.965	0.536	1.25	0	1.072	0.179	0.357	0.536	0.536	0.179	0.357	0.714	0.893	0.357	0.179	0.714	1.072	0.179	0.357	0.357	1.786	1.25	1.607	0	0	0.536	0	0.179	0.179	0.179	0	0	0	0	0	0	0	0	0	0	0	0	0	0	0	0	0	0	0	0	0	0.357	0.179	0	0.536	0	0	0.357	0	0	0	0.357	0.714	0	0.179	0	0	0.536	0.536	0.179	0.536	0.357	0	0	0	0	0.179	0	0	0.714	0.357	0.357	0	0	0	0.893	0.179	0.179	0.179	0.179	0.714	0	0	0	0.179	0	0.357	0	0.357	0.179	0.179	0	0.536	50:60,701.175:200,50:80
Tmem39b-NM_001356378	10.894	0.179	0.179	1.429	0.536	1.965	3.751	0.536	2.143	2.679	1.965	1.786	0.536	0.714	0.357	0	0.893	0	0	0	1.072	0.714	1.25	2.322	0.536	2.679	0.357	2.322	1.072	0.179	0.357	0.179	0	0	0.179	0	0.357	5.358	1.786	0	0.893	0.536	0	0.536	1.072	0.357	0.179	0.714	1.607	0.357	0.893	1.607	1.607	0.893	2.143	0.179	0	0.179	0	0.536	14.729	4.202	0.357	4.286	2.679	1.25	0.893	0.179	1.25	0	0	0.179	0.357	0	0	0.179	0.536	0	0	0	0	0	0.179	0	0	0.179	0	0	0	0	0.179	0	0	0	0	0	0	0	0.357	0.357	0.179	0.179	0	0	0	0	0	0.179	0	0	0	0.179	0	0	0	0.179	0	0	0.179	0	0.179	0	0	0.179	0	0	0	0.357	0	0.179	0	0.179	0.179	0.536	0	0	0.357	0	0	0	0.179	0.179	0.179	0	0	0.179	0	0.179	0.179	0	0.179	0.179	0.179	0.357	0.357	0	0	0	0	0.357	0.893	0.179	0.252	0.105	0	0	0.357	1.072	0.893	0.179	0.357	0.179	0.536	0.179	0	0	0.357	0.357	0.345	0.37	0.357	0	0.357	0.714	0.179	0.179	0.357	0.536	0.357	0.179	0	0.179	0.357	0.357	0.179	0.179	0.357	0.179	0	0	0	0	0	0.179	0	0	0.179	0.357	0	0	0.357	0.179	0	0.179	0	0	1.072	0	0	0	0.179	0	0.179	0	0.179	0	0.179	0	0.357	0.179	0.357	0.714	0.357	0.179	0.179	0	0.179	0	0	0.357	0	0.179	0.179	0.179	0	0	0	0	0.536	0.536	0.179	0.357	0	0.179	0	0.357	0.536	0	0.179	3.393	0.357	0.714	0	0.536	0.179	0.179	0	0	0.357	0	0	0	0	0	0.179	0.357	0.714	0.357	0	0	0.179	0.357	0.357	1.072	0.179	0	0.179	0	0.179	0.179	0	0	0	0	0	0.179	0	0.179	0	0	0	0	0	0.179	0	0	0.714	0.179	0.893	1.965	0	0	0	0	0.536	0	0.179	0.536	0.357	0.179	0.179	0	0	0	0	0.179	0	0	0.357	0	0.357	0.179	4.822	24.646	7.144	0.893	1.072	1.786	0	0.179	50:60,102.47:200,50:80
Tmem86a-NM_026436	0	0	0	0	0	0	0	0	0	0	0	0	0	0	0	0	0	0	0	0	0	0	0	0	0	0	0	0	0	0	0	0	0	0	0	0	0	0	0	0	0	0	0	0	0	0	0	0	0	0	0	0	0	0	0	0	0	0	0.536	3.393	6.373	33.698	7.256	0.179	0	0	0	0.179	0	0	0.179	0	0.357	0.179	0.049	0.129	0	1.666	2.263	1.25	1.607	0	0	0	0	0	0	0	0	0	0	0	0	0	0	0.179	0	0	0	0	0	0.357	0	0	0	0.179	0	0	0	0	0.179	0	0	0	0	0	0	0	0	0	0	0	0	0	0	0	0	0	0.179	0	0	0	0	0	0	0	0	0	0	0	0	0	0	0	0	0	0	0	0.179	0	0	0	0	0	0	0	0	0	0	0	0	0	0	0	0	0	0	0	0	0	0	0	0	0	0	0	0	0	0	0	0.179	0	0	0	0.112	0.067	0	0	0	0	0	0	0	0	0	0	0	0	0	0	0	0	0	0	0	0	0.179	0	0	0	0	0	0	0	0	0.179	0	0	0	0	0	0	0	0	0	0	0	0	0	0.179	0	0	0	0	0	0	0	0	0.179	0	0	0	0	0	0	0	0	0	0	0	0	0	0	0	0	0	0	0	0	0.179	0	0	0	0.357	0.536	0	0	0	0.179	0	0	0	0	0	0	0	0	0	0.179	0.179	0	0	0.179	0	0.179	0	0.179	0	0	0.179	0	0	0	0	0.179	0	0.179	0	0	0.179	0	0	0	0	0	0	0	0.179	0	0	0	0	0.179	0	0	0.179	0	0	0.357	0	0	0	0	0	0	0	0	0	0	0	0.179	0	0	0	0	0	0	0	0	0	50:60,20.685:200,50:80
Tmod4-NM_016712	0	0.179	0	0	0	0	0	0.179	0	0	0	0	0	0	0	0	0.179	0	0	0	0	0	0	0.179	0.357	0.179	0	0.179	0.179	0	0	0.179	0.179	0.714	0	0	0	0	0	0	0	0	0	0.714	0.357	0.179	0.536	0.179	0	0	0	0	0	0	0	0.357	0.179	0.179	0.714	0.179	0	0.179	0	0.179	0.179	0	0.179	0.357	0.357	0	0	0.179	0	0	0	0	0	0	0	0	0	0	0	0	0	0	0	0	0	0	0	0.536	0	0	0	0	0	0	0.179	0	0	0	0	0.357	0	0	0	0	0	0	0	0	0	0	0	0	0	0	0	0	0	0	0	0	0	0	0	0	0	0	0	0	0	0	0	0	0.179	0	0	0	0	0	0	0	0	0	0	0	0	0	0	0	0	0	0	0	0	0	0	0	0	0	0	0	0	0	0	0	0	0	0	0	0	0	0	0	0	0	0	0	0	0	0	0	0	0	0.179	0	0	0	0	0	0	0	0.179	0	0	0	0	0	0.179	0	0.179	0	0	0	0	0	0	0.179	0	0	0	0	0	0	0	0	0	0	0	0	0	0	0	0	0	0	0	0	0	0	0	0	0	0	0	0	0	0	0	0	0	0.536	0	0	0	0	0	0	0	0.179	0	0	0	0	0	0	0	0	0	0	0	0	0.179	0	0.536	0	0	0.357	0	0	0	0.357	0	0	0	0	0	0.179	0	0.179	0	0	0	0	0	0	0	0	0	0	0	0.179	0	0	0	0	0	0	0	0	0	0	0	0	0	0	0.179	0	0	0	0	0	0	0	0	0	0	0	0	0	0	0	0	0	0	0	0	0	0	0	0.179	0	0	0	0	0	0.179	0	50:60,23.48:200,50:80
Tnnt2-NM_001130174	0.179	0.357	0	0.536	0.179	0.179	0.179	0	0	0.714	0.179	0.179	0.893	1.25	0.714	0.893	0.357	0.536	0.893	0.179	0.179	0	0	0.536	0	0.893	0.179	0.179	0.179	0.536	0.536	0.536	0	0	0	1.072	2.5	2.322	1.429	0.357	0.714	0.893	0.536	0.357	0.179	0.714	0	0.179	0	0.179	0.179	0.357	0.357	0.536	0	0.179	0	0	0	0.179	0.179	0.179	0	0	0.179	0	0	0	0	0.357	0	0.893	0	0	0	0.536	0.179	0.357	0	0.179	0	0	0	0	0	0	0.179	0	0.357	0	0	0.179	0	0.179	0.179	0.179	0	0	0	0	0.179	0.179	0	0	0	0	0	0	0	0	0.179	0	0	0.179	0	0	0	0	0	0	0	0	0	0	0.179	0	0	0	0.179	0	0	0	0	0.179	0	0	0	0	0	0	0	0	0	0	0	0	0	0	0	0	0	0.179	0	0	0	0	0	0.179	0	0	0	0	0	0	0	0.179	1.072	0.714	0	0	0	0.179	0	0.17	0.366	0	0	0	0	0.179	0	0	0	0	0	0	0	0	0	0	0	0	0	0	0	0	0	0	0	0	0	0	0	0	0	0	0	0	0.179	0	0	0	0	0	0.112	0.067	0	0	0	0	0	0	0	0	0	0	0	0	0	0	0	0	0	0	0	0	0	0	0	0	0	0	0	0	0	0	0	0	0	0	0	0	0	0	0	0	0	0	0	0	0	0	0	0	0	0	0	0	0	0	0	0	0.179	0	0	0.179	0	0	0	0	0	0	0	0	0	0	0	0	0	0	0	0	0	0	0	0	0	0	0	0	0.179	0	0	0	0	0	0	0	0	0	0	0	0	0	0	0	0	0	0	0	0	0	0	0	0	0	0.179	0	0	0	0	0	0	0	0	0	0	0	0	0	50:60,79.675:200,50:80
Tnpo2-NM_001364034	0	0.179	0	0.893	0.714	0.179	1.25	2.5	0.536	0	0	6.608	11.609	56.079	21.967	40.898	12.68	0.357	3.393	3.572	1.429	2.143	2.858	4.643	5.001	6.251	0.536	0.179	1.072	3.572	2.322	0.536	0.536	0	0	0.714	1.965	3.572	0.179	2.143	3.572	2.322	10.716	15.181	1.429	0.357	1.429	1.072	0.357	1.072	1.786	0.179	2.679	3.929	6.787	4.465	0.714	0.536	1.786	1.072	158.905	63.62	36.772	15.205	64.696	24.423	35.005	7.68	4.108	0.714	0.536	0.536	0.536	2.322	2.282	2.319	1.114	0.714	2.322	0.179	0.893	0.536	0	0	0.536	0	0.536	1.072	1.786	3.313	0.795	0.179	0.893	0.536	0.442	1.523	0.893	0.536	0.179	1.072	3.036	1.072	0.357	1.965	1.072	0.179	0.179	0.714	0.714	0.714	0.357	0.357	1.786	2.143	0	0.536	1.429	0.357	1.072	0.179	0	1.607	0.357	1.25	0.357	0.714	1.429	0.179	1.25	0.536	0.357	0.357	1.25	0.893	1.25	1.25	4.465	2.143	2.824	0.39	0.893	0	0.179	2.679	1.429	1.429	1.965	3.929	0.179	0.179	0.893	1.072	0.179	0.179	0.179	0.893	0	0.714	1.607	1.429	2.766	1.164	0.714	2.322	0.179	0.714	0.536	1.786	2.143	1.072	1.667	1.548	2.679	0.179	0	0.179	2.679	1.429	0.357	2.143	1.429	1.072	0.179	0	0.179	0.179	0.893	9.823	3.215	1.25	2.149	1.783	0.354	0.179	0.179	0	0.357	1.416	0.548	2.5	1.607	1.429	0.536	1.072	4.465	1.607	0.179	1.786	6.251	3.929	1.072	1.965	2.858	1.786	3.929	4.226	10.471	14.236	8.93	1.25	4.957	6.473	2.143	1.979	4.187	6.605	9.017	1.429	2.143	10.001	8.215	2.858	1.429	0.714	7.211	6.898	12.145	1.429	1.072	2.322	7.731	10.94	7.583	5.179	18.038	3.036	3.393	4.643	7.68	18.065	5.51	8.101	19.816	6.195	4.465	15.716	4.465	12.859	13.038	38.22	16.074	2.679	2.143	2.143	1.072	2.679	1.965	5.001	5.001	8.751	7.858	15.716	4.286	1.965	0.179	0	0.357	0	1.25	5.358	1.607	6.429	14.823	9.287	1.25	1.429	3.751	3.393	0	2.679	6.608	3.215	2.858	0.536	0.893	0.893	1.072	3.572	4.822	3.929	0.893	0	0	0	0.714	0	0	0.893	3.572	2.5	5.179	5.001	2.143	0.714	0	1.429	2.5	1.25	1.25	2.322	2.322	0	0.357	1.786	0.714	0.179	0.357	0.357	0.357	1.607	0.714	0.536	0.536	2.143	1.25	0.357	0.357	0	0	0	50:60,101.985:200,50:80
Tollip-NM_023764	0	0	0	0	0	0	0	0	0	0	0	0	0	0	0	0	0	0	0	0	0	0	0	0	0	0	0	0	0	0	0	0	0	0	0	0	0	0	0	0	0	0	0	0.357	0	0	0	0	0.179	0.179	0	0	0	0	0	0	0.179	0.179	0	0.893	47.507	24.893	9.398	2.858	0.357	0	0	0	0.357	0	0.357	0	0	0.179	0.179	0	0.179	0.357	0.357	0	0.179	0.179	0.179	0.357	0.179	0.357	0	0.179	0.179	0.179	0.179	0.179	0.179	0	0	0	0	0.179	0	0	0.357	0	0	0.179	0	0.179	0.179	0.179	0.179	1.072	0	0.536	0	0.179	0	0	0.357	0	0	0	0	0.179	0	0.179	0	0	0	0.357	0.536	0	0.179	0.179	0.714	0.179	0	0.179	0	0.714	0.179	0	0.357	0	0	0	0	0	0	0	0	0	0	0	0	0.536	0	0	0.179	0.357	0.357	0	0.179	0.536	0	0.357	0.179	0	0.179	0.05	0.307	0.179	0.179	0.179	0.179	0.179	0	0.179	0	0.357	0	0.357	0	0.357	0.893	0.179	0.357	0.893	0.357	0	0.179	0	0	0.179	0.357	0.714	0.714	0.893	1.429	0.536	0.179	0	0.357	0.893	0	0.179	0.357	0.536	1.25	0.179	0	0.179	0	0.179	0.179	0	0.536	1.072	0	0.536	0	1.607	0.357	0	0.357	0	0.714	0.536	1.965	0.179	0.357	0.893	0	0	0.357	0	0.714	0.179	0.893	1.786	0.893	0	0.714	1.361	1.497	0.893	3.393	2.322	0.179	1.072	0.357	0.893	0.893	1.25	1.072	0.357	0.357	0.893	1.965	0.893	1.072	0	0.179	0.179	0	0	0	0.357	0.179	0	0.357	0.536	0.179	0.179	0	0.893	3.215	1.072	0.357	0.179	0.179	1.965	0.357	0.357	0	0.179	0	0	0.536	3.393	1.607	3.929	1.429	4.286	0.179	1.25	0.179	1.786	0	0	0.357	1.072	0.179	0	0	0.536	0.179	0	2.322	1.072	0	0.179	0.893	0.536	1.786	1.25	0.714	0.893	0.357	0.179	0.179	0	0	0	1.072	0.714	0.357	0.179	0.179	0.357	0.357	0.179	0.536	0.179	0.179	0.536	0.357	0	0.179	0.536	0.179	0.357	50:60,104.41:200,50:80
Tpcn1-NM_145853	0	0	0	0	0.357	0	0	0	0.179	0	0	0	0	1.072	0	0.714	1.25	0.357	0.536	0.179	0.179	0.179	0	0	0	0	0	0	0	0	0.714	1.429	0.179	0	0	0.714	0	0	0	0.179	0	0	0	0	0	0.357	0.179	0.536	0.536	0.357	0.536	1.965	1.25	0.357	0	0.536	0.714	0	0	1.429	24.646	0.893	0.357	0.536	0	0	0.714	0.536	0.179	0	0	0.179	0	0.179	0	0	0	0	0.179	0	0	0.179	0	0.179	0.179	0.893	0	0	0.536	0.179	0.536	0.357	1.965	0.536	0.536	1.429	2.5	0.893	0.179	0.893	0.179	0	0.357	0.536	0.536	0	0.179	0.714	0	0.893	0.179	0.179	0	0.179	0.357	0.179	0.357	1.072	0.179	0.357	0.179	0.536	0.179	0.179	0.536	0.714	0.357	0	0.536	0.714	0.714	0.807	0.8	0.179	0.893	1.786	0.357	0.536	1.25	1.072	0.536	0.714	0.357	0.536	1.25	1.607	0.357	0	0.179	0.893	0.357	3.751	2.679	3.572	4.108	0	0	0.357	0.179	1.072	0	0.893	0.357	0.357	0.357	0.179	0.357	0.893	0.357	0.893	0.357	0.179	0.179	0.357	1.607	1.072	0.357	0.714	0.179	0.893	0.536	1.786	0.179	1.607	0.714	1.607	0.714	1.25	1.25	1.786	0.714	2.679	0.714	1.607	2.858	2.143	4.643	0.536	4.643	1.607	2.858	7.501	1.965	1.786	1.429	1.25	1.231	2.162	0.893	1.786	2.143	1.607	3.252	1.213	1.072	1.072	1.786	0.536	1.25	0.357	0.357	0.714	4.643	2.322	0.536	3.751	4.286	3.572	1.429	2.858	1.965	0.893	1.429	0	1.786	1.607	0.536	0.893	0.536	0.714	1.429	1.072	1.607	0.714	1.607	2.322	1.607	1.607	0.357	0.536	3.215	1.965	0.536	3.215	0.536	2.679	0.714	3.572	0.893	4.643	0.179	0.357	0.714	0	0	0.357	0	0	0	0	0.714	0.179	0.536	1.25	0.536	0	0.179	0.179	1.25	0.357	0	0	0.357	0.893	0	0.179	0.179	0.357	0.357	0	0	0	0.357	0.536	0.357	0.714	0.179	0.893	0.179	0	0.357	0	0	0	0	0	0.536	0	0	0	0	0	0.536	0.179	0.357	0	0	0.357	0	0	0	0.179	0.179	0.179	0.536	0	0	0	0	0.893	0	0.357	0	0.179	0	1.072	1.25	0	0	0.357	50:60,272.285:200,50:80
Tprkb-NM_176842	0	0	0	0	0	0	0	0	0	0	0	0	0	0	0	0	0	0	0	0	0	0	0	0	0	0	0	0	0.179	0	0	0.179	0	0	0	0	0	0	0	0	0	0.179	0	0.179	0.179	0	0	0	0	0	0	0	0.179	0.179	0	0	0	0	0	1.786	42.297	0.209	0	0	0	0	0	0.357	5.978	4.56	0	0	0.179	0	0	0	0	0	0	0	0	0	0	0	0	0	0	0	0	0	0	0	0	0	0	0	0	0	0	0	0.179	0.179	0.179	0	0.179	0	0	0	0	0	0	0	0	0	0	0	0	0.179	0	0	0	0	0.179	0	0	0	0	0	0	0	0	0	0	0	0	0	0.179	0	0	0	0	0	0	0	0	0	0	0	0.179	0	0	0	0	0	0	0	0	0	0	0	0	0	0.357	0.179	0	0	0	0	0	0	0	0	0	0	0	0.179	0	0	0	0	0	0	0	0	0	0	0	0	0	0	0	0	0	0	0	0	0	0	0	0	0	0	0	0	0	0	0	0	0	0	0	0	0.179	0	0.179	0	0	0	0	0	0	0.357	0.536	0	0	0	0	0	0	0.714	0	0	0.536	0	0	0	0	0	0	0.536	0	0	0	0.179	0.357	0	0	0.179	0.357	0.893	0.179	0	0.179	0	0.179	0.179	0.357	0	0	0	0	0.357	1.965	0.357	0	0.714	0.893	1.965	0.357	0.357	0.714	4.286	0.179	1.072	0.357	0.357	0.179	0.536	1.25	0.357	0	0	0	0	0	0	0	0	0	0	0	0	0.357	0.357	0.357	1.965	0.357	0.714	0.714	0.893	0.179	0.179	0.714	0.714	0.179	0	0.179	0	0.179	0	0	0	0	0	0	0	0	0	0.179	0.179	0.357	0.714	0.179	0.179	0	0.179	0.179	0	0	0	0	0	0.179	0	0.714	0.536	0.536	0.179	0.179	0.357	50:60,72.83:200,50:80
Trim9-NM_001110203	0	0	0	0	0	0	0	0	0	0	0	0	0	0	0	0	0	0	0	0	0	0	0	0	0	0	0	0	0	0	0	0	0	0	0	0	0	0	0	0	0	0	0	0	0	0	0	0.179	0	0	0	0	0	0	0	0	0	0	0.179	0	0	0	0	0	0	0	0	0	0	0	0	0.179	0	0	0	0	0	0	0	0	0	0	0	0	0	0	0	0	0	0	0	0	0	0	0.357	0.179	0	0	0	0	0	0	0	0	0	0	0	0	0	0	0	0	0	0	0	0	0	0	0	0	0	0	0.179	0	0	0	0	0	0	0	0	0	0	0	0	0	0	0	0	0	0	0	0	0	0	0	0	0	0	0	0	0	0	0	0	0	0	0	0	0	0	0	0	0	0	0	0	0	0	0	0	0	0	0	0	0	0	0	0	0	0	0	0	0	0	0	0	0	0	0	0	0	0	0	0	0	0	0	0	0	0	0	0	0	0	0	0	0	0	0	0	0	0	0	0	0	0	0	0	0	0	0	0	0	0	0	0	0	0	0	0	0	0	0	0	0	0	0	0	0	0	0	0	0	0	0	0	0	0	0	0	0	0	0	0	0	0	0	0	0	0	0	0	0	0	0	0	0	0	0	0	0	0	0	0	0	0	0	0	0	0	0	0	0	0	0	0	0	0	0	0	0	0	0	0	0	0	0	0	0	0	0	0	0	0	0	0	0	0	0	0	0	0	0	0	0	0	0	0	0	0	0	0	0	0	0	0	0	0	0	0	0	0	0	0	0	0	0	0	0	50:60,419.415:200,50:80
Trim9-NM_053167	0	0	0	0	0	0	0	0	0	0	0	0	0	0	0	0	0	0	0	0	0	0	0	0	0	0	0	0	0	0	0	0	0	0	0	0	0	0	0	0	0	0	0	0	0	0	0	0.179	0	0	0	0	0	0	0	0	0	0	0.179	0	0	0	0	0	0	0	0	0	0	0.179	0	0	0	0	0	0	0	0	0	0	0	0	0	0	0	0	0	0.357	0.179	0	0	0	0	0	0	0	0	0	0	0	0	0	0	0	0	0	0	0	0	0	0.179	0	0	0	0	0	0	0	0	0	0	0	0	0	0	0	0	0	0	0	0	0	0	0	0	0	0	0	0	0	0	0	0	0	0	0	0	0	0	0	0	0	0	0	0	0	0	0	0	0	0	0	0	0	0	0	0	0	0	0	0	0	0	0	0	0	0	0	0	0	0	0	0	0	0	0	0	0	0	0	0	0	0	0	0	0	0	0	0	0	0	0	0	0	0	0	0	0	0	0	0	0	0	0	0	0	0	0	0	0	0	0	0	0	0	0	0	0	0	0	0	0	0	0	0	0	0	0	0	0	0	0	0	0	0	0	0	0	0	0	0	0	0	0	0	0	0	0	0	0	0	0	0	0	0	0	0	0	0	0	0	0	0	0	0	0	0	0	0	0	0	0	0	0	0	0	0	0	0	0	0	0	0	0	0	0	0	0	0	0	0	0	0	0	0	0	0	0	0	0	0	0	0	0	0	0	0	0	0	0	0	0	0	0	0	0	0	0	0	0	0	0	0	0	0	0	0	0	0	0	50:60,515.39:200,50:80
Trpm1-NM_001039104	0	0	0	0	0	0	0	0	0	0	0	0	0	0	0	0	0	0	0	0	0	0	0	0	0	0	0	0	0	0	0	0	0	0	0	0	0	0	0	0	0	0	0	0	0	0	0	0	0	0	0	0	0	0	0	0	0	0	0	0	0	0	0.179	0.714	0	0.179	0	0	0	0	0	0	0	0	0	0	0	0	0	0.536	0	0	0	0	0	0	0	0	0	0	0	0	0	0	0	0	0	0	0	0	0	0	0	0	0	0	0	0	0	0	0	0	0.179	0	0.714	0.893	0.536	0	0.357	0.179	0	0	0	0	0.179	0	0.357	0.536	0	0	0	0.179	0	0	0.179	0	0	0.179	0	0	0	0	0	0.357	0.893	0.179	0.179	0.179	0.179	0.714	0	0.179	0.893	0.357	0.179	0.179	0.179	0.357	0.179	0.179	0.179	0.179	0.357	0.714	0.357	0	0	0.179	0	0	0	0	0	0.357	0	0	0.179	0	0	0	0	0	0	0	0	0	0.179	0	0	0	0	0	0	0	0	0	0	0	0	0	0	0	0	0.179	0	0	0	1.607	0.714	0	0.357	0.179	0	0	0	0	0	0	0	0	0	0	0	0	0	0	2.322	0.179	0	0	0	0	0	0.179	0	0	0	0	0	0	0	0	0	0	0	0	0	0	0	4.108	0	0	0	0	0	0.179	0	0	0	0	0	0	0	0	0	0	0	0	0	0	0	0	0	0	0	0	0	0	0	0	0	0	0	0	0	0	0	0	0	0	0.179	0	0	0	0	0	0	0	0	0	0	0	0	0	0	0	0.179	0	0	0	0.179	0	0	0	0	0	0	0	0	0	0	0	0.179	0	0	0	0	0	0	0	0	0	0	0	0	0	0	0	0	0	50:60,579.625:200,50:80
Trpm3-NM_001362511	0	0	0	0	0	0	0	0	0	0	0	0	0	0	0	0	0	0	0	0	0	0	0	0	0	0	0	0	0	0	0	0	0	0	0	0	0	0	0	0	0	0	0	0	0	0	0	0	0	0	0	0	0	0	0	0	0	0	0	0	0	0	0	0	0	0	0.179	0	0	0	0	0	0	0	0	0	0	0	0	0	0	0.536	0	0	0	0	0	0	0	0	0	0	0	0	0	0	0	0	0	0	0	0	0	0	0	0	0	0.179	0	0	0	0	0	0	0	0	0	0	0	0	0	0	0	0	0	0	0	0	0.179	0	0	0.179	0	0	0	0	0	0	0	0	0	1.072	0	0	0	0	0	0	0.179	0	0	0	0	0	0	0	0	0.179	0	0	0	0	0	0	0	0	0	0	0	0	0	0	0	0	0	0	0	0	0	0	0	0	0	0	0	0	0	0	0	0	0	0	0	0	0	0	0	0	0	0	0	0	0	0	0	0	0	0	0	0	0	0	0	0	0	0	0	0	0	0	0	0	0	0	0	0	0	0	0	0	0	0	0	0	0	0	0	0	0	0	0	0	0	0	0	0	0	0	0	0	0	0.179	0	0	0	0	0	0	0	0	0	0	0	0	0	0	0	0	0	0	0	0	0	0	0	0	0	0	0	0	0	0	0	0	0	0	0	0	0	0	0	0	0	0	0	0	0	0	0	0	0	0	0	0	0	0	0	0	0	0	0	0	0	0	0	0	0	0	0	0	0	0	0	0	0	0	0	0	0	0	0	0	0	0	0	0	0	0	0	0	50:60,403.805:200,50:80
Tspan2-NM_001243132	0	0	0	0	0	0	0	0	0	0	0	0	0	0	0	0	0	0	0	0	0	0	0	0	0	0	0	0	0	0	0	0	0	0	0	0	0	0	0	0	0.179	0	0	0	0.179	8.037	3.751	0	0.357	0	0	0	0	0	0.536	1.25	0.357	0.357	0.179	0.179	0.179	0.179	0.179	0	0.536	0	0	0	0	0	0	0	0	0	0	0.179	0	0	0.179	0	0	0	0	0	0	0	0	0	0	0.179	0	0	0.179	0	0	0	0.714	0	0.357	0.179	0.179	0.357	0	0	0	0	0.536	0.357	0.714	0.893	0.536	0	0.179	0.357	0	0.893	0	0	0	0.179	0.179	0.357	0.357	0	0.357	1.429	0.179	0.357	1.072	0	0.179	0.179	0.357	0	0	0.536	0.714	0	0.357	0	0	0.179	0.179	0.357	0.536	1.25	0.357	0.536	0.893	0	0	0.179	0.179	0	0.536	0.179	0	0.357	0	0	0.536	0	0.536	0.893	0	0.893	0.179	0.714	0.179	0.357	0.179	0.179	0.893	1.072	0	0.179	0	0.179	0.536	0.714	0	0.179	0.179	0.179	0.179	0.357	0.179	0.179	0	0.536	1.072	0.536	0	0	0.536	0.357	0.714	0.357	0.179	0.714	0.357	0.357	0.714	0.893	0.536	0.536	0.357	0.357	0.179	0.179	0.357	0.179	0	0.357	0.179	0	0.179	0.179	0	0	0.536	0.179	0.536	0.179	0.893	0	0.536	1.072	0.179	0.179	0.357	0	0.179	0	0.179	0.357	0.357	0.714	0	0.179	0.536	0.179	0.179	0.357	0	0.179	0.536	0.179	0.179	0.893	0	0	0.536	0.179	0	0.179	0.357	0.536	0	0.893	0.357	0.179	0.179	0.357	0	0.536	0.179	0	0.179	0.357	1.072	0.179	0	0.179	0.179	0	0.179	0.179	0	0.179	0.179	0	0	0	0	0.357	0	0	0	0	0	0.179	0	0.179	0	0.179	0.179	0	0	0.357	0	0	0	0.357	0	0.357	0.536	0	0.179	0.179	0	0	0.536	0	0	0.357	0	0.179	0.179	0	0	0.714	0	0	0	0	0	0.179	0.179	0.179	0	0	0.357	0	0	0.357	0.179	0.714	0.179	0	50:60,185.48:200,50:80
Ttyh1-NM_001305822	0	0	0	0	0	0	0	0	0	0	0	0	0	0	0	0	0	0	0	0	0	0	0	0	0	0	0	0	0	0	0	0	0	0	0	0	0	0	0	0	0	0	0	0	0.179	0	0	0	0	0	0	0	0	0	0	0	0	0	0	0	0	0	0	0.357	0.714	0	0	0	0	0.179	0	0	0	0	0	0	0	0	0	0	0	0	0	0	0.179	0.179	0.179	0	0	0	0	0.357	0	0	0	0	0	0	0	0	0.357	0	0	0	0	0	0	0.179	0.714	0.179	0.179	0	0	0.536	0.714	0	0	0.468	0.425	0.536	0.179	0.179	3.061	4.976	0.179	0.357	0.536	0.357	0	0.714	1.072	2.679	0	0	0.223	1.92	1.25	3.468	1.532	0.357	0	0.714	0	0.179	0	0	0.357	0.893	1.429	0.179	0.179	0.357	0	0.179	0.357	0.893	0.714	0	0	1.25	0.179	0.179	0.357	0.179	0.536	0.357	0	0.179	0.357	0.357	0.357	0.179	0.548	0.345	0.893	0.179	0.536	0.714	0.252	0.284	0.357	1.607	1.25	0.536	0.536	0.536	0.893	0.179	0.179	0.357	0.536	1.429	0.179	0.893	0.357	0.179	0.179	1.25	0.179	0.714	1.25	0	0.357	0.536	0.179	0.179	0.893	1.072	0.893	0.357	0	0.357	0.179	0.714	0.357	0.179	0.714	0.179	0.179	0.179	0.357	0	0.179	0.357	0.536	0.179	0.714	0.357	0.536	0.179	0.357	0.179	0.179	0	0.893	1.25	0.179	0.179	0.357	0.536	0.536	0.179	0.179	0.179	0.179	0.536	0	0.357	0.536	0.536	0.714	0.536	0.179	0.714	0.179	0	0	4.108	0.893	0.179	0	0	0.357	0	0.536	0	0	0	0	0.357	0.357	0.536	0.536	0.893	0	0	0	1.607	0.536	3.572	0.179	0.893	1.072	0.357	0.179	0	1.607	3.393	1.072	0	0.536	0.536	55.365	53.936	13.573	1.072	0.179	0	1.072	1.072	2.322	0	2.858	4.286	0.536	0.179	1.607	0.179	0.357	0	0.357	0.536	0	0	0	0	0.179	0.357	0.179	0	0.357	0.714	0.893	0.357	0	0.179	0	0.357	0	0.179	0	0.179	0.357	0.536	0.179	0.179	0.179	1.072	0.357	0	50:60,79.39:200,50:80
Tut7-NM_001373962	0	0	0	0	0	0	0	0	0	0	0	0	0	0	0	0	0	0	0	0	0	0	0	0	0	0	0	0	0	0	0	0	0	0	0	0	0	0	0	0	0	0	0	0	0	0	0	0	0	0	0	0.179	0	0	0	0	0	0	0	2.322	18.931	14.35	0.652	0.179	0.357	0	0.179	0.357	0	0.714	1.25	0.179	0.179	0.357	0.179	0.357	0.536	0.357	0.536	0.357	0.179	0	0.357	0.357	0	0.179	0.893	0.536	0.536	0.357	0.357	0.357	0.357	0.179	0.179	0	0.179	0	0	0.357	0	0.179	0.179	0.536	0	0	0.357	0.357	0.536	0	0	0	0	0.179	0.714	0.893	0.357	0.179	0.536	0	0.357	0.893	0.179	0.536	0.714	0.536	0.357	0.893	0	0.536	1.786	1.786	0.714	1.429	2.143	1.429	1.786	0.179	0.179	1.965	1.072	2.143	1.25	0.536	0.179	1.072	0.714	1.607	0.536	2.679	3.545	4.849	1.25	1.429	2.679	1.072	0.536	0.714	2.143	1.965	0.714	0.893	3.215	2.858	4.643	2.858	2.679	3.751	1.25	2.858	1.965	3.215	2.679	2.5	2.858	1.786	2.143	2.679	1.965	1.25	2.322	0.893	0.536	1.429	5.894	10.716	7.858	1.429	0.893	0.714	1.072	1.786	1.965	2.322	4.286	4.465	2.322	3.751	0.536	2.322	1.429	0.357	0.536	1.786	3.393	0.893	3.751	1.607	0.536	1.25	0.714	0.893	0.893	0.179	0.893	1.607	1.786	0.536	4.465	1.607	2.858	1.072	1.965	12.502	1.25	1.607	1.607	0.714	0.536	0.179	4.108	1.625	1.947	1.072	1.607	5.358	3.393	2.322	0.357	0.179	2.858	1.965	3.036	3.215	3.572	1.072	1.25	2.679	1.607	3.036	3.393	1.072	2.679	1.429	1.607	1.607	2.858	3.867	2.92	6.429	0.179	0.536	1.25	1.072	0.357	0.893	0.179	0.179	1.786	1.25	4.286	5.001	0	0.357	0.714	2.143	1.965	3.393	1.072	0	0.179	0.179	0	0.714	0.536	0.893	1.25	3.572	0.179	0.714	5.358	9.108	5.894	0.536	1.072	0.536	0.179	0.179	0.179	0.179	1.072	1.786	0	0.179	0	0	0	0	0	0.179	0.357	0.357	0	0	0.179	0.536	0	0	0	0	0.179	0	0	0	0	0	0	0	0	0	0.179	0.179	0	0	0	0	0	0	0	0	50:60,256.175:200,50:80
Ube2b-NM_001362685	0	0.893	1.786	0.179	1.607	1.429	0.536	0.179	1.429	0	0.179	0	0.179	0	0	0	0	0.179	0.536	0.714	0.179	0	0	0	0.357	0	0	0	0	0	0	0.714	0	0.536	0	0	0	0.893	1.786	0.357	0	0	0.893	0.714	1.25	22.682	19.288	1.965	0	0.179	0.536	0	0	0.357	0	0	0	0	0.357	1.607	23.396	8.215	0	7.319	60.472	119.987	91.011	3.751	13.93	0.179	0.536	2.143	1.072	5.69	6.218	3.451	0.714	0.714	1.786	0.357	0.536	0	0	0.179	2.143	1.072	0.714	1.607	0.536	2.688	3.027	0.179	0	0.536	0.281	0.79	0.893	1.072	1.706	1.33	1.429	0.536	0.893	1.25	1.25	1.607	0.536	0.536	0.536	0.179	1.429	0.357	0.179	0.714	0.893	0.357	0	0.179	0.714	0.357	0.357	0.179	0.435	1.172	0.179	0	0.357	0.357	0.179	0.714	0.714	0.536	0.179	0	0	0.179	0.179	0.179	0	0	0.536	1.786	1.25	0.714	2.679	0.179	1.072	1.786	0.357	0.545	0.17	0	0	0.536	0.179	0.714	0	0.536	0.357	0.357	0.357	0	0	0.179	0.179	0.714	0.357	0	0	0.357	0.357	0.714	0.179	0	0	0	0.357	0.536	0.179	0.179	0.357	0.179	0	0	0.357	0.179	0	0.714	0.357	0.357	0.179	0.179	0.536	1.25	2.322	0.893	0.357	0.893	1.072	0.179	1.072	0.498	0.395	0.714	0.714	0	0.536	2.858	0.09	0.446	0.357	0.179	1.965	0.893	0.714	0.575	3.533	0	0	0	0.357	1.072	0.893	2.858	2.398	3.496	0.357	0	0.714	0.179	3.393	2.679	2.679	1.072	0.714	1.072	0.893	3.393	0.179	0.893	2.322	0.714	0.179	0.357	0.357	0.357	0.179	0.714	1.25	0.179	0.179	0.536	0.179	1.072	1.965	1.607	3.751	3.036	0.536	0	2.5	2.322	2.5	0.714	0.357	0.179	0.357	0.357	0.357	0	3.036	1.786	5.536	3.393	0.536	0.357	2.5	0.893	0.536	2.143	1.965	1.786	1.607	8.037	4.108	7.144	2.322	3.036	1.25	1.786	1.072	0.179	1.429	0.536	1.607	1.965	0.179	1.607	2.322	2.679	0.893	0.179	0	0.893	0.179	0.357	1.072	0.714	0.179	1.786	1.25	0.179	0.893	2.143	1.429	0.179	0.179	0.714	0.893	0.536	0	0	0	0.357	0.179	0	0.179	0.179	0.893	0.179	0	0	0	0.357	0.357	0.179	0.179	0	0.536	0.357	50:60,78.245:200,50:80
Ube2h-NM_009459	0	0	0	0	0	0	0	0	0	0	0	0	0	0	0	0	0	0	0	0	0	0	0	0	0	0	0	0	0	0	0	0	0	0	0	0	0	0	0	0	0	0	0	0	0.179	0	0	0	0	0	0	0	0	0	0	0	0	0	0	1.072	0.536	1.072	2.322	1.25	0.893	1.072	2.143	1.965	3.036	1.25	0.179	0.357	0.357	0	0.536	0.179	0.179	0.179	1.25	0.179	0.357	0.714	0	0.357	0.536	0.536	0.536	0.179	0.179	1.786	0.536	1.072	0.714	0.357	0.893	0.536	0.714	1.965	2.143	1.25	1.429	2.143	1.607	0.714	1.429	1.965	1.607	2.322	1.072	2.322	1.072	5.001	2.322	5.715	1.607	5.536	1.429	1.786	3.036	3.215	3.393	3.215	1.965	1.786	6.429	4.108	0.893	6.072	8.037	5.179	7.501	1.607	2.143	8.037	2.5	2.143	4.465	3.215	5.384	2.832	2.5	3.393	9.287	4.108	3.393	7.322	4.286	6.429	4.643	5.536	6.429	5.894	2.143	3.215	3.929	3.215	6.429	8.573	2.679	4.108	1.429	1.965	1.072	3.215	1.965	3.036	1.607	2.5	7.68	3.572	1.072	2.5	2.858	1.965	1.429	2.679	6.429	3.215	0.893	3.215	6.429	2.143	0.714	6.787	2.322	5.381	4.442	3.393	3.215	3.751	5.715	3.036	2.5	3.393	2.143	2.858	3.215	2.322	4.108	5.715	1.429	1.965	2.679	0	1.072	2.143	1.607	7.858	1.965	0.714	1.786	6.608	2.322	7.501	1.429	2.858	1.965	2.322	5.536	3.572	3.751	7.144	5.179	2.679	2.5	3.215	4.286	4.286	6.072	3.572	3.572	6.429	3.393	0.179	6.965	0.893	8.573	2.5	2.858	2.143	2.143	1.965	1.072	2.143	3.572	3.215	4.643	0.704	0.725	5.358	1.786	2.322	0	0.357	0.179	0	6.681	18.679	23.351	28.085	0.536	0.893	1.072	6.787	3.751	0.357	2.679	1.25	3.393	3.215	1.429	3.215	0.357	0.536	0.714	1.607	0.179	0.714	2.143	0	0	0	0	0	0	5.536	1.965	0.357	1.25	1.607	0.536	0.179	0.179	1.429	0.714	1.072	0.536	0	0.357	0.357	0.536	1.607	1.786	3.036	3.036	1.072	1.25	0	0.179	0	0.893	0.357	0	0	0	0.357	0	0.179	0	0	0.357	1.072	0.179	2.143	1.607	0.357	0	0.179	0	0	0	0	0	0.179	0	0	0	0	0	0.179	50:60,466.255:200,50:80
Ubxn4-NM_026390	0.357	0.179	0.179	2.143	1.607	3.036	2.5	2.679	3.572	0.893	2.143	1.786	1.607	0.357	0.179	0	0	0	0	0	0.179	0.357	1.965	0.179	0.536	0.536	0.714	0.536	0	1.25	0.536	0.179	0	0.893	1.072	0.179	0.714	0.179	1.786	0	0	0	0.179	0	1.607	1.25	0.536	0.179	0.357	1.072	0.536	1.965	2.679	0.893	0	0.536	0.714	0	0.179	0.714	36.339	42.676	24.796	1.89	1.279	0.536	0.179	0.179	0.179	0	0.179	0.536	0.179	0	0	0.179	0	0	0.179	0	0	0	0	0	0	0.179	0	0	0.714	0.179	0	0.179	0	0.536	0	0.179	0.357	0	0	0	0	0	1.072	0.179	0	0	0	0	0	0	0	0	0.357	0	0	0.536	0.357	0	0.179	0.179	0.179	0	0.357	0.179	0.179	0.179	0.536	0.179	0	0	0	0	0	0.357	0.357	0	0.536	0.536	0.179	0.357	0	0.536	0.714	0.357	0.357	0.714	0.893	0.357	0.714	0.179	0	0	0.357	0.893	0.179	0.179	0	0.179	0	0	0	0.714	0.179	0	0	0	0.179	0.536	0	0.179	0.357	0.357	0.893	1.429	0.179	0	0.179	0	0	0.179	0	0.357	0	0.714	0.179	2.858	0.536	0.536	0.893	0.179	0	0	0.357	1.429	0.179	0.179	0	0	0.179	0.893	1.072	0.357	0.179	0.179	0	0.357	0.714	0.536	0.179	0	0.536	0.357	0	0.179	0	0.536	1.25	0.357	0.536	0.357	0.893	0.179	0.179	1.25	0.179	0.179	0	0	0.714	0	0.179	0.179	0	1.25	0.357	0.893	0.714	1.607	1.072	1.25	0.536	1.25	7.68	3.036	1.25	0.357	3.751	1.072	0.893	1.429	9.644	8.751	6.881	2.227	9.644	1.25	0.714	0.357	0.179	0.357	0.714	0.536	0	0	0	0.536	2.679	1.965	1.072	0.893	1.786	1.429	0.536	0.357	0.357	0.179	0	0	0	0	0	0.179	0.536	0.179	0.893	0	0.179	0.536	1.25	0.536	0.536	0	0	0	0.893	0.714	0	0	0	0	0	1.25	0.179	0.179	0.179	0	0	0.179	0.179	0.357	0.179	0	0	0.357	0.536	0.357	0	0	0	0	0.179	0.179	0.179	0	0.179	0.536	0	0	0.536	0.179	0	0	0	0.179	0	0	0	0	0	0.357	50:60,176.21:200,50:80
Vps39-NM_147153	0.179	0.179	1.072	1.072	0	2.5	0.179	0	0.714	0.357	0.357	0.357	2.5	0.536	4.286	0.357	0.714	0.536	0.714	0	0	0.179	0.179	0	2.143	0.536	3.393	5.179	0.357	0.179	3.751	1.965	9.466	0.893	2.5	3.215	2.322	1.072	2.322	6.787	1.072	2.322	4.286	4.465	1.786	3.036	1.072	0.357	0	0.893	0.179	1.072	0.357	2.322	0	0	0	0.179	1.429	0.893	89.655	4.108	0.893	0.357	0	0	0.179	0	0	0	0	0	0	0	0	0	0	0.179	0.179	0.179	0	0	0	0	0	0	0	0.179	0.179	0	0.179	0	0	0	0	0	0.179	0	0	0	0	0	0	0	0	0.536	0.179	0	0	0.179	0	0.357	0.357	0.357	0.179	0.179	0	0	0	0	0.179	0.357	0.357	0	0	0	0.179	0	0.179	0.714	0.357	0.536	0.536	0.179	0.179	0.404	0.311	0	0.357	0.179	0.714	0.536	0.357	0	0.714	0.714	0.536	0.357	0.179	0.357	0	0.179	0.893	0	0	0.357	0.536	1.429	0.714	0.536	0	0.357	0.536	0	0.714	0.179	0	0.179	0.536	0.536	0.357	0	0.536	0.536	0.536	1.786	1.072	0.536	0.357	0.536	0.714	1.25	1.25	2.143	0.179	0.536	0.357	0	0	0.536	0.179	0.714	0.357	0.536	0.714	1.429	0	0.714	0.893	0	1.072	0.536	0.536	1.429	1.607	1.429	1.072	0.714	1.494	0.649	0.357	2.143	3.215	0.714	1.25	0.536	1.607	1.786	0.893	0.536	1.25	1.072	2.858	0.536	2.322	2.5	0.714	1.429	2.143	0.536	0.179	0.714	0.536	0.536	1.965	0.179	0.536	0	0	0.179	0.179	0.536	0.714	0.893	0.714	1.25	1.606	4.644	1.965	0.536	1.25	0.714	1.786	0.893	3.393	7.144	3.572	1.786	5.935	2.638	1.429	3.036	0.536	0.714	0	0	0.893	2.858	1.072	1.072	1.607	6.965	1.607	0	1.25	1.072	2.858	0.714	3.572	1.25	0.536	1.25	1.072	0.357	2.5	0.536	1.786	0.357	0	0.179	0	0	0.179	0	0	0	0.357	0.893	2.5	0.357	0.714	0.179	0.357	0.179	0.179	0.357	0.536	0.179	0.179	0.714	0.536	0	0.179	0	0.536	0.179	0	0.357	0	0.179	0	0	0	0	0	0	0	0	0	0	0.179	0	0	0	0	0	0	0	0	0	50:60,183.385:200,50:80
Vwa1-NM_147776	0	0	0	0	0	0	0	0	0	0.357	0	0	0.357	0	0	0	0	0.357	0.179	0	0.179	0	0	0	0	0	0	0	0	0	0	0	0.179	0	0	0	0	0	0	0	0	0	0	0	0	0	0.179	0	0	0	0	0	0	0	0	0	0	0	0.179	0	0.357	2.084	0.952	0.714	0.714	0	0	0	0	0	0	0	0	0	0	0	0.179	0	0	0	0	0	0	0	0	0	0	0	0	0	0	0	0	0	0	0	0	0	0	0	0	0	0	0	0	0	0	0	0	0	0	0	0	0	0	0	0	0	0	0	0	0	0	0	0	0	0	0	0	0	0	0	0	0	0	0	0	0	0.083	0.096	0	0	0	0	0.179	0	0	0	0	0	0	0	0	0.179	0	0	0	0	0	0	0	0	0	0	0.357	0	0	0.179	0	0	0	0	0	0	0	0.179	0	0.095	0.084	0.179	0	0	0	0	0	0	0	0	0.179	0	0	0	0	0	0	0.179	0	4.149	47.466	5.894	0.357	0.893	0.357	0.179	0.179	0	0.179	0	0.536	0.536	0.179	0	0	0	0	0.357	0.536	0	0.179	0	0.179	0.179	0	0	0	0.357	0	0.357	0.536	0	0	0	0	0	0.179	0.179	0	0	0	0	0	0.179	0.179	0	0	0.179	0	0.179	0	0.357	0	0	0	0	0	0	0	0.179	0	0	0	0	0	0	0	0	0	0	0.179	0	0	0.357	0	0	0.179	0	0	0	0	0	0	0	0	0	0	0	0	0	0	0	0	0.179	0	0	0	0	0	0	0	0	0	0	0	0	0	0	0	0	0	0	0	0	0	0	0	0	0	0	0	0	0	0	0	0	0	0.357	0	0	0	0	0	0	0	0	0	0	0	0	0	0	50:60,30.335:200,50:80
Wdr54-NM_023790	0	0	0	0	0	0	0	0	0	0	0	0	0	0	0	0	0	0	0	0	0	0	0	0	0	0	0	0	0	0	0	0.179	0	0	0	0	0	0	0	0	0	0	0	0	0	0	0	0	0.179	0	0	0	0	0	0.179	0	0	0	0	0.357	1.072	0.893	1.965	0.179	0.179	1.25	0	0.357	0	0	0	0	0	0	0	0	0	0	0	0	0	0	0	0	0	0	0	0	0	0	0	0	0	0	0	0	0	0	0	0	0	0	0	0	0	0	0.179	0	0	0	0	0	0	0	0	0	0	0	0	0	0	0	0	0	0	0	0	0	0	0	0	0	0	0	0	0	0	0	0	0	0.179	0	0	0	0	0	0	0	0	0	0	0	0	0	0	0	0	0	0	0	0	0	0	0	0	0	0	0	0	0	0	0	0	0	0	0	0	0	0	0	0	0	0	0	0	0	0	0	0	0	0	0	0	0	0	0	0	0	0	0.179	0	0	0	0	0	0	0	0	0	0	0	0	0.179	0	0	0	0	0	0	0	0	0	0	0	0	0	0	0	0	0	0	0	0	0	0	0	0.179	0	0	0	0	0	0	0	0	0	0	0	0	0	0	0	0	0	0	0	0	0	0	0	0	0	0	0	0	0	0	0.179	0	0	0.357	0	0	0	0	0	0	0	0	0	0	0	0	0	0.179	0	0	0	0	0	0	0	0	0	0	0	0	0	0	0.179	0	0	0	0	0	0.179	0	0.179	0	0	0	0	0.179	0.357	0	0	0	0.179	0	0	0	0	0	0.179	0.179	0.536	0.179	0	0	0.179	0	0	0	0	0	0.536	0	0.179	0	0	50:60,18.35:200,50:80
Wdr73-NR_027976	0	0.357	0	0.357	0.536	0.714	0	0	0	0	0.357	0.179	0.179	0	0.357	0.536	0.893	0.893	0	0.179	0	0	0	0.179	0	0	0	0.536	0.714	0.714	1.072	1.25	0	0.179	0.357	0.893	0.893	0.536	0.536	0.357	0.357	0.714	0	0.714	0	0	0.357	0.714	3.393	1.607	0.714	1.429	0	1.072	2.5	0.893	2.143	0.893	0	2.679	129.465	131.957	27.011	7.501	1.014	0.772	0.536	0	0	0.893	0	0.536	0.179	0.052	0.305	0	0.179	0	0.179	0	0	0	0	0	0.179	0.179	0	1.072	0.179	0	0.893	0	0	0	0	0	0	0	0.536	0.714	0	0	0	0	0	0	0	0	0	0.357	0.179	0	0	0	0.179	0.179	0.179	0.357	0.357	0	0	0.179	0.357	0	0	0	0	0	0.179	0	0	0	0	0	0.179	0	0.714	0.179	0	0	0	0	0	0.357	0.179	0.179	0.526	0.01	0	0	0	0.357	0	0	0	0	0	0.357	0	0.179	0	0	0.179	0	0	0	0.179	0.179	0.179	0	0	0	0.179	0	0	0	0.179	0	0	0	0	0	0	0	0.179	0	0	0	0	0	0	0	0.179	0.536	0.357	0.179	0.179	0	0	0	0.179	0	0.179	0.536	0	0	0	0	0	0	0.179	0.714	0.714	0	0.357	0.179	0.714	0.179	0.536	0.357	0.179	0.179	0.179	0.179	0.714	2.5	0.536	0.714	1.786	0	1.25	0.357	1.072	0.536	0.179	0.179	0	0	0	1.25	1.607	0.357	0.893	0.179	0.714	2.5	0.357	1.072	0.536	1.25	3.572	0.179	0.893	0.82	1.145	1.429	0.357	0.179	0	0.179	0	0	0.179	0	0.179	0	0.357	0	0	0.536	1.786	1.607	1.786	3.393	0.357	1.965	1.25	2.143	2.143	4.286	5.536	9.108	6.429	1.25	1.965	1.072	4.822	5.894	4.465	2.5	0.714	1.965	3.751	1.786	0.357	0.714	0.179	0.893	0.357	1.429	0.357	0.179	0	0	0.179	0.357	0	0	0	0.179	1.25	0	0.536	0	0	0	0	0.357	0	0.179	0	0.357	0	0	0.357	0.179	0	0.179	0.179	0	0	0	0	0	0	0.179	0	0.536	0	0.179	50:60,52.735:200,50:80
Whrn-NM_001008793	0	0	0	0	0	0	0.179	0	0	0	0	0	0	0	0	0	0	0	0	0	0	0	0	0	0	0	0	0	0	0	0	0	0	0	0	0	0	0	0	0	0	0	0	0	0	0	0	0	0	0	0	0	0	0	0	0	0	0	2.858	19.288	4.643	0.357	0	0.536	0.536	0.536	0.179	0.179	0.179	0.179	0.179	0.179	0	0.357	0	0	1.072	0.536	0.893	1.072	1.429	0.357	0.893	0.357	0.714	0.714	0.357	0.536	0.536	0.536	1.25	0.893	0.179	1.072	2.679	0.714	1.965	1.072	4.643	3.036	1.216	4.32	1.429	0.357	1.072	0.893	3.393	2.143	0.536	1.965	1.25	2.322	2.143	2.5	1.072	0.714	1.607	0.357	1.429	0.179	0.714	0.893	0.536	1.25	0.536	1.429	0.893	0.357	0	0.714	2.858	2.858	1.965	1.25	3.215	0.714	0.357	1.072	0.714	0	1.25	1.361	0.604	2.143	1.223	1.456	1.072	0.357	1.607	0.536	0.357	0.536	0.357	0.179	0.714	0.714	0.893	0.893	0.714	1.072	0.073	0.82	0.179	1.429	1.965	0.893	0.536	1.072	0.536	0.536	1.072	0	0.893	0.179	0.714	0	0.893	0.893	0.179	0.893	0.536	0.357	0.179	0.536	0.179	0	0.714	1.786	0.179	0.179	1.607	0.536	0.536	0.893	0.714	0.357	0.714	1.786	0.536	0.536	0.714	1.072	0.893	0.893	2.322	3.751	0.048	1.738	0.179	1.072	1.429	1.786	1.429	0.536	5.715	0.893	4.643	2.679	1.786	3.036	1.607	1.786	1.965	0.714	0.714	2.322	1.607	4.108	3.572	0.714	3.751	3.393	4.465	4.822	14.645	3.215	9.287	6.251	7.68	8.93	8.93	2.679	6.965	4.822	3.572	9.644	5.179	5.179	1.072	1.429	3.393	1.965	7.144	10.359	3.563	2.152	5.358	3.572	1.429	0.714	1.25	0.536	0.536	0.536	0.179	1.965	0.536	0.893	0.714	1.607	0.536	1.072	0	0	0.179	0.179	0.179	1.072	0.714	0.179	0	0.536	0.357	0.179	0.179	0	0.536	0.357	0.357	0	0	0.357	1.429	0.179	0.179	0.357	0	0.357	0	0.179	0	0	0	0.179	0.179	0.536	0	0.357	0	0.179	0	0.357	0.357	0	0	0.357	0.179	0	0	0	0	0	0	0.179	0.357	0.357	0.357	0.179	0.536	0.179	0.536	0.357	0.179	0.357	0	0	0.357	0	0	0.179	50:60,405.41:200,50:80
Xiap-NM_001301639	0	0.357	0	0	0	0	0.179	0	0	0	0	0	0	0	0	0	0	0	0	0	0	0	0	0.714	0.536	0.179	0	0	0	0	0	0	0	0	0	0	0	0	0	0	0	0	0	0	0	0.179	0	0.179	0.357	1.072	29.468	1.786	3.572	2.858	4.286	7.144	2.679	0.536	0.179	2.5	26.432	6.787	2.858	0.536	0.179	0	0	0.357	0	0.357	0	0	0	0.179	0.357	0	0	0	0.357	0	0	0	0	0	0.179	0.179	0	0	0.357	0	0.179	0.357	0.179	0	0.179	0.357	0.357	0	0	0.179	0	0	1.25	0.714	0.179	0	0.179	0.179	0.179	0.536	0	0.536	0.536	0.357	0.179	0	0.179	0.536	0.536	0.179	0	0	0.536	0	0.357	0	0.357	0.536	0	1.072	1.607	0.179	0	0	0.357	0.179	0.678	0.93	0.179	1.25	0.179	0.893	0.714	0.536	0.536	0.179	0.357	0.714	0.357	0	0.179	0.536	0.179	0.893	0.714	0.357	0.714	0.536	0	0.179	0.893	0.893	0.179	0.893	0.179	0.357	0.357	0.357	0.179	0	0.179	0.357	1.25	0.179	3.036	2.143	0.714	1.25	2.143	1.965	1.346	0.797	0	0.179	1.965	0.357	0.536	0.536	0.357	0	0.893	0.714	1.072	0.714	0.357	0.536	0.536	0.357	0.536	0.536	0.357	0.179	0.357	0	1.072	0.357	1.25	0.179	0	0.357	1.607	0.714	0.893	1.607	0.536	2.322	0	0.179	0.357	0	0.179	0.357	0.714	0.179	0.179	0.179	0.536	1.072	0.893	0.357	1.786	0.714	0.357	0.536	0.536	0.536	0.179	0.179	0.893	1.429	0	0.179	0.357	2.436	0.6	0.536	0.536	0.536	2.143	1.072	1.965	0.357	0.179	0.179	2.5	0.893	1.786	1.25	0.179	0.179	0.179	0.893	0	0	0	0	0	0.357	0.179	0.179	0.536	1.607	1.429	0.357	0.536	1.072	0.714	3.751	0.179	1.965	1.607	0.357	0	0.179	0.357	0	0	1.429	2.858	1.607	1.25	1.25	1.25	0.357	0.357	0.179	0.179	0	0	0.357	0.357	0	0.179	0.536	0	0.179	0	0	0	0	0.179	0.179	0.714	0.179	1.072	1.429	0	0	0	0	0	0	0	0	0.536	0.179	0.179	0	0.179	0.357	0	0	0	0	0	0.179	0.179	0	0	0	50:60,206.335:200,50:80
Xlr5c-NM_031493	0	0	0	0	0	0	0	0	0	0	0	0	0	0	0	0	0	0	0	0	0	0	0	0	0	0	0	0	0	0	0	0	0	0	0	0	0	0	0	0	0	0	0	0	0	0	0	0	0	0	0	0	0	0	0	0	0	0	0	0	0	0	0	0	0	0	0	0	0	0	0	0	0	0	0	0	0	0	0	0	0	0	0	0	0	0	0	0	0	0	0	0	0	0	0	0	0	0	0	0	0	0	0	0	0	0	0	0	0	0	0	0	0	0	0	0	0	0	0	0	0	0	0	0	0	0	0	0	0	0	0	0	0	0	0	0	0	0	0	0	0	0	0	0	0	0	0	0	0	0	0	0	0	0	0	0	0	0	0	0	0	0	0	0	0	0	0	0	0	0	0	0	0	0	0	0	0	0	0	0	0	0	0	0	0	0	0	0	0	0	0	0	0	0	0	0	0	0	0	0	0	0	0	0	0	0	0	0	0	0	0	0	0	0	0	0	0	0	0	0	0	0	0	0	0	0	0	0	0	0	0	0	0	0	0	0	0	0	0	0	0	0	0	0	0	0	0	0	0	0	0	0	0	0	0	0	0	0	0	0	0	0	0	0	0	0	0	0	0	0	0	0	0	0	0	0	0	0	0	0	0	0	0	0	0	0	0	0	0	0	0	0	0	0	0	0	0	0	0	0	0	0	0	0	0	0	0	0	0	0	0	0	0	0	0	0	0	0	0	0	0.357	0	0	0	0	0	0	0	0	0	0	0	0	0	0	0	0	0	0	0	50:60,26.595:200,50:80
Zbtb5-NM_173399	0	0	0	0	0	0	0	0	0	0	0	0	0	0	0	0	0	0	0	0	0	0	0	0	0	0	0	0	0	0	0	0	0.893	6.787	1.25	3.393	3.215	0.179	0.179	0.179	3.751	0.357	0	0	0.536	0.714	2.858	0.893	0.357	0	0	0	0	0	0.179	0	0	0.179	0.179	0.536	1.429	0.357	2.322	4.358	5.286	0.536	0	1.429	0.357	0.357	0.536	0	0.179	0.179	0.536	0	0	0	0	0	0	0.179	0	0	0	0	0	0	0	0	0	0	0	0	0	0	0	0	0	0	0	0	0	0	0	0	0	0	0	0	0	0	0	0.179	0	0	0	0	0	0	0	0	0	0	0	0.179	0	0	0.179	0	0	0	0.714	0	0	0	0	0.179	0	0	0	0.179	0	0	0	0	0	0	0	0.179	0	0.179	0	0.179	0	0.179	0.357	0	0.179	0	0.179	0.357	0	0.357	0.357	0	0	0.179	0.179	0.357	0	0.179	0.357	0.179	0.179	0	0.179	0	0	0.357	0.357	0.357	0.179	0	0.179	1.25	0.536	0.179	0	0.357	0	0	0	0	0	0	0	0	0.179	0	0.357	0	1.25	0.536	0	0	0	0	0.357	0	0	0.179	0	0.179	0.357	0.357	0.179	0.357	0	0.179	0.357	0.536	0.536	0.179	0.714	0.196	0.697	0.536	0.536	1.072	0.777	1.366	1.25	0.893	0.536	0.179	0	0	0	0	0	0	0	0.179	0	0	0	0	0	0.179	0	0	0	0.179	0.357	0.893	1.607	1.786	3.215	1.429	0.179	0.179	1.072	0.714	0.714	1.786	1.25	1.786	0	0.179	0.179	0	0.179	0.714	0.357	0.179	1.072	0.893	0.714	0.714	0.536	1.607	1.072	1.786	1.072	1.25	1.429	1.429	3.036	0.714	0.536	0	0.536	0.179	0	0.357	0.536	0.179	0.357	0	0.893	0	0	0.179	0.357	0.536	0.536	0.179	0	0.179	0	0.179	0.357	0	0	0.357	0	0	0	0	0	0	0.357	0.536	0	0	0.179	0.893	0	0	0.714	0.357	0	0	0.357	0	0	0.179	0	0.893	50:60,105.85:200,50:80
Zc3h15-NM_026934	0	0	0	0	0	0	0	0	0	0	0	0	0	0	0	0	0	0	0	0	0	0	0	0	0	0	0	0	0	0	0	0	0	0	0	0	0	0	0	0	0	0	0	0	0	0	0	0	0	0	0	0.179	0	0.179	0	0	0	0.179	10.001	9.644	6.251	0.179	1.965	3.215	1.25	0.536	0	0	0.179	0.536	1.072	1.607	1.429	0	0.357	0.179	0	0.536	0.357	0.714	0.179	0	0	0	0.357	0	0	0	0.714	0.536	0.179	0	0.256	0.28	0.714	0.179	0.536	0.179	0	0.179	0.893	0.57	0.145	0.536	0.357	0.893	1.072	0.357	0.179	0	0	0.357	0.179	0.714	0.536	0.357	0.357	0.357	0	0	0	0.179	0	0	0.179	0	0	0.179	0	0.536	0	0	0	0.179	0.357	0.357	0.179	0.536	0	0	0.179	0.179	0	0	0	0	0.357	0.536	0	0.179	0.179	0.536	0	0.357	0.357	0.357	0	0.179	0	0	0.536	0	0	0	0.179	0.179	0.179	0.179	0	0	0	0.357	0.179	0.536	0	0.893	0.357	0.357	0.536	0.714	0.357	0	0	0.357	0	0.179	0	0	0	0	0.357	0.357	0	0.179	0.357	0	0.179	0.893	0	0.179	1.072	0	0	0	1.25	0	0.357	0.357	0	0.714	0.536	0.179	0	0	0	0	0	0	0.179	0.357	0.179	0	0.179	0.536	0	0.179	0	0.179	0.179	1.072	0	0	0.357	0	0.357	0.357	0.357	0.179	0.179	0.357	0.179	0.179	1.607	2.143	2.5	0.357	0.179	0	0.179	0.536	0.179	0.179	0	0	0	0	0	0.357	0	0	0	0	0	0	0	0	0	0	0	0	0	0	0	0	1.072	0.179	0	0	0	0.179	0.179	0	0.179	0	0.179	0.357	0	0.357	0	0	0	0	0	0	0.179	0.536	0	1.429	0	0.714	0.179	0.179	0.179	0	0	0	1.25	0	0	0	0	0.179	0.357	0	0	0.179	0	0.536	0	0.179	0	0	0	0.357	0.179	0.357	0.179	0.179	0.357	0.357	1.072	0.357	0.714	0.179	0.179	0.179	0.714	0.179	0	0	50:60,100.195:200,50:80
Zcchc8-NM_027494	0	0	0	0	0	0	0	0.357	0	0	0	0.357	0	0	0	0	0	0	0	0.357	0	0.179	0.179	0	0	0	0	0	0	0	0	0	0.179	0	0.357	0	0	0	0.179	0.357	0	0	0	0	0	0	0	0.357	0	0	0	0.179	0	0	0.179	0	0	0.536	0	0.179	282.719	257.712	0.919	5.153	0	0.536	1.072	0	0.357	0.179	0.179	0	0.357	0.179	0	0	0.893	0.179	0.179	0.179	0.179	0	0	0	0	0.179	0.179	0.893	0.179	0.179	0	0	0	0	0.179	0.179	0.179	0	0	0	0	0	0	0	0	0.179	0	0.179	0	0	0	0	0	0.179	0	0.179	0	0	0	0	0.357	0	0.179	0.357	0.179	0.179	0	0	0.179	0.179	0	0	0	0	0.179	0.179	0	0	0	0	0.536	0.179	0.179	0.357	0.536	0.357	0	0.357	1.072	0	0	0.179	1.25	0.714	0.179	0.357	0.536	0	0	0.179	0	0.179	0	0	0.179	0.357	0	0.536	0.714	0	0	0.893	0	0.179	0	0	0.179	1.072	0.357	0	0.179	0	0.536	1.429	0.714	0.536	0	0	0	0	0	0.357	1.072	0.357	1.25	1.786	1.786	1.429	1.786	0	0.179	0.893	1.429	0.714	0.357	0	1.072	0.893	1.786	0.179	0	3.751	0.536	0.179	1.072	0.714	1.786	0	1.25	1.965	1.786	0.179	2.858	1.25	3.929	2.858	0.536	1.072	0.179	0.357	0	2.858	2.322	3.393	3.215	0.714	0.714	2.858	2.5	5.894	6.251	11.787	12.502	6.429	2.5	1.429	0	1.429	3.036	3.215	0.536	3.393	2.5	4.643	2.322	1.072	2.858	5.638	2.399	3.572	0.357	0	0	0.536	0	0.179	1.965	1.965	1.786	3.751	3.751	3.215	2.858	2.5	1.786	1.786	1.786	1.607	0.893	1.607	1.25	4.108	1.429	0.179	0	0.179	0.536	1.429	1.607	0.714	0.714	0	0	1.429	1.072	0.179	0.357	0	0	0	0	0	0	0	0	0	0	0.179	0	0	0	0.714	0.179	0.536	0.179	0	0	0	0	0	0	0	0	0.714	0.536	0.179	0.179	0	0	0.536	0.536	0.357	0.357	0.536	0	0.179	1.429	1.072	0.536	0.179	50:60,113.715:200,50:80
Zfp12-NM_001289589	0	0	0	0	0	0	0	0	0	0	0	0	0	0	0	0	0	0	0	0	0	0	0	0	0	0	0	0	0	0	0	0	0	0	0	0	0	0	0	0	0	0	0	0	0	0	0	0	0	0	0	0	0	0	0	0	0	0	0	1.607	33.576	1.965	1.072	0.179	0.714	11.637	2.115	0	0.357	0	0	0	0.179	0	0	0	0	0.179	0.179	0	0	0.357	0	0	0	0	0.179	0	0.357	0	0	0	0	0	0	0	0	0	0	0	0	0	0	0	0	0	0	0	0.179	0	0	0	0	0.179	0	0	0	0	0	0	0	0	0	0	0	0	0.179	0	0	0	0	0	0	0.357	0	0	0	0	0.179	0.179	0	0	0	0.179	0.536	0.179	0	0.536	0	0	0	0	0	0	0	0	0	0	0	0	0.179	0	0	0	0	0	0.179	0	0	0.357	0	0	0	0.179	0	0.179	0.179	0.357	0.179	0	0.179	0	0	0	0.357	0	0.179	0	0.179	0	0	0	0	0.179	0.357	0.357	0.179	0	0.179	0	0	0.179	0	0.179	0	1.25	0	0	0	0.536	0.179	0.486	0.05	0.357	0.536	0.179	1.607	0	0.179	0.179	0.357	0.893	0.179	0.536	0.536	0.536	0	0	0.893	0	0.357	0.179	0.179	0.179	1.072	0	1.072	0.893	0.714	0.536	0	0.536	1.25	2.365	0.493	0.707	0.543	0.536	0	0.893	0	0.179	0.893	1.786	0.714	0.714	0.357	0.357	0.536	0.893	0	0	0.714	1.25	0.179	0.357	0.179	0	0	0	0.357	0.357	0	1.072	0	0.179	0	2.5	1.25	0.893	0.714	0.893	0.714	0.714	1.25	1.072	1.607	1.25	0	0	0	0.357	0.536	0	0.893	0.536	0.893	0.179	0	0.357	0	0	0.357	0.179	0.357	0.714	1.429	0.893	0.179	0.893	0.536	1.25	0.357	0	0	0.357	0.357	0	0.357	0.179	1.072	0.179	0.357	1.429	0.714	0.536	0.179	0.714	0.179	1.786	0	0	0.357	0.357	0.179	0.536	0.357	0.536	0.179	0	50:60,68.36:200,50:80
Zfp207-NR_156116	0	0	0	0	0	0	0	0	0	0	0	0	0	0	0	0	0	0	0	0	0	0	0	0	0	0	0	0	0	0	0	0	0	0	0	0	0	0	0	0	0	0	0	0	0	0.179	0.357	0.179	1.072	2.322	0	0.893	0	0.179	0	0	0	0	0	0	901.713	31.96	16.542	14.185	11.984	9.082	7.528	4.786	4.858	9.466	1.786	5.179	2.679	1.429	1.54	5.068	0.179	0.179	1.786	0	3.393	1.965	0.536	0.893	1.072	0.893	4.286	2.143	3.215	1.786	3.751	0.536	2.143	3.393	0.893	1.072	2.858	4.643	1.072	1.072	2.143	1.072	0.536	0	2.322	0.179	0	0.179	2.858	1.429	0.357	0.179	0.893	1.25	2.009	2.456	0.714	0	0.536	0	0	0.697	0.554	0.536	0	0.357	0.714	0.714	0.893	2.858	0.536	0.893	1.072	1.429	1.965	0.179	0.536	0.357	1.607	1.429	4.108	0	0.179	2.5	0.893	1.072	0.179	1.464	1.214	0.536	2.143	3.876	0.411	0	0	4.465	1.786	2.5	0.536	0	0.179	0.357	0.714	1.607	0.357	0.357	0	0.536	0.179	0.357	0.714	0	0	0.893	1.072	0.714	1.965	1.786	4.108	5.894	1.25	0.357	0.893	0.179	0.893	0.357	1.429	0	0	0.893	0.536	0.893	0.536	0.893	0.714	1.607	1.607	0.714	2.237	5.443	0	2.679	4.947	3.447	1.25	2.5	0.893	5.411	4.59	0.536	0.357	0.357	0.714	3.751	2.322	1.786	5.894	0.357	1.429	0.179	1.429	5.358	5.523	3.585	0	0.714	0.714	0.714	1.072	0	1.786	1.197	2.197	1.607	2.143	1.965	3.215	0.536	1.25	5.536	0.714	2.858	1.786	1.607	4.108	2.322	1.786	2.5	2.143	0.58	1.384	1.072	0.536	1.607	2.344	7.657	1.25	5.715	1.79	0.71	0.536	0	0.536	3.036	0	0.714	0.179	0.357	1.607	5.715	0.179	0.357	3.215	1.072	0.357	0.893	4.108	9.466	5.894	1.786	1.072	0.893	1.429	0.179	3.393	1.072	6.787	14.288	17.145	10.18	5.179	0	0.536	0.536	6.429	0.536	0	0	1.072	5.179	4.643	11.43	1.25	0.357	0.893	0	0	2.5	3.572	1.429	1.072	2.322	2.5	5.001	1.429	6.965	4.643	2.679	2.322	0.179	2.143	6.965	0	1.072	5.001	2.322	5.358	1.25	5.536	3.572	8.215	1.607	1.786	4.643	6.251	1.786	2.322	0.893	0.536	2.858	50:60,112.975:200,50:80
Zfp330-NM_001368343	0	0	0	0	0	0	0	0	0	0	0	0	0	0	0	0	0	0	0	0	0	0	0	0.179	0	0	0	0	0	0	0	0	0	0	0	0	0	0	0	0	0	0	0	0	0	0	0.357	0	0	0	0.179	0.179	0	0	0	0	0	0	0.357	11.966	39.291	7.501	7.322	0.536	2.858	0.893	0.264	1.029	1.029	0	0.714	0.657	0.414	0.536	0.536	0	0.179	0.179	0	1.25	0.714	0.179	0	0	0.714	0	0	0	0.179	0.357	0	0	0.179	0	0	0.179	0	0	0.357	0.893	1.072	0.893	1.25	0.714	0.5	0.036	0.357	0.357	0	0	0.357	0	0	0	0	0.179	0	0	0	0	0	0	0	0.179	0	0	0.179	0.357	0	0	0	0.179	0	0.179	0.714	0	0	0	0	0.357	0.357	0.179	0	0.179	0	0	0.179	0.179	0.179	0.179	0	0	0	0.179	0	0	0.179	0	0	0.179	0	0	0.179	1.072	0.179	0	0.536	0.536	0.536	0	0.357	0	0	0	0.179	0.179	0	0	0.179	0	0	0.357	0.179	0.179	0.179	0	0	0.343	0.729	0	0	0.179	0	0.357	0	0.179	0.357	0	0	0	0	0	0.179	0	1.25	0	0	0	0	0.357	0	0.179	0.357	0	0.893	0.179	0.536	0.357	0.179	0.179	0.179	0.179	0.179	0	0.179	0	0.357	0.179	0.179	0	0.536	0.179	0.179	0	0	0	0	0	0	0.357	0.536	0.536	0.714	0.357	0.536	0	0	0	0	0	0	0.179	0	0	0	0	0	0	0	0	0.179	0.714	0.357	0	0.179	0.536	1.429	2.143	0.893	0.893	1.786	3.929	1.429	1.25	1.072	1.607	3.929	1.429	2.322	0.893	3.036	3.036	1.25	1.786	1.072	1.072	3.751	1.607	2.679	0.536	0.179	0.714	0	0	0.357	0.714	2.858	3.393	1.072	0.714	0	0.179	0	0.179	0.357	0.536	0	0.893	0	0.893	0.714	0.179	0	0.357	0.714	2.143	1.429	0.179	0.714	0.179	0	0	0.357	0.357	0	0.179	0.179	0.357	0.179	0.893	0	0	0.179	0	0	0	0	0	0	0.357	50:60,52.64:200,50:80
Zfp33b-NM_001346671	0	0	0	0	0	0	0	0	0	0	0	0	0	0	0	0	0	0	0	0	0	0	0	0	0	0	0	0	0	0	0	0	0	0	0	0	0	0	0	0	0	0	0	0	0	0	0	0	0	0	0	0	0	0	0.179	0	0	0	0	0	0.893	0.357	0	0	0	0	0	0	0	0	0	0	0	0	0	0	0	0	0	0	0.536	0	0	0	0	0	0.357	0	0	0	0	0	0	0	0	0	0	0	0	0	0	0.179	0	0	0	0	0	0	0.179	0	0	0	0	0.179	0	0.536	0.179	0.179	0	0	0	0	0	0	0	0	0	0.179	0	0	0	0	0	0	0	0	0	0	0	0	0	0	0	0	0.357	1.072	0.179	0	1.607	0.536	0.357	0	0	0	0	0	0	0	0	0	0	0	0	0	0	0	0	0.179	0	0	0	0	0	0	0	0	0	0	0	0	0	0	0	0	0	0	0	0	0	0	0	0	0	0	0	0	0	0	0	0	0	0	0	0	0	0	0	0	0	0	0	0	0	0	0.179	0	0	0	0	0	0	0	0	0	0	0	0	0	0	0	0	0	0	0	0	0	0	0.179	0	0	0	0	0	0.357	0	0	0	0	0.179	0	0.588	0.126	0.179	0	1.607	0.893	0	0	0	0	0.179	0	0	0.179	0	2.143	1.25	0	1.429	4.108	4.644	1.072	0.536	0.714	0	0	0.357	1.25	0.357	1.25	0.357	0.179	0.536	1.429	3.751	4.822	1.072	9.466	1.072	1.072	3.572	2.322	0.179	0.179	1.072	1.072	0.357	0.179	0	0.357	0.179	0.536	2.858	0	1.965	0	0.714	0.714	0.714	1.965	0.357	0.179	0.179	0.714	0.893	1.25	2.5	0	0	0.179	1.429	0.179	0	0.179	0.179	2.143	0.536	0.357	1.25	1.25	0.893	0.179	0	0.357	0	0	0.179	0	0	0.179	50:60,64.745:200,50:80
Zfp385b-NM_001113399	0	0	0	0	0	0	0	0	0	0	0	0	0	0	0	0	0	0	0	0	0	0	0	0	0	0	0	0	0	0	0	0	0	0	0	0	0	0	0	0	0	0	0	0	0	0	0	0	0	0	0	0	0	0	0	0	0	0	0	0	0.179	0	0	0	0.179	0	0	0	0.357	0.179	0	0	0	0	0	0	0.357	0.357	0	0	0.179	0	0	0	0	0	0.179	0	0	0	0	0	0.536	0	0.179	0.179	0	0	0	0	0	0	0	0	0	0.179	0.179	0	0.179	1.072	0	0	0	0.179	0	0	0	0	0	0	0.179	0	0	0.179	0	0	0.536	0	0	0	0	0	0	0	0	0	0	0	0	0.714	0	0	0	0	0	0.179	0	0	0	0.179	0	0	0	0.536	0.357	0	0.179	0.179	0	0	0	0	0	0.179	0	0	0.179	0	0.179	2.858	0	0	0	0	0	0	0	0	0	0.179	0.179	0	0.357	0	0.179	0.714	0	0	0	0	0	0	0	0	2.5	0.179	0	0	0.179	0	0	0.179	0	0	0	0	0	0	0.179	0	0	0.179	0.179	0	0	0	0	0.179	0	0	0	0	0	0	0	0.357	0	0.179	0	0	0	0	0.179	0	0	0	0	0.179	0	0	0.357	0	0	0	0	0.179	0.179	0	0	0	0	0	0	0	0	0	0	0.357	0.714	2.858	0	0	0	0	0	0	0	0	0	0	0	0	0	0	0	0	0	0.179	0.179	0.179	0	0	0	0	0	0	0	0	0	0	0	0	0	0	0	0	0	0	0	0	0	0	0	0	0	0	0	0	0	0	0	0	0	0	0	0	0	0	0	0	0.179	0	0	0	0	0	0	0	0	0	0	0	0	0	0	0	0	0	0	0	50:60,1463.205:200,50:80
Zfp385b-NM_178723	0	0	0	0	0	0	0	0	0	0	0	0	0	0	0	0	0	0	0	0	0	0	0	0	0	0	0	0	0	0	0	0	0	0	0	0	0	0	0	0	0	0	0	0	0	0	0	0	0	0	0	0	0	0	0	0	0	0	0	0	1.072	0	0	0	0	0	0	0.179	0.179	0	0	0	0.179	0	0	0.179	0	0	0	0	0.179	0	0	0.179	0.179	0.357	0.179	0.179	0	0.179	0.179	2.143	0.357	0	0.179	0.179	0	0	0	0	0	0	0.179	0	0	0	0	0.357	0.179	0.179	0	0.179	0.357	0.179	0	0.179	0	0	0	0.179	0	0	0.536	0	0	0	0	0.357	0.357	0	0	0.179	0	0	0.179	0	0	0	0	0.536	0.179	0.179	0	0	0	0	0	0	0.179	0.179	0	1.25	0	0	0.179	0	0	0	0	0.179	0	0.179	0	0.536	0	0	0	0	0	0	0	0	0.179	0.536	0	0	0	0.179	0	0	0.179	0	0	0.714	0.179	0.179	0.179	0	0	0	0.179	0	0.179	0	3.036	0	0	0	0	0	0	0	0.179	0.179	0.357	0.179	0.714	0	0	0	0	0	2.5	0.179	0	0.179	0	0	0.179	0	0	0	0.179	0	0.179	0.179	0	0	0	0.179	0	0	0	0	0	0.357	0.179	0	0	0.179	0	0	0	0	0.179	0.179	0.179	0	0	0.179	0.179	0	0	0	0	0	0	0	0.536	3.393	0	0	0	0	0	0	0	0	0	0	0	0	0	0	0	0	0	0.179	0.179	0.179	0	0	0	0	0	0	0	0	0	0	0	0	0	0	0	0	0	0	0	0	0	0	0	0	0	0	0	0	0	0	0	0	0	0	0	0	0	0	0	0	0.179	0	0	0	0	0	0	0	0	0	0	0	0	0	0	0	0	0	0	0	50:60,2030.925:200,50:80
Zfp467-NM_020589	0	0	0	0	0	0	0	0	0	0	0	0	0	0	0	0	0	0	0	0	0	0	0	0	0	0	0	0	0	0	0	0	0	0	0	0	0	0.179	0	0	0	0	0	0	0	0	0	0	0	0	0	0	0	0.179	0	0	0	0	0	0.179	0	0.536	0	0	0	0	0	0	0	0	0	0	0	0	0	0	0.179	0.03	0.505	0	0	0.357	0.357	0.179	0	0	0	0	0	0	0	0	0	0	0	0	0	0.179	3.215	0.536	0.714	0.357	0	0	0	0.179	0	0.357	0	0	0.179	0	0	0	0	0	0	0	0	0	0	0	0	0	0	0	0	0	0	0	0	0	0	0	0	0	0	0	0	0	0	0	0	0	0	0	0	0	0	0	0	0	0	0	0	0	0	0	0	0	0	0	0	0	0	0	0	0	0	0	0	0	0	0	0.179	0	0	0	0	0	0	0	0	0	0	0	0	0	0	0	0	0	0	0	0	0.357	0	0	0	0	0.179	0	0.179	0	0.179	0	0	0	0	0	0	0	0	0.179	0	0	0	0	0	0	0	0	0	0	0.179	0.179	0	0	0	0	0	0.179	0	0	0	0.179	0.179	0	0.536	0	0.357	0	0	0.536	0	0	0	0	0.179	0.357	0.179	0.179	0	0	0	0	0	0	0	0	0.179	0	0	0	0	0	0	0	0.357	0	0.357	0	0.893	0.179	0.179	0.536	0	0	0.179	0.179	0.536	0.179	0	0.179	0	0	0.179	0	0	0	0	0	0	0	0	0	0	0.179	0	0	0.179	0	0.179	0.179	0	0.179	0	0	0	0	0	0	0	0.357	0	0	0	0	0	0	0	0	0	0	0	0	0.179	0	0	0	0	0	0	0	0	0	0	0	0	0	50:60,46.065:200,50:80
Zfp609-NM_172536	0.536	0.536	0.179	1.072	0	0.357	0.179	0.357	1.607	1.607	0.714	0.357	0.179	0	0	0	0.357	0.357	0.357	1.607	0.179	1.786	1.25	0	0.357	1.429	0.536	2.5	2.322	0.179	0.714	2.143	0.536	2.5	1.25	3.929	3.929	6.787	5.894	9.466	4.286	5.358	2.679	1.25	0.357	0.893	0.536	1.072	1.429	0	0	0.179	0.179	0.714	0	0	0.179	0	0	1.607	19.646	3.751	0.536	0.714	1.607	0.714	0	0.536	0.357	0.536	1.25	0.179	0.536	0.714	1.072	0.357	1.25	0.893	0.893	1.25	0.714	0.714	1.429	0.893	0.536	0.893	0.536	0.714	1.072	1.072	0.714	2.143	2.143	1.429	1.429	1.25	1.965	2.858	1.429	3.393	3.572	2.5	1.429	3.215	4.822	2.143	4.822	0.714	6.072	10.894	7.322	5.001	8.394	10.18	2.5	3.572	10.18	6.965	6.608	11.966	8.215	2.858	13.93	10.716	6.608	9.287	5.536	6.787	4.286	10.001	8.573	9.287	6.251	5.536	12.145	11.609	7.144	4.283	7.326	2.858	5.001	6.787	8.751	5.358	2.858	11.477	4.776	10.894	11.609	8.573	3.393	3.036	6.072	6.608	4.108	7.858	7.68	11.073	3.588	4.092	10.716	6.965	4.108	7.68	6.965	6.608	4.465	1.429	4.465	2.858	5.536	8.573	3.751	8.93	4.465	4.822	9.108	3.572	2.679	7.001	6.215	5.536	3.572	5.536	5.715	3.036	3.751	5.536	3.572	3.09	7.09	8.751	5.179	6.787	5.179	2.679	8.751	6.072	10.716	4.108	2.322	5.715	4.643	4.286	3.929	4.465	4.822	1.965	4.465	2.143	3.393	2.5	1.965	1.25	3.215	8.751	4.108	2.858	3.215	3.393	1.786	3.929	1.429	2.5	1.607	1.786	3.036	2.5	0.714	1.607	3.751	7.68	2.322	7.322	3.036	3.572	5.001	2.679	4.108	1.429	2.143	6.251	7.238	10.264	10.716	10.18	15.538	22.146	18.753	5.536	10.682	8.964	5.179	11.073	16.333	10.635	17.145	11.966	19.467	10.359	0	0	0.179	0.357	0.536	1.786	2.5	0.714	0.893	0	0.179	0	0	1.965	2.322	2.679	4.465	3.215	0	0.179	0.179	1.072	2.322	0.357	0.893	0.893	0.536	0	0	0	0	0	0	0	0	0	0	0	0.179	0	0	0	0	0	0	0	0	0	0	2.322	1.25	3.751	2.143	0.536	0	0.179	1.965	0.357	0.714	0.893	2.143	1.786	0	0	1.072	1.072	0.893	1.607	1.072	0.357	0	0.179	0	0	0.357	0.357	0.179	0.179	0.179	0.714	50:60,679.91:200,50:80
Zfp637-NM_001346652	0	0	0	0	0	0	0	0	0	0	0	0	0	0	0	0	0	0	0	0	0	0	0	0	0	0	0	0	0	0	0	0	0	0	0	0	0	0	0	0	0	0	0	0	0	0.357	0	0	0	0	0	0	0	0.179	0	0	0	0	0.357	5.894	6.787	1.25	0	0.179	0.179	1.25	0.179	0.536	0	0.179	0	0.357	0	0	0	0	0	0	0.179	0	0.179	0.536	0.179	0	0.179	0	0	0	0	0	0	0	0	0	0	0	0	0	0	0	0	0	0	0	0	0	0	0	0	0	0	0	0	0	0	0	0	0	0	0.179	0	0	0	0	0.179	0	0	0	0	0	0	0	0	0	0	0	0	0	0	0	0	0	0	0	0	0	0	0	0	0	0	0	0	0	0	0	0	0	0.179	0	0	0	0	0	0.179	0	0	0	0	0	0	0	0	0	0	0	0.179	0	0	0	0	0	0	0	0	0	0	0.179	0	0	0	0	0	0	0	0	0	0	0	0	0	0	0	0	0	0	0	0	0	0	0	0	0	0	0	0	0	0	0	0	0	0	0	0	0	0	0	0	0	0	0	0	0	0	0	0	0	0	0	0	0	0	0	0	0	0	0	0	0	0	0	0.179	0	0	0	0.179	0	0	0	0	0.179	0	0	0	0	0.179	0	0	0	0.179	0.179	0.714	0	0	0	0	0	0.357	0.714	0.357	0	0.179	0.179	0	0	0	0	0	0	0	0	0	0	0	0	0	0	0	0	0	0	0	0	0	0	0	0	0	0.357	0	0	0	0	0	0	0	0	0	0	0	0	0.179	0	0	0	0	0	0	0	0	0.179	0	0	0	0	0	0.357	0	0	0	50:60,23.415:200,50:80
Zfp668-NM_001362189	0.179	0	0	0	0	0.179	0.179	0	0	0	0	0	0	0	0	0	0	0.179	0	0	0	0	0	0	0	0	0	0	0	0	0	0	0	0	0	0	0	0	0	0	0	0	0	0	0	0.179	0	0	0	0.179	0	0	0	1.25	3.215	2.322	0.357	0	0	40.72	275.395	6.429	3.751	34.912	6.344	1.429	0.357	1.429	2.5	6.001	1.679	0.357	0.714	0.507	10.012	13.591	0.357	1.072	0.179	1.072	2.679	0.179	0	0.179	0	0.357	0.179	0.536	0.179	0.893	0.179	0	0.357	0	0	0.179	0.179	0.179	0	0	0	0	0.179	0	0.179	0	1.072	1.429	4.643	1.429	1.786	0	0	0.536	0.179	0.357	0.536	0.179	0.179	0.536	0.536	1.072	0.357	0.179	0.893	0.714	0	0	0	0	0	0	0	0.357	0.357	0.357	0.536	0.714	0	0.179	0.179	0.714	1.25	0.536	2.143	3.393	0.357	1.3	0.307	0.714	0.179	2.322	0	1.543	1.314	1.429	1.607	0.536	0	3.215	1.965	1.072	1.965	0.714	0.357	0.714	0.179	0.536	0	0	0	0.179	1.786	2.65	3.065	1.607	3.215	2.35	5.329	0.536	0.536	0.179	0.893	1.429	2.5	1.607	0.536	1.607	3.929	11.787	0.893	0.179	0.889	1.254	1.786	2.679	3.929	1.786	1.429	2.143	6.429	0.536	0.357	0.714	0	2.143	2.322	1.786	2.143	0	1.072	0.893	0.536	0.714	3.215	0.179	0.714	0.179	0	1.25	0.654	0.775	0.714	0.357	0.536	0	0.357	0.179	0	0.714	0	0.357	0.179	0	0.179	0.179	0	0.179	0	0	0.536	0	0	0	0	0.357	0	0	0	0.071	0.107	0	0.179	0	0	0	0	0	0.179	0	0	0	0.536	0.179	0	0	0.179	0	0	0	0	0	0	0.179	0	0	0	0	0	0	0	0	0	0	0.179	0	0.179	0	0	0	0	0	0	0	0.179	0	0	0	0.179	0	0	0	0	0	0	0	0.179	0	0	0	0	0	0	0	0	0	0.179	0	0	0.179	0	0	0.179	0.714	0.179	0	0.357	0.357	0	0	0	0.179	0	0	0	0	0	0	0	0	50:60,79.06:200,50:80
Zfp691-NM_183140	0	0	0	0	0	0	0	0	0	0	0	0	0.179	0	0	0	0	0	0	0	0	0	0	0	0	0	0	0	0	0	0	0	0	0	0	0	0	0	0	0	0	0	0	0	0	0	0	0	0	0	0	0	0.893	21.074	21.253	2.858	0.179	0	0	3.572	8.161	0.769	0	0	0	0	0	0	0	0	0	0.179	0	0	0	0.179	0	0	0	0	0	0	0	0	0	0	0	0	0	0	0	0	0	0	0	0	0	0	0	0	0	0	0	0	0	0	0	0	0	0	0	0	0	0	0	0	0	0	0	0	0	0	0	0	0	0	0	0	0	0	0	0	0	0	0	0	0	0	0	0	0	0	0	0	0	0	0	0	0	0	0	0	0	0	0	0	0	0	0	0	0	0	0	0	0	0	0	0	0	0	0.179	0	0	0	0	0	0	0	0	0	0	0	0	0.032	0.146	0	0	0	0	0	0	0	0	0	0	0	0	0	0	0	0	0	0	0	0	0	0	0	0	0	0	0	0	0	0	0	0	0	0	0	0	0	0	0	0	0	0	0	0	0	0	0	0	0	0.179	0	0	0	0	0	0	0	0	0	0	0	0	0	0	0	0	0	0	0	0	0	0	0	0	0.179	0.179	0	0	0.179	0	0.536	0	0.357	0	0.179	0	0.179	0.357	0	0	0	0	0	0	0.179	0	0	0	0.179	0.179	0.179	0	0	0	0	0	0.536	0	0	0	0	0	0	0	0	0	0	0	0.179	0	0.179	0.179	0	0	0	0	0	0	0	0	0	0	0	0	0.179	0	0	0	0	0	0	0.179	0	0	0	0	0	0	0	0	0	0	0	0	0	50:60,21.695:200,50:80
Zfp78-NM_001112805	0	0.179	0	0	0	0	0	0	0.179	0	0	0	0	0	0.536	0.179	0	0	0	0	0	0	0	0	0	0	0	0	0	0	0	0.179	0.179	0	0	0	0	0	0	0	0.179	0	0	0	0.179	0.357	0.357	0.179	0	0	0	0	0.179	0	0	0.536	0.714	0.714	0.179	0.714	11.163	10.447	0.714	0	0	0	0	0	0.179	0	0	0	0	0	0	0	0	1.088	5.52	0.357	0	0	0	0	0.179	0	0.179	0	0	0	0	0	0	0	0	0	0	0.179	0	0.179	0	0.357	0	0	0	0	0	0	0	0	0	0	0.536	0	0	0	0	0	0.179	0	0	0	0	0	0	0	0	0	0.536	0	0	0	0	0	0	0	0.179	0	0	0	0	0	0	0	0	0	0	0	0	0	0	0	0	0	0	0.179	0	0.357	0	0	0	0.179	0	0	0.357	0.179	0	0	0	0	0	0	0	0	0	0	0	0	0	0	0	0	0	0	0	0	0	0	0	0	0	0	0	0	0	0	0.179	0	0	0	0.179	0	0	0	0.179	0	0	0	0	0	0.179	0	0.179	0.179	0	0	0.179	0	0	0.179	0.179	0.179	0.536	0	0	1.011	0.239	0	0.714	0	0.179	0	0.357	0.536	0.536	0.179	0.179	0	0.536	1.965	0	0	0.179	1.072	1.25	1.429	0.536	0.357	0.179	0.179	0	0.179	0	0.179	0.357	1.607	0.357	0.536	1.517	0.805	0.179	0.179	0	0	0.357	0	0	0	0.357	0.179	0	0	0	0.179	0.357	0.536	0.714	1.607	0	0.893	0	0	0	0	0	0	0	0	0	0.179	0	0	0	0	0	0	0	0	0	0	0	0	0	0	0	0	0	0	0.179	0	0	0	0	0	0	0	0.179	0.179	0	0	0	0.179	0	0	0	0	0	0	0	0.179	0	0	0	0	0	0	0	0	0	0	50:60,96.505:200,50:80
Zglp1-NM_001103168	0.357	0	0	0.357	0.179	0	0	0.179	0	0.179	0	0	0	0.357	0	0.893	0.893	0.893	0.179	0.714	0.714	1.072	0	0	0	1.429	2.5	0.179	0	0.179	0.536	0.179	1.25	1.607	4.286	0.536	1.429	1.429	1.429	0	0	0.179	0.357	0.357	0.179	0.357	0.179	0.357	0	0	0	0	0.179	0.179	0.179	0.357	0	0.179	0	1.072	0.893	0.536	0.357	0	0	0.363	0.888	0.007	0.529	0.179	0.536	0.357	0.179	0.179	0	0.179	0.179	0.536	0	0.714	0.179	0	0.179	0	0	0	0	0	0	0	0	0.357	0	0	0	0	0	0	0	0	0	0.179	0	0.179	0	0	0	0	0	0	0	0	0.357	0.179	0.179	0	0	0	0	0	0	0	0	0	0	0	0	0	0	0	0	0	0	0	0	0	0	0	0	0	0	0	0	0.179	0	0	0	0	0	0	0	0.179	0	0	0	0	0	0	0	0	0	0	0	0.179	0	0	0	0	0	0	0	0	0	0	0	0	0	0	0	0	0	0	0	0	0	0	0	0	0	0	0	0	0	0	0	0	0	0	0	0	0	0.179	0	0	0	0	0	0	0	0	0	0	0	0	0	0	0	0	0	0	0	0.179	0	0	0	0	0	0.179	0	0.179	0	0	0	0	0	0	0	0	0	0	0	0	0	0	0	0	0	0.179	0	0	0	0.179	0	0	0	0	0	0	0	0	0	0	0	0	0.179	0	0.357	0	0	0	0	0	0	0	0	0	0.179	0.179	0	0.357	0	0	0	0	0	0	0	0	0	0	0	0	0	0	0	0	0.357	0	0	0.179	0	0	0	0	0	0	0	0	0	0	0.179	0	0	0	0	0	0	0	0	0	0	0	0	0	0	0	0	0	0	0	0	0	0	0	0	0	0	0	0	0	50:60,23.505:200,50:80
Zhx2-NM_199449	0	0	0	0	0	0	0	0	0	0	0	0	0	0	0	0	0	0	0	0	0	0	0	0	0	0	0	0	0	0	0	0	0.179	0	0	0	0	0	0	0	0	0	0	0	0	0	0	0	0	0	0	0	0	0	0	0.179	0	0	0	1.429	6.935	2.531	0.179	0.179	0	0.179	0	0	0.179	0.357	0.536	1.072	1.25	0.893	1.607	1.965	0.893	0.357	0.893	1.607	1.072	0.536	0.714	0.179	0.357	0.714	0.357	1.25	0.714	0.357	0.179	0.179	0.714	1.072	0.179	0.536	1.25	0.357	0.179	1.25	1.072	0.357	0.714	1.786	0.179	1.786	0.893	1.25	0.893	0.357	0.714	0.357	0.536	0	0.714	0.536	0.357	0.893	0.893	0.714	0.893	0.536	0.893	0.714	1.965	0.893	2.322	0.714	1.072	1.786	0.536	0.893	0.357	0.536	0.179	1.786	0	0.714	1.072	0.536	0.536	0.357	0.179	0	0.357	0.357	0.357	0.179	0.714	0.357	1.072	0.536	1.25	0.714	0.893	0.714	0	0.536	0.714	0.536	0.179	1.25	1.072	1.607	0.179	0	0.357	0	0.357	0.893	0.357	0.357	0.893	1.429	0.179	0.179	0.536	0.357	0.179	0.357	0.893	1.786	0.536	0.357	0.714	0.536	0.179	1.429	0.893	0.179	0.357	0.893	0.714	1.965	1.429	4.465	1.25	0.536	0.714	0.536	0.179	0.179	0.179	1.072	0.714	0.714	0.893	0	0.357	0.357	0.357	0.893	0.536	0.357	0.536	0.893	0.357	0.179	0.714	0.536	0.536	0.357	0.357	0.714	0.536	0.714	0	0.536	0.536	0.357	0.893	0.357	0	0.893	1.429	0.893	0.893	4.286	0.893	1.429	1.965	0.536	1.429	0.179	1.25	1.072	2.143	0.179	1.25	1.072	0.893	1.072	1.25	0.893	1.429	1.072	0.357	1.25	0.893	1.25	0.357	0	0	0	0	0	0	0.179	0.179	0	0.179	0.357	0.893	0.179	0	0	0	0.179	0.179	0	0	0	0	0	0.179	0	0	0.179	0	0	0	0.179	0	0	0.179	0.357	0	0	0	0	0	0	0	0	0.179	0	0	0	0.179	0	0.179	0	0	0	0	0	0	0	0.179	0.357	0	0	0	0	0	0	0	0.179	0	0	0	0	0	0	0	0	0	0	0	0	50:60,725.83:200,50:80
Zpld1-NM_178720	0	0	0	0	0	0	0	0	0	0	0	0	0	0	0	0	0	0	0	0	0	0	0	0	0	0	0	0	0	0	0	0	0	0	0	0	0	0	0	0	0	0	0	0	0	0	0	0	0	0	0	0	0	0	0	0	0	0	0	0	0.179	0	0	0	0	0	0	0	0	0	0	0	0	0	0	0	0	0	0	0	0	0	0	0	0	0	0	0	0	0	0	0	0	0	0	0	0	0	0	0	0	0	0	0	0	0	0	0	0	0	0	0	0	0	0	0	0	0	0	0	0	0	0	0	0	0	0	0	0	0	0	0	0	0	0	0	0	0	0	0	0	0	0	0	0	0	0	0	0	0	0	0	0	0	0	0	0	0	0	0	0	0	0	0	0	0	0	0	0	0	0	0	0	0	0	0	0	0	0	0	0	0	0	0	0	0	0	0	0	0	0	0	0	0	0	0	0	0	0	0	0	0	0	0	0	0	0	0	0	0	0	0	0.179	0	0	0	0	0	0	0	0	0	0	0	0	0	0	0	0	0	0	0	0	0	0	0	0	0	0	0	0	0	0	0	0	0	0	0	0	0	0	0	0	0	0	0	0	0	0	0	0	0	0	0	0	0	0	0	0	0	0	0	0	0	0	0	0	0	0	0	0	0	0	0	0	0	0	0.536	0	0	0	0	0	0	0	0	0	0	0	0	0	0	0	0	0	0	0	0	0	0	0	0	0	0	0	0	0	0	0	0	0	0	0	0	0	0	0	0	0	0	0	0	0	0	0	0	0	0	0	0	50:60,290.315:200,50:80
