ID	B1	B2	B3	B4	B5	B6	B7	B8	B9	B10	B11	B12	B13	B14	B15	B16	B17	B18	B19	B20	B21	B22	B23	B24	B25	B26	B27	B28	B29	B30	B31	B32	B33	B34	B35	B36	B37	B38	B39	B40	B41	B42	B43	B44	B45	B46	B47	B48	B49	B50	B51	B52	B53	B54	B55	B56	B57	B58	B59	B60	B61	B62	B63	B64	B65	B66	B67	B68	B69	B70	B71	B72	B73	B74	B75	B76	B77	B78	B79	B80	B81	B82	B83	B84	B85	B86	B87	B88	B89	B90	B91	B92	B93	B94	B95	B96	B97	B98	B99	B100	B101	B102	B103	B104	B105	B106	B107	B108	B109	B110	B111	B112	B113	B114	B115	B116	B117	B118	B119	B120	B121	B122	B123	B124	B125	B126	B127	B128	B129	B130	B131	B132	B133	B134	B135	B136	B137	B138	B139	B140	B141	B142	B143	B144	B145	B146	B147	B148	B149	B150	B151	B152	B153	B154	B155	B156	B157	B158	B159	B160	B161	B162	B163	B164	B165	B166	B167	B168	B169	B170	B171	B172	B173	B174	B175	B176	B177	B178	B179	B180	B181	B182	B183	B184	B185	B186	B187	B188	B189	B190	B191	B192	B193	B194	B195	B196	B197	B198	B199	B200	B201	B202	B203	B204	B205	B206	B207	B208	B209	B210	B211	B212	B213	B214	B215	B216	B217	B218	B219	B220	B221	B222	B223	B224	B225	B226	B227	B228	B229	B230	B231	B232	B233	B234	B235	B236	B237	B238	B239	B240	B241	B242	B243	B244	B245	B246	B247	B248	B249	B250	B251	B252	B253	B254	B255	B256	B257	B258	B259	B260	B261	B262	B263	B264	B265	B266	B267	B268	B269	B270	B271	B272	B273	B274	B275	B276	B277	B278	B279	B280	B281	B282	B283	B284	B285	B286	B287	B288	B289	B290	B291	B292	B293	B294	B295	B296	B297	B298	B299	B300	B301	B302	B303	B304	B305	B306	B307	B308	B309	B310	B311	B312	B313	B314	B315	B316	B317	B318	B319	B320	B321	B322	B323	B324	B325	B326	B327	B328	B329	B330	B331	B332	B333	B334	B335	B336	B337	B338	B339	B340	binSize
0610010K14Rik-NM_145758	0	0	0	0	0	0.206	0	0	0	0	0	0	0	0	0.412	0	0.206	1.442	1.442	0	0	2.266	5.562	0.618	1.236	1.236	0.618	0.618	0.412	0	0	0	0	0	0	0	0	0	1.03	0.618	0.824	0.206	0	0.412	0.412	0.206	0.412	1.442	0.206	0.206	0.206	1.03	0.618	0.206	0.206	0.206	1.648	3.09	0.824	0.824	0	1.259	2.243	0	1.648	0	0.618	1.442	0.824	1.236	0	0	0	0	0	0.206	0.412	0	0	0	0.412	0.206	0.412	2.291	6.49	6.875	5.559	1.968	2.155	2.472	0.618	0.618	0.412	0	0	0.412	0	0	0.206	0	0	0.412	0.206	0	0	0	0	0.412	0	0.412	0.206	0.206	0.206	0	0	0.206	0	0	0	0	0	0	0	0	0.206	0	0	0.206	0	0.412	0	0.618	0	0	0	0.206	0	0	0	0	0	0.206	0.206	0	0.206	0.206	0	0.173	0.239	0	0.206	0	0	0	0	0	0.618	0	0	0	0	0	0	0	0	0	0	0.206	0	0	0	0.206	0	0	0	0	0.206	0.206	0	0	0	0	0	0	0	0.206	0	0	0.206	0	0.206	0	0	0	0.206	0	0.412	0.206	0.618	0.412	0	0.206	0.412	0	0	0.412	0	0	0.349	0.269	0.206	0	0	0.097	0.109	0	0.412	0	0	0.206	0.206	0	0	0	0	0.206	0.141	0.065	0.206	0	0.206	0	0.412	0.412	0.206	0	0	0.369	0.455	0.597	0.845	0	0	0.206	0.206	0	0.574	0.25	0.206	0.824	0	0	0	0.206	0.046	0.366	0	0.412	1.442	0	1.442	1.648	1.442	2.678	0.618	0.824	0.206	0	0.412	0.206	0	0.206	0.824	0.618	0.824	0.412	0.618	0.206	0.206	0.824	0.206	0.206	0	0.206	1.854	0.824	0.206	0	0	0	0	0	0	0	0	0	0	0	0	0	0	0	0	0	0	0	0	0.412	0	0	0.412	0.206	1.442	0.824	0.206	0	0	0	0	0	0	0	0.412	0	0	0	0	0	0	0	0	0	0	0	0	0	0	0	0	0	50:60,13.555:200,50:80
0610043K17Rik-NR_040640	0	0	0	0	0	0	0	0	0	0	0	0	0	0	0	0	0	0	0	0	0	0	0	0	0	0	0	0	0	0	0	0	0	0	0	0	0	0	0	0	0	0	0	0	0	0	0	0	0	0	0	0	0	0	0	0	0	0	0	0	0	0	0	0	0	3.09	84.462	0.206	3.09	1.854	0.412	0.412	3.376	8.203	21.999	13.39	2.06	4.738	1.236	0.618	0.412	0.412	0	0.206	0.206	0.206	0.206	0.618	0.412	0.618	0	0.618	0	0.824	0	0.412	0	0	0	0.412	1.236	0.206	0	0	0.824	0.412	0.824	0.206	0.206	0.206	0.206	0.206	0	0	0.412	0	0.412	0.618	0.618	0	0.206	0	0.412	0	0.206	0	0.206	0	0	0	0.206	0.206	0.206	0.206	0	0.618	0.206	0.206	0	0	0	0	0	0.412	0.206	0.412	0	0	0	0	0	0.206	0.618	0	0.206	0.412	0.206	0	0	0	0	0	0	0	0.206	0.206	0	0.412	0.206	0.206	0.412	0	0	0	0.206	0.412	0.412	0	0	0	0	0.412	0	0	0.206	0.206	0	0	0.206	0.412	0.412	0.412	0.206	0	0.206	0	0	0.206	0	0	0.206	0	0.412	1.442	0	0	0	0	0.206	0	0.412	0	0.618	0	0	0	0	0	0	0	0.206	0.206	0.824	0.618	0	0	0.206	0	0	0.206	0.206	0	0	0.206	1.03	0.206	0.206	0.206	0.206	0	0	0	0	0	0	0.206	0	0.206	0	0	0	0.206	0	0.206	0.206	0.618	0	0.206	0	0.206	0	0	0	0	0	0	0	0.412	0	0.206	0	0	0	0	0	0	0	0	0.206	0	0.206	0.618	0	0	0	0.618	0.206	0.412	0.206	0	0	0	0	0	0	0.206	0	0	0	0	0	0	0	0.412	0	0	0	0	0	0	0	0	0	0	0	0	0	0	0	0	0	0	0	0	0	0	0	0.206	0	0	0	0	0	0	0	0	0.412	0	0	0	50:60,227.015:200,50:80
1600012H06Rik-NM_001083881	0	0	0	0	0	0	0	0	0	0	0	0	0	0	0	0	0	0	0	0	0	0	0	0	0	0	0	0	0	0	0	0	0	0	0	0	0	0	0	0	0	0	0	0	0	0	0	0	0	0	0	0	0	0	0	0	0	0	0	0	0	0.115	2.563	2.06	0.412	0.824	1.537	11.738	14.964	4.104	2.332	0.758	0.206	0.206	0.618	0.412	0	0.206	0	0	0	0	0	0.412	0	0	0	0	0.206	0	0	0.206	0	0	0.474	0.144	0	0	0	0	0.206	0.206	0	0.206	0.206	0.412	0	0.206	0.206	0.206	0.206	0	0.412	0.206	0.206	0.412	0.206	0.412	0.412	0.206	0	0.206	0	0	0	0.206	0.206	0.214	0.404	0	0.206	0	0	0	0.103	0.309	0	0	0	0	0	0	0	0	0	0	0.206	0	0.206	0	0	0.206	0.206	0	0	0	0	0	0	0	0	0	0	0	0.206	0	0	0.206	0	0.206	0	0	0	0	0	0	0	0	0	0	0	0	0	0	0	0	0	0	0.206	0	0	0	0	0	0	0	0	0	0	0.206	0	0.206	0.206	0	0	0.206	0.548	0.688	0.618	0	0	0.206	0	0	0	0	0	0	0	0	0.824	0	0.235	0.589	0	0	0	0.42	0.198	0	0	0	0	0	0	0.206	0.206	0	0	0.206	0	0.206	0	0	0	0	0	0	0	0	0	0.206	0	0	0	0	0	0	0	0.206	0	0	0.206	0	0	0	0	0	0	0	0	0.412	0.412	0.412	0	1.236	0.206	0.206	0	0.618	0	0	0	0	0.412	0.206	0	0.412	0.206	0	0	0.412	0.206	0	0	0	0	0	0	0	0	0	0	0	0.206	0.206	0	0	0	0	0	0	0	0	0	0.206	0	0	0	0	0	0	0	0	0	0	0	0	0	0	0	0	0	0	0	0.206	0	0.206	0	0	50:60,13.78:200,50:80
1600023N17Rik-NR_073433	0	0	0	0	0	0	0	0	0	0	0	0.412	0	0	0	0	0	0	0	0	0	0	0	0	0.206	0	0	0	0	0	0.206	0	0	0	0	0	0	0.206	0	0.206	0	0	0.412	1.03	0.618	0.206	0	0.824	0	0	0	0.206	0	0.412	0.412	0	0.412	0	0	2.884	9.905	1.632	0.412	0.206	1.483	4.746	2.423	14.206	4.219	6.048	24.251	8.372	10.102	14.684	15.928	40.418	33.777	26.294	9.32	8.52	19.158	11.775	4.664	12.039	5.471	1.45	0.404	1.154	3.378	0.906	5.941	1.599	2.678	0	0.906	0.923	0.33	0.725	0	0.206	0	0.206	0	0	0	0	0	0	0	0	0.206	0.206	0	0	0	0	0.206	0	0	0.206	0.206	0	0	0	0	0	0	0.206	0	0	0	0.206	0	0	0	0	0	0.412	0	0.453	0.165	0	0	0	0.165	0.247	0	0.107	0.099	0	0	0	0	0	0	0	0.206	0	0	0	0.206	0	0	0	0	0	0	0	0	0.082	0.124	0.206	0	0	0	0	0	0	0	0	0	0	0	0	0	0	0	0	0	0	0	0	0	0	0	0	0	0	0.206	0	0	0	0	0	0	0	0	0	0	0	0	0	0	0	0	0	0	0	0	0	0	0	0	0	0	0	0	0	0	0	0	0	0	0	0	0	0	0	0	0	0.206	0	0	0	0	0	0	0	0	0	0	0	0	0	0	0	0	0	0	0	0.206	0.206	0	0	1.03	0.412	0	0	0	0	0	0	0	0	0	0	0	0	0.206	0	0	0	0	0	0	0	0	0	0	0	0	0	0	0	0	0	0	0	0	0	0	0	0	0	0	0	0	0	0	0	0	0	0	0	0	0	0	0	0	0	0	0	0	0	0	0	0	0	0	0	0.206	0.206	0	0	0	0.412	0	0	0	0	50:60,5.04:200,50:80
1700008K24Rik-NR_038144	0	0	0	0	0	0	0	0	0	0	0	0	0	0	0	0	0	0	0	0	0	0	0	0	0	0	0	0	0	0	0	0	0	0	0	0	0	0	0	0	0	0	0	0	0	0	0	0	0	0	0	0	0	0	0	0	0	0	0	0	0	0	0	0	0	0	0	0	0	0	0	0	0	0	0	0	0	0	0	0	0	0	0	0	0	0	0	0	0	0	0	0	0	0	0	0	0	0	0	0	0	0	0	0	0	0	0	0	0	0	0	0	0	0	0	0	0	0	0	0	0	0	0	0	0	0	0	0	0	0	0	0	0	0	0	0	0	0	0	0	0	0	0	0	0	0	0	0	0	0	0	0	0	0	0	0	0	0	0	0	0	0	0	0	0	0	0	0	0	0	0	0	0	0	0	0	0	0	0	0	0	0	0	0	0	0	0	0	0	0	0	0	0	0	0	0	0	0	0	0	0	0	0	0	0	0	0	0	0	0	0	0	0	0	0	0	0	0	0	0	0	0	0	0	0	0	0	0	0	0	0	0	0	0	0	0	0	0	0	0	0	0	0	0	0	0	0	0	0	0	0	0	0	0	0	0	0	0	0	0	0	0	0	0	0	0	0	0	0	0	0	0	0	0	0	0	0	0	0	0	0	0	0	0	0	0	0	0.206	0	0	0	0	0	0	0	0	0	0	0	0	0	0	0	0	0	0	0	0	0	0	0	0	0	0	0	0	0	0	0	0	0	0	0	0	0	0	0	0	0	0	0	0	0	0	0	0	0	0	0	0	50:60,6.35:200,50:80
1700010I02Rik-NR_040587	0	0	0	0	0	0.206	0	0	0	0	0	0	0	0	0	0	0	0	0	0	0	0	0	0	0	0	0	0	0	0	0	0	0	0	0	0	0	0	0	0	0	0	0	0	0	0	0	0	0	0	0	0	0	0	0	0	0	0	0	0	0	0	0	0	0	0	0	0	0	0	0	0	0	0	0	0	0	0	0	0	0	0	0	0	0	0	0	0	0	0	0	0	0	0	0	0	0	0	0	0	0	0	0	0	0	0	0	0	0	0	0	0	0	0	0	0	0	0	0	0	0	0	0	0	0	0	0	0	0	0	0.206	0	0	0	0	0	0	0	0	0	0	0	0	0	0	0	0	0	0	0	0	0	0	0	0	0	0	0	0	0	0	0	0	0	0	0	0	0	0	0	0	0	0	0	0	0.206	0	0	0	0	0	0	0	0	0	0	0	0	0	0	0	0	0	0.206	0	0	0	0	0	0	0	0	0	0	0	0	0	0	0	0	0	0	0	0	0	0	0	0	0	0	0	0	0	0	0	0	0	0	0	0	0	0	0	0	0	0	0	0	0	0	0	0	0	0	0	0	0.206	0	0	0	0	0	0	0	0	0	0	0	0	0	0	0	0	0	0	0	0	0	0	0	0	0	0	0	0	0	0	0	0	0	0	0	0	0	0	0	0	0	0	0	0	0	0	0	0	0	0	0	0	0	0	0	0	0	0	0	0	0	0	0	0	0	0	0	0	0	0	0	0	0	0	0	0	0	0	0	0	0	0	0	0	0	0	0	0	0	0	0	0	0	50:60,147.925:200,50:80
1700022I11Rik-NM_026088	0	0	0	0	0	0	0	0	0	0	0	0	0	0	0	0	0	0	0	0	0	0	0	0	0	0	0	0	0	0	0	0	0	0	0	0	0	0	0	0	0	0	0	0	0	0	0	0	0	0	0	0	0	0	0	0	0	0	0	0.206	0	0	0	0	0	0	0	0	0	0	0	0	0	0	0	0	0	0	0	0	0	0	0	0	0	0	0	0	0	0	0	0	0	0	0	0	0	0	0	0	0	0	0	0	0	0	0	0	0	0	0	0	0	0	0	0	0	0	0	0	0	0	0	0	0	0	0	0	0	0	0	0	0	0	0	0	0	0	0	0	0	0	0	0	0	0	0	0	0	0	0	0	0	0	0	0	0	0	0	0	0	0	0	0	0	0	0	0	0	0	0	0	0	0	0	0	0	0	0	0	0	0	0	0	0	0	0	0	0	0	0	0	0	0	0	0	0	0	0	0	0	0	0	0	0	0	0	0	0	0	0	0	0	0	0	0	0	0	0	0	0	0	0	0	0	0	0	0	0	0	0	0	0	0	0	0	0	0	0	0	0	0	0	0	0	0	0	0	0	0	0	0	0	0	0	0	0	0	0	0	0	0	0	0	0	0	0	0	0	0	0	0	0	0	0	0	0	0	0	0	0	0	0	0	0	0	0	0	0	0	0	0	0	0	0	0	0	0	0	0	0	0	0	0	0	0	0	0	0	0	0	0	0	0	0	0	0	0	0	0	0	0	0	0	0	0	0	0	0	0	0	0	0	0	0	0	0	0.206	0	0.206	50:60,21.9:200,50:80
1700067P10Rik-NR_160405	0	0	0	0	0	0	0	0	0	0	0	0	0	0	0	0	0.206	0	0	0	0	0	0	0	0	0	0	0	0	0	0	0	0	0	0	0	0	0	0.206	0	0	0	0	0	0	0	0	0	0	0	0	0	0	0	0	0	0	0	0	0	0	0	0	0	0	0	0	0	0	0	0	0	0	0	0	0	0	0	0	0	0	0	0	0	0	0	0	0	0	0	0	0	0	0	0	0	0	0	0	0	0	0	0	0	0	0	0	0	0	0	0	0	0	0	0	0	0	0	0	0	0	0	0	0	0	0	0	0	0	0	0	0	0	0	0	0	0	0	0	0	0	0	0	0	0	0	0	0	0	0	0	0	0	0	0	0	0	0	0	0	0	0	0	0	0	0	0	0	0	0	0	0	0	0	0	0	0	0	0	0	0	0	0	0	0	0	0	0	0	0	0	0	0	0	0	0	0	0	0	0	0	0	0	0	0	0	0	0	0	0	0	0	0	0	0	0	0	0	0	0	0	0	0	0	0	0	0	0	0	0	0	0	0	0	0	0	0	0	0	0	0	0	0	0	0	0	0	0	0	0	0	0	0	0	0	0	0	0	0	0	0	0	0	0	0	0	0	0	0	0	0	0	0	0	0	0	0	0	0	0	0	0	0	0	0	0	0	0	0	0	0	0	0	0	0	0	0	0	0	0	0	0	0	0	0	0	0	0	0	0	0	0	0	0	0	0	0	0	0	0	0	0	0	0	0	0	0	0	0	0	0	0	0	0	0	0	0	0	0	0	50:60,6.395:200,50:80
1810019D21Rik-NR_040346	2.678	2.678	0.412	1.854	0.206	1.442	2.472	0.824	1.236	6.386	2.472	1.236	2.06	0.206	1.236	1.854	2.266	2.06	4.944	2.884	2.678	1.03	0.618	6.798	2.06	1.03	0.412	1.648	0.618	0.412	3.09	3.914	0.618	2.06	3.914	1.442	0.824	0.206	1.03	0.618	0.618	0	0	0.824	7.828	3.09	1.236	0	0.206	0.412	0	0.206	0.206	0.206	0	0.412	0	0	0.206	0.618	2.393	3.169	3.914	3.502	4.136	2.251	1.711	0.539	0.428	0.206	0	0	0	0.618	0.618	0	0.206	0	0	0	0	0.206	0	0.206	0.206	0.824	0.618	0.412	0	0	0	0	0.206	0	0.206	0	0.412	0	0	0	0	0.412	0	0.618	1.03	1.03	0.186	0.02	0.412	0	0	0	0	0.206	0	0	0	0	0.206	0	0.206	0.206	0	0	0	0	0	0	0.296	0.116	0	0	0	0.206	0	0	0	0.206	0	0.206	0	0	0	0	0	0	0.206	0.206	0.206	0.206	0	0.206	0	0	0	0	0.206	0.206	0	1.03	3.708	3.502	12.098	20.451	2.091	0.999	0.206	0.206	0.206	0.618	0.412	0.593	1.467	0.412	0.412	0	0.206	0.824	0.206	0.412	1.236	0.618	0	1.03	1.854	1.85	3.94	0.951	0.814	0.892	0.412	0.037	0.375	0	0.206	0	0	0	0.618	0	0.412	0	0	0.824	0	0	0.618	0.412	0.412	0.206	0	0	0.412	0.206	0	0.206	0	0.206	0	0	0	0	0	0	0	0	0	0	0.206	0	0.206	0	0	0	0.206	0.824	4.944	10.712	3.502	0.824	0.206	1.03	1.648	1.236	1.921	1.455	1.156	1.854	0.618	1.236	0.412	0.206	0.206	0.824	0	0.206	0.206	0	0	0	0.824	1.03	0.618	0.206	0	0.412	1.236	0	0	0	0	0	0.206	0.412	0.412	0	0.206	0.206	0	0	0.206	0	1.03	0	0	0.206	0	0	0	0	0.618	0.618	0.206	0	0	0	0	0	0	0.618	0	0	0	0	0.206	0	0	0	0	0	0.206	0.206	0	0	0	0	0	0.206	0	0	0	0	0	0.206	0	0	0	0	0	0	0	0	0.206	0.206	0	0	0	0	0	0	50:60,16.615:200,50:80
2310043L19Rik-NR_037994	0	0	0	0	0	0	0	0	0	0	0	0	0	0	0	0	0	0	0	0	0	0	0	0	0	0	0	0	0	0	0	0	0	0	0	0	0	0	0	0	0	0	0	0	0	0	0	0	0	0.206	0	0	0	0	0	0.206	0.206	0	0.412	0	0	0	0	0	0	0	0	0	0	0	0	0	0	0	0	0	0	0	0	0	0	0	0	0	0	0	0	0	0	0	0	0	0	0	0	0	0	0	0	0	0	0	0	0	0	0	0	0	0	0	0	0	0	0	0	0	0	0	0	0	0	0	0	0	0	0	0	0	0	0	0	0	0	0	0	0	0	0	0	0	0	0	0	0	0	0	0	0	0	0	0	0	0	0	0	0	0	0	0	0	0	0	0	0	0	0	0	0	0	0	0	0	0	0	0	0	0	0	0	0	0	0	0	0	0	0	0	0	0	0	0	0	0	0	0	0	0	0	0	0	0	0	0	0	0	0	0	0	0	0	0	0	0	0	0	0	0	0	0	0	0	0	0	0	0	0	0	0	0	0	0	0	0	0	0	0	0	0	0	0	0	0	0	0	0	0	0	0	0	0	0	0	0	0	0	0	0	0	0	0	0	0	0	0	0	0	0	0	0	0	0	0	0	0	0	0	0	0.412	0	0	0	0	0	0	0	0	0	0	0	0	0	0	0	0	0	0	0	0	0	0	0	0.206	0	0	0	0	0.206	0	0	0	0	0	0	0	0	0	0	0	0	0	0	0.206	0	0	0	0	0	0	0	0	0	0	0	0	0	0	0	0	0	0	50:60,7.01:200,50:80
2310057M21Rik-NM_026655	0	0	0	0	0	0	0	0	0	0	0.206	0	0	0	0.206	0	0	0.618	0.206	0	0.206	0.206	0	0	0	0	0	0	0.206	7.416	4.326	1.236	0	0	0	0.206	0	0	0.206	0	0	0	0	0.206	1.236	1.03	0.412	0.412	0.206	0	0.206	1.236	0.412	0	0	0	0	0.824	0.618	5.768	11.33	7.004	0.206	1.648	0	0.412	0.618	0.206	0	0	1.03	0.412	0.412	0.824	0	0.412	0.206	0	0.206	0	0	0	0	0	0	0.412	0.618	1.648	0.824	0.206	0.412	0.618	0.206	0.618	3.502	1.648	1.03	0.618	1.776	0.078	0.618	0.206	0.206	0.206	0.824	0.824	1.236	0.412	0.618	1.03	0.618	0	0.824	0.412	1.03	1.854	0.824	1.236	3.296	0.412	1.03	2.258	1.862	0	2.884	0.824	0	1.442	3.296	0.618	0.412	0.412	2.266	3.296	0.412	1.854	0	0	2.678	2.472	3.296	0.206	1.854	0.824	2.266	0.824	0.206	0.618	0.824	0.206	0	0.206	0	1.442	0.206	1.236	3.35	2.006	2.884	2.472	0.412	0.412	4.532	2.126	1.17	4.944	5.356	1.648	1.442	1.03	1.236	0.824	0.206	3.09	14.42	7.21	15.187	8.916	1.442	0	3.502	2.266	0.412	0.412	3.193	1.751	5.15	0.412	6.349	4.858	4.244	1.442	0.824	2.472	2.06	1.854	0.618	1.854	3.914	3.502	0.824	1.236	0.824	3.502	0.618	0	0	0.824	5.562	7.622	0	1.854	1.03	2.266	10.63	1.524	2.678	3.09	4.326	0.206	4.12	0.206	4.326	3.09	2.678	1.854	3.914	1.945	5.265	1.854	6.592	0	2.472	1.854	3.502	8.034	0.618	7.622	4.326	2.472	1.854	0.412	5.974	2.472	1.566	5.027	3.502	2.283	2.868	1.854	1.854	1.236	3.296	4.944	2.472	3.708	3.914	1.994	3.362	3.09	2.884	0.206	0.206	0	0	1.03	0.206	0.412	0.206	0	0.824	12.154	8.858	0.412	0.412	0.206	0.824	0.618	1.442	0.412	2.06	1.442	0	0.412	0	0	0	0.412	0.824	0.412	0	0.206	0.618	0.618	0	0	1.648	0.412	0.618	0.824	0.412	0	0	0	0	0.206	0.824	4.532	0.824	1.236	0.412	0	0	0.412	2.06	0.824	0.412	0.618	1.03	0.618	1.236	0.412	1.648	1.03	1.236	1.648	0.206	1.03	0.412	0.412	1.648	0.206	0.412	1.03	0.206	1.236	2.06	0.618	0.206	0	50:60,105.58:200,50:80
2900076A07Rik-NR_045299	0	0	0	0	0	0	0	0	0	0	0	0	0	0	0	0	0	0	0	0	0	0	0	0	0	0	0	0	0	0	0	0	0	0	0	0	0	0	0	0	0	0	0	0	0	0	0	0	0	0	0	0	4.944	8.652	0.824	0	0	0	0	5.562	13.184	4.944	3.502	1.03	1.236	0.206	0.206	0	0	0.206	0.206	0	0	0.824	0	0.206	0.618	0.206	0.206	0.206	0	0	0	0.206	0	0	0	0	0	0	0	0	0.412	0.618	0.824	0	0	0.206	0.206	0	0	0.412	0	0	0	0	0	0.206	0	0	0	0	0.412	0.618	0.412	0.412	0	0	0	0	0	0	0	0	0	0	0	0.206	0	0.412	1.03	0.206	0.412	0	0	0.206	0	0.206	0.412	0.618	1.236	2.472	0.618	0	0	0	0	0.206	0.412	0	0.206	1.236	0.412	0	0	0.206	0	0	0	0.206	0	0	0	0	0	0	0	0	0.248	0.37	0	0.206	0.618	0.206	1.236	0	0.034	0.378	0	0	0	0.618	0	0	0	0.618	0	0.206	0.206	0.824	0.206	0	0.206	0.206	0.618	1.03	0.206	0	0	1.03	0.412	0.206	0.206	0.206	0.412	0	0.206	0.412	0	0.206	0.206	0.206	0.206	0	0.206	1.693	0.161	0	0	0.412	0.206	0	0.412	0.861	1.199	0.618	0	0.412	0.206	0.206	0.412	0.206	2.266	0.618	0.412	0	0	0	0	0	0	0	0.618	0.206	1.03	0.206	0.824	0.412	0.206	0	0	0.412	0.824	0.412	0	0	0	0.206	0.206	0	0.206	0.618	0	0.206	0.412	0	1.03	0.206	0	0.618	0.824	1.236	0	0.824	0	0.824	3.296	2.884	0.206	0.412	1.03	1.236	0.206	0.412	0.412	0.618	0	1.648	0.412	0	0	0.412	0	0.412	0.206	0	0.412	0	0.206	0.824	0.412	0	0.206	0	0	0.824	0.824	0.412	0.206	0	0	0.206	0	0.206	0.206	0.412	0.618	0	1.854	0	0.206	2.266	0.824	0.206	1.03	0.824	0.206	1.854	3.09	2.266	1.854	0.412	0.824	1.03	0.412	0.206	1.03	1.442	1.236	2.266	50:60,39.745:200,50:80
3110056K07Rik-NR_045056	0	0	0	0	0	0	0	0	0	0	0	0	0	0	0	0	0	0	0	0	0	0	0	0	0	0	0	0	0	0	0	0	0	0.206	0.206	0	0	0	0	0	0	0.618	0.206	0	0	0	0.206	0	0	0.412	0	0	0	0	0	0	0	0	0.412	0.206	0.618	0.206	0	0.206	0.412	0	1.648	10.407	46.228	74.838	3.255	0.206	0.206	0	0	0.206	0.206	0.618	0.412	0	0.206	0.206	0.824	1.03	0.052	0.773	0.206	0.824	0	0	0	0	0	0	0	0	0	0	0	0	0.206	0	0.206	0.824	0	0.824	1.236	0.882	0.972	0	0	0.206	0	0.206	0	0.206	0.159	0.253	0.618	0.412	0.206	0	0	0	0	0	0	0	0	0	0	0	0.824	0	0	0	0.206	0	0	0.824	0.206	0	0.412	0	0	0	0	0	0.412	0.206	0.206	0	0	0	0	0	0	0	0.412	0.412	0	0.412	0	0	0	0	0	0.206	0	0	0.206	0	0	0	0.206	0	0.206	0	0.618	1.03	0	0	0.412	0.206	0.412	0.206	0	0	0	1.03	0	0.206	0	0.412	0	0	0.412	0.618	0	0.206	0	0	0	0	0.206	0.206	0.206	0	0.412	0.618	1.03	0	0	0.412	0	0	0.206	0	0	0.206	0	0	0	0	0	0	0	0	0.206	0	0.412	0.206	0.618	0.206	0.412	0.206	0	1.03	0.206	1.442	0.824	0.412	0.206	0.206	0.206	0	0	0.206	0.824	0.618	0.618	0.824	1.648	1.854	0	1.442	0.618	0.206	0	0	0	0	0	0.206	0.206	0.618	1.442	0.824	0.412	0.824	0.824	0.618	0	0.618	0.824	3.09	5.15	3.502	1.442	1.648	0.824	1.648	1.648	1.236	0.412	1.236	1.854	2.06	0.412	0.206	0	1.442	2.884	1.236	3.296	1.236	0.206	0	0	1.03	1.236	0	0	0	0.618	1.03	0	0	0	2.678	0.618	0.618	0.824	0.412	1.648	2.472	1.854	0.206	0.206	0.206	1.442	0	0	0.206	3.296	0.824	0.412	0	0.824	1.648	0.618	1.648	2.06	0.412	0	0	0	0	0	0.206	50:60,30.61:200,50:80
3110082J24Rik-NM_001256263	0	0	0	0	0.206	0	0	0	0	0	0	0	0	0	0	0	0	0	0	0	0	0	0	0	0	0	0	0	0.412	0	0	0	0	0	0	0	0	0	0	0	0	0	0	0.206	0	0	0	0	0	0	0	0	0	0	0	0	0	0	0	0	0	0	0	0	0	0	0	0	0	0	0	0	0	0	0	0	0	0	0	0	0	0	0	0	0	0	0	0	0	0	0	0.206	0	0	0.206	0	0	0.412	0.206	0	0	0.206	0	0	0	0	0	0	0	0	0	0	0	0	0	0	0	0	0	0	0	0	0	0	0	0	0	0	0	0	0	0	0	0	0	0	0	0	0	0.082	0.33	0	0.206	0.206	0	0	0	0	0	0	0	0	0	0	0	0.206	0	0	0	0	0	0	0	0	0	0	0	0	0	0	0	0	0	0	0	0	0	0	0	0	0	0	0	0	0	0	0	0	0	0	0	0	0	0	0	0	0	0	0	0	0	0	0	0	0	0	0	0	0	0	0	0	0	0	0	0	0	0	0	0	0	0	0	0	0	0	0	0	0	0	0	0	0	0	0	0	0	0	0	0	0	0	0	0	0	0	0	0	0	0	0	0	0	0	0	0	0	0	0	0	0	0	0	0	0	0	0	0	0	0.206	0	0	0	0	0	0	0	0	0	0	0	0	0	0	0	0	0	0	0	0	0	0	0	0	0	0	0	0	0	0	0	0	0	0	0	0	0	0	0	0	0	0	0	0	0	0	0	0	0	0	0	0	0	0	0	0	0	0	0	0	0	0	0	0	0	0	0	0	0	0	50:60,12.515:200,50:80
3425401B19Rik-NM_001195097	0	0	0	0	0	0	0	0	0	0	0	0	0	0	0	0	0	0	0	0	0	0	0	0	0	0	0	0	0	0	0	0	0	0	0	0	0	0	0	0	0	0	0	0	0	0	0	0	0	0	0	0	0	0	0	0	0	0	0	0	0.206	0	0	0	0	0	0	0	0	0	0	0	0	0	0	0	0	0	0	0	0	0	0	0	0	0	0	0	0	0	0	0	0	0	0	0	0	0	0	0	0	0	0	0	0	0	0	0	0	0	0	0	0	0	0	0	0	0	0	0	0	0	0	0	0	0	0	0	0	0	0	0	0	0	0	0	0	0	0	0	0	0	0	0	0	0	0	0	0	0	0	0	0	0	0	0	0	0	0	0	0	0	0	0	0	0	0	0	0	0	0	0	0	0	0	0	0	0	0	0	0	0	0	0	0	0	0	0	0	0	0	0	0	0	0	0	0	0	0	0	0	0	0	0	0	0	0	0	0	0	0	0	0	0	0	0	0	0	0	0	0	0	0	0	0	0	0	0	0	0	0	0	0	0	0.206	0	0	0	0	0	0	0	0	0	0	0	0	0	0	0	0	0	0.206	0	0	0	0	0	0	0	0	0	0	0	0	0	0	0	0	0	0	0	0	0	0	0	0	0	0	0	0	0	0	0	0	0	0	0	0	0	0	0	0	0	0	0	0	0	0	0	0	0	0	0	0	0	0.206	0	0	0	0	0	0	0	0	0	0	0	0	0	0	0	0	0	0	0	0	0	0	0	0	0	0	0	0	0	0	0	0	0	50:60,130.77:200,50:80
4930404H11Rik-NR_045941	0	0	0	0	0.412	0.206	0.206	0	0.206	0	0	0	0.206	0	0.206	0	0	0	0	0	0	0	0	0	0	0	0	0	0	0	0	0	0	0	0.206	0.206	0	0	0	0	0	0	0	0	0	0.206	0	0	0	0	0	0	0	0	0	0	0	0	0	0	0	0	0	0	0	0	0.412	0	0	0	0	0	0	0	0	0.206	0	0	0	0	0	0	0	0	0	0.206	0	0	0.206	0	0	0	0.206	0	0	0	0	0	0	0	0	0	0	0	0	0	0	0	0	0.206	0	0.206	0	0	0	0	0	0	0.206	0	0	0	0	0	0	0	0	0	0	0	0	0	0	0	0	0.206	0	0	0	0	0	0	0.206	0	0	0	0	0	0	0	0	0	0	0	0	0	0	0	0	0	0	0	0	0	0	0	0	0	0	0	0	0	0	0	0	0	0	0	0	0	0	0	0.206	0	0	0	0	0	0	0	0	0	0	0	0	0	0	0	0	0	0	0.206	0	0	0	0	0	0	0	0	0	0	0	0.206	0	0	0.618	0	0	0	0	0	0	0	0	0	0	0.206	0	0	0	0	0	0	0.206	0	0	0	0.206	0	0	0	0	0	0	0.412	0	0	0	0.206	0	0	0	0	0	0.206	0	0	0	0	0	0	0	0	0	0	0	0	0	0.206	0	0	0	0	0	0	0	0	0	0	0	0	0	0	0	0	0	0	0	0.206	0	0	0	0	0	0	0.206	0	0	0	0	0	0	0	0	0	0	0	0	0	0	0	0	0	0	0	0	0.206	0	0.206	0	0	0	0	0	0	0	0	0	0	0	0	0	0	0	0	0	0	0	0	50:60,77.635:200,50:80
4930534H03Rik-NR_151510	0	0	0	0	0	0	0	0	0	0	0	0	0	0	0	0	0	0	0	0	0	0	0	0	0	0	0	0	0	0	0	0	0	0	0	0	0	0	0	0	0	0	0	0	0	0	0	0	0	0	0	0	0	0	0	0	0	0	0	0	0	0	0	0	0	0	0	0.206	0	0	0	0	0	0	0	0	0	0	0	0	0	0	0	0	0	0	0	0	0	0	0	0	0	0	0	0	0	0	0	0	0	0.412	0	0	0	0	0	0	0	0	0	0	0	0	0	0	0	0	0	0	0	0	0	0	0	0	0	0	0	0	0	0	0	0	0	0	0	0	0	0	0	0	0	0	0	0	0	0	0	0	0	0	0	0.206	0	0	0	0	0	0	0	0	0	0	0	0	0	0	0	0	0	0	0	0	0.206	0	0	0	0	0	0	0	0	0	0	0	0	0	0	0	0	0	0	0	0	0	0	0	0	0	0	0	0	0	0	0	0	0	0	0	0	0	0	0	0	0	0	0	0	0	0	0	0	0	0	0	0	0	0	0	0	0	0	0	0	0	0	0	0	0	0	0	0	0	0	0	0	0	0	0	0	0	0	0	0	0	0	0	0	0	0	0	0	0	0	0	0	0	0	0	0	0	0	0	0	0	0	0	0	0	0	0	0	0	0	0	0	0	0	0	0	0	0	0	0	0	0	0	0	0	0	0	0	0	0	0	0	0	0	0	0	0	0	0	0	0	0	0	0	0	0	0	0	0	0	0	0	0	0	0	0	0	0	0	0	0	0	0	0	0	50:60,60.63:200,50:80
4930570G19Rik-NR_040399	0	0	0	0	0	0	0	0	0	0	0	0	0	0	0	0	0	0	0	0	0	0	0	0	0	0	0	0	0	0	0.206	0.412	0	0	0	0	0	0	0	0	0	0	0	0	0	0	0	0	0	0	0	0	0	0	0	0	0	0	0.206	0.412	0.618	0	0.412	0	0	0	0	0	0	0	0.618	0.618	0	0.206	0	0	0	0	0	0	0.206	0	0	0	0	0	0	0	0	0	0	0	0	0	0	0	0	0	0	0	0	0	0	0	0	0	0	0	0	0	0	0	0.206	0	0	0	0	0	0	0	0	0	0	0	0	0	0	0	0	0	0	0	0	0	0	0	0	0	0	0	0	0	0	0	0	0	0	0	0	0	0	0	0	0.206	0	0	0	0	0	0	0	0	0	0	0	0	0	0	0	0	0	0	0	0	0.206	0	0	0	0.206	0	0	0	0	0	0	0	0	0	0	0	0	0	0	0	0	0	0	0	0	0	0	0	0	0	0	0	0	0	0	0	0	0	0.206	0	0	0	0	0	0	0	0	0	0	0	0	0	0	0	0	0	0	0	0	0	0	0	0	0	0	0	0	0	0	0	0	0	0	0	0	0	0	0	0	0	0	0	0	0	0	0	0	0	0	0	0	0	0	0	0	0	0	0	0	0	0	0	0	0	0	0	0	0	0	0	0	0	0	0	0	0	0	0	0	0	0	0	0	0.206	0	0	0	0	0	0	0	0	0	0	0	0	0	0	0	0	0	0	0	0	0	0	0	0	0	0	0	0	0	0	0	0	0	0	0	0	0	0	0	0	0	0	50:60,74.675:200,50:80
4931440P22Rik-NR_027955	0	0	0	0	0	0	0	0	0	0	0	0	0	0	0	0	0	0	0	0	0	0	0	0	0	0	0	0	0	0	0	0	0	0	0	0	0	0	0	0	0	0	0	0	0.618	0	0.206	0	0	0	0	0	0.206	0	0.206	0	0	0	0	0.206	1.03	0.206	0	0	0	0	0	0	0	0	0	0.165	0.041	0	0	0	0	0	0	0	0	0	0	0	0	0	0	0	0	0	0	0	0	0	0	0	0	0.206	0.206	0.206	0.206	0.206	0.206	0.206	0.206	0	0	0	0	0	0	0	0	0	0	0	0	0	0	0	0	0	0	0	0	0	0	0	0	0	0	0	0	0	0	0	0	0	0	0	0	0	0	0	0	0	0	0	0	0	0	0	0	0	0	0	0	0	0	0	0	0	0	0	0	0	0	0	0	0	0	0	0	0	0	0	0	0	0	0.206	0.206	0.412	0.206	0.206	1.288	0.567	1.895	0.783	0	0	0	0	0	0	0	0	0.206	0.206	0.206	0	0.412	0.206	0	0.412	0	0.412	0	0	0	0	0	0	0	0	0	0	0	0	0.618	0	0.206	0.412	0	0.206	0.206	0	0	0	0	0.412	0	0	0	0	0	0.206	0	0.206	0.206	0	0	0	0.412	0.206	0	0	0.206	0	0	0	0	0	0	0	0	0	0.206	0	0	0	0	0	0.618	0	0.206	0.412	0.206	0	0	0	0	0.206	0	0.412	0.206	0.206	0	0	0.412	0.206	0	0.412	0	0	0	0	0.206	0	0.206	0.206	0.412	0	0.206	1.03	0	0.206	0	0.618	0.206	0	0	0	0	0	0	0	0	0	0.206	0	0.206	0	0	0	0	0	0	0	0	0	0.412	0	0	0.206	0	0.206	0	0.206	0	0.206	0.206	0.206	0	0	0	0	0	0	0	0	50:60,9.65:200,50:80
5730416F02Rik-NR_033596	0	0	0	0	0	0	0	0	0	0	0	0	0	0	0	0	0	0	0	0	0	0	0	0	0	0	0	0	0	0	0	0	0	0	0	0	0	0	0	0	0	0	0	0	0	0	0	0	0	0	0	0	0	0	0	0	0	0	0	0	0	0	0	0	0	0	0	0	0	0	0	0	0	0	0	0	0	0	0	0	0	0	0	0	0	0	0	0	0	0	0	0	0	0	0	0	0	0	0	0	0	0	0	0	0	0	0	0	0	0	0	0	0	0	0	0	0	0	0	0	0	0	0	0	0	0	0	0	0	0	0	0	0	0	0	0	0	0	0	0	0	0	0	0	0	0	0	0	0	0	0	0	0	0	0	0	0	0	0	0	0	0	0	0	0	0	0	0	0	0	0	0	0	0	0	0	0	0	0	0	0	0	0	0	0	0	0	0	0	0	0	0	0	0	0	0	0	0	0	0	0	0	0	0	0	0	0	0	0	0	0	0	0	0	0	0	0	0	0	0	0	0	0	0	0	0	0	0	0	0	0	0	0	0	0	0	0	0	0	0	0	0	0	0	0	0	0	0	0	0	0	0	0	0	0	0	0	0	0	0	0	0	0	0	0	0	0	0	0	0	0.206	0	0	0	0	0	0	0	0	0	0	0	0	0	0	0	0	0	0	0	0	0	0	0	0	0	0	0	0	0	0	0	0	0	0	0	0	0	0	0	0	0	0	0	0	0	0	0	0	0	0	0	0	0	0	0	0	0	0	0	0	0	0	0	0	0	0	0	0	0	50:60,4.06:200,50:80
6530411M01Rik-NR_027881	0	0	0	0	0	0	0	0	0	0	0	0	0	0	0	0	0	0	0	0	0	0	0	0	0	0	0	0	0	0	0	0	0	0	0	0	0	0	0	0	0	0	0	0	0	0	0	0	1.648	1.648	0	0	0	0	0	0	0	0	0.206	0.618	0.824	0.412	0.412	1.854	0.618	0	0.206	2.266	0.206	0	0	0	0	0	0	0	0	0	0	0	0	0	0	0	0	0	0	0	0	0	0	0	0	0	0	0	0	0	0	0	0	0	0	0	0	0	0	0	0	0	0	0	0	0	0	0	0	0	0	0	0	0	0.206	0	0	0	0	0	0	0	0	0.206	0	0.206	0	0	0	0	0	0	0	0	0	0	0	0	0	0	0	0	0	0	0	0	0	0	0	0	0	0	0	0	0	0	0	0	0	0	0	0	0	0	0	0	0	0	0	0	0	0	0	0	0	0	0.206	0	0	0	0	0	0	0	0	0	0	0	0	0	0	0	0	0	0	0	0	0	0	0	0	0	0	0	0	0	0	0	0	0	0	0	0	0	0	0	0	0	0	0	0	0	0	0	0	0	0	0	0	0	0	0	0	0	0	0	0	0	0	0	0	0	0	0	0	0	0	0	0	0	0	0	0	0	0	0	0	0	0	0	0	0	0	0	0	0	0	0	0	0	0	0	0	0	0	0	0	0	0	0	0	0	0	0	0	0	0	0	0	0	0	0	0	0	0	0	0	0	0	0	0	0	0	0	0	0	0	0	0	0	0	0	0	0	0	0	0	0	0	0	0	0	0	0	0	0	0	0	0	0	0	0	50:60,101.52:200,50:80
A1cf-NM_001365078	0	0	0	0	0	0	0	0	0	0	0	0	0	0	0	0	0	0	0	0	0	0	0	0	0	0	0	0	0	0	0	0	0	0	0	0	0	0	0	0	0	0	0	0	0	0	0	0	0	0	0	0	0	0	0	0	0	0	0	0	0	0	0	0	0	0	0	0	0	0	0	0	0	0.206	0	0	0	0	0	0	0	0	0	0	0	0	0	0	0	0	0	0	0	0	0	0	0	0	0	0	0	0	0	0	0	0	0	0	0	0	0	0	1.03	0	0	0	0	0	0	0	0	0	0	0	0	0	0	0	0	0	0	0	0	0	0	0	0	0	0	0	0	0	0	0	0.206	0	0	0	0	0	0	0	0	0	0	0	0	0	0	0	0	0	0	0	0	0	0	0	0	0	0	0	0	0	0	0	0	0	0	0	0	0	0	0	0	0	0	0.824	0	0	0	0	0	0	0	0	0	0	0	0	0	0.206	0	0	0	0	0	0	0	0	0	0	0	0	0	0	0	0	0	0	0	0	0.412	1.648	0	0	0	0	0	0	0	0	0	0	0	0	0	0	0	0	0.412	0	0	0	0	0	0	0	0.206	0	0	0	0	0	0	0	0	0	0	0	0	0	0	0	0	0	0	0	0	0	0	0	0	0	0	0	0	0	0	0	0	0	0	0	0	0	0	0	0	0	0	0	0	0	0	0	0	0	0	0	0	0	0	0	0	0	0	0	0	0	0	0	0	0	0	0	0	0	0	0	0	0	0	0	0	0	0	0	0	0	0	0	0	0	0	0	0	0	0	0	50:60,417.765:200,50:80
A830018L16Rik-NM_001310451	0	0	0	0	0	0	0	0	0	0	0	0	0	0	0	0	0	0	0	0	0	0	0	0	0	0	0	0	0	0	0	0	0	0	0	0	0	0	0	0	0	0	0	0	0	0	0	0	0	0.206	0	0	1.03	0.206	0	0.206	0.824	0.206	0.618	0	13.184	1.854	3.708	3.09	6.592	3.502	4.738	7.004	2.678	1.03	4.738	6.798	7.004	5.15	0.618	6.559	3.741	4.532	4.12	2.884	3.914	9.064	2.266	1.236	0	0	3.296	4.532	1.442	0	3.502	7.004	4.12	2.06	1.854	6.798	3.09	3.502	2.06	1.648	1.442	0.412	1.236	0.824	3.914	5.562	3.09	2.06	0.206	1.648	3.09	3.296	3.296	1.236	3.296	3.09	2.266	2.06	2.678	5.356	3.502	1.854	2.266	2.472	3.09	1.236	4.326	2.884	4.326	3.502	0.206	1.03	0	0	0	0	1.442	2.678	2.266	2.266	1.442	3.09	0.824	2.678	0.824	0.824	0.206	0.412	0.206	0.206	0.618	1.236	0.206	0	0	0	0.412	0.206	0.618	0.206	1.03	0.824	1.442	0.206	0.206	0.206	0.412	0	0	0.412	0	0	0.412	0.618	0.206	0.618	0.412	1.442	1.442	0.206	0.412	0.206	0	0	0.618	0.618	0	0.206	1.03	0	0	0.412	0	0	0.206	0.412	0.206	0	0	0.206	0	0.618	0	0.412	0.206	0.206	0	0	0.412	0.824	0.618	0.412	0.206	0.618	0.206	0.206	0	0	0	0	1.03	0	0	0	0	0	0.412	0.412	0	0	0	0	0	0.412	1.03	0	0	0.412	0.618	0.412	0.206	0	0	0.206	0	0.412	0	0.412	0	0.206	0	0.412	0	0.206	0	0	0.206	0	0	0	0	0	0	0	0	0	0	0	0	0	0	0	0	0	0	0	0	0	0	0	0	0	0	0	0	0	0	0	0	0	0	0	0	0	0	0	0	0	0	0	0	0	0	0	0	0	0	0	0	0	0	0	0	0	0	0	0	0	0	0	0	0.206	0	0	0	0	0	0.206	0	0	0	0	0	0	0	0	0	0	0	0	50:60,2808.99:200,50:80
AU018091-NM_001004153	0	0	0	0	0	0	0	0	0	0	0	0	0	0	0	0	0	0	0	0	0	0	0	0	0	0	0	0	0	0	0	0	0	0	0	0	0	0	0	0	0	0	0	0	0	0	0	0	0	0	0	0	0	0	0	0	0	0	0	0	0.206	5.449	5.263	3.708	1.648	0.412	0.206	0.824	0	0	0	0.824	2.06	0	0	0	0.206	0	0	0.206	0.412	0	0	0	0	0	0	0	0	0	0	0.618	0.206	0.824	0.206	0	0.206	0.412	0	0	0	0	0	0	0	0	0	0.412	0	0	0	0	0	0.206	0.386	1.262	0.412	0	0.206	0	0	0	0.206	3.996	12.896	0.412	0	0	1.03	0.618	0.206	0.618	0.824	2.266	0.412	0.206	0	0	0	0	0.206	0	0	0	0	0	0	0	0.206	0.412	0.206	1.03	0	0.618	0	0.824	2.06	3.296	0.206	0.206	1.236	0.206	0.412	0.206	0	1.03	0	1.854	1.03	0.618	1.03	0.412	1.236	0.824	0.618	0.206	0	0	0	0	0	0	0.412	1.03	0.206	0	0	0.412	5.356	1.648	0	0	1.442	0	0.618	0.824	1.097	0.139	0.206	0.618	0	0	0.824	0.206	0.824	1.442	0.618	1.03	1.442	1.854	2.06	2.06	2.457	0.839	1.03	0	2.266	0	0	0.412	0.824	0.412	0	2.472	1.236	1.648	0	0	1.03	0	0.618	0.824	0	0.412	0.824	0.618	1.03	1.442	0.618	0.103	0.927	0.206	0	0	2.472	0.618	0.618	1.236	0.206	0.618	1.236	0	1.03	1.164	2.132	0.412	0.206	0.412	0.206	0.618	0.824	0.206	0	0	1.648	0.618	0	0.824	1.236	0.412	1.442	0.412	0.206	0.618	1.03	0.206	0.206	0.206	0	0.618	2.266	0.206	0.618	0	0	0	0	0	0.206	0.206	0.412	0.206	0.412	0.618	0.412	0.206	0	0.412	0.206	0	0	0	0.206	0.412	0	0	0	0	0.206	0	0	0	0	0	0.206	0	0	0	0.206	0.412	0	0	0	0	0	0	0	0	0	0.206	0	0	0	0.206	0	0	0	0	0	0	50:60,72.725:200,50:80
Aamdc-NM_183251	0	0	0	0	0	0	0	0	0	0	0	0	0	0	0	0	0	0	0	0	0	0	0	0	0	0	0	0	0.412	68.806	2.472	0.206	2.266	0.824	0	0.206	1.03	0.206	0.618	1.236	0.206	0.206	0.412	0	0	0.206	0	1.236	0	0	0	0	0.618	0.206	1.03	2.472	0.412	0.618	0.618	0.412	169.302	16.308	1.03	0.824	0	1.442	0.824	0	0	1.03	0.206	0	0	0.412	0	0.618	0.452	0.578	0.206	0.206	0.412	0.206	0.824	0.412	0	0.824	0	0.206	0.25	0.162	0.618	0.206	0	0	0.206	0.618	0.206	0.206	0	0.618	0.206	0	0	0.206	1.236	0.206	0.618	0	0	0	0.412	0	0.206	0.206	0.206	0.412	0	0.412	0.824	0.412	0	0.412	0	0	0.618	0.206	1.648	0.824	0.824	1.442	2.472	1.03	0.824	0.618	1.648	0.206	0.206	1.03	0.618	2.472	1.442	1.03	3.296	2.06	4.527	1.653	0.618	0.206	0	1.236	0.206	1.854	1.648	0.101	1.135	0.618	0.824	0.412	0.824	0.618	0.412	0.412	0	0	0.206	0	0	1.854	1.442	1.03	1.854	0.824	1.442	1.442	1.03	0.412	0.206	0	2.06	0.618	0	0.618	0	0	0.206	0.618	0.412	0	1.03	0	0.824	1.03	0	0.412	0	0.412	0	0	0	0.618	0.412	0	0	0.618	0.412	1.629	0.431	0.412	0.412	0.412	0	0	0.206	1.442	0	0	0	1.236	0.412	0	0.618	0	0.412	0	0	0	0	0	0	0	0	0.206	0	0.206	0	0.206	0.206	0	0	0	0.206	0.824	0	0	0.206	0.206	0.206	0.412	1.03	0.206	0	0	0.824	2.06	0.206	0.412	0.618	0.618	0.824	0	0.206	0.206	0	0	0.412	0.412	1.03	0	4.12	6.592	0	0.206	0	0.206	0.206	0	0.412	0.824	0.206	0	0	0.206	0.206	0	0	0	0	0	0	0	0.618	0	0	0	0	0	0.618	1.648	0.206	0	0.206	0.206	0.412	0	0	0.206	0.206	0.206	0	0.206	0	0.618	0.206	0.206	0	0	0.618	0.412	0.412	0	0	0	0.206	0.206	0	0	0.206	0	0.206	0.206	0	0.206	0.206	0.618	1.442	1.236	0	0.412	1.236	0	50:60,145.835:200,50:80
Abca6-NM_001166556	0	0	0	0	0	0	0	0	0	0	0	0	0	0	0	0	0	0	0	0	0	0	0	0	0	0	0	0	0	0	0	0	0.206	0	0	0	0	0	0	0	0	0	0	0	0	0	0	0	0	0	0	0	0	0	0	0	0	0	0	0	0	0	0	0	0	0	0	0	0	0	0	0	0	0	0	0	0	0	0	0	0	0	0	0	0	0	0	0	0	0	0	0	0	0	0	0	0	0	0	0	0	0	0	0	0	0	0	0	0	0	0	0	0	0	0	0	0	0	0	0	0	0	0	0	0	0	0.206	0	0	0	0	0	0	0	0	0	0	0	0	0	0	0	0	0	0	0	0	0	0	0	0	0	0	0	0	0	0	0	0	0	0	0	0	0	0	0	0	0	0	0	0	0	0	0	0	0	0	0	0	0	0	0	0	0	0	0	0	0	0	0	0	0	0	0	0	0	0	0	0	0	0	0	0	0	0	0	0	0	0	0	0	0	0	0	0	0	0	0	0	0	0	0	0	0	0	0	0	0	0	0	0	0	0	0	0	0	0	0	0	0	0	0	0.206	0	0	0	0	0	0	0	0	0	0	0	0	0	0	0	0	0	0	0	0	0	0	0	0	0	0	0	0	0	0	0	0	0	0	0	0	0	0	0	0	0	0	0	0	0	0	0	0	0	0	0	0	0	0	0	0	0	0	0.206	0	0	0	0	0	0	0	0	0	0	0	0	0	0	0	0	0	0	0	0	0	0	0	0	0	0	0	0	0	0	0	0	0	0	0	0	0	0	50:60,76.77:200,50:80
Abcd3-NM_008991	0	0	0	0	0	0	0	0	0	0	0.412	0	0	0	0	0	0	0	0	0	0	0	0	0	0	0	0	0	0	0	0	0	0	0	0	0	0.206	0	0	0	0	0	0	0	0	0	0.206	0	0	0	0	0.206	0	0	0	0.206	0.618	1.648	0	0	13.596	0.412	2.266	1.442	0.618	1.236	1.236	0.206	0.206	0	0.412	0.824	0.824	1.854	2.266	0.824	1.442	3.09	4.326	3.708	0.824	0.824	0	0.206	3.09	2.472	1.854	2.884	1.03	1.03	0.824	0.824	1.236	3.296	3.09	1.03	7.004	1.442	6.346	1.482	3.09	3.09	0.412	4.944	1.442	5.768	1.442	3.502	2.06	5.356	1.03	3.708	4.944	0.412	3.296	0.412	1.03	2.618	2.326	4.944	3.708	4.944	0.206	0.824	2.678	2.06	1.03	4.12	1.371	1.307	2.06	2.266	7.004	2.884	5.974	0	2.678	1.03	0	1.03	4.449	4.41	5.768	1.03	0.618	1.03	3.296	3.502	0.412	5.974	1.854	1.854	0.206	1.442	1.854	1.648	1.03	1.442	0.412	0.824	3.708	3.502	0.412	0.824	2.472	0.824	1.648	4.12	1.442	0.824	1.648	2.884	1.03	1.236	2.56	3.003	2.266	0.618	4.738	1.648	1.648	0.206	1.442	2.678	6.798	6.592	1.854	2.06	2.884	1.442	3.708	2.06	4.12	6.798	4.12	0.824	3.914	5.356	2.884	2.39	2.76	3.502	2.472	2.472	2.472	3.708	1.442	1.03	4.738	0.412	1.442	2.884	1.854	2.06	2.06	3.914	2.266	1.03	6.18	2.06	0.824	1.236	6.798	4.944	2.06	2.266	3.708	1.854	3.296	2.06	2.472	1.442	4.56	5.74	7.416	3.708	2.266	0.824	2.472	1.648	2.06	1.236	4.532	5.974	3.518	1.015	0	1.648	4.12	3.09	3.914	6.609	4.104	0.618	1.648	1.442	1.854	2.266	5.974	3.09	0.206	0.618	0.824	0	0	0	0.206	0.824	0.206	0	1.236	1.03	0.824	0.824	0.412	0	0	0	0	0	0.618	2.266	1.03	2.678	0.824	0	1.03	0	0	0.618	0	0.824	0.618	0.206	0	0	0.618	1.648	0.412	0.206	0	0.412	0	0.206	1.236	0.412	0.618	1.442	0.618	0.618	1.03	0.206	0	0.618	0.206	0	0.412	0.412	0	0	0.412	0	0	1.648	1.442	3.914	2.472	0.412	2.472	6.592	0.412	0.206	1.236	2.266	0.412	0.206	0.206	1.03	1.854	0.618	50:60,281.995:200,50:80
Acap2-NM_030138	0	0	0.206	0	0	0	0	0	0	0	0	0	0	0	0	0.206	0	0	0	0	0	0	0	0	0	0	0	0	0	0	0	0	0	0	0	0	0	0	0	0	0	0	0	0	0	0	0	0	0	0	0	0	0	0	0	0	0	0	0.206	0.206	4.326	5.562	5.356	1.236	1.442	4.532	1.03	3.09	1.442	1.442	0.618	4.326	3.09	1.236	2.678	3.502	4.326	3.502	0.824	3.296	0.824	2.06	3.708	4.944	3.708	4.738	1.854	1.854	5.768	0.824	4.12	0.618	2.266	2.472	9.064	0.618	2.472	4.944	1.854	6.386	3.502	3.296	3.09	6.18	2.472	5.15	2.266	5.768	3.09	2.884	4.12	4.895	6.024	2.472	1.442	4.944	3.09	2.678	1.854	4.738	6.386	5.356	4.532	1.442	4.532	5.356	3.09	4.326	5.974	5.768	0	2.678	4.944	7.004	3.09	7.21	7.416	6.18	6.592	8.446	6.798	4.532	2.06	4.738	4.326	8.24	6.386	4.12	5.68	4.003	7.21	12.772	4.738	9.888	14.214	18.746	26.163	35.433	28.017	15.45	3.708	12.36	11.33	12.261	8.751	6.18	11.106	4.345	26.163	18.746	5.356	6.18	5.15	4.532	3.914	2.266	7.622	5.15	8.034	3.296	7.416	4.12	2.884	2.266	6.18	6.592	15.143	9.989	6.798	1.236	0.824	1.648	4.532	5.15	2.678	7.828	7.416	7.828	3.502	10.506	3.296	5.15	3.502	2.266	4.738	3.296	4.532	6.386	6.18	1.648	7.004	1.648	8.858	6.592	6.18	3.914	5.15	7.828	3.708	4.738	2.884	3.296	4.532	6.592	2.884	4.326	6.798	4.944	2.472	1.442	7.828	3.09	6.592	6.592	5.562	2.472	7.828	4.326	0.206	6.798	7.004	4.944	10.712	8.018	7.021	5.356	7.416	6.592	7.828	4.532	1.648	3.914	3.914	7.21	4.944	3.914	11.124	4.631	4.639	5.768	1.648	0.412	0.618	0.824	1.648	0.618	0	0	0	0	0	0	0	0	0.412	0	0	0	0	0	0	0	0	0	0	0	0.206	1.442	0.412	0.206	0.206	1.236	2.884	0	0.206	0.618	0.824	0	1.03	0.824	0.412	0.824	0.206	0.412	0.206	0	0	0	0	0	0	0	0	0	0	0	0	0	0	0	0	0	0	0	0	0	0	0	0	0	0	0	0	0	0	0	0	0	0	0	50:60,544.13:200,50:80
Acbd6-NM_028250	0	0	0	0	0	0	0	0	0	0	0	0	0	0	0	0.206	0	0	0	0	0	0	0	0	0	0	0	0	0	0	0	0	0	0	0	0	0	0	0	0	0	0	0	0	0	0	0	0	0	0	0	0	0	0.206	0.206	0.412	0	0	0.206	1.236	11.742	5.15	2.678	2.884	2.884	6.798	3.502	3.708	4.326	3.09	6.798	5.15	4.326	5.356	5.768	2.472	4.12	7.004	2.472	2.884	2.472	1.03	11.33	8.034	3.09	15.244	4.944	6.386	6.386	5.356	4.532	4.326	6.18	4.532	1.854	5.356	2.884	2.472	2.472	12.154	5.356	8.446	6.18	2.678	1.236	3.296	7.21	4.532	4.12	1.648	4.326	5.9	8.108	7.828	2.884	7.828	15.862	2.472	6.18	2.472	5.15	2.266	3.914	1.236	6.18	0.824	0.618	0.412	2.06	0.618	1.442	3.708	4.326	2.06	1.648	2.06	0.206	1.442	3.502	1.236	1.03	1.236	0	1.236	2.06	1.442	1.648	1.03	1.854	1.648	1.442	3.296	2.884	4.12	1.854	1.854	0.824	3.502	2.266	2.472	2.884	4.532	4.12	3.296	1.442	0.824	1.854	3.502	4.532	1.442	1.236	1.442	2.266	2.884	0.618	1.648	1.236	1.03	2.266	1.648	1.442	3.09	0.412	1.03	1.648	2.884	0	0.618	1.236	0	0.412	3.09	3.296	4.944	1.236	1.648	4.738	2.884	3.09	3.708	2.06	2.266	2.06	1.648	5.768	4.326	3.708	5.15	3.914	2.884	2.678	1.03	1.236	2.884	1.03	3.914	2.266	2.06	3.502	0.824	3.09	1.236	2.06	3.296	1.03	1.442	0.824	0.824	0.412	0.824	0	0.412	1.03	3.914	4.944	2.472	1.03	0.824	0.824	0.206	2.266	3.037	2.526	1.03	2.678	1.648	3.708	1.236	1.442	2.06	1.854	4.326	2.68	1.44	0.618	3.09	2.472	2.884	0.412	2.266	0.618	0.206	0.206	0	0	0.206	0.618	0.206	0	0	0	0	0.412	0	0	0	0	0.206	0	0	0	0.412	0.206	0	0	0.206	0.206	0	0.206	0.206	0.618	0.206	0.618	0.824	0	0.206	0.824	0	0	0.206	0.618	0	1.442	0.206	0.412	0.824	0.206	0.206	0.206	0	0.618	0.206	0.824	0	0	1.236	0.618	0	0	0.206	0	0.618	0.412	0.206	0.206	0.412	0.412	0	0	0	1.03	0.412	0.412	0	0.206	0.206	0.618	0	0	0.618	50:60,645.57:200,50:80
Accs-NM_001290782	0	0	0.412	0	0.206	0	0	0	0.206	0	0.206	0	0	0	0	0	0	0	0.412	0.206	0	0	0	0.206	0	0	0	0	0	0	0	0	0	0	0	0	0	0	0	0	0	0.412	0	0	0	0	0	0	0	0.206	0	0	0.206	0	0	0	0	0	0	6.592	4.12	2.884	1.442	0.618	0.618	0	0	0	0	0	0	0	0	0	0	0	0	0	0	0	0	0	0	0	0	0.206	0	0.206	0	0	0.618	0	0	0.206	0	0	0	0	0.206	0.206	0.618	0.206	0.206	0	0	0	0	0.206	0	0	0	0	0	0	0	0	0	0.206	0	0	0	0	0	0.206	0.412	0.206	0	0	0	0	0	0	0.618	0	0.206	0	0	0.412	0.206	0.206	0	0.206	0	0	0.206	0	0	0.206	0.618	0	0	0	0	0.206	0.206	0.412	0.206	0.562	0.468	0	0	0	0.206	0	0	0.206	0.206	0.206	0	0	0	0	0	0.206	0	0	0	0	0.412	0	0.206	0.412	0	0	0	0	0	0	0	0	0.206	0	0.412	0.206	0.824	0	0.206	0	0	0	0.618	0.618	0.423	0.195	0.206	0.618	0	1.03	0.206	0.412	0.412	0.206	0	0.824	0	0	0	0.206	0	0	0	0.412	0.618	0.206	0	1.011	0.637	1.442	0.618	0.206	0	0.618	1.03	2.058	0.208	0.412	0	0.206	0.824	0.206	0	0.206	0.206	0.206	0	0	0.618	1.648	0.824	3.09	1.03	0.206	0.206	0	0.618	0.206	0.824	0.206	0	0.618	0.824	0.412	0.206	0	1.236	0.206	0	0	0.206	1.236	0.412	0	0	0	0.412	0.412	0	0	0.824	0	0	0.618	1.03	0	0	0	0	0	0	0	0.206	0	0	0	0	0	0	0	0	0	0	0	0	0	0	0	0	0	0	0	0	0	0	0	0	0	0	0	0	0	0	0	0	0	0	0	0	0	0	0	0	0	0	0	0	0	0	0	0	0	50:60,82.385:200,50:80
Adamts10-NM_001329202	0	0	0	0	0	0	0	0	0	0	0	0	0	0	0	0	0	0	0	0	0	0	0	0	0	0	0	0	0	0	0	0	0	0	0	0	0	0	0	0	0	0	0	0	0	0	0	0	0	0	0	0	0	0	0	0	0	0	0	1.236	1.442	7.004	0.412	0.206	0.206	0.206	0.206	8.24	0.206	0	0.206	0.206	0.206	0	0.206	0	0	0.206	0.206	0.206	0	0	0	0.412	0.412	0.206	0.206	0.412	0.206	0.824	1.236	0.206	0.206	0.412	1.236	0.824	1.648	0	0.206	0.412	0.618	0.412	1.648	1.236	0	1.442	1.854	1.236	4.738	2.472	2.266	4.738	3.284	4.75	1.648	2.472	2.472	0.412	0.412	0.618	0	1.442	0.206	0	1.03	0.206	0.824	0.412	0	0.618	0.206	1.03	0.412	0.618	1.236	0.412	0	0.412	0.206	0	2.06	0.206	0.206	0.618	0.824	0.206	1.648	0.824	0.412	0	0.824	0.412	0.618	0.824	1.236	0.824	1.236	2.266	0.206	2.06	0.618	1.236	3.187	1.757	0.824	0.206	0.618	0.206	0.412	0	0	0.824	0.206	2.06	0.206	1.442	1.648	1.442	1.854	0	1.442	1.03	1.236	0	0.618	1.854	0.412	0.56	1.294	0.824	2.266	0.618	0.618	1.236	0.618	2.266	0.206	0	0.206	1.03	0.824	0.206	0.206	0.618	0.412	0	0	0.206	1.854	1.854	1.648	0.412	1.854	1.442	0.618	0	0	0.206	0.824	1.03	0.206	0.824	0	0	0.206	1.236	1.236	0.618	0.618	0	0.206	0.412	1.442	0.618	0.824	0	0.618	0	0.206	1.689	2.033	0.398	1.854	0.206	1.03	1.236	1.236	0.206	0.206	1.854	0.206	2.884	2.06	0.412	2.678	1.03	3.296	1.442	0.206	2.266	0.206	0.412	0	0	0	0	0.618	1.03	1.442	0.824	0.412	1.03	0.618	0	0.206	0.412	0.824	0.412	0.206	0.618	0.412	2.678	0.618	0	0	0.412	1.236	0.412	0	0.412	0.412	0.412	0.618	0.412	2.884	1.236	0.824	0.206	0.412	0.618	0.206	0.618	0.412	0	1.236	0.412	0.206	0.206	3.296	3.502	0.206	0	0	0.824	0	0.412	0.206	0	0	0.412	0.206	0.206	1.236	0	0	0.618	0.618	0.206	0.412	0.412	0.206	0	0	0	0	0	0.206	0	0	0	50:60,148.49:200,50:80
Adamts10-NM_001329203	0	0	0	0	0	0	0	0	0	0	0	0	0	0	0	0	0	0	0	0	0	0	0	0	0	0	0	0	0	0	0	0	0	0	0	0	0	0	0	0	0	0	0	0	0	0	0	0	0	0	0	0	0	0	0	0	0	0	0	1.236	1.442	7.004	0.412	0.206	0.206	0.206	0.206	8.24	0.206	0	0.206	0.206	0.206	0	0.206	0	0	0.206	0.206	0.206	0	0	0	0.412	0.412	0.206	0.206	0.412	0.206	0.824	1.236	0.206	0.206	0.412	1.236	0.824	1.648	0	0.206	0.412	0.618	0.412	1.648	1.236	0	1.442	1.854	1.236	4.738	2.472	2.266	4.738	3.284	4.75	1.648	2.472	2.472	0.412	0.412	0.618	0	1.442	0.206	0	1.03	0.206	0.824	0.412	0	0.618	0.206	1.03	0.412	0.618	1.236	0.412	0	0.412	0.206	0	2.06	0.206	0.206	0.618	0.824	0.206	1.648	0.824	0.412	0	0.824	0.412	0.618	0.824	1.236	0.824	1.236	2.266	0.206	2.06	0.618	1.236	3.187	1.757	0.824	0.206	0.618	0.206	0.412	0	0	0.824	0.206	2.06	0.206	1.442	1.648	1.442	1.854	0	1.442	1.03	1.236	0	0.618	1.854	0.412	0.56	1.294	0.824	2.266	0.618	0.618	1.236	0.618	2.266	0.206	0	0.206	1.03	0.824	0.206	0.206	0.618	0.412	0	0	0.206	1.854	1.854	1.648	0.412	1.854	1.442	0.618	0	0	0.206	0.824	1.03	0.206	0.824	0	0	0.206	1.236	1.236	0.618	0.618	0	0.206	0.412	1.442	0.618	0.824	0	0.618	0	0.206	1.689	2.033	0.398	1.854	0.206	1.03	1.236	1.236	0.206	0.206	1.854	0.206	2.884	2.06	0.412	2.678	1.03	3.296	1.442	0.206	2.266	0.206	0.412	0	0	0	0	0.618	1.03	1.442	0.824	0.412	1.03	0.618	0	0.206	0.412	0.824	0.412	0.206	0.618	0.412	2.678	0.618	0	0	0.412	1.236	0.412	0	0.412	0.412	0.412	0.618	0.412	2.884	1.236	0.824	0.206	0.412	0.618	0.206	0.618	0.412	0	1.236	0.412	0.206	0.206	3.296	3.502	0.206	0	0	0.824	0	0.412	0.206	0	0	0.412	0.206	0.206	1.236	0	0	0.618	0.618	0.206	0.412	0.412	0.206	0	0	0	0	0	0.206	0	0	0	50:60,148.49:200,50:80
Adgb-NM_001127353	0	0	0	0	0	0	0	0	0	0	0	0	0	0	0	0	0	0	0	0	0	0	0	0	0	0	0	0	0	0	0	0	0	0	0	0	0	0	0	0	0	0	0	0	0	0	0	0	0	0	0	0	0	0	0	0	0	0	0	0	0	0	0	0	0	0	0	0	0	0	0	0	0	0	0	0	0	0	0	0	0	0	0	0	0	0	0	0	0	0	0	0	0	0	0	0	0	0	0	0	0	0	0.206	0	0	0	0	0	0	0	0	0	0	0	0	0	0	0	0	0	0	0	0	0	0	0	0	0	0	0.206	0	0	0	0	0	0	0	0	0	0	0	0	0	0	0	0	0	0	0	0	0	0	0.206	0	0	0	0	0	0	0	0	0	0	0	0	0	0	0	0	0.206	0	0	0	0	0	0	0	0	0	0	0	0	0	0	0	0	0	0	1.442	0	0	0	0	0	0	0	0	0	0	0	0	0	0	0	0	0	0	0	0	0	0	0	0	0	0	0	0	0	0	0	0	0	0.206	0	0	0	0	0	0	0	0	0	0	0	0	0	0	0	0	0	0	0	0	0	0	0	0	0	0	0	0	0	0	0	0	0	0	0	0	0.206	0	0	0	0	0	0	0	0	0	0	0	0	0	0	0	0	0	0	0	0	0	0	0	0	0	0	0	0	0	0	0	0	0	0	0	0	0	0	0	0	0	0	0	0	0	0	0	0	0	0	0	0	0	0	0	0	0	0	0	0	0	0	0	0	0	0	0	0	0	0	0	0	0	0	0	0	0	0	0	0	50:60,683.485:200,50:80
Adgrg5-NM_001033468	0	0	0	0	0	0.206	0	0	0	0	0	0	0.206	0.412	0.206	0.412	0.206	0	0	0	0	0	0.206	0	0.618	7.416	1.648	0.412	0	0.618	0.206	0	0	0.206	0	0.206	0	0	0	0	0	0	0	0	1.854	1.03	0	0	0.206	0	0	0	0	0	0	0	0	0	0	0	0	0	0	0	0	0	0	0	0	0	0	0	0	0	0	0	0.206	0.206	0	0	0	0	0.206	0	0	0	0	0	0	0	0	0	0	0	0	0	0	0	0	0	0	0	0	0	0	0	0	0	0	0	0	0	0	0	0	0	0	0	0	0	0	0	0	0	0	0	0.206	0	0	0	0	0	0	0	0.206	0	0	0	0	0	0.206	0	0	0	0	0	0	0	0	0	0.206	0	0	0	0.206	0	0	0	0.206	0	0	0	0	0	0	0	0	0	0	0.206	0	0	0	0.206	0	0	0.618	0	0	0	0	0	0	0	0.412	0	0	0	0.206	0	0	0	0	0	0	0	0.206	0.206	0	0	0	0.412	0	0	0	0	0	0	0	0	0	0.206	0	0.206	0	0	0	0	0	0	0	0	0	0	0	0	0.206	0	0	0	0	0	0	0	0	0	0.206	0	0	0	0.206	0	0.206	0	0	0	0.412	0	0	0	0	0	0	0	0	0	0	0	0.618	0.206	0	0	0	0.206	0	0.206	0	0	0	0	0	0.206	0	0	0.206	0	0.206	0.206	0.206	0.206	0	0	0	0.206	0	0	0	0	0	0.206	0	0.206	0.206	0.206	0	0.206	0	0	0	0	0	0	0.206	0	0.206	0	0	0	0	0	0	0	0	0.206	0	0	0	0	0	0	0	0.206	0.206	0	0	0	0	0	0	0	0	0	0	0	0	0	0	0	0	0	50:60,97.985:200,50:80
Afg1l-NM_145743	0	0	0	0	0	0	0	0	0	0	0	0	0	0	0.206	0.206	0	0	0	0	0	0	0	0	0	0	0	0	0	0	0	0.206	0	0	0	0	0.206	0	0	0	0	0	0	0	0	0.206	0.824	0	0	0	0	0	0	0	0	0	0	0	0	0.412	37.493	5.15	0.618	4.738	63.244	3.296	4.738	5.562	4.532	4.12	5.356	13.39	6.592	4.944	10.3	5.356	24.927	8.24	1.03	1.854	6.798	2.884	7.004	3.708	6.927	1.931	3.502	6.18	4.944	3.502	3.09	3.09	2.472	8.446	2.678	2.266	4.944	1.442	4.12	1.236	2.266	5.356	0.412	0.618	2.472	1.854	1.236	4.532	1.854	2.472	1.442	1.03	0.618	1.648	1.442	5.974	3.708	0.824	2.266	1.442	4.738	0.206	2.06	13.184	2.266	4.944	2.472	1.648	2.266	1.854	4.326	2.884	3.502	5.356	5.562	5.768	5.562	5.356	1.854	7.416	3.914	4.944	6.434	3.455	4.738	2.06	2.472	2.678	4.12	3.914	2.266	0	0	1.854	2.472	2.678	3.296	2.06	1.236	5.768	1.236	6.592	2.266	3.296	2.884	2.884	5.356	2.678	1.236	4.738	3.09	2.266	5.768	2.678	5.15	2.884	0.206	0	0	0	0	0	0	0	0	3.296	2.266	3.708	3.09	7.828	4.944	5.356	2.06	3.914	2.266	0.412	4.532	3.708	2.678	4.944	1.648	1.03	4.738	1.442	2.472	2.06	4.326	3.09	1.442	0.618	3.502	0.824	3.296	2.472	2.06	5.599	2.435	4.944	8.034	4.738	2.472	2.266	3.09	3.708	5.562	1.854	2.06	3.502	5.356	4.944	3.296	6.18	3.708	2.884	2.266	2.06	4.532	2.06	2.678	4.326	3.708	5.562	8.652	4.326	7.092	3.827	6.592	8.446	5.15	3.296	2.266	4.532	4.738	3.09	6.386	4.944	1.854	2.678	3.502	10.506	0.618	4.12	0.206	0.618	0	0	0	1.03	0	0	0	0.824	0.412	1.03	2.266	1.236	1.236	3.296	5.15	2.678	3.09	0.412	0.412	0.824	0	0.618	0	0	0	0.412	2.06	0.824	0.412	1.236	1.442	0.412	0	1.442	2.06	0.618	0	0.206	0.206	0.206	0.618	0.412	0.412	0	0.412	1.442	0.206	0	0.206	0.412	0.206	0	0.206	0.412	0.206	0	0.618	0	0	0	0.206	0.206	0.206	0	0	0.412	0	0.206	0.206	0.824	0.824	0.206	0.618	0.206	0.618	0.824	50:60,829.905:200,50:80
Agap3-NM_139153	0.206	0	0	0	0	0	0	0	0	0	0	0	0	0	0.206	0.206	0	0	0	0.206	0	0	0	0	0	0	0	0	0	0	0	0	0	0.206	0	0	0.206	0	0	0	0	0.206	0	0	0.206	0.412	0	0	0.412	0	0	0	0.206	0	0.412	1.648	0.206	1.236	0.412	0	0	0.206	0.206	0	0.412	1.03	1.442	1.442	1.03	1.442	1.03	0.618	0.412	2.884	1.854	4.12	2.678	2.06	2.266	2.06	2.472	3.502	0.824	3.914	0.412	0.412	0	0.618	1.03	2.266	2.472	2.472	0.412	1.236	5.562	2.06	1.236	1.236	1.442	2.266	1.442	3.296	1.854	2.266	1.437	2.065	4.326	2.274	4.112	1.03	4.738	4.944	2.06	1.236	3.296	2.472	7.004	2.884	5.768	2.472	1.03	0.412	2.678	1.442	1.03	2.031	3.899	3.163	1.619	4.738	0	2.06	4.12	8.502	6.331	3.296	2.472	1.854	0.824	0.618	1.03	1.854	4.738	0.618	6.592	1.236	4.944	3.914	1.442	1.03	1.648	0	5.15	2.06	2.884	1.648	1.236	1.442	0.442	2.133	2.781	0.618	0.824	5.356	6.386	1.03	3.09	1.236	3.09	2.06	0	3.914	1.648	2.06	4.532	1.03	1.03	2.266	5.768	1.03	0.618	1.442	6.798	7.004	5.845	2.189	15.244	3.09	1.236	10.3	7.726	11.02	4.12	10.506	3.914	2.06	5.15	5.768	9.27	7.004	6.798	3.914	5.356	5.974	12.566	1.03	1.236	6.291	4.215	3.09	2.06	4.12	0.824	2.266	4.738	5.356	10.918	11.536	3.708	5.562	4.326	7.622	6.18	4.738	12.154	3.09	7.622	0.824	3.09	10.918	4.12	0.412	4.412	7.743	2.884	4.944	2.266	8.24	2.678	0.824	1.083	1.183	11.742	6.592	5.289	7.483	6.18	5.356	3.502	4.532	5.11	7.044	3.708	5.562	7.004	2.884	2.472	2.884	2.678	9.27	1.236	0.412	0.206	0.618	0.412	1.236	3.502	0.412	2.678	1.648	2.266	2.678	1.854	0	0.206	2.472	1.236	3.502	2.472	0.618	3.708	3.708	1.03	1.03	1.236	1.442	2.06	3.708	2.884	1.236	1.648	1.03	1.854	0.412	1.854	4.532	0.412	0.206	1.442	1.03	0.824	6.386	1.442	4.12	0.206	1.648	1.442	0.206	0.206	1.03	1.442	0.206	3.502	1.236	1.236	1.854	0.206	0.206	1.03	1.03	0.824	1.03	3.708	0.824	0.824	1.648	0.206	0	0	0.206	0	0	0.206	0.206	0.206	0.206	0.206	1.442	0.412	0.618	50:60,249.355:200,50:80
Agbl4-NM_030231	0	0	0	0	0	0	0	0	0	0	0	0	0	0	0	0	0	0	0	0	0	0	0	0	0	0.206	0	0	0	0	0	0	0	0	0	0	0	0	0	0	0	0	0	0	0	0	0	0	0	0	0	0	0	0	0	0	0	0	0	0	0.618	0.206	0	0.206	0	0.206	0	0.206	0.206	0.206	0	0	0	0.206	0	0	0	0	0	0	0	0.206	0.206	0.206	0	0	0	0	0.412	0	0	0.206	0	0	0	0	0	0.206	0	0.206	0	0	0.206	0.412	0	0	0	0.412	0	0	0	0.206	0	0	0	0	0.206	0	0	0	0	0	0	0	0	0	0	0	0	0	0	0	0	0	0	0	0	0	0	0	0.412	0	0.412	0	0	0	0	0	0	0	0.618	0	0	0	0	0	0	0	0.206	0	0.206	0	0	0	0	0	0	0.206	0	0	0.206	0	0	0	0.412	0	0	0	0	0	0	0	0	0	0	0	0.206	0	0	0	3.502	0	1.03	0	0	0.206	0	0	0.206	0	0.206	0	0	0	0	0.206	0	0.412	1.236	1.236	1.03	0.618	0.618	0.618	1.236	1.236	2.266	1.854	0.618	1.03	1.442	60.153	64.48	70.66	129.371	82.814	100.942	128.753	159.242	67.57	8.034	7.416	15.656	0.618	1.236	0.824	1.648	1.236	0.206	0.618	0	0	0.206	0	0.206	0.824	0.206	0.206	1.03	0.618	1.442	0	0.412	0.412	0.412	0.618	6.386	0.206	0	0.206	0	0	0	0	0	0	0	0	0	0	0	0	0	0	0	0	0	0	0	0	0	0	0	0	0	0	0	0	0	0	0	0	0	0	0	0	0	0	0	0	0	0	0	0	0	0	0	0	0	0	0	0	0	0	0	0	0	0	0	0	0	0.206	0	0	0	0	0	0	0	0	0	0	0	0	0	0	0	0	0	0	50:60,6299.11:200,50:80
Aldh1a1-NM_001361505	0	0	0	0	0	0	0	0	0	0	0	0	0	0	0	0	0	0	0	0	0	0	0	0	0	0	0	0	0	0	0	0	0	0	0	0	0	0	0	0	0	0	0	0	0	0	0	0	0	0	0	0	0	0	0	0	0	0	0	0	0	0	0	0	0	0	0	0	0	0	0	0	0	0	0	0	0	0.206	0	0.618	0	0	0	0	0	0	0	0	0	0	0	0	0	0	0	0	0	0	0	0	0	0	0	0	0	0	0	0	0	0	0	0	0	0	0	0	0	0	0	0	0	0	0	0	0	0	0	0	0	0	0	0	0	0	0	0	0	0	0	0	0	0	0	0	0	0	0	0	0.206	0	0	0	0	0	0.206	0	0	0	0	0	0	0	0	0	0	0	0	0	0	0	0	0.206	0	0	0	0	0	0	0	0	0	0	0	0	0	0	0	0	0	0	0.206	0	0	0	0	0	0	0	0	0	0	0	0	0	0	0	0.206	0	0	0	0	0	0	0	0	0.206	0	0	0	0	0	0	0	0	0	0	0	0	0	0	0.206	0	0.206	0	0	0	0.206	0	0	0.206	0	0	0	0	0.206	0	0	0.206	0	0.412	0	0	0	0.206	0	0	0	0	0.206	0	0	0	0	0	0	0	0	0	0	0	0	0	0	0	0	0	0	0	0	0	0	0	0	0	0	0.206	0	0	0	0	0	0	0	0	0	0	0	0	0	0	0	0	0	0	0	0	0	0	0	0	0	0	0	0	0	0	0	0	0	0	0	0	0	0	0	0	0	0	0	0	0	0	0	0	0	0	0	0	0	0	50:60,754.405:200,50:80
Aldh4a1-NM_175438	2.06	1.442	2.266	2.678	1.442	1.648	0.618	0.618	1.442	0.412	0	0.824	0.206	0	0.206	0	0.412	0.412	1.03	0.618	1.03	1.648	0	0	0.618	0	0	0	0	0	0.206	0	0.206	0	0	0	0	0	0	0	0.206	0	0.824	0	0	0.206	0.412	0.412	0.206	0.206	0	0	0	0.412	0	0	0.824	0	0	2.06	2.266	27.596	2.686	0	0	0.206	0.412	0	0	0.206	0	0.206	0.412	0.206	0.206	0.412	0.206	0.206	0.206	0	0.824	0.618	0.412	0	0	0.206	0.206	0	0	1.03	0.206	1.03	1.442	0.618	1.442	0.206	0.206	0.412	0	0.412	0.824	1.03	1.236	0.618	0.618	0.412	0	0.412	1.03	0.927	2.058	0.311	0.412	0.618	3.708	0.824	1.442	1.236	0.206	0.206	0	1.442	0.618	1.03	2.06	2.678	1.442	0.824	1.442	0.412	0.824	1.442	0.206	0.206	0.618	1.854	0.206	0.206	0.206	0	0.206	0.412	1.03	0.206	0.824	0.412	1.236	0.412	0.824	0.824	1.648	1.236	1.442	0.412	2.266	0	0.212	0.406	0.824	0.206	2.884	1.03	3.296	2.678	0.618	0.412	1.442	1.854	2.06	2.266	2.472	3.09	1.854	0.618	2.06	1.648	2.472	3.296	2.06	4.12	0.206	3.914	4.073	2.313	6.18	2.266	4.738	2.472	1.236	1.236	2.884	0.824	0.412	1.236	2.884	3.296	3.426	4.196	0.824	2.884	5.356	8.446	1.854	0.824	4.12	3.09	1.963	1.127	1.442	5.15	0.412	2.06	0.206	1.236	1.854	1.236	0.206	3.09	0.412	0.412	0.206	2.217	1.285	0.824	4.12	2.266	1.236	0.824	0	0.824	2.326	5.296	0.412	0.618	0.824	0	0.618	0.412	0.206	0	1.069	1.403	0.412	0	0.206	2.472	2.06	0.206	0.412	1.03	1.236	0.618	0.412	0.206	1.236	1.648	0.824	1.236	2.884	4.532	1.442	1.648	0.412	0.206	0.206	1.442	0.824	0.206	0.824	1.236	0.412	0.412	1.442	1.648	1.236	0.618	2.06	2.884	1.442	0.412	0.824	2.06	1.03	0.206	1.854	0.618	1.03	0.618	1.03	0	0.206	2.678	1.854	0.206	2.266	2.06	1.442	1.236	0	0.206	0.206	0.412	1.03	1.03	1.03	1.442	0.412	1.03	0.206	0	0	0	0.206	0.206	0	0	0	0.206	0.412	0	0.206	0	0.618	0.618	0	0	0	0.206	0.618	0.412	0.618	0.618	0	0.206	1.03	0.618	0.824	0.206	0.412	0.206	50:60,133.99:200,50:80
Alox5-NM_009662	0	0	0	0	0	0	0	0	0	0	0	0	0	0	0	0	0	0	0	0	0	0	0	0	0	0	0	0	0	0	0	0	0	0	0	0	0	0	0	0	0	0	0	0	0	0	0	0	0	0	0	0	0	0	0	0	0	0	0	0	5.974	1.442	0.206	0	0	0.206	0	0.206	0	0	0	0	0	0	0	0.412	0	0.412	0.412	0	0.206	0	0	0	0.412	0.206	0	0	0	0	0	0	0	0	0	0.412	0.206	0	0.206	0	0.206	0	0	0	0.618	0	0	0.206	0	0	0	0.206	0	0	0	0	0	0	0.206	0	0	0	0	0	0.412	0	0	0.412	0	0.206	0.412	0	0	0	0	0	0	0	0.206	0	0.412	0	0.206	0	0.206	0	0.412	0.412	0.206	0.206	0	0	0.412	0	0	0.412	0	0.206	0	0	0	0	0	0	0	0	0	0	0.206	0	0	0	0	0.206	0.206	0.206	0	0	0	0	0	0.206	0	0	0	0	0	0.206	0.206	0.206	0	0	0.206	0.206	0.618	0.412	0.206	0.206	0.206	0	0.412	0.618	0.618	0	0	0.206	0.206	0	0.412	0	0	0	0	0	0.206	0	0	1.03	0.206	0	0	0	0.206	0	0	0.206	0.206	0.206	0.412	0.412	0.824	0.618	0	0	0.206	0	0	0	0.206	0	0	0	0.618	0.206	0.412	0	0.824	0.206	0.206	0.206	0	0.412	0.206	0	0.618	0.206	0.206	0	0	0	0	0	0	0	0	0	0	0	0.206	0.206	0	0	0.206	0	0	0	0	0.206	0	0	0	0	0	0	0	0	0	0	0	0	0	0.618	0	0	0	0	0.206	0.206	0	0	0.206	0.206	0	0	0	0	0	0	0	0	0	0	0.412	0	0.206	0	0	0	0	0.206	0	0	0	0	0	0	0	0	0	0	0	0	0	0	0	0	0	0	0	0	50:60,255.54:200,50:80
Als2cl-NM_146228	0	0	0	0	0	0	0	0	0	0	0	0	0	0	0	0	0	0	0	0	0	0	0	0	0	0	0	0	0	0	0	0	0	0	0	0	0	0	0	0	0	0	0	0	0	0	0	0.206	0	0	0.412	0	0.206	0	0	0	0	0	0	0	3.914	1.442	0.412	1.648	1.236	0.206	0	0.412	0.206	0.412	0	0.206	0	0	0	0.412	0.206	0	0	0.206	0	0	0	0.206	0	0.206	0	0	0	0	0.206	0.206	0	0.618	0	0.206	0.412	0.824	0.412	0.412	2.266	0	0.618	0.206	0	0	0	0	0.206	0.824	0.206	0.618	0.206	0.492	1.98	0.618	0.206	0.824	0.824	0	0.412	0	1.236	1.442	0.618	0.824	0.412	0	0.412	0.824	0	1.442	1.648	1.442	0	4.05	2.336	2.06	1.442	1.236	1.648	1.03	0.618	0.206	0.824	2.884	1.03	1.648	0.412	1.236	0.412	2.06	3.914	1.442	1.03	0.618	1.854	0.824	1.236	1.648	1.648	2.678	0.618	0.206	0.206	0.824	0.618	0.206	0.206	0.206	0.206	1.648	1.236	1.236	1.03	0.206	0.206	0.824	1.236	0.824	0.206	0.618	0.824	0.206	0.412	1.03	0.618	0.206	1.648	2.06	0.618	1.442	0.206	1.03	1.03	0.412	0	0.206	1.442	0.206	0	1.236	1.236	0.824	0.412	0.206	0.824	0	0.412	0	0.824	0.412	1.03	1.03	1.581	0.479	0	1.648	2.472	0.206	0.618	0.618	0.824	2.266	5.562	6.386	0.412	0.412	1.03	0.824	1.333	0.727	0	0.824	0.412	0	0	0.412	0	1.03	1.236	1.236	0.618	0.618	0.618	0.412	1.236	0.824	1.03	1.648	0.412	0.824	0.618	1.442	2.06	0.824	0	3.502	5.15	0.618	1.442	4.532	1.03	0.412	1.854	1.648	0.824	1.442	1.03	0.824	1.03	3.296	0.206	0.412	0	0.618	0.618	0	0.412	0.618	0.412	0	0.206	0	0.412	0	0	0	0	0	0	0	0	0	0.206	0.206	0.206	0	0	0	0	0	0	0	0.206	0	0	0.824	0	0.206	0	0	0	0.206	0	0	0	0.206	0	0	0	0	0	0	0	0	0	0	0	0	0	0	0.206	0	0	0.412	0	0	0	0	50:60,101.785:200,50:80
Ank1-NM_031158	0	0	0	0	0	0	0	0	0	0	0	0	0	0	0	0	0	0	0	0	0	0	0	0	0	0	0	0	0	0	0	0	0	0	0	0	0	0	0	0	0	0	0.206	0.206	0	0	0	0	0	0	0	0.206	0	0	0	0	0	0.206	0.206	0	0.824	0.824	0.206	0.206	0	0	0.206	0	0	0	0	0.206	0	0	0.206	0	0	0.206	0	0	0	0	0	0	0	0	0	0	0.206	0	0.206	0	0	0	0	0	0.206	0	0	0.206	0	0	0	0.412	0.206	0.206	0.206	0	0	0	0	0	0	0	0.206	0	0	0	0	0	0	0	0	0	0	0	0	0	0.206	0	0	0	0	0	0	0	0.206	0	0	0.412	0.412	0.412	0	0	0	0	0	0.412	0.073	0.133	0	0	0	0	0	0	0	0.206	0	0	0	0	0	0	0	0	0.206	0	0	0	0	0	0	0	0.206	0.206	0	0	0	0	0	0	0	0.206	0	0	0	0	0.206	0.412	0	0.412	0	0	0.206	0.206	0.412	0.206	0	0	0	0	0	0	0	0	0.206	0	0	0	0	0	0	0	0	0.206	0.206	0	0	0.206	0	0.412	0	0	0	0	0	0.206	0	0.412	0.206	0	0.206	0.412	0	0	0	0.824	0	0.206	0	0	0	0	0	0	0.412	0	0	0.206	0	0.206	0	0.206	0	0	0	0.412	0.206	0.412	0.206	0	0	0	0	0	0	0	0	0	0	0	0	0	0	0	0	0	0	0	0	0	0	0	0	0	0	0	0	0	0	0	0	0	0	0	0	0	0	0	0	0	0	0	0	0	0.206	0	0	0	0	0	0	0.412	0.206	0	0	0	0	0	0.206	0	0.206	0.206	0	0.206	0	0	0	0	0	0	0	0	0	0	0	0	0	0	50:60,461.195:200,50:80
Ankrd33-NM_001355656	0	0	0	0	0	0	0	0	0	0	0	0	0.206	0.824	0	0	0	0	0.206	0	0	0	0	0	0	0	0	0	0	0	0	0	0	0	0	0	0	0	0	0	0	0	0	0	0	0	0	0	0	0	0	0	0	0	0	0	0	0	0	0	0	0	0	0	0	0	0	0	0	0	0	0	0	0	0	0	0	0	0	0	0	0	0	0	0	0	0	0	0	0	0	0	0	0	0	0	0	0	0	0	0	0	0	0	0	0	0	0	0	0	0	0	0	0	0	0	0	0	0	0	0	0	0	0	0	0	0	0	0	0	0	0	0	0	0	0	0	0	0	0	0	0	0	0	0	0	0	0	0	0	0	0	0	0	0	0	0	0	0	0	0	0	0	0	0	0	0	0	0	0	0	0	0	0	0	0	0	0	0	0	0	0	0	0	0	0	0	0	0	0	0	0	0	0	0	0.206	0	0	0	0	0	0	0.206	0	0	0	0.824	0	0.206	0	0	0	0	0	0	0	0	0	0	0	0	0	0	0	0	0	0	0	0	0	0	0	0	0	0	0	0	0	0	0	0	0	0	0	0	0	0	0	0	0	0	0	0	0	0	0	0	0	0	0	0	0	0	0	0	0	0	0	0	0	0	0	0	0	0	0	0	0	0	0	0	0	0	0	0	0	0	0	0	0	0	0	0.824	0	0	0	0.412	0	0	0	0	0	0	0	0	0.412	0	0	0	0	0	0	0.206	0	0	0	0	0	0	0	0.206	0	0	0	0	0.412	0	0	0	0	0	0	0	0	0	0	0	0	0	0	50:60,21.35:200,50:80
Ano9-NM_178381	0	0	0	0	0	0	0.206	0	0	0	0	0	0	0	0	0	0	0	0	0	0.206	0	0.206	0	0	0	0	0	0	0	0	0	0	0	0	0	0	0	0	0	0	0	0	0.206	0	0	0.206	0	0	0	0	0.206	0	0	0.206	0	0	0	0	0	2.678	0.412	0.412	0	0.206	0	0	0	0	0	0	0	0	0	0	0.206	0	0	0	0	0	0	0	0	0.618	0	0	0	0.412	0.206	0	0	0.206	0.206	0.206	0.206	0	0.206	0	0	0	0	0	0	0.206	1.236	0.824	0.206	0	0	0	0.206	0	0.412	0	0.206	0.206	0.206	0	0	0	0	0	0	0	0.412	0	0	0	0.206	0.412	0	0	0	0	0	0.206	0	0.824	0.618	0.206	0	0	0	0.412	0.206	0.412	1.236	0.618	0	0.824	0	0	0.412	0.412	1.03	0.824	0	0	0	0.206	0.618	0.206	1.236	1.442	0.824	1.236	1.648	0.618	2.472	0.412	0.206	0.412	0.824	1.03	3.304	0.198	0	0.618	0.824	1.03	1.442	2.06	0.412	1.236	0.618	0.412	0	0	2.472	1.03	1.03	0.618	0	0.206	0.412	0.412	0.824	0	0.412	1.236	1.03	0.618	0.412	0	0	0	0	0	0.206	0	0	0	0.206	0	0.206	0.618	0	1.03	0.618	0.618	0.618	1.442	1.236	3.337	1.813	0.206	0.412	0.618	1.03	0.618	0.618	0.412	0.206	2.266	1.648	0.206	0.75	5.43	2.266	0.618	0.824	1.03	0.412	0	2.06	1.236	0.824	0.206	1.236	0.824	0.412	0.618	1.442	0.824	2.472	2.266	0.412	0.012	1.224	1.442	0	0	0	0	0.206	1.03	1.03	0.206	1.236	0.618	0	3.296	5.562	9.682	3.708	3.914	2.472	2.678	2.472	1.236	0	0.206	1.236	7.416	22.043	0.824	0.824	0.824	1.854	1.648	1.236	2.266	0.412	0.412	0	0.618	0.206	0.206	0	0	0	0.412	0.412	0	0	0.206	0.618	0.206	0.206	0.206	0	0	0	0.412	0.618	1.854	0.618	0	1.03	0.412	0	0	0.412	0.412	0	0	0	0	0	0	0.618	0	0	0.412	0	1.442	0.618	0	0	50:60,82.94:200,50:80
Apbb1-NM_001253887	0.206	0	0	0.412	0.206	0	0	0	0	0	0	0	0	0	0	0	0.206	0.206	0.618	0.618	0.206	0	0	0.824	0	0.824	0	0.206	0.412	0.206	0.618	0.618	0.412	0	0	0.412	0.412	0	0.618	1.03	0.618	0.412	0.412	0.412	0.412	1.03	0.412	0	0.412	0	0	0	0.412	0.824	0.412	0.618	0.618	0	0	0	0	0	0.618	0.206	0.824	0.618	0.206	0	0.206	0	0.412	0.618	0.206	1.03	0.824	0.412	0.206	0.412	0.206	0.206	0.618	0.618	0	0	0	0	0	0	0.618	0.412	0	0.206	0.206	0	0	0.824	0	0.412	1.03	0.206	0	0.206	0.206	0	0	0.412	1.03	0	0.412	0.412	0.571	0.871	1.03	0.618	0	0.206	0	0	0.618	0.412	0.206	0.206	0.618	0.206	0.206	0.206	1.03	0.074	0.338	0	0	0	0.146	0.884	0	0.206	0.412	0.412	0	0	0.618	0.206	0.412	0.206	0.206	0.206	0.412	0	0	0	0	0.173	0.239	0.206	0.824	0	0	0.206	0	0.206	0.412	0.412	0.206	0.206	0.824	1.03	0.618	1.442	1.442	0.206	0.824	0.412	0.206	0.206	0	0	0	0	0.412	0.206	0.206	0.206	0.618	0	0	0.206	0.206	0.824	0.206	0	0.206	0	0.412	0	1.03	0.618	0	0	0	0.206	0	0.206	0.206	0.412	0	0.206	0.206	0	0	0	0	0	0.206	0.206	0.206	0	0	0	0.618	0.206	0	0	0	0.412	0	0	0	0	0	0	0	0	0	0	0.412	0.412	0	0	0.206	0.412	0	0	0.824	0.206	0.412	0	0.206	1.442	0.206	0	0	0.412	0	0.206	0	0.206	0	0	0	0.206	0	0.618	0	0.206	0	0	0.618	0	0.206	1.03	0.618	0.412	0.412	0.412	1.442	3.09	3.296	1.648	0.618	2.472	1.648	1.442	4.532	3.914	1.854	0.618	0	0	0.618	0	1.236	1.03	1.03	0.206	0	0.412	0.618	0.824	1.236	0	0	1.03	1.854	0.618	0.206	0.824	0.824	0.618	0	0	0	0	0.206	0.412	0	0	0	0.206	0	0.206	0.206	0.412	0	0.206	0	0.618	0.206	0	0	0	0	0	0	1.442	0	0	0	0.412	0	0	50:60,54.27:200,50:80
Aqp4-NM_001308644	0	0	0	0	0	0	0	0	0	0	0	0	0	0	0	0	0	0	0	0	0	0	0	0	0	0	0	0	0	0	0	0	0	0	0	0	0	0	0	0	0	0	0	0	0	0	0	0	0	0	0	0	0	0	0	0	0	0	0	0	0	0	0	0	0	0	0	0	0	0	0	0	0	0	0	0	0	0	0	0	0	0	0	0	0	0	0	0	0	0	0	0	0	0	0	0	0	0	0	0	0	0	0	0	0	0	0	0	0	0	0	0	0	0	0	0	0	0	0	0	0	0	0	0	0	0	0	0	0	0	0	0	0	0	0	0	0.206	0	0	0	0	0	0	0	0	0	0	0	0	0	0	0	0	0	0	0	0	0	0	0	0	0	0	0	0	0	0	0	0	0	0	0	0	0	0	0	0	0	0	0	0	0	0	0	0	0	0	0	0	0	0	0	0	0	0	0	0	0	0	0	0	0	0	0	0	0	0	0	0	0.206	0	0	0	0.206	0	0	0	0	0	0	0	0	0	0	0	0	0	0	0	0	0	0	0.206	0	0	0	0	0	0	0	0	0	0	0	0	0	0	0	0	0	0	0	0	0	0	0	0	0	0	0	0	0	0	0	0	0	0	0	0	0	0	0	0	0	0	0	0	0	0	0	0	0	0	0	0	0	0	0	0	0	0	0	0	0	0	0	0	0	0	0	0	0	0	0	0	0	0	0	0	0	0	0	0	0	0	0	0	0	0	0	0	0	0	0	0	0	0	0	0	0	0	0	0	0	0	0	0	0	0	0	50:60,107.945:200,50:80
Arfgap1-NM_001177710	0.412	0	0	0	0	0	0	0	0	0	0	0	0	0	0	0	0	0	0	0	0	0	0	0	0	0	0	0	0	0	0	0	0	0	0	0	0	0	0	0	0.412	0	0.412	0	0	0	0	0	0	0.206	0	0	0	0	0	0.206	0	0	0	0	21.837	30.695	2.369	0.515	0.412	0.412	0.618	0.206	0	0.206	0.206	0.412	0.206	0.206	0	0.206	0.206	0.206	0.412	0	0	0.206	0.412	0	0.618	0.412	0.206	0.206	0.412	0	0.206	0.824	0.618	0	0.412	0.206	0	0.618	0.618	0.618	0	0.824	0.206	0.206	0.206	0	0.206	0.824	1.236	0.618	1.442	1.236	1.442	1.03	1.03	1.236	1.854	1.648	0.206	0.412	0.824	0.412	4.738	1.236	1.854	0.412	0.618	0.824	2.472	1.236	0.618	0.412	0.618	1.03	0.618	1.442	3.708	5.562	3.296	2.266	4.326	3.914	3.502	2.678	0.824	4.326	4.944	3.708	1.442	3.296	1.648	1.236	0.206	1.03	1.03	1.442	4.12	2.06	3.09	0.412	0.412	1.442	1.03	1.236	1.442	0.206	1.648	2.06	1.03	0.618	2.678	1.442	2.266	6.386	0.824	3.708	8.652	6.798	1.442	1.442	1.03	3.09	2.06	4.326	6.592	0.824	0.824	1.03	0.206	0.206	0.206	0.824	0.412	0.206	0	3.914	1.854	2.884	3.914	8.034	2.266	2.884	5.974	0.412	1.236	2.472	2.06	5.974	4.12	0.206	1.442	2.678	1.03	0.412	1.236	2.266	2.266	1.442	0.618	2.06	2.678	10.094	3.914	0.618	5.665	5.253	1.03	5.768	0.206	0	0.824	2.884	2.472	0.824	1.03	1.03	1.854	0.618	3.708	0.618	1.236	0.206	0.824	0.412	1.236	0.824	1.854	0.824	1.236	0.618	3.502	1.648	2.472	0.412	0.824	1.236	10.918	6.592	2.06	9.476	1.854	2.678	1.442	2.678	8.858	7.21	1.854	1.236	0.206	1.854	3.502	3.708	5.15	3.09	7.416	19.57	19.57	3.09	1.854	4.12	13.802	4.326	3.914	7.416	11.33	18.952	10.094	1.442	3.09	4.532	10.712	10.094	7.828	11.742	6.386	13.802	33.579	20.189	7.004	5.15	8.034	2.884	7.21	14.626	5.356	4.944	8.034	1.03	5.768	22.661	2.884	8.24	18.334	14.214	12.978	15.862	2.472	3.914	5.356	3.502	0	0.412	2.472	1.03	6.386	6.798	13.802	5.768	5.768	7.416	5.562	1.236	6.798	9.888	1.236	9.27	4.12	10.094	14.42	7.828	50:60,76.5:200,50:80
Arhgap42-NM_001372570	0	0	0	0	0	0	0	0	0	0	0	0	0	0	0	0	0	0	0	0	0	0	0	0	0	0	0	0	0	0	0	0	0	0	0	0	0	0	0	0	0	0	0	0	0	0	0	0	0.206	0	0	0.824	0.412	9.888	6.18	3.296	0	0	0	1.442	5.15	0.824	0	0.824	1.03	1.442	2.266	0.618	1.236	0.824	1.854	3.09	4.12	3.09	3.09	1.03	1.854	1.236	1.854	1.442	1.854	2.472	2.472	3.502	0.824	1.648	0.824	2.678	2.472	4.944	1.236	3.914	3.09	2.472	2.678	3.296	3.914	2.472	0	2.266	2.472	3.502	2.884	3.296	1.648	3.09	4.944	3.708	4.738	2.266	3.502	2.678	4.326	4.12	2.678	2.884	3.708	3.296	0.618	4.532	5.15	3.09	3.09	2.884	3.09	3.502	2.678	2.266	1.854	1.648	2.472	4.326	2.472	2.678	5.15	2.266	3.09	2.06	3.296	1.648	1.854	4.326	3.708	3.914	4.944	2.266	1.442	1.442	2.266	2.678	0.412	2.266	1.648	3.296	3.296	3.296	2.678	2.06	2.266	2.06	1.236	2.678	3.234	1.092	1.854	2.678	2.06	2.06	0.206	0.412	1.442	2.678	1.442	1.854	1.442	3.09	3.296	2.884	5.562	2.884	0.412	1.03	2.266	2.678	1.442	0.824	2.678	2.266	1.854	1.236	2.06	2.472	2.678	2.678	1.854	2.884	4.12	2.884	2.06	3.708	2.06	4.944	3.296	2.678	2.06	1.648	1.648	1.648	1.442	1.03	1.03	2.266	2.472	1.648	1.442	3.502	0.824	0	0	0.206	0.412	0	0.412	1.854	3.502	2.678	2.472	1.854	2.06	2.884	1.648	2.472	4.12	3.914	0.824	2.472	2.266	0.206	0.824	0	0.412	0	0.618	0.618	1.03	1.236	2.678	2.884	2.472	0.206	0	0.412	2.472	1.442	2.678	3.09	1.648	1.648	3.914	3.296	0.206	0	0	0.412	0	0	0	0	0	0.206	0	0	0	0	0.206	0	0.206	0.206	0	0	0.618	0.206	0	0	0	0.206	0.206	0	0	0.206	0	0.206	0	0	0.412	0.206	0	0	0.206	0.412	0	0	0.412	0	0	0	0	0	0	0	0	0	0.412	0.412	0.412	0	0	0.206	0	0.206	0	0	0	0	0	0	0.206	0.824	1.03	0.206	0.206	0.824	0	0	0	0	0.206	0	0	0	50:60,956.9:200,50:80
Arid3a-NM_007880	0	0.206	0	0.206	0	0	0	0.206	0.206	0	0	0	0	0	0	0	0.206	0	0	0.412	0	0	0.412	0.206	0.206	0	0	0	0	0	0.412	0	0	0	0	0	0	0	0	0	0	0	0	0.206	0	0	0.206	0.206	0	0	0	0.206	0.206	0.206	0	0	0	0	0	1.236	3.296	0.412	1.854	0.412	1.854	3.914	2.06	0.412	0.206	0.206	0	0	0.412	0	0	0	0.206	0	0	0.206	0.824	0.824	1.03	0.412	0.206	0.206	0.206	0.412	0.412	0.412	2.06	3.708	2.266	0.618	0	1.03	1.648	1.236	1.03	1.689	0.783	0	0.618	0.412	0.618	0.206	0.824	0.412	0.412	0.618	1.648	1.236	1.236	0.824	2.472	0.206	0.412	0	0.824	0.618	0.824	1.236	0.618	0.412	0.618	0.824	1.236	0.412	0.206	1.442	2.06	0	0	0.618	0.412	2.472	3.502	1.03	0.618	1.854	0	1.236	1.236	2.472	3.914	2.06	0.206	0.412	1.236	0.618	1.03	0.206	0.412	1.648	0.412	2.06	0.486	0.544	0.412	0.412	0.412	1.03	1.442	0.412	0.824	0	0.618	0.824	2.884	3.502	5.356	8.858	0.618	0.412	1.236	0.618	0.618	0.824	0	1.442	0.618	0.824	1.442	2.472	0.824	2.472	0.412	0.618	0.618	1.442	2.06	0.618	0.618	0.206	1.854	1.03	0.206	2.06	2.678	0.824	0.412	0.206	2.678	0	0.618	0.404	0.214	1.236	0	0	0.412	0	0.824	2.884	0	0	0.824	0.206	0	0.412	0	0.824	0	2.06	1.854	0.618	1.03	1.236	0	0.206	0.206	0.412	0.206	0.206	0.618	0.618	0	0	0	1.442	1.03	0.412	0.618	0.412	0.618	1.236	0.824	1.648	2.884	3.296	0	0.412	3.296	5.504	5.373	14.05	12.978	3.708	3.321	11.924	4.944	7.416	0.206	1.854	1.03	1.648	0.412	3.09	0.824	0.412	2.266	0.618	0.206	0	0	0.206	0	0.206	0.206	2.06	0.206	0	0.618	0	0.412	0.618	0	0.206	0.412	0	0	0.206	0.412	0	0	0.206	0	0.206	0.206	1.03	0	0.618	0	0.412	0	0	0	0	0	0.206	0	0	0	0	0.412	0	0	0	0	0	0.206	0.206	0.412	0	0.206	0	0.206	0	0.206	0.618	0	0	0	0	0.206	0	0	0	0.206	0	50:60,139.88:200,50:80
Armc6-NM_133972	0	0	0	0	0	0	0	0	0	0	0	0	0	0	0	0	0	0	0	0	0	0.206	0	0.206	0	0.824	0.206	0	0	0	0	0	0	0	0	0	0	0	0	0	0	0	0	0	0	0	0	0	0	0	0	0.206	0	0	0	0	0	0	0	0	1.236	0.618	0.206	0.618	6.592	7.828	0.01	0.196	0.206	0	0	0	0.206	0	0.206	0	0.206	0	0.206	0	0	0	0	0	0.206	0	0	0	0.206	0	0	0	0	0	0	0	0	0	0	0	0	0	0	0.412	0	0	0.412	0.412	0	0	0.412	0	0.412	0	0.206	0	0.412	0.206	0.412	0.412	0.206	0.412	0	0	1.03	0.412	0.412	0.206	0	0.206	0.824	0.206	0.206	0	0	0	0	0.206	0	0	0.618	0	0.206	0.824	0.773	0.052	0.824	0	0.206	0	0	0.206	0	0	0	0	0	0	0	0	0	0.206	0	0	0	0.803	0.227	0	0	0	0	0.206	0	0.206	0.412	0	0	0	0	0	0.206	0	0	0	1.442	0.206	0	0.412	0	0.206	0.206	0.206	0	1.03	2.266	0	1.442	1.648	0.206	0.206	0.412	1.442	0.618	0.824	1.442	0.412	0.412	0.618	2.472	1.236	1.236	1.03	1.648	0.824	3.09	3.09	1.03	0.824	0.618	1.442	0	1.236	0.618	0.206	0.206	0.618	3.09	1.648	2.472	1.442	1.03	1.03	0.824	0.618	3.296	0.206	1.236	0.618	4.089	1.267	0.824	0.206	3.708	4.326	0.206	1.442	1.854	3.708	3.914	1.236	2.06	2.06	5.15	2.472	0.412	0.412	1.648	1.236	2.472	1.03	2.266	0.618	1.03	0.412	1.854	2.266	2.678	0.824	0.824	0.206	0	1.854	1.236	0.206	2.678	0.206	1.442	0.206	1.854	1.854	0.412	0.618	0	0.206	0.412	0.618	0.412	0.412	0.412	0.206	0	0.206	0.206	0.412	0.206	0	0	0	0	0	0	0	0	0	0	0	0	0	0.206	0	0	0	0	0	0	0	0	0	0.412	0	0	0	0	0	0	0	0	0	0	0.206	0.206	0	0	0	0	0	0	0	0	0	50:60,71.15:200,50:80
Arpp21-NM_001177616	0	0	0	0	0	0	0	0	0	0	0	0	0	0	0	0	0	0	0	0	0	0	0	0	0	0	0	0	0	0	0	0	0	0	0	0	0	0	0	0	0	0	0	0	0	0	0	0	0	0	0	0	0	0	0	0	0	0	0	0	0	0.206	0	0	0	0	0.206	0	0	0	0.206	0	0	0	0	0	0	0	0	0	0	0	0	0	0	0	0	0	0	0.824	0	0	0	0	0	0	0	0	0.206	0	0	0	0	0	0	0	0	0	0	0	0	0	0	0.412	0	0	0	0	0.206	0	0	0	0	0	0	0	0	0	0	0	0	0	0	0	0	0	0	0	0	0	0	0	0	0	0	0	0.206	0	0	0	0	0	0	0.206	0	0	0	0	0	0	0	0	0	0	0	0	0	0	0	0	0	0	0	0	0	0.206	0	0.206	0	0	0.206	0	0	0.206	0	0	0	0	0	0	0.206	0	0	0	0	0.206	0	0	0	0	0	0	0	0	0	0	0	0	0	0.206	0	0	0	0	0	0	0	0	0	0	0	0	0	0	0	0.206	0	0	0	0	0	0	0	0	0	0	0	0	0	0	0	0	0	0	0	0	0	0	0	0	0	0	0	0	0	0	0	0	0	0	0	0	0	0	0	0	0	0	0	0	0	0	0	0	0	0	0	0	0	0	0	0	0	0	0	0	0	0	0	0	0	0	0	0	0	0	0	0	0	0	0	0	0	0	0	0	0	0	0	0	0	0	0	0	0	0	0	0	0	0	0	0	0	0	0	0	0	0	0	0	0	0	0	0	0	0	0	0	0	0	50:60,837.055:200,50:80
Arrdc4-NM_025549	0	0	0	0	0	0	0	0	0	0	0	0	0	0	0	0	0	0	0	0	0	0	0	0	0	0	0	0	0	0	0	0	0	0	0	0	0	0	0	0	0	0	0	0	0	0	0	0	0	0	0	0	0	0	0	0.206	0	0	0	0	0	0.618	3.374	0.952	0.618	0	0	0	0	0	0	0	0	0	0	0.206	0	0	0.206	0	0.206	0	0	0.412	0.206	0.206	0	0	0	0.206	0	0.206	0	0	0.206	0	0	0.618	0.824	0.206	0	0	0.206	0.412	0	0	0	0.206	0	0	0	0	0.206	0	0.206	0	0	0	0	0	0	0	0	0.618	0	0	0	0	0	0	0	0	0.206	0.206	0	0	0	0	0.206	0.206	0	0.206	0.206	0	0	0	0	0	0	0.412	0	0	0	0	0	0	0.206	0	0.206	0.412	0.206	0.206	0.206	1.236	0.206	0	0	0	0.206	0.206	0.206	0.206	0	1.03	0.618	0.412	0.412	0	0	0	0	0	0	0.412	0.412	0	0	0	0	0.412	0	0.206	0	0.412	0	0	0.206	0.206	0	0.412	0	0	0.206	0.206	0	0.206	0	0	0.618	0.412	0	0.618	0.824	0	0.206	0.206	0.206	0	0	0.412	0	0	0.206	0.206	0.206	0.412	0.412	0.824	0.206	0	0.206	0.412	0.618	0	0.206	0	0.618	0.206	1.03	0.412	0.824	1.442	0.206	0	0	0	0	0.255	0.157	0	1.236	0	0.618	0	0.206	0.412	0.412	0.206	0	0	0	0.824	0.618	1.648	0	0.412	0.618	1.03	0.618	0.824	0.618	0.206	0.824	0.206	0.824	1.648	1.236	0	0.824	0.412	1.236	0.206	0.618	0.412	0.206	0.824	2.266	1.854	0.206	0.824	0	0.824	0.824	1.03	0.206	0.412	1.03	2.472	0.412	0.824	0.824	0.412	0.412	1.03	0.206	2.472	2.266	4.326	4.944	4.944	1.442	0.206	0.206	0.618	0.412	1.442	2.266	1.648	1.03	0.412	1.854	0.206	0	0.412	2.678	3.914	0.824	1.236	0.824	0.206	0.206	0	0.824	0.618	1.03	1.442	1.442	0.206	0.618	2.472	50:60,38.23:200,50:80
Asb10-NM_001310476	0	0	0	0	0.206	0	0	0	0	0.206	0.206	0.206	0	0	0	0	0	0	0	0	0	0	0	1.442	0.618	0.824	0.412	0	0	0	0.206	0	0	0	0	0	0	0	0	0	0	0	0	0	0	0	0	0	0	0	0	0.206	0.412	1.03	0	0	0	0	0	0	0	0	0	0	0	0	0	0	0	0	0	0	0.206	0	0	0	0.206	0	0	0	0	0	0	0	0	0	0	0	0	0	0	0	0	0	0	0	0	0	0	0	0	0	0	0	0	0	0	0	0	0	0	0	0	0	0	0	0	0	0	0	0	0	0	0	0	0	0	0	0	0	0	0	0	0	0	0	0	0	0	0	0	0	0	0.206	0	0	0	0	0	0	0	0	0	0	0	0	0	0	0	0	0	0	0	0	0	0	0	0	0	0	0	0	0	0	0	0	0	0	0	0	0	0	0	0	0	0	0	0	0	0	0	0	0	0	0	0	0	0	0	0	0	0	0	0.206	0	0	0	0	0	0	0	0	0	0	0	0	0	0	0	0.206	0	0	0.206	0	0	0.206	0	0	0	0	0	0	0	0	0	0.412	0.618	0.408	1.24	0	0	0.128	0.078	0.412	0.206	0	0	0	0	0	0	0	0	0	0	0	0	0	0	0	0	0	0	0	0	0	0	0	0	0	0	0.206	0	0	0	0	0	0	0	0	0	0	0	0	0	0	0.206	0	0	0	0	0.206	0	0	0	0	0	0	0.206	0	0	0	0	0	0	0.206	0	0	0	0.206	0	0	0	0	0	0	0	0	0	0.206	0	0	0.206	0.206	0.206	0	0.412	0.618	0	0	0	0	0	0.206	0	0	0	0	0	0	50:60,41.41:200,50:80
Atg5-NM_001358596	0	0	0	0	0	0	0	0	0	0	0	0	0	0	3.502	1.236	0	0	0.412	0	0	0	0	0	0	0	0	0	0	0	0	0	0	0	0	0	0.206	0	0	0.412	0.206	0	0	0.206	0.412	0	0.412	0	0.206	0	0	0.618	0.824	0	0	0	0	0	0	0	83.352	1.934	0.206	1.442	0.412	0	2.06	3.502	2.884	1.442	2.884	5.974	1.854	4.532	2.678	3.708	1.854	2.472	1.854	3.502	0.412	0	0.206	0.412	0	2.678	1.236	2.266	3.708	4.944	4.935	3.305	3.09	13.802	3.708	10.918	3.708	6.386	2.266	2.925	5.315	2.678	1.854	1.236	1.442	1.854	1.854	3.09	4.12	3.502	4.738	1.648	4.119	4.533	1.854	2.884	2.266	1.03	6.386	1.442	0	0	1.03	1.442	3.502	4.326	2.884	3.09	8.24	0.412	0.412	2.678	4.326	2.177	3.179	3.502	3.09	1.442	4.944	11.124	3.09	1.03	2.266	4.944	3.708	5.768	1.648	3.914	2.472	3.09	3.296	4.944	6.798	4.738	1.03	4.738	3.914	3.09	5.15	4.12	8.858	4.944	2.884	2.678	3.09	2.06	1.648	1.648	0	0.412	4.326	4.326	3.708	2.678	4.944	5.846	1.982	6.386	2.472	2.678	12.772	1.854	4.532	3.914	2.884	2.884	3.09	2.884	0	0.618	3.296	1.236	2.266	4.326	0.824	0	1.236	1.442	2.266	2.266	2.678	6.386	5.586	1.83	4.944	3.502	2.678	2.266	1.03	2.06	1.236	2.678	1.442	0.824	2.266	1.03	3.09	1.03	1.648	5.356	1.854	2.884	4.326	3.296	1.854	3.708	3.502	5.768	0.412	0	4.12	3.296	0	0	0.412	3.708	3.914	3.502	0.618	6.386	2.678	1.442	8.24	3.708	1.648	8.858	2.678	2.884	4.738	1.236	5.562	6.798	8.858	3.708	5.768	3.914	6.592	1.854	3.914	7.004	0.824	0	0	0	0	0.206	0.206	0.412	1.648	1.854	1.442	0.618	0.206	1.442	0.618	0.412	1.03	3.914	5.15	0.206	0.206	1.236	0	0.412	0.618	1.854	0.206	0.412	0.206	1.648	0.824	0.206	0.412	0	0	0.206	0	0.206	0	0.206	0.206	0.206	0	0.412	1.854	1.03	1.442	0.824	1.03	0	0	1.442	0.824	0	1.236	1.442	0.618	0.206	1.236	0.206	0.824	0.206	0.206	0.412	0.824	0	1.648	0.618	1.236	1.236	1.236	0.412	0	0	1.442	1.236	0.618	0	0.412	0.824	50:60,479.805:200,50:80
B020004J07Rik-NM_001033790	0	0	0	0	0	0	0	0	0	0	0	0	0	0	0	0	0	0	0	0	0	0	0	0	0	0	0	0	0	0	0	0	0	0	0	0	0	0	0	0	0	0	0	0	0	0	0	0	0	0	0	0	0	0	0	0	0	0	0	0	0	0	0	0	0	0	0	0	0	0	0	0	0	0	0	0	0	0	0	0	0	0	0	0	0	0	0	0	0	0	0	0	0	0	0	0	0	0	0	0	0	0	0	0	0	0	0	0	0	0	0	0	0	0	0	0	0	0	0	0	0	0	0	0	0	0	0	0	0	0	0	0	0	0	0	0	0	0	0	0	0	0	0	0	0	0	0	0	0	0	0	0.206	0	0	0	0	0	0	0	0	0	0	0	0	0	0	0	0	0	0	0	0	0	0	0	0	0	0	0	0	0	0	0	0	0	0	0	0	0	0	0	0	0	0	0	0	0	0	0	0	0	0	0	0	0	0	0	0	0	0	0	0	0	0	0	0	0	0	0	0	0	0	0	0	0	0	0	0	0	0	0	0	0	0	0	0	0	0	0	0	0	0	0	0	0	0	0	0	0	0	0	0	0	0	0	0	0	0	0	0	0	0	0	0	0	0	0	0	0	0	0	0	0	0	0	0	0	0	0	0	0	0	0	0	0	0	0	0	0	0	0	0	0	0	0	0	0	0	0	0	0	0	0	0	0	0	0	0	0	0	0	0	0	0	0	0	0	0	0	0	0	0	0	0	0	0	0	0	0	0	0	0	0	0	0	0	0	0	0	0	50:60,45.27:200,50:80
B230119M05Rik-NR_045454	0	0	0	0	0	0	0	0	0	0	0	0	0	0	0	0	0	0	0	0	0	0	0	0	0	0	0	0	0	0	0	0	0	0	0	0	0	0	0	0	0	0	0	0	0	0	0	0	0	2.06	7.622	3.296	0	0	0	0	0	0.206	0	0	0.412	0.206	0	0	0	0	0	0	0	0	0	0	0.412	0.206	0.412	0	0.327	0.085	1.03	0.433	1.421	0.618	0	0	0	0.206	0	0	0	0	0	0	0	0.206	0	0	0	0	0	0	0	0	0	0	0	0	0	0	0	0	0	0	0	0	0	0	0	0	0	0	0	0.064	0.142	0	0	0	0	0	0	0	0	0	0	0	0	0	0	0	0	0	0	0	0	0	0	0	0	0	0	0	0	0	0	0	0	0	0	0	0	0	0	0	0	0	0	0	0	0	0	0	0	0	0	0	0	0	0	0	0	0	0	0	0	0	0	0	0	0	0	0	0	0	0	0	0	0	0	0	0	0	0	0	0	0	0	0	0.412	0.206	0.618	1.236	0	0	0	0	0	0	0	0	0	0	0	0	0	0	0	0	0	0	0	0	0	0	0	0	0	0	0	0	0	0	0	0	0	0	0	0	0	0	0	0	0	0	0	0	0	0	0	0	0	0	0	0	0	0	0	0	0	0.206	0	0	0.618	0	0	0.206	0	0	0	0	0	0	0	0	0	0	0	0	0	0	0	0	0	0	0	0	0	0	0	0	0	0	0	0	0	0	0	0	0	0	0	0	0	0	0	0	0	0	0	0	0	0	0	0	0	0	0	0	0	0	0	0	0	0	0	0	0	0	0	0	0	0	50:60,9.505:200,50:80
B230217C12Rik-NR_160861	0.618	0	0	5.356	0.412	1.236	0.412	0.206	0.618	2.884	2.06	0	3.09	4.326	2.678	2.472	1.03	3.502	0.824	1.854	0.206	3.296	5.356	1.236	0.824	1.648	4.532	2.472	7.828	3.708	1.236	9.064	1.442	0	0.206	0	2.472	5.15	2.06	4.326	4.532	0.412	0.412	2.472	1.236	1.854	0.618	2.678	0.206	0.824	1.648	1.648	3.914	1.03	1.03	1.648	0.824	1.648	0.206	0.206	0	0	0.824	0	0.206	0.997	1.269	1.145	0.297	0	0	0.618	0.618	0.824	0.824	7.284	1.986	2.48	2.497	0.873	0.33	0	0	0.206	0	0.618	0	0	0	0	0	0	0	0	0	0	0	0.206	0	0	0	0	0	0	0	0	0	0.074	0.132	0.206	0	0	0	0	0	0.206	0	0	0	0	0	0	0	0	0	0	0	0	0	0	0	0	0	0	0	0	0	0	0	0	0	0	0	0	0	0.206	0	0	0	0	0.206	0.412	0	0	0	0	0	0	0	0	0	0	0	0	0	0	0	0	0	0	0	0	0	0	0	0	0.206	0	0	0	0	0	0	0	0	0	0	0	0	0	0	0	0	0	0	0.206	0	0	0	0	0	0	0.206	0.206	0.206	1.854	0	0.412	0	0	0.206	0	0.206	0	0	0	0	0	0	0	0	0	0	0	0	0	0	0	0	0	0.206	0	0	0	0	0	0	0	0	0	0	0.206	0	0	0	0	0	0	0	0	0	0	0.206	0	0	0	0	0	0	0	0	0	0	0	0	0.206	0	0	0	0	0.206	0	0	0	0	0.206	0	0	0	0	0	0	0	0.206	0	0.206	0	0	0	0	0	0	0	0	0	0	0.206	0	0	0	0	0	0.412	0	0	0	0	0	0	0	0.618	0.206	0	0	0	0	0	0.206	0	0	0	0	0.618	0.824	0	0	0	0.206	0	0.206	0	0.206	0	0.206	0	0	0	0	0.206	0.206	50:60,13.82:200,50:80
BC034090-NM_001370865	0	0.206	0	0	0	0	0	0	0	0	0	0	0	0	0	0	0	0	0	0	0	0	0	0	0	0	0	0	0	0	0	0	0	0	0	0	0	0	0	0	0	0.412	0	0	0	0	0.206	0	0.206	0	0	0	0.206	0	0	0	0	0	0	0.206	0.206	0	0.206	0.412	0	0	0	0	0	0.206	0	0	0	0	0.206	0	0.206	0	0.206	0	0	0	0.412	0.206	0	0.206	0.206	0.206	0.618	0.206	0	0	0	0.206	0.206	0.412	0	0	0	0	0	0.412	0.412	0.206	0.618	0	0	0	0.206	0.206	0.412	0.412	0.824	0.206	0	0	0	0.824	0.824	0.206	0	0.206	0	0.412	1.648	0.206	0	0.824	0.412	0.206	2.06	0.618	0.618	0.824	0.824	0.206	0	0	0	0.412	0.412	1.03	0.618	0.824	0	0.412	0	0.206	0.206	0	0.206	0.618	0.206	1.236	0.824	0.618	0.618	0.412	0.412	0.412	0.206	0.412	0.412	0.412	1.03	0.206	1.236	0.206	0.206	0.618	0	0	0	0.206	0.412	0	0	0	0.206	0.206	0	0.375	1.685	1.648	1.236	1.854	0.824	0.824	0	0	0	0.206	0	0.412	0.412	0.206	0.618	1.648	0.206	0	0.558	1.09	0.206	0	0.824	1.03	0	0.412	0.824	0.412	0	0	0	0.206	0.206	0.618	0.412	0	0.206	0	0	0	0	0	0.206	0	0.206	0	0.206	0	0.412	0.412	0	0	0	0	0	0.206	0.206	0.412	0	0	0	0.824	0.824	0	0.618	0	0.618	0.412	0	0.412	0.824	0	0.618	0	0.824	0.824	0	1.03	0.206	0.206	0.618	0.618	0.618	0.412	0.412	0	0	0	0	0	0.412	0	0	0.412	0	0.824	0	0.206	0	0.206	0	0.206	0	0.618	0.824	0.206	1.03	0.412	0.412	0	0	0	0.618	0	0.412	0	0.412	0.206	0	0	0	0	0	0	0	0	0	0.206	0	0	0.206	0.206	0	0	0	0	0	0	0	0	0	0	0	0	0.206	0	0	0.412	0	0.206	0	0.206	0.618	0	0	0	0	0	50:60,160.31:200,50:80
BC052688-NR_028430	0	0	0	0	0	0	0	0	0.206	0	0	0	0	0	0	0	0	0	0	0	0	0	0	0	0.206	0	0	0	0.206	0	0	0	0	0.206	0	0	0	0	0	0	0	0	0	0	0	0	0	0	0	0	0	0	0	0	0	0	0	0	0	0	0.618	0	0	0	0	0	0	0	0	0	0	0	0	0	0	0	0	0	0	0	0	0	0	0	0	0	0	0	0	0	0	0	0	0	0	0	0	0	0	0	0	0	0	0	0	0	0	0	0	0	0	0	0	0	0	0	0	0	0	0	0	0	0	0	0	0	0	0	0	0	0	0	0	0	0	0	0	0	0	0	0	0	0	0	0	0.618	0	0	0.206	0	0	0	0	0	0	0	0	0	0	0	0	0	0	0	0	0	0	0	0	0	0	0	0	0	0	0	0	0	0.206	0	0	0	0	0	0	0	0	0	0	0	0	0	0	0	0	0	0	0	0	0	0	0	0	0	0	0	0	0	0	0	0.206	0	0	0	0	0	0	0	0	0	0	0.206	0	0	0	0	0	0	0	0	0.206	0	0	0	0	0	0	0	0	0	0	0	0	0	0	0.206	0	0	0	0	0	0	0	0	0	0	0	0	0	0	0	0	0	0	0	0	0.206	0	0	0	0	0	0	0.206	0	0	0	0	0	0	0	1.442	0.206	0	0	0	0	0	0	0.206	0	0	0	0	0	0	0	0	0	0	0	0	0	0	0	0	0	0	0	0	0	0	0	0	0.412	0	0	0	0	0	0	0	0	0	0	0	0	0	0	0	0	0	0	0	0	0	0	0	0	0	50:60,78.515:200,50:80
BC055324-NM_201364	0.206	0	0.206	0.206	0.206	0.206	0.206	0	0	0	0	0	0	0	0	0	0	0.618	0	0	0.412	0	0	0	0	0	0	0	0	0.206	0.618	1.03	0.412	0	0	0	0.206	0	0.412	0.206	0	0.206	0	0	0	0.206	0.206	0	0	0.206	0.618	1.442	0	0.618	0.412	0.412	0.618	0	0.412	4.326	101.561	9.888	4.326	0.618	1.854	0.412	0.206	0.824	0	0	0.618	0	1.03	1.03	0.824	0.206	2.472	0.206	2.472	1.236	1.236	2.06	1.03	1.236	1.03	1.03	1.648	1.03	0.824	0.206	0.412	0.618	0.618	0.206	0.824	3.708	1.236	2.06	2.266	1.648	0.412	1.236	2.472	0.206	1.442	0.618	1.236	0.412	0.412	0.206	0.206	0.618	1.442	0.824	0.618	1.236	1.648	1.236	1.236	0.618	1.648	1.648	1.442	2.472	2.06	0.618	0.618	4.12	4.326	1.648	4.326	3.296	3.09	1.648	4.738	2.266	2.06	0.824	0.412	2.266	1.236	0.618	2.472	1.236	1.442	0.412	0.824	1.854	1.236	2.884	2.265	0.825	1.236	4.944	0.618	1.442	0.206	0.206	0.206	0.412	0	1.854	4.326	1.03	0	0.824	0.206	1.442	0	0.412	0.824	0.618	1.236	2.472	1.442	1.648	0.824	1.236	0.412	0.412	2.06	1.236	2.06	2.472	3.09	1.854	0.618	1.648	0.412	2.884	3.296	0	1.854	3.914	5.356	1.236	1.442	0	0.897	1.369	2.266	0.412	1.03	2.06	3.09	1.854	2.06	0.206	3.708	3.708	3.09	0.824	1.648	1.236	2.158	1.962	0	1.854	0.206	1.648	2.06	2.884	0.824	2.472	1.236	1.442	0	1.854	0.412	0	0.618	1.442	1.854	2.884	1.442	0	1.03	1.442	2.266	1.648	3.296	2.266	2.472	0.824	2.74	2.616	2.678	2.06	2.884	0.618	7.416	0.412	1.648	2.678	0	4.326	2.678	3.708	2.266	2.884	0.412	0	0.412	0	0	0.206	0.824	0.618	1.854	1.03	0.824	0.206	0	0.618	0.206	0	0.206	0.412	0.824	1.648	0.618	1.648	2.678	1.854	1.854	1.854	1.648	0.412	0.824	0	0.824	0.206	0.412	1.236	0.824	0.824	1.03	2.06	1.236	0.618	0.206	0.824	0.412	1.236	0	0	0	0	0.618	0	0.206	0.824	3.296	0.824	0.412	0.412	1.442	0.824	1.03	0.618	1.854	1.03	1.03	0.412	0.206	1.236	0.206	1.03	1.03	0.412	0	0	0.412	0.412	1.854	0.206	0.206	0.412	1.03	0	50:60,203.945:200,50:80
Bcl2a1b-NM_007534	0	0	0	0	0	0	0	0	0	0	0	0	0	0	0	0	0	0	0	0	0	0	0	0	0	0	0	0	0	0	0	0	0	0	0	0	0	0	0	0	0	0	0	0	0	0	0	0	0	0	0	0	0	0	0	0	0	0	0	0	0	0	0	0	0	0	0	0	0	0	0	0	0	0	0	0	0	0	0	0	0	0	0	0	0	0	0	0	0	0	0	0	0	0	0	0	0	0	0	0	0	0	0	0	0	0	0	0	0	0	0	0	0	0	0	0	0	0	0	0	0	0	0	0	0	0	0	0	0	0	0	0	0	0	0	0	0	0	0	0	0	0	0	0	0	0	0	0	0	0	0	0	0	0	0	0	0	0	0	0	0	0	0	0	0	0	0	0	0	0	0	0	0	0	0	0	0	0	0	0	0	0	0	0	0	0	0	0	0	0	0	0	0	0	0	0	0	0	0	0	0	0	0	0	0	0	0	0	0	0	0	0	0	0	0	0	0	0	0	0	0	0	0	0	0	0	0	0	0	0	0	0	0	0	0	0	0	0	0	0	0	0	0	0	0	0	0	0	0	0	0	0	0	0	0	0	0	0	0	0	0	0	0	0	0	0	0	0	0	0	0	0	0	0	0	0	0	0	0	0	0	0	0	0	0	0	0	0	0	0	0	0	0	0	0	0	0	0	0	0	0	0	0	0	0	0	0	0	0	0	0	0	0	0	0	0	0	0	0	0	0	0	0	0	0	0	0	0	0	0	0	0	0	1.648	0	0	0	0	0	0	50:60,42.83:200,50:80
Bmp1-NM_001360021	0	0	0	0	0	0	0	0	0	0	0	0	0	0	0	0	0	0	0	0	0	0	0	0	0	0	0	0	0	0	0	0	0	0	0	0	0	0	0	0	0	0	0	0	0	0	0	0	0	0	0	0	0	0	0	0.206	0.206	0.206	0	0	0.412	0	0	0.206	0	0.206	0	0	0	0.206	0	0.618	0.618	0.206	0.206	0.206	0	0.206	0.206	0.206	0.206	0	0.618	0.618	0	0.412	0	0.206	0.618	0	0.206	0.206	0	0.206	0.824	0.206	0	0	0	0	0.206	0	0.412	0.412	0.206	0	0	0	0.412	0.515	0.721	0.618	0.824	0	0.206	0.412	0.618	0	0	0.412	0.412	0	0.412	0.618	2.06	0.618	1.648	0.618	0.206	0.412	1.854	0.618	0	0.412	0	0.412	0.412	0	1.03	0	0	0.412	0.412	0	0.824	0.618	0.824	0.206	0.412	0.618	0.412	1.236	0	1.03	0	0	0.412	0	2.06	1.03	0.824	0.206	0.206	1.648	0.206	1.236	0.206	0.206	0.334	1.108	0.618	0.412	0.618	1.03	0.412	0.824	0.412	0.206	0.618	0.412	0.412	0.206	0.618	0.412	1.236	0.618	0.412	0.206	0.206	0.412	0.824	0.824	0.618	0.618	0	0.206	0	0	0.618	0.206	0.206	0.206	1.03	0.206	0.618	0.618	0.206	0.618	0	0.412	0.618	0.206	1.236	0	0	1.03	0.618	0.618	0.412	0.206	0	0	0.618	0.206	0.618	0	0.206	0.412	0	0.824	0.206	0.618	1.854	0.618	0	0	0.618	0.206	0.618	0.206	0.412	0.412	0.824	0.618	1.236	1.442	0.206	0	0.206	0.824	2.472	0.824	1.003	2.087	1.03	0	0	0.206	0.206	0	0.206	0.206	0.206	0	0	0	0	0	0.206	0	0.206	0.206	0	0	0.412	0.206	0.824	0.206	0	0	0	0.412	0	0.206	0	0.206	0.206	0	0.206	0.206	0.206	0.206	1.236	1.03	0	0	0.206	0.412	0	0	0	0	0	0	0	0	0	0	0	0.412	0.206	0.412	0.412	0	0	0.206	0.206	0	0	0	0	0	0.412	0	0	0	0	0.206	0.206	0	0	0	0	0	0	0	0	0.206	0	0	50:60,230.59:200,50:80
Bmpr1b-NM_007560	0	0	0	0	0.206	0	0	0	0	0	0	0	0.206	0	0	0	0	0	0	0	0	0	0	0	0	0	0	0	0	0	0	0	0	0	0	0	0	0	0	0	0	0	0	0	0	0	0	0	0	0	0	0	0	0	0	0	0	0	0	0	0	0.412	0.206	0.206	0	0.206	0	0	0	0	0	0	0.412	0.206	0	0	0	0.824	0	0	0.618	0	0	0.618	0	0.412	0	0	0.206	0.206	0	0	0	0.206	0	0.206	0	0	0.412	0.206	0	0	0	0.206	0	0.206	0.206	0.206	0	0	0	0	0.206	0.206	0.618	0.206	0.206	0	0	0	0.206	0.824	0.206	0	0.412	0	0.206	1.442	0	3.502	5.974	0.412	0	0	0.206	0	0.412	0.412	0	0.412	0.412	0	0.206	0	0.618	0.206	0	0	0	0.206	0.412	0.618	0.618	0.618	0.412	0.206	0.618	0.824	0.206	0.618	0.824	0	0.412	0.618	0.412	0	0.412	0.618	0	0.206	0.412	0.206	0.412	0.618	0.412	0.618	0.824	0	0.824	0.618	0.206	0	0	0	0.206	0	0.206	0.412	0.206	0.206	0.412	0.206	0	0.206	0.412	0	0.412	0	0.618	0.206	0.206	0.206	1.03	0	0	0.206	0.618	0.412	0.824	0	0	0.206	0.206	0.206	0.206	0	0.412	0.206	0.206	0.206	0.412	0.206	0.412	0	0.206	0.618	0	0	0.206	0.618	0.412	0	0.618	0	0.206	0.412	0.412	0	0.412	0	0	0	0.412	1.03	0	0	0.824	0.206	0	0.206	0.412	0.206	0	0	0	0.618	1.236	0.206	0	0.206	0	0	0	0	0	0	0.206	0	0	0.412	0	0	0	0.412	0.206	0.412	0	0	0	0	0	0	0	0.206	0	0	0	0	0	0	0	0	0	0.412	0	0.206	0	0	0	0	0	0	0.206	0	0	0	0	0	0	0	0	0	0	0	0	0	0	0	0	0	0	0	0	0.206	0	0	0	0	0	0	0	0	0	0	0	0	0	0	0	0	50:60,725.645:200,50:80
Brca2-NM_001081001	0	0	0	0	0	0	0	0	0	0	0	0	0	0	0	0	0	0	0	0.206	0	0	0	0	0	0	0	0	0	0	0	0	0	0	0	0	0	0	0	0	0	0	0	0.206	0	0	0	0	0	0	0.824	0	0	0	0	0	0	0	0	0.412	8.858	1.442	0.206	0.206	0.412	0.618	0.824	0.206	0.824	1.648	0.206	0	0	0.618	0	1.854	1.442	2.472	0	0	0	0	0	0	1.03	0	0.412	0.206	2.678	2.266	6.798	4.12	4.944	0.412	1.854	0.618	2.678	2.884	0.412	1.236	3.502	1.442	4.532	1.236	2.678	0.206	1.648	0.618	0.206	2.678	5.15	3.708	1.11	2.186	0.824	4.944	1.648	2.06	2.884	2.266	1.648	5.15	7.21	3.708	2.884	2.592	0.911	2.266	0.618	0.412	7.155	2.94	0.618	1.03	8.652	4.12	2.266	5.768	10.712	16.357	13.926	7.828	11.124	13.184	10.712	12.36	3.463	9.309	8.034	7.004	5.836	4.868	3.51	1.648	3.296	1.03	0.206	0.412	1.03	0.824	2.06	3.502	5.768	0.206	2.678	2.472	1.236	4.944	0.412	2.06	1.442	1.03	0.824	0.412	2.678	0.618	4.326	0.412	0.618	0.824	5.562	4.12	3.502	1.442	2.678	3.502	2.472	6.18	0.412	1.421	1.051	2.06	2.266	1.648	5.356	7.21	2.06	2.472	0.412	1.854	2.266	1.442	0	0.618	6.18	3.502	0.824	0.206	3.09	1.442	0.618	4.12	1.03	3.914	2.884	2.472	2.678	4.738	1.648	1.442	1.03	0.412	0.824	2.678	0.206	0.618	2.472	1.442	0.206	0.618	1.03	1.03	0.824	1.236	7.416	4.532	7.004	5.356	2.472	1.03	1.854	2.472	0.618	1.854	2.06	4.738	0.412	1.236	2.266	1.03	4.12	1.854	1.03	0	1.236	4.12	4.532	3.296	6.386	1.648	0	0.206	0.618	0.206	0	0.412	0.824	0.412	1.03	0.824	1.442	1.854	2.266	1.648	1.03	1.648	1.236	0.206	1.03	1.03	0	0.412	0.618	0	1.236	1.03	0	0.618	0.206	0	0	0.206	0.412	0.206	0	1.03	0	0	0.412	0.824	0.412	1.03	0.412	0.412	1.648	1.236	2.472	0.412	1.442	1.854	0.618	1.442	0.618	1.854	2.266	0.412	0.824	0	0.206	2.266	0.206	2.06	1.648	1.648	0.412	2.266	1.03	0	0.618	0	0	0.206	0.412	1.442	0.412	0.412	3.502	1.236	0.824	0.824	50:60,237.63:200,50:80
Brd1-NM_001033274	0	0	0	0	0	0	0	0	0	0	0	0	0	0	0	0	0	0	0	0.206	0.412	0	0	0	0	0	0	0	0	0	0	0	0	0	0.206	0	0	0	0	0	0	0	0	0	0	0	0	0	0	0	0	0	0	0	0	0	0	0	0	1.236	1.442	0	0	4.12	0.824	3.914	5.562	1.236	2.266	1.442	0.618	1.236	4.532	6.18	11.124	4.12	2.06	5.562	2.678	5.768	4.12	20.807	8.034	9.476	0.206	0	4.532	11.928	12.999	3.09	3.09	7.21	5.562	1.03	0.206	0.412	9.317	7.576	7.21	4.738	8.24	5.974	9.888	2.06	5.562	6.18	11.536	6.18	8.307	10.954	21.94	2.678	3.502	25.751	10.3	4.903	16.522	7.21	3.914	5.253	10.197	1.648	26.837	18.896	25.957	5.974	1.231	2.065	1.648	10.661	2.112	11.33	9.27	6.273	6.087	19.158	4.12	12.566	4.944	5.974	7.004	11.299	52.356	4.738	8.034	7.828	17.922	5.768	5.15	14.214	6.386	8.446	8.858	8.24	13.777	16.094	6.742	19.009	6.386	3.296	0.618	8.446	4.944	6.592	1.442	11.742	7.416	22.249	2.024	36.499	60.705	22.316	15.244	3.708	6.18	80.136	21.219	12.597	7.591	8.24	3.09	5.562	10.712	13.39	5.562	2.472	7.828	17.304	4.326	10.918	8.446	2.266	2.472	2.06	16.48	16.274	4.738	1.854	4.944	2.06	2.678	2.884	1.854	14.05	6.783	13.787	5.552	3.296	9.682	2.884	16.759	4.666	2.472	5.974	6.592	5.768	4.944	7.416	6.798	5.356	9.476	24.103	7.21	8.178	15.512	8.858	7.416	23.073	12.36	19.261	12.257	11.124	5.361	6.587	7.004	3.502	4.738	6.798	10.712	15.038	10.3	6.386	8.034	14.05	16.851	8.034	20.601	7.21	26.987	7.365	9.322	17.346	12.015	9.368	8.652	7.416	6.592	9.476	6.798	6.18	0.412	1.854	1.442	2.06	3.914	6.18	2.266	1.236	1.854	2.266	7.416	3.09	2.266	5.15	2.884	1.236	0.206	0.412	0	0	0	0.206	2.678	1.03	1.236	4.326	1.236	2.472	3.914	6.798	3.296	6.386	3.296	2.06	1.03	3.09	1.648	2.678	3.708	0.618	0	0	0	0.206	1.236	3.502	5.768	12.154	5.356	0.824	0	0.412	0	1.648	0.618	3.09	3.09	8.652	7.622	3.502	8.24	7.416	7.004	13.802	2.884	0.412	2.266	3.914	1.442	0.206	0.824	1.236	0.618	1.03	1.236	2.472	0.412	3.296	4.532	2.678	50:60,235.925:200,50:80
C230035I16Rik-NR_015492	0	0.206	0	0	0	0	0	0	0	0	0	0	0	0	0	0	0.206	0.412	2586.391	2217.851	397.384	3.502	3.09	0.412	0	1.236	0.618	5.562	0.206	0.206	0	0	0	0	0	0	0	0	0	0	0	0	0	0	0	0	0	1.648	2.472	0.618	0	0	0.206	0	0.206	0	0	0	0	0.206	0	0	0.13	0.488	1.854	1.854	2.06	0	1.397	1.075	0.412	0.412	0	0	0	0	0	1.854	0.618	2.472	0.824	0	0	0	0	0	0	0	0	0.206	0	0	0	0	0	0	0	0	0	0	0	0	0	0	0	0	0	0	0	0	0	0	0	0	0.206	0	0	0	0	0	0	0	0	0	0	0	0	0	0	0.206	0	0	0	0	0	0	0	0	0	0	0	0	0	0	0	0.206	0	0	0	0	0.206	0	0.206	0	0	0	0	0	0.206	0	0	0	0	0	0	0	0	0	0	0	0	0	0	0	0	0	0	0	0	0	0	0	0	0	0.206	0	0	0	0	0	0	0	0	0	0	0	0	0.202	0.004	0.412	0.206	0.412	1.66	358.428	9.783	118.492	28.861	5.204	58.691	53.891	18.643	0	0.618	0	0	0	0	0	0	0	0	0.004	0.82	0.618	0.206	0.206	0	0	0	0.206	0	0.437	0.387	0	0	0	0	0	0	0.165	0.041	0	0	0	0	0	0	0	0	0	0	0	0	0	0	0	0	0	0	0	0.206	0.206	0	0	0.412	0.206	0	1.03	0	0	0	0.618	1.236	1.442	0.618	28.429	112.685	1.236	0.412	0.412	1.03	0.206	1.03	1.03	2.678	0.618	3.502	0.412	0	0.206	0.824	0	1.03	0	0.412	0.206	0	0.206	0.206	0.206	0.412	0	0	0.618	4.12	168.1	38.523	72.102	33.991	25.133	9.27	2.266	1.648	0.412	0.206	0	0	0.824	0.206	0.412	0	0.824	1.854	0	0	0.618	0.206	1.648	0	0	0	0	0.206	0	0.206	0.206	0.412	0.206	0	0.206	50:60,15.21:200,50:80
Cacfd1-NM_001243239	0	0	0	0	0	0	0	0	0	0	0	0	0	0	0	0	0	0	0	0	0	0	0	0	0	0	0	0	0	0	0	0	0	0	0	0	0	0	0	0	0	0	0	0	0	0	0	0	0	0	0	0	0	0.206	0	0.206	0	0	0	0.206	0.412	0.206	1.854	13.077	6.699	1.854	0	0	1.236	0.412	0.412	0	0.824	0	0.618	0.618	0	0	0	0	0	0	0	0.206	0	0.412	0	0	0	0	0.618	0.206	0.206	0.412	0	0.206	0.206	0.206	0.412	0.412	0	0.206	0.206	0.206	0.206	0.206	0.412	0.206	0	0	0.206	0	0.412	0.824	0	0.206	0	0	0.618	0.041	0.54	0.037	0	0.412	0.412	0	0	0.206	0	0	0	0	0	0	0	0	0	0.206	0	0	0	0	0	0	0.412	0	0	0	0	0	0.293	0.325	0	0.206	0	0	0	0	0	0	0	0	0	0	0	0	0	0	0.206	0	0	0	0.206	0	0	0.824	0	0	0.412	0.618	0	0.206	0.412	0.206	0	0	0.412	0	0.206	0.206	0	0.206	0	0	0	0	0.618	0.824	0.412	0.412	0.206	0.206	0	0	0	0	0.206	0.206	0	1.648	0.618	0.824	0.618	0.412	0.412	0.766	0.676	1.434	0.746	0.293	0.206	0.412	0	0.206	0.206	0	0.412	0.412	0	0	0.206	0	0.824	0.412	1.236	0.206	0	0	0.206	0.206	0.206	0	0	0.206	0	0.206	0	0	0.206	0.412	0	0.206	0.206	0.824	1.03	0	0	0.412	0.206	0.412	0.412	0.412	0	0.206	0.206	0.412	0.412	0.206	0	0.206	0.618	0.206	0.412	0	0.412	0.412	0	0.206	0	0	0.206	1.648	0.824	1.648	3.708	1.442	1.648	1.442	3.708	4.532	1.03	2.06	0.206	0.206	0	0.206	0.206	0.412	0.206	0.824	1.854	4.326	3.09	5.356	1.236	1.236	1.442	1.03	0.618	1.442	0.824	0.206	2.06	2.678	3.502	0	2.266	0.412	0	0.206	0.412	0.618	0.206	0	0	0.206	0.412	1.03	1.03	1.648	0.206	1.648	0.206	0.618	0.618	1.442	0.412	1.236	1.03	0	50:60,34.62:200,50:80
Cacna1c-NM_001159535	0	0	0	0	0	0	0	0	0	0	0	0	0	0	0	0	0	0	0	0	0	0	0	0	0	0	0	0	0	0	0	0	0	0	0	0	0	0	0	0	0	0	0	0	0	0	0	0	0.824	0.824	0.618	0	0	0	0	0	0	0	0	0	0.206	0.412	0.412	0.206	1.236	0.412	0.206	0	0	0.206	0.824	0.412	0.618	0.206	0.206	1.03	0	0.206	0.618	0.206	0.618	0.412	0	0.412	0.618	0.206	0.206	0.206	0.824	0.206	0	0.206	0	0.412	0	0.206	0	0.206	0	0.618	0.206	0.206	0	0	0.412	0	0	0.206	0.412	0	0	0	0	0.206	0.206	0	0	0.824	0.618	0.206	0.206	0.206	0	0.412	0.206	0.412	0.206	0.206	0	0	0.412	0.206	0.412	0	0.206	0	0.824	0.412	0	0.206	0	0.618	0	0	0.412	0	0.206	0	0.412	0.206	0.206	0.206	0	0	0.206	0	0	0.206	0.206	0.206	0	0.412	0.618	0.206	0	0	0.412	0.206	0.412	0	0	0	0.412	0	0.206	0	0	0	0.618	0.412	0	0.206	0.206	0	0	0.206	0	0.618	0	2.06	0.412	0	0.206	0.824	0.206	0	0.206	0	0.206	0	0.412	0.618	1.236	1.03	0	0.206	0.412	0.412	0	0.412	0.412	0	0.412	0	0.206	0.206	0.206	0.206	0.412	0.206	0	0.206	0.206	0	0.618	0.206	0.618	0.206	0.206	0.618	0	0	0	0.206	0	0.412	0.206	0.206	0	0	0.206	0.206	0.206	0.206	0.206	0.206	0	0	0	0	1.03	0.618	0	0	0.206	0.206	0.824	3.09	0.412	0	0	0	0	0	0	0	0	0	0	0	0	0	0	0	0	0	0	0	0	0	0	0	0	0	0	0	0	0	0	0	0	0	0	0	0	0	0	0	0	0	0	0	0	0	0	0	0	0	0	0	0	0	0	0	0	0	0	0	0	0	0	0	0	0	0	0	0	0	0	0	0	0	0	0	0	0	0	0	0	0	50:60,2606.28:200,50:80
Cacnb4-NM_001285427	0	0	0	0.206	0	0	0	0	0	0	0	0	0	0	0	0	0	0	0	0	0	0	0	0	0	0	0	0	0	0	0	0	0	0	0	0	0	0	0	0	0	0	0	0	0	0	0	0	0	0	0	0	0	0	0	0	0	0	0	0	0.206	1.03	0	0	0.206	0	0.206	0	0	0	0	0	0	0	0	0	0	0.206	0	0	0	0.206	0	0	0.412	0	0	0.206	0	0	0.206	0	0	0	0	0	0	0.206	0	0	0	0	0	0	0	0	0	0	0.206	0	0	0.206	0	0.206	0	0.206	0	0	0	0	0	0	0	0	0	0	0	0	0	0	0	0.206	0.206	0	0.206	0	0	0.206	0	0	0	0	0	0	0	0	0	0.412	0.206	0	0	0.206	0	0	0	0	0	0	0	0.206	0	0	0	0	0.206	0	0.206	0	0	0	0	0.206	0	0.206	0	0	0	0	0	0	0.206	0.206	0	0	0	0	0	0	0	0.206	0	0	0	0.206	0	0.206	0	0	0.206	0	0	0.206	0	0	0.206	0	0	0	0.206	0	0	0	0	0	0	0	0	0.206	0	0	0.206	0.206	0	0	0	0.206	0	0	0.206	0	0	0	0	0.206	0	0	0	0	0.206	0.412	0	0	0	0.206	0	0	0	0	0.206	0	0	0	0.206	0	0	0	0	0	0	0	0	0	0	0	0	0	0	0	0	0	0	0	0	0	0	0	0	0	0	0	0	0	0	0	0	0	0	0	0	0	0.206	0	0	0	0	0	0	0	0	0	0	0	0	0	0.206	0	0	0	0	0	0	0	0	0	0.206	0.618	0.412	0	0	0	0	0	0	0	0	0	0	0	1.236	0	3.502	0.206	0	1.854	0.618	0.206	0	0	0.618	0.206	50:60,651.46:200,50:80
Calca-NM_001289444	0	0	0	0	0	0	0	0	0.412	0	0	0	0	0	0	0	0	0	0	0	0	0	0	0	0	0	0	0	0	0	0	0	0	0	0	0	0	0	0	0	0	0	0	0	0	0	0	0	0	0	0	0	0	0	0	0	0	0	0	0	0	0.865	5.521	0.618	1.03	1.03	1.648	0.206	0.618	0	0	0	0	0	0	0.206	0.206	0.412	0	0	0	0	0.206	0	0	0.206	0	0	0	0	0	0	0	0	0	0	0	0	0	0	0	0	0	0	0	0	0	0	0	0	0	0	0	0	0	0	0	0	0	0	0	0	0	0	0	0	0	0	0	0	0	0	0	0	0	0	0	0	0	0	0	0	0	0	0	0.206	0	0.206	0	0	0	0	0	0	0	0	0	0	0	0	0	0	0	0	0	0	0	0.412	0	0	0	0.206	0	0	0.206	0	0	0.206	0	0	0	0.206	0	0	0	0	0	0.206	0	0	0	0	0	0	0	0	0.577	0.041	0	0.206	0	0	0.412	0	0	0	0	0	0	0	0	0	0	0	0	0	0	0	0	0	0	0.206	0.206	0	0	0	0	0	0	0.206	0	0	0	0	0	0	0	0	0	0	0	0	0	0	0	0.206	0	0	0	0.206	0	0	0	0	0	0.618	0.206	0	0	0	0.206	0.206	0	0	0	0.206	0	0.206	0.206	0.618	0	0.412	0	0.618	0	0	0	0.412	0.206	0	0	0.206	0	0.206	0.412	0	0.206	0	0.206	0.206	0.206	0.206	0	0	0	0.412	0	0	0	0.824	0	0	0	0	0.412	0.206	0.412	0.206	0	0	0	0	0	0	0	0	0	0	0	0.206	0	0.206	0	0	0.206	0.206	0	0	0	0	0	0	0	0.206	0	0	0	0	0	0	50:60,24.4:200,50:80
Capn5-NM_007602	0	0	0	0	0	0	0	0	0	0	0	0.206	0.412	0.206	0.206	0	0	0	0	0	0	0	0	0	0	0	0	0	0	0	0	0	0.206	0	0	0	0	0.206	0	0	0	0	0	0	0.618	1.03	0	0	0.618	0	0.412	0	0	0	0	0.618	0	0	0	0	8.446	11.948	0.206	0	0.618	0.618	0.206	0	0	0.206	0.618	0	1.648	2.06	0	0.412	0.412	1.236	1.442	0.206	1.03	0.206	1.442	1.03	2.06	3.296	2.884	1.03	0.412	1.442	1.236	1.442	0	0.824	1.236	0.206	3.502	0.824	1.442	1.236	1.03	1.442	1.43	1.66	1.03	2.06	2.884	0.412	0.412	2.06	0.618	0.412	0.824	0.618	2.06	1.236	0.618	1.236	1.236	1.03	1.648	0.824	1.236	1.236	0.412	1.648	2.266	1.442	1.03	3.708	0.618	1.442	2.678	5.974	1.236	2.266	1.648	0.412	0	2.678	1.236	1.03	1.648	0.824	0.824	0.206	0.507	1.553	0.618	1.648	1.236	3.296	1.236	0.618	1.236	1.03	0.206	1.442	1.03	0.618	1.442	0.412	0.206	0.206	0.618	0.206	1.042	1.018	0.206	2.06	2.06	0.824	1.854	5.974	2.266	1.03	3.502	3.181	5.884	5.768	4.944	1.03	1.854	3.914	3.296	2.06	0.824	0.618	0.787	0.655	0.618	1.763	1.533	1.03	1.236	0	2.884	1.648	0.412	0.618	1.03	0.412	2.06	0.618	1.03	1.236	0.824	6.18	1.854	2.266	1.648	2.06	0.618	0	0	0	0	0	2.06	1.648	0.618	1.442	2.266	1.854	2.678	1.442	1.236	1.442	0.412	0.412	0.412	0.618	1.236	0.824	2.06	1.03	1.236	3.502	4.326	2.266	0.82	6.802	2.678	2.266	2.06	1.03	1.03	2.266	4.532	1.236	1.03	1.442	1.648	0.206	5.15	1.854	7.828	4.326	3.914	15.244	0.412	1.854	0.824	1.236	2.472	3.296	8.446	8.858	11.124	46.969	36.669	7.622	2.884	2.884	1.854	1.236	1.648	0.412	1.03	0.206	1.648	0.412	0.206	0	0	0	0	0	0	0	0	0	0	0	0	0.206	0	0	0	0	0	0.824	0	0.206	0	0	0.824	0	0.206	0	0	0	0	0	0	0	0	0	0	0	0	0	0	0	0	0	0.412	0.206	0	0	0	0	0	0	0	0.618	0.206	0	0	0	50:60,283.58:200,50:80
Caprin1-NM_016739	0	0.206	0	0	0	0	0	0	0	0	0	0	0	0	0	0	0	0	0	0	0	0	0	0	0	0	0	0	0	0	0	0	0	0	0	0	0	0	0	0	0	0	0	0	0	0	0	0	0	0	0	0	0	0	0	0	0	0	0	1.03	17.304	0.412	0.206	77.458	4.326	4.326	5.356	9.27	3.09	4.326	13.184	6.798	8.858	2.266	0.412	9.756	0.956	9.064	5.768	2.266	10.935	4.722	2.266	15.038	5.562	0.618	3.09	2.06	22.043	10.094	9.27	4.12	9.476	3.84	6.048	5.974	3.296	14.832	2.826	30.752	11.33	2.06	11.124	6.386	11.33	32.137	18.334	16.283	18.12	1.648	1.03	2.472	2.884	4.738	6.18	16.686	8.034	2.472	15.45	7.993	10.959	4.326	5.15	12.36	1.648	3.09	1.063	9.031	11.742	5.727	22.702	2.678	2.884	2.06	3.296	5.15	19.348	11.759	7.622	9.682	8.446	2.678	5.768	6.18	7.622	14.008	6.905	0.305	0.412	6.592	7.828	19.224	5.908	3.09	1.236	11.569	9.237	2.472	5.562	10.712	15.862	5.768	0.618	12.327	19.603	30.67	13.621	6.353	6.831	1.648	21.631	2.266	3.502	25.751	23.691	30.077	2.678	10.3	13.184	9.476	3.09	10.094	7.21	14.626	11.948	6.897	7.935	21.425	27.399	5.15	3.708	10.506	30.25	20.839	7.21	21.07	11.273	15.45	1.236	16.934	7.375	3.914	4.326	5.974	7.828	17.716	4.738	13.407	7.606	5.974	25.339	5.768	10.803	9.798	5.15	7.21	5.356	3.296	7.004	17.716	1.582	13.868	10.094	17.304	17.758	14.791	4.326	4.326	14.214	2.266	11.124	8.652	8.446	15.244	16.068	10.712	13.802	8.034	11.742	11.701	7.021	31.074	44.349	2.06	0	0.824	3.09	1.236	17.659	24.243	20.724	5.562	3.708	4.12	12.36	11.124	15.656	8.24	48.625	15.854	1.648	5.562	1.854	5.974	2.884	3.09	2.266	5.356	1.03	14.214	4.326	1.03	6.798	3.708	11.948	8.24	1.442	7.416	27.605	23.073	30.901	66.746	46.557	15.656	60.566	4.532	22.249	10.712	11.33	43.055	37.081	6.386	16.274	105.063	53.561	89.612	41.613	49.235	88.582	82.608	25.957	16.274	13.596	33.579	1.854	5.974	6.798	6.18	14.832	2.678	2.06	3.09	1.648	0.412	2.06	0	0	0	5.356	2.266	0.412	0.206	0.412	0	0	0.206	0.206	0.824	1.854	0.618	0.824	0.824	0.618	0.206	3.708	0.206	0	0	0	0.412	50:60,173.48:200,50:80
Carmil3-NR_155104	0.824	0	0.412	0.206	0	0	0.206	0.206	0.206	0.206	0.206	0	0	0	0.412	0	0.412	0.206	0.412	1.03	2.266	1.854	0.618	1.236	0	0	0.206	0	0.618	0.824	0	1.442	0	0.206	0	0.206	0	0.206	0.824	0.618	1.03	1.236	2.884	0.412	1.236	0.412	1.648	0.206	1.236	0	0.206	0.618	0.412	0	0.618	0	0	0	0.206	0	0.412	0.206	0	0	0	0.206	0	0.412	5.768	0	0	0	0	0	0	0	0	0	0	0	0	0	0	0.206	0.206	0	0.206	0	0	0	0	0.206	0	0	0	0	0	0.206	0	0	0	0.206	0.206	0.206	0	0	0.206	0	0	0	0	0	0	0.206	0	0	0	0	0.206	0	0.206	0.206	0	0	0.618	0.206	0	0	0	0.412	0.206	0	0	0.206	0	0.206	0.206	0	0	0	0.412	0.206	0	0.206	0.412	0.412	0	0	0.412	0	0	0	0	0	0.618	0.206	0.206	0.206	0	0.412	0.618	0.206	0.412	0	0.206	0.206	0.618	0	0	0	0	0	0	0.206	1.03	0.206	0.206	0	0.412	0	0.206	0.412	0	0.618	0	0	0	0	0	0.618	0.206	0	0.206	0.412	0.206	0.412	0.618	0.412	0	0	0.412	0	0.206	0	0.206	0.206	0.412	0.412	0.206	0	0	0.206	0.412	0.412	0	0.412	0.412	0.206	0.824	0	0	0.412	0.206	0.206	0.206	0.206	0.206	0	0	0	0	0.206	0.206	0	0.206	0	0	0.412	0.206	0	0.206	0.206	0.412	0.412	0.618	0.618	0	0	0	0	0	0.412	1.442	0.206	0	0.4	0.012	0	0	0.412	0	1.236	1.03	1.03	1.236	0	0.206	0.206	0	0.206	0.206	0	0	0	0	1.648	0.206	0	0.206	0.618	0.206	0.206	0	0.206	0.412	0	0	0	0.206	0	0	0.412	0.206	0	0.206	0	0	0.206	0	0	0	0	0	0	0	0	0	0	0	0	0	0	0	0	0	0	0	0	0	0	0	0	0	0	0	0	0	0	0	0	0	0	0	0	0	0	0	0	0	0	50:60,86.015:200,50:80
Cav1-NM_007616	0	0	0	0	0	0	0	0	0	0	0	0	0	0	0	0	0	0	0	0	0	0	0	0	0	0	0	0	0	0	0	0	0	0	0	0	0	0	0	0	0	0	0	0	0	0	0	0	0	0	0.206	0	0	0	0	0.206	0	0.206	0.412	0	2.472	0.412	0	0	0.412	0	0.412	0.618	2.06	0.618	0.206	0.206	0	0.206	0	0	0.206	0	0.412	0	0	0	0	0	0	0	0	0	0	0	0	0.206	0	0	0	0	0	0	0	0	0	0	0.206	0	0	0	0	0.206	0	0.206	0.206	0	0	0	0	0	0	0.206	0	0	0	0	0	0	0	0	0	0	0	0	0	0	0	0	0	0	0.206	0	0	0	0.206	0.206	0	0	0	0	0.206	0.412	0.206	0	0.206	0.206	0	0.206	0	0	0	0	0.206	0.206	0	0.206	0	0.824	0	0	0	0.206	0	0	0	0.412	0	0	0	0.412	0.618	0	0	0	0	0.618	0.412	0	0	0	0.618	0	0	0.206	0.412	0	0.412	0.206	0	0	0	0.206	0	0	0	0.206	0	0	0.206	0.206	0	0	0	0	0	0	0	0	0	0	0	0	0	0	0	0	0.206	0	0	0	0	0.412	0.412	0	0	0	0	0	0	0.206	0.412	0.206	0.824	0.206	0.206	0	0.206	0.618	0.206	0	0	0.824	0	0	0.618	0.412	0	0.206	0.206	0.206	0.206	0.206	0.206	0	0.206	0	0	0	0	0.206	0.206	0	0	0	0	0	0.206	0.412	0	0	0	0	0	0	0	0	0	0	0	0	0	0	0	0	0	0	0	0	0	0	0.206	0	0	0	0.412	0.412	0	0	0.412	0	0	0	0	1.03	0.206	0	0	0	0	0	0	0	0	0	0	0	0	0	0	0	0	0	0	0	0	0	0	0	0	0	0.206	0.206	0	0	50:60,174.97:200,50:80
Cbs-NM_001271353	0	0	0	0	0	0	0	0	0	0	0	0	0	0	0	0	0	0	0	0	0	0	0	0	0	0	0	0	0	0	0	0	0	0	0	0	0	0	0	0	0	0	0	0	0	0	0	0	0	0	0	0.206	0	0	0	0	0	0	0	0	5.768	0.412	0.206	0.206	0.824	0.412	0	0.206	0.206	0.206	0	0	0.206	0	0	0	0.206	0	0	0.206	0	0.618	0	0	0.206	0	0	0	0	0	0.206	0	0	0	0	0	1.442	0.412	0	0.412	0	0	0.206	0.206	1.648	0.206	0	0	0.412	0.206	0	1.236	0.206	0.206	0.891	0.139	0	0.206	0	0	0	0	0.618	0	0.206	0.824	0.206	0.206	0.206	0.206	0.405	0.007	0	0.206	0	0.206	0	0.206	0.206	0.412	0.206	0	0.824	0.412	0	0.618	0.206	0	0.206	0.206	0	0.412	0.412	1.03	0.412	0.824	0	0.618	1.03	0.206	0	0.412	0	0.412	0	0	0	0	0	0.618	0	0	0	0	0.206	0.206	0.412	1.03	2.013	0.253	0.206	0.618	0.206	0.206	0.412	1.648	1.442	0.824	0.412	1.442	0.206	0.412	0	0.618	0	0.206	0	0	0	0	0.206	0.824	0	0	0	0	0.412	0.412	1.03	0.618	0	0.206	0.206	0.618	0.206	0	0.206	0.412	0	0	0	0	0	0	0.206	0	0.206	0.206	0.337	0.281	0	0.412	0.206	0.206	0.824	1.236	0	0	0	0.412	0.206	0	0.618	0.206	0.412	0.206	0	0.206	0.206	0.618	0.412	0.412	0	0.206	0.206	0	0.206	0.824	0.824	0.412	0	0	0	0	0	0.206	0.412	0.412	0.412	0.206	0.206	0	0.206	0	0.206	0.206	0	0.412	0.824	0.206	1.03	0.206	0	0	0	0	0	0	0	0	0	0	0.618	0	0	0.206	0.206	0	0	0	0	0	0	0.618	0.206	0.412	0	0	0.206	0	0.206	0	0.206	0	0	0	0	0	0	0	0	0	0	0	0.206	0	0	0	0	0.206	0	0	0	0	0	0	0.206	0.206	0	0.206	50:60,122.915:200,50:80
Cbx4-NM_007625	0	0	0	0	0	0	0	0	0	0	0	0	0	0	0	0	0	0	0	0	0	0	0	0	0	0	0	0	0	0	0	0	0	0	0	0	0	0	0	0	0	0	0	0	0	0	0	0	0	0.206	0.206	0.824	0	0	0	0	0	0	0	0.618	0	1.854	1.443	0.411	0	0	0	0	0.412	0	0.206	0	0	0	0	0	0	0	0	0	0	0	0	0	0	0	0.206	0	0.147	0.059	0	0.206	0	0	0	0	0	0	0	0	0	0	0	1.236	0.824	0.206	0	0.412	0	0	0.206	0	0	0	0.206	0	0	1.03	0.206	0.206	0	0	0	0	0.412	0	0.206	0.206	0	0	0	0	0	0	0.206	0	0.206	0.618	0	0.206	0	0.412	0.206	0	0	0	0.206	0.206	0.412	0	0	0	0	0	0.17	0.036	0	0	0	0	0	0.412	0.824	0.618	0.412	0.206	0.206	0	0	0	0	0	0	0	0	0	0	0.412	0	0	0.412	0.618	0.206	0.206	0	0	0.206	0.618	0	0.824	0.206	0	0	0	0	0	0.412	1.03	0.412	0	0	0	0	0	0	0	0	0	0	0	0.206	0	0.618	0	0	0.206	0.206	0	0	0	0.206	0.674	1.18	0.206	0	0	0.206	0.412	0	0.206	0.412	0	0.206	0.618	0.206	0	0	0.206	0.412	0.206	0.618	0.206	0.206	0	0	0.206	0	0	0	0	0	0.206	0	0.412	0.412	0	0.412	0.206	0	0	0.206	0	0	0	0.206	0.206	0.618	0.412	0.206	0.206	0	0	0	0.412	0.206	0.412	0	0	0	0	0	0	0	0	0	0	0.206	1.236	0	0.206	0	0	0.206	0	0	0.618	0.412	0.206	0	0	0	0	0	0	0	0	0	0	0	0	0.206	0	0	0	0	0	0	0	0	0	0	0	0	0	0	0	0	0	0	0	0.206	0	0	0	0	0	0	0.412	0	0	50:60,43.335:200,50:80
Ccdc172-NM_001374039	0	0	0	0	0	0	0	0	0	0	0	0	0	0	0	0	0	0	0	0	0	0	0	0	0	0	0	0	0	0	0	0	0	0	0	0	0	0	0	0	0	0	0	0	0	0	0	0	0	0	0	0	0	0	0	0	0	0	0	0	0	0	0	0	0	0	0	0	0	0	0	0	0	0	0	0	0	0	0	0	0	0	0	0	0	0	0	0	0	0.206	0	0	0	0	0.206	0.206	0	0.206	0	0	0	0	0	0	0	0	0	0	0	0	0	0	0	0	0.618	0	0	0	0.618	0	0.618	0.412	0.206	0	0	0	0.206	0	0.206	0	0.206	0	0	0	0	0	0	0	0	0	0	0	0	0	0	0	0	0	0	0	0	0	0	0	0	0	0	0	0	0	0.206	0	0	0	0	0.412	0	0	0	0	0	0.206	0	0	0	0	0	0	0	0	0	0	0.206	0	0	0	0	0	0	0	0	0	0	0	0	0	0	0	0	0	0	0	0.206	0	0	0	0	0.206	0	0	0	0	0	0	0	0	0.206	0	0	0	0	0	0	0	0	0	0	0	0	0	0	0	0	0	0	0	0	0	0	0	0.206	0	0	0	0	0	0	0	0	0	0	0	0	0	0	0	0	0	0	0	0	0	0	0	0	0	0	0	0	0	0	0	0	0	0	0	0	0	0	0	0	0	0	0	0	0	0	0	0	0	0	0	0	0	0	0	0	0	0	0	0	0	0	0	0	0	0	0	0	0	0	0	0	0	0	0	0	0	0	0	0	0	0	0	0	0	0	0	0	0	0	0	0	0	0	0	0	0	0	0	50:60,205.6:200,50:80
Ccdc185-NM_001033547	0	0	0	0	0	0	0	0	0	0	0	0	0	0	0	0.206	0.206	0	0	0	0	0	0	0	0	0	0	0	0	0	0	0	0	0	0	0	0	0	0	0	0	0	0	0	0	0	0	0	0	0	0	0	0	0	0	0	0	0	0	0	0	0	0	0	0	0	0	0	0	0	0	0	0	0	0	0	0	0	0	0	0	0	0	0	0	0	0	0	0	0	0	0	0	0	0	0	0	0	0	0	0	0	0	0	0	0	0	0	0	0	0	0	0	0	0	0	0	0.412	0	0	0	0	0	0	0	0.206	0	0	0	0	0.206	0	0	0	0	0	0	0	0	0	0	0	0	0	0	0	0	0	0	0	0	0	0	0	0	0	0	0	0	0	0	0	0	0	0.206	0	0	0	0	0	0	0	0	0	0	0	0	0	0	0	0	0	0	0	0	0	0	0	0	0	0	0	0	0	0	0	0	0	0	0	0	0	0	0	0	0.206	0	0	0	0	0	0	0	0	0	0	0	0	0	0	0	0	0	0	0	0	0	0	0	0	0	0	0	0	0	0	0	0	0	0	0	0	0	0	0	0	0	0	0	0	0	0	0	0	0	0	0	0	0	0	0	0	0	0	0	0	0	0	0	0	0	0	0	0	0	0	0	0	0	0	0	0	0	0	0	0	0	0	0	0	0	0	0	0	0	0	0	0	0	0	0	0	0	0	0	0	0	0	0	0	0	0	0	0	0	0	0	0	0	0	0	0	0	0	0	0	0	0	0	0	0	0	0	0	0	0	0	0	0	0	50:60,10.275:200,50:80
Ccn4-NM_018865	0	0	0	0	0	0	0	0	0	0	0	0	0	0	0	0	0	0	0	0	0	0	0	0	0	0	0	0	0	0	0	0	0	0	0	0	0	0	0	0	0	0	0.206	0	0	0	0	0	0	0.412	0.206	0	0	0	0	0	0	0.206	0	0.206	1.854	0.206	0.412	0	0	0	0.206	0	0	0	0	0	0	0	0	0	0	0	0	0	0	0	0	0	0	0	0	0	0	0.206	0.206	0	0	0	0	0	0	0	0	0	0	0.412	0	0	0	0	0	0	0	0	0	0	0	0.206	0	0.206	0	0	0	0	0	0	0	0	0	0	0	0.206	0.412	0	0	0	0	0	0.206	0	0	0	0	0	0.206	0	0.206	0	0	0	0.412	0.206	0	0.206	0.206	0	0	0	0	0	0	0	0	0	0	0	0	0	0	0	0	0.206	0.206	0	0	0.412	0	0	0	0	0	0	0	0	0	0.206	0	0	0	0	0.206	0	0	0.206	0	0	0.206	0	0	0	0.412	0	0	0	0	0	0	0.206	0	0	0	0	0.206	0	0	0.824	0	0	0	0	0	0	0	0	0.824	0	0.206	0	0.412	0	0	0	0	0	0	0.206	0	0.412	0	0	0	0	0.412	0.206	0.206	0	0	0	0	0	0	0	0	0	0	0	0	0	0	0.412	0	0.206	0	0	0	0	0	0	0	0.206	0.206	0	0	0	0	0	0	0	0	0	0	0	0	0	0.206	0	0	0	0	0	0	0	0	0	0	0	0	0	0	0	0	0	0.206	0	0	0	0	0	0	0	0	0	0	0	0	0	0	0	0	0	0	0	0.206	0.206	0	0	0.206	0	0	0	0	0	0	0	0	0	0	0.206	0	0	0	0	0	0	50:60,159.165:200,50:80
Ccn6-NM_001127376	0	0	0	0	0	0	0	0	0	0	0	0	0.206	0	0	0	0	0	0	0	0	0	0.206	0	0	0	0	0	0	0	0	0	0	0	0	0	0	0	0	0	0	0	0	0	0	0	0	0	0	0	0	0	0	0	0	0	0	0	0	0	0	0	0	0	0	0	0	0	0	0	0	0	0	0	0	0	0	0	0	0	0	0	0	0	0	0	0	0	0	0	0	0	0	0	0	0	0	0	0	0	0	0	0	0	0	0	0	0	0	0	0	0	0	0	0	0	0	0	0	0	0	0	0	0	0	0	0	0	0	0	0	0	0	0	0	0	0	0	0	0	0	0	0	0	0	0	0	0	0	0	0	0	0	0	0	0	0	0	0	0	0.206	0.618	0	0	0	0	0	0	0	0	0	0	0	0	0	0	0	0	0	0	0	0	0	0	0	0	0	0	0	0	0	0	0	0	0	0	0	0	0	0	0	0	0	0	0	0	0	0	0	0	0	0	0	0	0	0	0	0	0	0	0	0	0	0	0	0	0	0	0	0	0	0	0	0	0	0	0	0	0	0	0	0	0	0	0	0	0	0	0	0	0	0	0	0	0	0	0	0	0	0	0	0	0	0	0	0	0	0	0	0	0	0	0	0	0	0	0	0	0	0	0	0	0	0	0	0	0	0	0	0	0	0	0	0	0	0	0	0	0	0	0	0	0	0	0	0	0	0	0	0	0	0	0	0	0	0	0	0	0	0	0	0	0.206	0	0	0	0	0	0	0	0	0	0	0	0	0	0	0	0	0	50:60,64.12:200,50:80
Cd300a-NM_001347654	0	0	0	0.206	0	0	0	0	0	0	0	0.206	0	0	0	0	0	0	0	0	0	0	0	0	0	0	0	0	0	0	0	0	0	0	0	0	0	0.412	0	0	0	0	0	0	0	0	0	0	0	0	0	0	0	0.206	0	0	0	0	0	0.206	0	0	0.206	0	0	0	0	0	0	0	0	0.206	0	0	0	0	0.206	0	0	0	0	0	0	0	0	0	0	0	0	0	0	0.206	0.206	0	0	0	0	0	0	0	0	0.206	0	0	0	0	0.206	0	0	0	0.206	0	0.206	0	0	0	0	0	0	0	0	0	0	0	0	0	0	0	0	0	0	0	0	0	0	0	0	0	0	0	0	0.206	0	0	0	0	0	0	0	0	0	0	0	0	0	0	0	0	0	0.206	0	0.206	0	0	0	0	0	0	0.206	0	0	0.206	0	0	0.412	0	0	0	0	0	0	0	0	0	0	0	0	0.206	0	0	0	0	0	0.206	0	0	0	0	0	0	0	0	0	0	0	0	0	0.206	0.206	0	0	0	0	0	0	0	0	0.206	0.206	0	0	0	0.206	0	0	0	0	0	0	0	0	0	0	0	0.206	0	0	0	0	0	0	0	0	0	0	0	0	0	0	0	0	0	0	0	0	0	0.206	0	0.206	0	0	0	0	0	0	0	0	0	0	0	0	0	0	0.206	0	0	0	0.206	0.206	0	0	0	0	0	0	0.412	0	0.206	0	0	0	0	0.206	0	0	0	0	0	0	0	0	0	0	0	0.412	0	0	0	0	0	0	0.206	0	0.206	0	0	0	0	0	0	0	0	0	0	0	0	0	0	0	0	0	0	0	0	0	0.206	0	0.206	0.206	0	50:60,59.505:200,50:80
Cd300ld3-NM_199201	0	0	0	0	0	0	0	0	0	0	0	0	0	0	0	0	0	0	0	0	0	0	0	0	0	0	0	0	0	0	0	0	0	0	0.206	0	0	0	0	0	0	0	0	0	0	0	0	0	0	0	0	0	0	0	0	0	0	0	0	0	0	0	0	0	0	0	0	0	0	0	0	0	0	0	0	0	0	0	0	0	0	0	0	0	0	0	0	0	0	0	0	0	0	0	0	0	0	0	0	0	0	0	0	0	0	0	0	0	0	0	0	0	0	0	0	0	0	0	0	0	0	0	0	0	0	0	0	0	0	0	0	0	0	0	0	0	0	0	0	0	0	0	0	0	0	0	0	0	0	0	0	0	0	0	0	0	0	0	0	0	0	0	0	0	0	0	0	0	0	0	0	0	0	0	0	0	0	0	0	0	0	0	0	0	0	0	0	0	0	0	0	0	0	0	0	0	0	0	0	0	0	0	0	0	0	0	0	0	0	0	0	0	0	0	0	0	0	0	0	0	0	0	0	0	0	0	0	0	0	0	0	0	0	0	0	0	0	0	0	0	0	0	0	0	0	0	0	0	0	0	0	0	0	0	0	0	0	0	0	0	0	0	0	0	0	0	0	0	0	0	0	0	0	0	0	0	0	0	0	0	0	0	0	0	0	0	0	0	0	0	0	0	0	0	0	0	0	0	0	0	0	0	0	0	0	0	0	0	0	0	0	0	0	0	0	0	0	0	0	0	0	0	0	0	0	0	0	0	0	0	0	0	0	0	0	0	0	0	0	0	50:60,31.135:200,50:80
Cd300lf-NM_001169153	0	0	0	0	0	0	0	0	0	0	0	0	0	0	0	0	0	0	0	0	0	0	0	0	0	0	0	0	0.206	0	0	0	0	0	0	0	0.206	0	0	0	0	0	0	0	0	0	0	0	0	0	0	0	0.412	0	0	0	0	0	0	0	0	0	0.206	0.206	0	0	0	0.206	0	0	0	0	0.206	0	0	0	0	0	0	0	0.206	0	0	0	0	0	0	0	0	0	0	0	0	0	0	0	0	0	0	0	0	0	0	0	0	0	0	0	0	0	0	0	0	0	0	0	0	0	0	0	0	0	0	0	0	0	0	0	0	0	0	0.206	0	0	0	0	0	0	0	0	0	0	0.206	0	0	0	0	0	0.206	0	0	0	0	0	0	0	0	0	0	0	0	0	0	0	0	0	0	0	0	0	0.206	0	0	0	0.206	0	0	0	0	0	0	0	0	0	0	0	0	0	0	0	0	0	0	0	0	0	0	0	0	0	0	0	0	0	0	0	0	0	0	0	0	0	0	0	0	0.206	0	0	0	0	0	0	0	0	0	0.206	0	0	0	0	0	0	0.412	0	0	0	0	0	0	0	0	0	0	0	0.206	0	0	0	0	0	0	0	0	0	0	0	0	0	0	0	0	0	0	0	0	0	0	0	0	0	0	0.206	0	0	0	0	0	0	0	0.206	0	0	0	0	0	0	0	0	0	0	0	0	0.206	0	0	0	0	0	0	0	0	0	0	0	0	0	0	0	0	0	0	0	0	0	0	0	0	0	0.412	0	0	0	0	0	0	0	0	0	0	0	0	0	0	0	0	0	0	0	0.206	0	50:60,88.895:200,50:80
Cdk14-NM_011074	0	0	0	0	0	0	0	0	0	0	0	0	0	0	0	0	0	0	0	0	0	0	0	0	0	0	0	0	0	0	0	0	0	0	0	0	0	0	0.206	0	0.618	0	0	0	0	0	0	0	0	0	0	0.206	0.412	0.206	0	0	0	0	0	0	3.09	1.854	3.914	3.914	5.356	4.738	7.622	3.914	5.974	3.09	2.678	3.296	6.592	6.386	2.472	3.09	3.296	0.206	3.296	0.824	4.944	3.708	3.914	2.472	1.236	3.09	1.648	1.442	1.648	3.09	3.09	2.06	2.266	4.532	1.648	2.678	4.532	1.854	3.914	2.678	4.12	3.708	3.09	2.06	3.09	2.884	3.502	3.502	2.06	0.618	1.854	3.914	0.824	3.09	1.236	4.738	3.708	4.532	3.09	1.236	2.884	3.296	1.236	1.648	2.678	2.06	1.03	0.412	2.678	1.648	1.648	1.854	3.09	0.206	2.06	2.266	1.648	0.412	1.648	3.09	0.412	1.648	0.618	1.648	1.442	3.09	1.03	2.06	1.854	2.266	1.03	1.442	0.824	1.854	1.854	1.854	2.678	0.824	3.296	1.854	1.03	1.03	0.206	0.206	0	0.206	1.648	1.442	1.442	0.206	0	1.854	2.472	2.266	3.296	0	1.854	0.824	2.06	0.824	1.854	2.472	1.03	0.824	2.06	1.854	1.236	2.678	2.266	2.472	1.648	1.236	1.03	0.824	2.472	2.678	0.824	1.648	1.03	3.09	0.412	2.884	0.824	1.648	2.06	2.06	0.618	1.236	1.442	1.03	0.824	0.412	0	0.618	3.296	1.854	2.06	1.442	1.03	1.03	0.824	0.824	1.236	1.854	1.03	0.206	2.678	1.03	1.648	1.854	3.296	0.618	0.824	2.472	2.884	1.854	1.648	0.618	2.266	2.06	1.236	0.824	1.442	2.266	0.206	0.618	1.854	1.03	1.648	1.442	0.618	0.824	1.03	1.03	0.412	0.206	1.03	2.266	2.06	2.884	0	0	0	0.206	0	0	0.206	0.206	0	0	0	0.206	0.206	0	0	0	0	0	0	0	0	0	0	0	0	0.412	0	0	0	0.206	0	0.206	0	0	0	0	0	0	0	0.206	0	0	0	0	0	0	0	0	0.206	0	0.206	0	0	0	0.206	0	0	0	0	0	0	0	0	0	0	0	0	0	0	0	0	0	0	0	0	0	0	0	0.206	0	50:60,2884.34:200,50:80
Cdk8-NM_153599	0	0	0	0	0	0	0	0.206	0.206	0	1.03	0	0	0	0	0	0	0	0.412	0	0	0	0	0	0	0	0	0	0	0	0	0.412	0	0	0	0	0	0	0.206	0	0	0	0	0	0.206	0.206	0	0	0	0	0.618	0.412	0.412	0.412	0	0.206	0	0	2.472	9.888	21.425	1.03	1.854	1.442	0.618	0	0.618	1.442	0.412	1.442	0.618	1.236	4.738	0.412	2.678	0.824	0.824	2.472	3.502	2.472	3.09	7.004	4.532	2.06	2.884	2.678	5.356	2.678	3.708	3.502	3.09	8.446	5.15	8.446	1.03	2.266	3.502	4.944	2.266	2.678	3.296	6.592	5.15	0.618	3.09	1.648	2.472	2.266	1.236	3.09	2.472	7.21	6.386	7.416	8.446	4.326	4.738	3.296	7.004	3.296	7.545	8.111	4.532	1.648	1.648	4.944	4.944	11.124	8.446	3.657	1.082	1.854	3.708	2.884	3.708	3.708	6.18	4.532	8.858	2.266	6.412	6	4.275	3436.987	1.236	0.824	1.03	5.562	8.24	2.266	7.828	1.236	2.678	6.592	8.858	4.738	4.12	2.472	2.06	3.708	1.236	2.06	2.678	11.33	5.15	4.326	6.592	2.884	0	7.622	6.798	10.094	0.824	8.652	3.502	4.326	7.21	5.974	9.064	8.24	5.562	9.116	3.245	10.197	7.313	7.416	5.15	3.708	3.502	6.798	1.442	1.957	5.253	1.03	3.502	2.266	2.884	2.266	5.356	5.356	1.236	1.03	4.738	10.712	6.798	3.708	1.648	2.884	9.476	6.592	1.236	5.768	4.12	2.884	2.884	9.682	5.768	3.708	6.798	10.3	2.266	9.27	2.884	4.017	6.283	8.858	9.888	0.824	1.236	5.356	6.798	5.562	3.502	2.884	4.12	5.768	1.648	7.004	3.296	1.442	6.386	1.854	3.09	10.3	2.06	1.03	3.708	3.502	10.841	8.523	4.12	3.914	4.532	27.399	2.266	5.15	0.206	0.412	0.412	0.412	0.206	0.824	4.12	1.854	0	0.618	1.03	1.442	0.618	0.618	0.412	0.412	2.884	3.914	1.442	0.206	0.618	0.618	0.618	1.648	2.472	2.472	0.824	1.03	2.472	1.03	1.648	1.03	2.678	0.824	2.266	3.09	2.266	1.648	3.296	2.884	0.206	0.824	1.236	0.824	0.618	0.824	3.09	1.442	2.06	0.412	1.854	1.236	0.206	1.648	0.824	0.824	0	0.412	1.236	7.21	5.15	1.03	3.296	3.914	2.884	3.09	1.854	4.738	1.236	0	0.824	0	0	0	0.412	1.03	0.206	0	0.824	4.326	2.06	1.648	0.824	0.824	50:60,358.125:200,50:80
Celf5-NM_176954	0.412	8.858	10.094	11.536	8.24	3.502	10.094	2.884	2.266	1.442	1.648	1.442	4.532	6.386	5.356	3.502	10.3	31.313	16.892	2.472	10.712	19.777	8.034	4.738	1.648	11.536	3.708	2.678	0.206	0	2.472	0.618	0	0	0	4.12	1.854	2.266	0.206	2.06	0	0	0	0	0	0.206	0.412	0.412	0.206	0.412	2.678	0.412	0.618	1.236	1.648	0.206	0.206	0	0	0	1.648	0.206	0.412	0	0	0	0	0.206	0.206	0	0	1.03	0	0.412	0	0	0.412	0.206	0	0	0.206	0.412	0.206	0.206	0.206	1.03	0.426	3.9	2.266	0.824	0	0.206	0.824	0.206	0.618	0	0.412	1.03	0	0	0	0.618	0	0.824	0.206	0.412	1.03	0.618	1.442	0.515	0.309	1.236	1.03	1.442	1.648	0.412	0	0	0.206	0.824	1.854	1.236	0.206	0.206	0.618	1.03	0.412	0.412	0.618	2.06	0.618	0.206	0.206	0.824	0.618	1.648	0.824	1.442	0.824	0.824	1.03	0.618	0	0.206	0	0	1.442	1.047	0.396	0.206	0	0.206	0	0	0.196	0.628	0.206	0	0.618	0.824	0.412	0.618	0.824	2.884	0	0.824	2.472	0.412	1.584	0.888	2.678	1.648	0	1.236	1.648	1.03	1.854	0	0.824	0.412	0	0.824	1.03	0.206	0.412	0.618	0.412	1.03	1.442	2.266	2.06	0.412	1.236	1.03	3.296	1.648	1.648	1.648	1.236	1.03	3.296	1.236	0.618	1.854	0.206	2.06	2.116	14.365	60.79	10.9	6.592	3.09	0.824	0.618	2.266	4.738	1.03	1.03	1.442	2.06	1.03	3.09	0.618	1.03	4.532	0.206	1.648	7.416	1.03	3.502	4.944	2.884	1.854	2.472	1.236	0.618	2.266	2.678	0.824	0.618	0.412	0.206	0	3.708	0.412	1.648	1.442	0.824	0.412	0	1.442	0.206	2.06	0.412	1.638	1.658	2.884	2.06	1.854	1.03	1.854	0.618	0	0	0.618	0	0	0	1.03	0.824	0	0	0.618	0	0.618	0	0.206	2.06	1.442	0	0.412	1.03	1.03	2.472	3.914	1.442	5.15	0.206	0.618	1.648	2.678	2.266	0.824	0.206	1.442	0	0	0	0.824	1.648	0.824	1.03	0.824	0.206	0.618	0	0.618	0	0.206	0	0	0	0.618	0	0	0	0	0.206	0	0	0	0	0.206	0	0.206	0.206	0	0	0.206	0	0.412	0	0.206	0	0.206	0	0	0	0	0.412	50:60,117.41:200,50:80
Cemip2-NM_031997	0	0	0	0	0	0	0	0	0	0	0	0	0	0	0	0	0	0	0	0	0	0	0	0	0	0	0	0	0	0	0	0	0	0	0	0	0	0	0	0.412	0	0	0	0.412	2.06	0.206	0.412	0	0	0	0	0	0	0	0	0	0	0	0	1.03	30.283	5.768	2.06	2.884	1.854	2.678	4.944	2.06	8.652	8.24	6.18	5.15	8.034	2.472	2.678	8.24	40.583	8.034	5.562	2.884	1.03	6.386	3.914	6.18	8.034	2.06	6.592	14.008	7.416	8.652	7.828	14.214	1.648	59.947	39.347	2.678	15.244	12.154	7.004	1.442	11.948	8.446	7.622	11.124	12.36	5.974	5.356	8.652	10.3	16.48	7.416	11.948	6.592	12.772	11.742	27.605	10.094	8.034	8.034	19.364	0.701	5.273	7.416	9.064	3.914	3.502	6.592	5.974	8.446	7.21	10.094	15.862	7.416	7.21	12.566	5.15	11.966	39.741	15.862	12.978	18.128	8.652	8.858	8.652	15.45	12.772	13.184	20.856	10.045	6.18	6.592	11.944	18.133	16.686	13.591	12.983	7.416	7.004	5.768	9.476	13.39	12.36	6.592	7.622	15.25	12.767	6.592	4.808	4.256	5.356	8.034	4.326	4.12	4.326	30.283	7.828	17.922	5.562	4.738	5.356	4.532	3.914	6.798	7.622	20.807	9.476	9.476	9.476	5.974	29.459	24.103	15.038	11.742	9.682	26.987	9.888	23.77	12.487	12.154	6.386	4.326	11.536	8.446	9.27	9.682	18.952	4.326	4.738	9.888	6.077	7.519	4.12	2.266	9.682	12.978	7.622	9.27	10.094	6.18	11.948	12.978	5.562	6.592	12.978	6.798	2.884	11.948	6.106	7.902	5.974	13.596	13.802	4.326	5.768	10.79	5.897	11.33	10.3	5.562	5.356	4.326	9.476	3.914	5.974	5.768	7.731	12.045	14.214	10.094	8.24	5.974	1.854	11.536	13.184	5.356	12.772	20.395	4.944	21.425	18.54	3.296	2.472	1.03	1.648	1.442	1.442	2.472	3.502	0.412	1.236	0.206	1.03	2.884	2.472	1.648	2.266	1.03	0.412	0.618	3.502	1.03	2.06	2.884	1.648	4.944	2.06	1.442	4.326	4.12	9.064	4.12	2.472	0	0	0.412	0.412	0.206	0	0.412	0	0.824	2.266	0.412	3.09	1.236	0.824	0.618	2.266	0.618	4.738	1.854	1.648	4.944	2.884	0.618	0.824	1.854	0.618	0.206	0.206	0.412	1.854	4.944	6.386	1.236	2.884	1.854	1.854	1.648	1.854	1.236	0.824	1.03	0.206	0.618	0.412	5.356	3.09	7.622	1.03	50:60,400.105:200,50:80
Cenpi-NM_145924	0	0	0	0	0	0	0	0	0	0	0	0	0	0	0	0.206	0	0	0.206	0	0	0	0	0	0	0	0	0	0	0	0	0	0	0	0	0	0	0	0	0	0	0	0	0	0	0	0.206	0	0	0	0	0	0	0	0	0	0	0	0	0	251.738	2.678	0.618	0.412	0.206	0.412	0.824	0.412	1.03	0.206	0.206	0.412	0	0.412	1.442	0.206	0.824	1.007	0.229	0.824	1.648	1.854	1.03	1.03	2.06	2.678	2.884	1.648	0.412	1.236	0.206	0.692	3.016	0.824	4.944	2.06	1.03	0	1.03	2.266	1.854	3.296	9.064	2.472	6.386	0.789	2.301	3.09	1.03	0.618	2.06	0.824	1.236	4.532	2.472	1.03	0.206	0.618	0.824	6.386	0.412	1.854	2.884	1.442	0.412	1.854	0	0	0.412	0.618	0.206	0.206	0	0.206	0	0	1.442	0.206	0	0.412	0.412	0.824	0	0	0.412	0.618	1.854	0.618	2.06	0.206	1.854	1.03	2.472	3.914	1.236	2.06	1.236	2.06	6.18	2.884	2.884	2.678	3.502	2.884	2.06	4.532	2.266	1.442	0.824	2.884	2.06	1.236	2.884	0.618	1.236	4.738	2.266	3.09	1.854	0.824	0.824	2.472	2.06	0.618	4.326	2.06	3.09	1.648	3.502	0.206	0	3.296	0.618	3.723	1.016	1.236	6.798	2.472	3.296	1.442	1.03	1.854	1.854	1.03	0.824	1.03	1.236	1.03	1.648	0.824	8.446	3.09	1.442	2.266	0.824	1.648	2.678	2.266	0.824	1.648	1.216	1.256	2.884	1.236	1.648	0.206	2.472	1.648	2.266	2.884	1.442	2.69	2.254	5.356	3.708	1.854	0	0.618	0	1.648	2.678	1.648	3.502	1.442	0.618	1.442	2.266	2.266	2.06	2.06	0.824	1.236	2.266	1.648	0.412	0.824	0.347	3.155	0.824	0.618	1.648	0.206	0.206	0	0.206	0.412	0.206	0	0	0	0.206	0	0.412	0	0	0	0	0.412	0.412	0.412	0	0	0	0.206	0	2.06	1.854	0.618	1.442	0.824	0	0.618	0.618	0.824	1.442	1.442	0.206	0.412	0.412	0.206	0.206	2.06	1.236	2.678	0	0.618	0.206	0.618	1.236	2.678	0.618	0.618	0	0	0	0.206	1.03	0.618	0	0	0	0	0	0.618	0	0.412	0	0.206	0.412	0	0.206	0.206	0.206	0.618	0	0.618	0.618	1.854	0.206	0	50:60,275.105:200,50:80
Cenpt-NM_177150	0.412	1.442	0.206	0.206	0.206	1.236	2.06	2.472	0.412	0	0.412	0.206	0	0	0	0	0	0	0	0	0	0	0	0	0	0	0	0	0	0	0	0	0	0	0	0	0	0	0	0	0	0	0	0	0	0	0	0	0	0	0	0	0	0	0	0	0	0	0	0.824	97.547	70.603	8.191	6.308	2.55	0	0	0.412	0	1.03	0.206	0.206	0	0.206	0	0	0.206	0	0	0	0	0	0	0	0	0	0.206	0	0	0	0	0	0.618	0.412	1.03	3.09	0	0	0.206	0	0.206	0.206	0.206	0	0	0	0	0.091	0.527	0	0.412	0	0	0.412	0	0	0	0	0	0	0.206	0	0.412	0.412	0	0	0	0	0	0.206	0	0	0.206	0	0	0.412	0.206	0.206	0.412	1.03	1.03	0.412	0	0	0	0.412	0	0.618	0.206	0.206	1.854	1.648	0.824	0	0.412	0	0	0.206	0.412	0.618	0	0	0	0	0.206	0	0	0	0	0	0	0	0.206	0	0	0	0	0.412	0	0.618	0.824	2.266	0.618	1.236	2.06	0.824	0.206	0	0.618	0.206	0.206	0.618	1.236	1.236	0.412	0.412	0.206	0.286	0.538	0.618	0.412	0.206	0.206	0.412	0	0.206	0.412	1.03	0.824	1.288	2.627	0.824	1.03	0.797	0.233	0.206	0.206	1.03	1.06	2.236	3.296	1.03	0.618	1.03	0.412	0	0.824	1.45	1.228	0.412	0.206	0	0	0	0.206	0.412	0.206	0	0	0.206	0	1.03	0.618	1.648	0.618	1.03	1.03	2.089	1.413	0.618	1.236	0.618	0.618	1.662	0.604	1.236	0	0	0.824	0.618	1.03	1.03	0.824	0.206	1.442	1.648	1.648	0	0.618	1.442	1.648	2.266	2.884	1.442	2.266	2.472	0.618	0	0	0	0	1.442	3.296	0.618	1.03	0	0.618	0	0.618	0	2.06	1.03	0	0	0	1.442	2.884	2.472	0.206	0.206	0.412	2.472	4.12	1.854	0.206	0.824	1.03	3.708	5.356	0.618	0.412	5.356	4.326	0.824	1.648	2.472	1.648	4.944	5.562	4.12	3.09	2.678	1.442	2.472	3.502	0.412	2.472	1.442	6.18	10.3	5.356	3.09	3.914	0.412	1.648	0.618	1.03	2.06	3.296	2.678	50:60,36.655:200,50:80
Chchd7-NR_104357	0	0	0	0	0	0	0	0	0	0	0	0	0	0	0	0.206	0	0	0	0.206	0	0	0	0	0	0	0.206	0	0	0	0.206	0	0	0.206	0	0	0	0	0	0	0	0	0	0	0	0	0	0	0	0	0	0	0	0	0	0	0	0	0	0.412	2.981	147.716	45.42	4.944	1.432	0.422	0	0.519	0.717	1.236	1.854	0	0	0	0.206	3.716	7.867	8.279	4.491	2.839	0.206	0.618	0.206	0	0	0	0.206	0	0	0	0.206	0.412	0	0	0	0	0	0	0.084	0.122	0	0	0	0	0.206	0	0.206	0.412	0.206	0.412	0.206	0	0.412	0	0	0	0	0.206	0	0	0	0.206	0	0.824	0	0.206	0.206	0	0.412	0	0	0	0	0	0	0	0	0	0.206	0	0	0	0	0	0.206	0	0.206	0.206	0	0	0	0	0	0	0	0	0.206	0	0.618	0	0	0	0.206	0	0.412	0	0	0	0	0	0	0.206	0.509	0.315	0.412	0	0	0	0	0	0.206	0	0	0	0	0	0	0	0	0	0	0	0	0	0	0	0	0	0	0	0	0	0.206	0	0.412	0	0	0	0	0	0.206	0	0	0	0	0	0.412	0	0	0	0	0	0	0	0	0	0.206	0	0.206	0	0.101	0.105	0	0.206	0.412	0	0	0	0.002	0.204	0	0	0	0	0	0	0	0	0	0	0	0.412	0	0	0	0	0	0	0	0	0	0	0.206	0.618	1.442	0	0.206	0.618	0	0.206	0.412	0.618	0.206	1.03	1.03	0.618	0	0.206	0.412	1.648	0.618	1.236	0.412	0.206	0	0.206	0	0.206	0	0	0.206	0.206	0.618	0	0	0.206	0.618	0.412	0.412	0.206	0.824	0.206	0.824	0.618	0.412	0	0	0	0.206	0	0	0.618	0.412	0.412	0.206	0.412	0.412	0	0.412	0.206	0	0	0	0	0.618	0.412	0.618	0	0	0	0	0	0	0	0.206	0.412	0.412	0	0.412	0	50:60,23.19:200,50:80
Chl1-NM_007697	0	0	0	0	0	0	0	0	0	0	0	0	0	0	0	0	0	0	0	0	0	0	0	0	0	0	0	0	0	0	0	0	0	0	0	0	0	0	0	0	0	0	0	0	0	0	0	0	0	0	0	0	0	0	0	0.206	0	0	0	0	0	0.206	0	0	0	0	0	0	0	0	0	0	0	0	0	0	0.206	0	0	0	0	0	0	0	0	0	0	0	0	0	0	0	0	0	0	0.206	0	0	0	0	0	0	0.206	0	0	0	0	0	0	0	0	0	0	0	0	0	0	0	0	0	0	0	0	0	0	0	0	0.412	0.206	0	0	0	0	0	0	0	0	0	0	0	0.206	0	0	0	0	0	0.206	0	0	0	0	0	0	0	0	0	0	0	0	0	0	0	0	0	0	0	0	0	0	0	0.206	0	0	0	0	0	0	0	0	0	0	0	0	0	0	0	0	0	0	0	0	0	0	0	0.206	0	0	0	0.206	0	0	0	0	0	0	0	0	0	0	0.206	0	0	0	0	0	0	0	0	0.206	0	0	0	0	0	0	0	0	0	0	0	0	0	0.206	0	0.206	0	0	0	0	0	0	0	0	0	0	0	0	0	0	0	0	0	0	0	0.206	0	0	0.206	0	0	0	0	0	0	0	0	0	0	0	0	0	0	0	0	0	0	0	0	0	0	0	0	0	0	0	0	0	0	0	0	0	0	0	0	0	0	0	0	0	0	0	0	0	0	0	0	0	0	0	0	0	0	0	0	0	0	0	0	0	0	0	0	0	0	0	0	0	0	0.206	0	0	0	0	0	0	0	0	0	0	0	50:60,1110.8:200,50:80
Chpf-NM_001001566	0	0.824	0	0	0.618	0.206	0	0	0.412	1.236	0.206	0.206	0.412	0.412	0	0	0	0.412	0	0	0	0	0.206	0.206	0	0	0	0.206	0	0	0.412	0	0	0	0	0	0.206	0.206	0	0	0.618	0	0.412	0	0	0.206	0.618	0	0.206	1.236	0.206	0.206	0.618	0.206	0.206	0	0.206	0	0	0	0	0	0	0.025	0.387	2.266	0.537	6.542	11.462	1.236	0.412	0.206	0	1.236	0.824	5.974	9.22	2.317	0	0	0	0	0	0	0.206	0	0	0	0	0	0.206	0	0.411	0.518	1.955	2.266	0.412	0	0	0.412	0.618	0.412	0.206	0	0.206	0	0	0	0	0	0	0	0.618	0	0	0	0	0	0.206	0	0	0	0	0	0.206	0	0	0	0	0.206	0.206	0	0	0	0	0.618	0.206	0	0.206	0	0	0	0.206	0	0	0	0	0	0.206	0	0	0	0.206	0	0	0	0.206	0.194	0.424	0.412	0	0.206	0.206	0.206	0	0	0.206	0.618	0	0.206	0	0	0.206	0	0	0	0	0	0	0	0	0.206	0	0.206	0	0	0.206	0	0	0.206	0	0	0	0	0	0	0	0	0.412	0	0.412	0	0	0	0	0	0.206	0	0.206	0.206	0	0.412	0.412	0	0	0	0	0.206	0	0	0.412	0.618	1.03	0.206	0.613	0.005	0	0	0	0	0.425	1.017	0.844	1.834	1.854	0	0	0	0	0	0	0	0	0.206	0.206	0	1.442	0	1.442	0	0.412	0.206	0.412	1.011	3.315	3.708	0.506	1.13	2.172	4.638	2.678	0.824	1.03	0	0.412	0.206	0	0.206	0	1.648	1.236	0.206	0	0.412	3.09	0.824	0.206	0.412	0.618	1.236	2.472	0.618	0.206	0.412	1.03	1.648	1.854	4.532	0.618	0.412	0.618	0.618	2.678	1.03	1.03	2.06	1.854	2.06	4.326	1.648	1.648	0.412	3.09	1.854	0.824	0.206	0.618	0.206	0.412	0.412	1.236	2.266	0	0.824	0.618	1.236	0.412	0.412	0	0	0	1.442	1.442	0	0.412	0.618	1.03	1.442	0	0.206	0.618	0.206	0.206	1.236	0.412	2.678	0.206	0	1.236	1.03	50:60,24.515:200,50:80
Ciz1-NM_001252538	0	0	0	0	0	0	0	0	0	0	0	0	0	0	0	0.412	0	0	0	0	0	0	0	0.206	0.618	0	0	0	0	0	0	0	0	0	1.03	0.824	0	0	0	0	0	0	0	0	0	0	0	0	0	0	0	0	0	0	0.206	0.206	0	0	0	0	0.107	8.751	1.442	8.652	2.266	0.412	2.678	6.007	20.156	4.944	0	0	0	0.206	0	0	0	0	0	0	0.206	0	0.206	0	0	0.412	0	0	0	0.206	0	0	0	0.206	0	0.206	0.206	0.824	0.618	1.854	0.412	0.206	0	0.412	0.618	0.618	0	1.236	0.824	2.06	0.618	0.008	0.816	0	0.206	0.618	0	0.206	0	0	0.618	1.03	0.412	0	0.206	0	1.03	0.206	0	0.206	0	0.206	0.618	2.678	0	0	1.03	0	0	0	0	0	0.206	0.206	0	0.206	1.236	2.472	0.206	0.618	0	0.412	0.412	1.236	1.442	0.412	0	0.618	3.502	2.884	3.09	0.206	0.206	0.206	0	0	0.206	0	0	1.442	0.618	0.412	1.442	1.236	0.206	0.206	1.854	1.648	1.442	0	0.824	1.236	0.618	0.618	0.824	1.03	1.236	0.206	0.206	0	0	0	0	0.412	1.648	0.824	0	0	0.412	0	0	0	0	0.412	0.618	0.618	1.236	1.854	0.206	0	0.206	0.824	0.206	0.412	2.06	0.824	0.412	0	1.442	1.648	1.03	1.236	0.206	0.618	0	1.236	0.618	0.206	0.824	0.412	0.412	0.618	0.206	0.824	1.236	0.618	0.206	0.206	1.236	1.236	0.618	0.412	0.412	0.206	0.824	1.03	0	0.206	0.206	0.618	1.03	0.618	0.412	0.824	0.412	0.618	0.709	0.115	1.03	0	0.618	0.206	0.618	0.824	0.412	0.412	0	0	0	0.618	1.648	0.618	0	0.206	0.618	1.442	2.06	1.442	0.618	0.206	0.412	0.412	0.824	0.618	0.206	0.824	2.06	0.824	2.678	0.618	2.06	3.914	1.854	0.618	2.266	0.618	1.236	2.472	2.472	0.824	2.472	1.648	0.824	1.236	1.854	1.236	0.618	0.412	1.03	0.206	2.472	2.472	0.412	0.618	1.648	1.854	0	1.236	0.206	0.206	0.412	0.206	0.206	0.206	0.618	0.206	0.206	0	0.206	0	0	0	0	0	0.206	9.476	1.03	0	0	0.206	50:60,76.52:200,50:80
Cldn15-NM_021719	3.502	5.768	1.03	2.06	1.03	1.854	1.854	9.888	9.064	7.622	2.472	1.854	3.09	7.004	5.15	1.648	0.412	0	2.266	1.236	2.678	4.12	1.236	0.618	1.442	1.03	3.296	1.03	1.03	1.03	1.442	1.03	0.618	1.442	3.502	3.708	2.06	4.532	0.206	1.236	1.442	0.412	1.236	4.326	2.884	5.562	14.832	11.536	4.326	5.974	2.678	5.768	8.446	9.888	8.858	0.618	3.296	1.03	3.09	1.648	0	1.03	1.236	0.412	1.648	2.884	2.472	1.236	1.03	0.824	1.236	3.14	3.351	4.428	1.648	0.618	1.03	7.756	5.428	1.236	4.979	2.231	0.412	0.206	0.618	1.648	3.047	1.073	0.412	0	0.206	0.412	0.412	0.824	1.849	1.859	3.708	3.914	1.236	0.824	1.236	0.206	0.618	0.824	2.678	1.442	2.884	0.824	2.266	2.06	0	0	0.412	0	0.412	0.412	0.618	0.892	0.344	0.412	0.206	0.412	0.412	0.618	0.206	0.824	0.824	1.03	1.648	0.412	0.412	0.412	0.206	0	0.412	0.618	0.412	0.212	0.818	0.618	1.442	0.618	0	0	0	1.442	0.618	0.824	0.412	0	0	0	0.618	0.824	1.267	0.587	0.206	0.412	0.618	0	0	0	0	0	0	0	0	0.412	1.236	0.412	0	0	0	0	0	0	0.206	0.412	0.412	0	0	0.206	0.206	0	0	0	0	0	0	0	0	0	0	0	0.206	0	0	0	0	0	0	0	0.206	0.206	0	0	0.206	0.412	0.206	0.618	0.412	0	0	0	0	0	0	0	0.206	0.412	0	0	0	0.412	0	0	0	0.206	0	0	0	0	0	0	0	0.206	0.206	0.206	0	0	0	0	0	0	0	0	0.206	0	0	0	0	0	0	0	0	0.206	0	0	0	0	0	0	0	0	0	0	0	0	0	0	0	0	0	0	0	0.412	0	0.206	0.412	0	0	0	0	0	0.206	0	0	0	0	0	0	0.206	0	0	0	0	0	0	0	0	0	0	0	0	0	0	0	0	0	0	0	0	0	0	0	0	0	0	0	0	0	0	0	0	0	0	0	0	0	0	0	0	0	0	0	0	0	0	0	0.412	50:60,39.885:200,50:80
Cldn34-ps-NM_001101585	0	0	0	0	0	0	0	0	0	0	0	0	0	0	0	0	0	0	0	0	0	0	0	0	0	0	0	0	0	0	0	0	0	0	0	0	0	0	0	0	0	0	0	0	0	0	0	0	0	0	0	0	0	0	0	0	0	0	0	0	0	0	0	0	0	0	0	0	0	0	0	0	0	0	0	0	0	0	0	0	0	0	0	0	0	0	0	0	0	0	0	0	0	0	0	0	0	0	0	0	0	0	0	0	0	0	0	0	0	0	0	0	0	0	0	0	0	0	0	0	0	0	0	0	0	0	0	0	0	0	0	0	0	0	0	0	0	0	0	0	0	0	0	0	0	0	0	0	0	0	0	0	0	0	0	0	0	0	0	0	0	0	0	0	0	0	0	0	0	0	0	0	0	0	0	0	0	0	0	0	0	0	0	0	0	0	0	0	0	0	0	0	0	0	0	0	0	0	0	0	0	0	0	0	0	0	0	0	0	0	0	0	0	0	0	0	0	0	0	0	0	0	0	0	0	0	0	0	0	0	0	0	0	0	0	0	0	0	0	0	0	0	0	0	0	0	0	0	0	0	0	0	0	0	0	0	0	0	0	0	0	0	0	0	0	0	0	0	0	0	0	0	0	0	0	0	0	0	0	0	0	0	0	0.206	0	0	0	0	0	0	0	0	0	0	0	0	0	0	0	0	0	0	0	0	0	0	0	0	0	0	0	0	0	0	0	0	0	0	0	0	0	0	0	0	0	0	0	0	0	0	0	0	0	0	0	0	0	0	0	0	50:60,3.195:200,50:80
Cntn5-NM_001033359	0	0	0	0	0	0	0	0	0	0	0	0	0	0	0	0	0	0	0	0	0	0	0	0	0	0	0	0	0	0	0	0	0	0	0	0	0	0	0	0	0	0	0	0	0	0	0	0	0	0	0	0	0	0	0	0	0	0	0	0	0.206	0	0.206	0.412	0.824	0	0.412	0	0	0	0	0	0	0	0	0	0	0	0	0	0	0	0	0	0	0	0	0	0	0	0.412	0	0	1.648	0	0	0	0	0	0.206	0	0	0	0	0	0	0	0	0.206	0	0	0	0	0	0.206	0	0	0	1.03	0	0	0	0.206	0	0	0	0.206	0	0.206	0	0.206	0.412	0	5.356	0.206	0	0.206	0	0	0	0	0.206	0	0	0	0	0	0	0	0.206	0	0.206	0	0	0.206	0	0	0	0	0	0	0.206	0.412	1.236	0	0	0	0	0.206	0.206	0	0.206	0	0	0	0	0.206	0	0	0	0	0	0	0	0	0.206	0.206	0.412	0	0	0	0	0	0	0	0	0	0	0	0	0	0	0	0.206	0.206	0	0.206	0	0.206	0	0.206	0	0.206	0	0	0	0	0.412	0	0	0	0	0	0	0.412	0	0	0	0	0.206	0.206	0.412	0	0	0	0	0	0	0	0	0	0	0.206	0.206	0	0	0	0	0	0	0	0	0.206	0	0.206	0	0	0	0.206	0	0	0	0	0	0	0	0	0	0	0	0	0	0	0	0	0	0	0	0	0	0	0	0	0	0	0	0	0	0	0	0	0	0	0	0	0	0	0	0	0	0	0	0	0	0	0	0	0	0	0	0	0	0	0	0	0	0	0	0	0	0	0	0	0	0	0	0	0	0	0	0	0	0	0	0	0	0	0	0	0	50:60,6219.18:200,50:80
Cntnap3-NM_001081129	0	0	0	0	0	0	0	0	0	0	0	0	0	0	0	0	0	0	0	0	0	0	0	0	0	0	0	0	0	0	0	0	0	0	0	0	0	0	0	0	0	0	0	0	0	0	0	0	0	0	0	0	0	0	0	0	0	0.206	0	0.412	0	0	0	0	0	0	0.206	0	0	0.412	0	0	0	0	0.206	0	0.206	0	0.206	0.206	0	0	0	0	0	0	0	0	0	0	0	0	0	0	0	0	0	0.206	0	0.206	0.206	0	0	0	0	0.206	0	0	0	0	0	0	0	0	0	0	0	0	1.648	0	0	0	0	0	0	0	0	0	0	0	0	0.206	0	0	0	0	0	0	0	0	0.206	0	0	0	0	0	0	0	0	0	0.206	0	0.206	0	0.412	0.206	0	0.206	0	0	0	0	0	0	0	0	0	0	0	0	0.206	0	0	0	0	0	0	0	0.206	0	0	0.412	0	0	0.206	0	0	0	0.206	0.206	0	0	0	0.412	0	0	0.412	0.206	0	0	0	0	0	0	0	0	0	0	0	0	0	0	0	0	0	0	0	0	0	0	0	0	0	0	0.206	0	0.206	0	0	0	0	0	0	0	0	0.206	0	0.412	0.206	0	0	0	0	0	0	0.206	0.412	0	0	0	0	0	0	0	0	0	0	0.206	0	0.206	0	0	0	0	0	0	0	0	0	0	0	0	0	0	0	0	0	0	0	0	0	0	0	0	0	0	0	0	0	0	0	0	0	0	0	0	0	0	0	0	0	0	0	0	0	0	0	0	0	0	0	0	0	0	0	0	0	0	0	0	0	0	0	0	0	0	0	0	0	0	0	0	0	0	0	0	0	0	0	0	50:60,831.49:200,50:80
Cobl-NM_001282993	0.206	0	0	0	0	0	0	0	0	0	0	0	0	0.206	0.206	0.206	0	0.206	0	0	0.206	0	0.412	0	0	0	0.206	0	0	0	0.206	0	0	0	0	0	0	0.206	0	0.412	0.206	2.266	1.03	0	0	0	0.412	0.206	0.618	0.206	0	0.206	0.618	0.412	0.824	1.03	0	0	0	0	13.184	3.09	2.678	5.356	7.004	5.15	9.476	7.21	5.562	6.386	8.24	20.601	11.536	8.24	8.652	11.124	9.064	8.446	12.566	12.36	8.858	6.798	5.516	8.699	6.386	19.158	16.686	4.532	9.064	6.798	10.918	13.184	11.536	8.034	8.652	9.064	17.716	16.892	12.566	16.48	19.982	14.832	12.36	9.27	7.622	13.802	13.39	10.918	9.064	8.446	15.038	8.446	3.296	9.064	10.712	13.39	15.656	11.948	9.064	10.506	22.455	15.244	9.27	26.781	13.596	8.446	3.502	6.18	16.274	11.742	9.476	9.682	13.184	14.214	6.386	12.566	10.712	5.974	18.54	11.948	13.596	8.446	11.124	9.682	7.416	3.914	8.858	9.064	10.712	9.682	7.004	8.24	10.712	8.034	14.008	8.034	12.978	13.184	5.768	10.506	6.798	7.622	8.858	7.21	2.472	8.446	9.888	9.888	3.296	8.24	4.326	7.416	8.446	5.15	6.798	8.24	11.742	3.914	8.858	3.708	4.326	5.562	2.06	14.008	7.828	11.948	8.034	4.532	4.326	5.562	9.682	11.33	5.974	4.944	8.446	3.708	27.811	11.33	11.536	7.004	5.562	4.944	8.034	6.221	10.259	11.124	2.884	7.622	6.592	11.33	8.24	9.476	10.712	10.3	10.094	4.326	8.858	8.652	8.446	15.038	10.094	8.034	5.768	2.472	4.944	5.768	10.3	7.416	9.476	8.652	15.038	16.892	8.858	7.622	6.257	5.897	10.3	8.652	14.214	7.21	14.008	7.004	11.33	17.098	8.652	12.772	15.244	19.57	15.038	10.094	23.073	18.54	12.36	10.506	20.6	9.682	7.21	13.39	19.776	20.807	0.206	0.206	1.03	0.412	2.472	0.618	0.206	1.03	0.412	0	0.206	0.206	0.618	1.236	1.03	0.824	0.618	1.854	1.854	0.412	0.206	3.296	0.206	0.206	0.412	1.03	0.206	1.442	0.412	1.03	0.618	2.06	2.884	1.03	0.618	1.236	0.824	1.442	2.06	5.15	9.888	1.442	0	1.854	1.854	0.618	2.884	5.15	0.618	0.412	0.206	1.236	1.03	0.206	1.03	1.648	0.618	0.618	0.206	0.618	0	0	0.618	0.206	0.618	1.854	1.442	0.618	0.824	0.412	0.618	0	0.618	1.03	0	1.03	0.824	0	0.618	1.854	50:60,1141.425:200,50:80
Commd10-NM_178377	0	0	0	0	0	0	0	0	0.206	0	0	0	0	0	0	0	0	0	0	0	0	0	0	0	0	0	0	0	0	0	0	0	0	0	0	0	0	0.206	0	0.206	3.296	0.412	0	0.206	0	0	0	0	0	0	0	0	0	0	0	0	0	0	0	3.09	9.27	0.206	1.648	0.824	1.648	3.296	3.296	7.416	4.12	3.09	7.622	6.18	7.828	4.326	7.828	3.296	3.938	3.066	7.21	4.944	2.884	2.884	5.562	6.18	0.824	3.09	3.914	4.12	4.944	7.416	3.708	3.09	7.622	3.708	1.442	2.266	4.944	1.854	2.06	0.618	2.266	3.914	5.768	3.09	3.914	5.562	5.15	3.502	6.386	7.622	6.592	6.386	8.034	6.18	2.678	2.06	1.236	3.708	4.12	4.532	1.03	1.442	0.824	6.592	6.18	3.914	2.884	4.421	4.025	3.502	3.914	2.678	3.708	5.15	3.296	2.06	3.502	2.472	2.678	2.884	2.06	1.03	0.824	3.502	3.708	4.738	2.266	4.944	3.09	2.884	5.15	17.716	8.034	2.266	6.592	4.326	1.442	4.12	2.06	2.266	3.914	2.266	2.884	3.296	4.532	10.712	10.094	1.442	2.472	0.824	2.884	5.15	3.502	3.09	2.678	4.12	0.412	2.884	5.562	2.884	5.15	0.824	4.326	2.472	3.502	7.828	12.566	9.27	4.12	1.03	2.884	4.944	4.326	2.884	2.266	2.266	4.944	1.854	2.06	9.888	3.914	8.24	5.15	20.123	5.628	3.502	0.206	2.884	6.798	4.944	4.326	1.03	1.854	2.06	3.96	2.22	2.266	3.502	3.09	4.944	5.974	2.884	1.236	1.648	3.502	5.15	4.12	0.824	0	0	0	1.648	2.266	3.708	4.326	2.06	4.738	3.708	1.236	3.296	0.824	0.824	4.12	0.618	1.03	0.206	1.03	0.412	0.206	0.618	1.236	1.236	1.648	0.206	0.824	1.03	7.004	4.944	3.296	2.472	1.236	0	0.206	0	0	0.412	0.412	0	0.824	0	0	0.412	0.412	0.412	0.206	0	0	0.206	0.206	0.206	0.206	0	0.206	0.824	1.236	0.206	0	0.206	1.03	2.266	0	0	0.206	0	0.412	0.412	1.03	0	0	0.618	0.618	0.618	0.618	0	0	0	0.206	0.412	0.618	0.618	1.442	1.442	0.824	0.412	1.236	0	0.824	0.206	0	0	0	1.03	0.618	1.236	0	0.618	1.442	1.648	1.854	0	0	0	0.206	0.618	0.206	0	0	0	0	0	50:60,645.595:200,50:80
Copg2-NR_149738	0	0	0	0	0	0	0	0	0	0	0	0	0	0	0	0	0	0	0	0	0	0	0	0	0	0	0	0	0	0	0	0	0	0	0	0	0	0	0	0	0	0	0	0	0	0	0	0	0	0	0	0	0	0	0	0	0	0	0	0	33.373	0.824	1.648	1.648	2.678	1.854	1.03	2.266	4.12	4.738	5.974	2.472	2.06	2.06	0.618	5.768	1.442	2.266	2.472	3.914	3.502	1.236	4.738	3.708	3.09	4.532	3.296	7.828	4.532	2.06	3.502	8.24	5.974	4.326	3.09	2.266	3.708	1.442	2.06	2.472	3.708	3.296	4.944	2.476	4.528	1.236	0	1.854	2.884	1.442	3.296	5.768	5.15	5.974	4.12	6.592	8.034	7.394	3.525	3.09	2.06	3.296	2.06	1.442	4.326	2.472	5.562	0	0	0.206	1.236	0.206	0.206	0.412	0.618	1.236	7.21	3.296	3.502	3.914	4.738	2.678	1.854	1.854	1.854	1.442	1.854	0.618	3.09	1.236	3.296	2.266	3.914	5.356	2.884	4.532	5.15	2.884	4.738	4.944	0.206	3.296	2.884	3.09	3.708	4.12	3.502	3.09	8.034	5.356	4.738	6.386	7.622	1.442	3.296	3.296	4.532	2.678	6.592	3.708	3.296	6.798	8.652	10.918	8.652	4.326	0	0	0	0	0	0	0	0	0	0	0	0	0	0	0	0	0	0	0	0	0	0	0	0	0	0	0	0	0	0	0	0	0	0	0	0	0	0	0	0	0	0	0	0	0	0	0	0	0	0	0	0	0	0	0	0	0	0	0	0	0	0	0	0	0	0	0	5.15	6.386	3.296	5.974	5.15	4.326	3.296	0.412	0.618	0.206	0.412	0.618	1.03	0.206	0	0.206	1.236	0.618	0	0.206	0.412	0.412	0.206	0.618	0.412	0	0.618	1.03	0.618	1.03	0.412	0.206	0.206	0.206	0	0	0	0	0	0.206	0	0	0	0	0	0.206	0	0.618	0.206	0	0	0	0.206	0.206	0	1.648	1.03	1.442	1.03	0	0.412	0.206	0.206	0	0	0.412	0.618	0	0	0.412	0.206	0.412	0.206	0	0.618	0	0	0.206	0.412	0.206	1.03	0	0	0.206	0	0.618	0	50:60,746.205:200,50:80
Cops7b-NM_001360888	0	0	0	0	0	0	0	0	0	0	0	0	0	0	0	0	0	0	0	0	0	0	0	0	0	0	0	0	0	0	0	0	0	0	0	0	0	0	0	0	0.206	0.412	0	0	0	0	0	0.206	0.206	0	0	0	0	0	0	0.618	0	0	0	0.206	8.034	5.356	0.412	0	0.412	0	0.206	0.412	0.206	0.206	0	0	0	0	0	0.206	0	0	0.618	0.206	0.412	0	0	0.206	1.236	0	1.442	0	0	0	0.206	0.412	0	0.824	0.824	18.812	4.054	2.678	1.236	0.206	0.824	0.206	0.618	0.824	0.412	0	0.412	0	1.236	0.206	0.618	1.03	0.824	0.618	1.442	1.03	0.894	0.548	0.206	0.824	0.412	0.206	0.412	0.618	0.206	0.412	0.206	1.442	0.412	0.206	0.412	0.618	0	0	2.06	0.206	0.206	2.884	1.236	3.09	2.472	0.412	0.412	1.03	0.412	0.412	0	0.824	0	0	1.03	1.854	1.03	0.618	1.236	1.236	0.206	1.648	1.03	1.854	2.884	1.236	0.618	0.618	0	0.824	0.206	3.09	0.618	1.03	2.266	0	0.206	0.206	1.03	0.618	1.03	0.618	1.648	0	0	0.206	1.03	2.06	1.648	0	1.854	1.055	0.799	0.412	2.266	0.206	3.914	0.206	1.03	0.824	2.06	2.06	2.06	4.12	1.648	2.678	1.854	0	0.618	2.266	2.472	0.412	0.618	1.442	1.03	1.442	0.824	3.09	3.646	1.504	1.236	4.738	0.618	0	2.472	1.03	2.06	3.296	3.111	1.009	1.236	0.412	1.648	3.296	1.648	0.206	0	0	0.206	0.412	0.824	1.03	0	0.824	0.412	0.206	2.641	1.067	1.442	0.412	0.618	0.412	0.618	1.648	1.265	1.207	1.854	2.472	1.03	1.648	2.266	3.09	1.03	2.678	0	0.412	0.206	0.412	0.206	0	0	0	0	1.236	0.618	0	0.206	0	0	0	0.206	0	0.412	1.236	0.206	0	0.824	0.412	0.412	0.206	0.206	0	0.618	0.206	0	0	0.618	1.236	0.618	1.03	0.824	0.412	0.412	1.648	0.206	0	0	0.206	0	1.648	1.442	4.12	1.854	0.412	0.206	0.206	0.618	1.03	0.412	0.618	1.03	0.206	0.206	0	0	0	0	0	0	0	0	0	1.854	0.206	0	0	0.412	0.206	1.648	0.618	0	0	0.412	1.648	50:60,119.54:200,50:80
Coro1c-NM_011779	0	0	0	0	0	0	0	0	0	0	0	0	0	0	0	0	0	0	0	0	0.206	0	0	0	0	0	0	0	0.206	0.206	3.296	2.884	0	0	0	0	0	0	0	0	0	0	0	0	0	0.206	0	0	0.206	0.206	1.236	1.648	1.854	1.648	0	0	0.206	0.206	0.206	0	14.626	1.17	2.126	2.06	0.824	1.03	2.266	1.236	3.09	0.618	6.18	2.472	2.678	5.562	1.03	0.412	3.708	6.798	3.185	4.231	3.502	6.798	7.004	1.442	1.648	1.236	11.33	1.854	2.06	3.502	1.442	1.854	1.648	2.06	6.592	4.12	4.326	4.738	3.09	6.18	1.03	0.618	2.884	5.768	7.004	0	0.206	0	2.266	4.738	2.884	8.652	10.094	5.768	1.236	3.502	4.532	2.62	6.444	1.236	7.622	2.678	2.472	3.708	7.622	2.266	17.716	3.502	11.124	8.199	8.693	3.296	5.562	2.472	1.236	6.386	5.562	7.111	6.897	5.974	3.914	4.738	5.974	5.356	7.004	3.964	7.779	3.09	5.822	7.898	8.117	2.06	2.472	12.962	2.489	1.648	3.914	0.824	8.858	4.326	0.206	4.326	7.622	3.708	5.768	12.566	4.326	19.57	6.798	7.004	4.067	3.556	8.652	11.899	8.702	3.502	5.356	3.733	7.185	7.416	2.472	3.09	5.356	3.296	2.678	1.236	6.592	8.24	4.738	3.708	3.201	8.335	7.21	1.03	0	5.356	15.656	3.502	8.858	4.738	6.18	7.622	3.502	9.064	4.326	3.09	2.472	3.09	7.828	5.356	4.326	5.562	5.356	8.652	2.884	10.094	5.022	4.66	8.446	7.828	7.004	7.622	2.472	5.719	9.732	6.592	2.472	0.412	2.472	6.18	5.15	11.635	5.669	11.948	4.532	4.532	3.914	3.708	3.914	2.06	3.708	1.648	0.206	8.24	4.532	6.18	8.24	5.974	5.974	4.532	16.892	8.24	11.948	12.772	12.36	1.236	7.622	8.24	45.449	36.747	1.442	0.206	0	0.206	3.708	4.944	2.884	13.39	1.854	0.412	0.412	1.854	4.944	4.12	1.648	0.824	1.442	3.708	3.09	3.914	4.944	4.326	5.768	5.974	2.472	4.326	1.236	0	0	1.442	2.472	5.562	0.618	4.326	4.12	1.648	0.412	6.798	5.974	3.296	7.622	1.236	4.326	3.914	0.824	1.03	2.678	2.472	0.824	1.03	4.944	2.06	1.854	0.618	0	1.03	1.854	0.618	0.618	0	0	0	0.618	1.236	0.206	1.236	1.442	0	0	0.412	0.618	3.914	5.15	1.236	0.618	2.06	1.03	0.824	2.266	0.412	50:60,331.34:200,50:80
Cpeb1-NM_001252525	0	0	0	0	0.206	0	0	0	0	0	0.206	0	0	0	0.206	0.412	0	0	0	0	0	0	0	0.618	0.206	0	0	0	0	0	0	0	0	0	0	0	0.206	0	0.618	0.618	0	0	0.206	0.412	0	0.824	0.618	0.618	0	0	0.206	0.412	0.206	0.206	0	0	0	0	0	1.648	1.236	2.266	0.824	2.266	0.206	0.824	1.236	0	1.442	0.206	1.442	0.824	0.824	1.236	0.618	0.206	0.206	0	0.412	2.884	1.442	0.412	0.618	1.442	0	1.442	0.206	0.618	0.412	1.442	1.442	2.266	1.03	1.854	0.824	0.412	0.618	0.206	0.824	0.824	0	0.206	0.618	0.412	0.206	0	0.412	0.412	1.236	0.412	0.206	0.824	0	0.618	1.03	0	1.03	0.824	0.206	0.618	0.824	1.236	0	0.206	0	0.824	1.03	0.824	1.03	0.206	0.206	0	0.206	0.206	0.412	0.824	0.206	1.236	1.854	0	1.03	0	0	0	0	0	0	0	0	0	0	0	0.412	0	1.03	0.206	0.206	2.472	0.412	0.824	0.206	0.412	0.412	1.236	0	0.412	0.412	0.206	0	0	0.618	0	0.206	0.618	0.206	0.206	0.824	0.206	0.824	0.206	0.412	0.618	1.03	1.442	0.618	2.06	0.618	1.261	1.005	1.442	1.442	1.442	0.412	0.412	0.412	0.618	0.412	1.03	2.06	1.03	0.824	0	0.618	0.618	1.236	0.206	0.412	0.206	0	0.206	1.236	0.618	3.09	1.648	0.618	1.236	0.206	1.044	0.81	1.648	0.824	0.412	0.618	0.824	0.412	0.618	0.618	0.824	1.648	1.442	0.412	0	0.824	0.824	1.236	1.236	0.824	1.236	0.824	1.03	0.618	2.678	1.236	1.03	0.206	1.236	0.824	1.236	0.412	0.824	1.854	2.266	1.03	0	1.648	0.618	0.618	1.442	0.412	1.648	0.206	0.206	0	0	0	0.412	0.206	0	0.412	0	0	0	0.206	0.206	0	0	0.412	0.206	0.206	0.618	0.412	0.412	0.206	0.206	0.618	0	0.412	0.412	0	0.206	0	0.206	0.206	0.206	0.206	85.492	324.046	3.914	1.03	0.824	0	0	0.206	0	3.502	7.21	4.12	5.356	18.54	12.566	17.304	11.948	0.412	0.206	0.412	1.854	0.206	1.236	3.708	8.446	2.06	1.03	4.944	1.854	0.412	4.944	13.596	4.944	4.12	15.244	15.45	14.008	0.824	4.738	3.502	9.064	9.476	15.038	25.957	46.763	50:60,538.665:200,50:80
Cpne2-NM_153507	0	0	0	0	0.206	0	0	0	0	0	0	0	0	0	0	0	0	0	0	0	0	0	0	0	0	0	0	0	0	0	0	0	0	0	0	0	0	0	0	0	0	0	0.618	0	0.412	0	0	0	0	0	0	0	0	0	0.412	0	0	0	0	0	0.412	0	0	0	0	0	0.206	0	0	0.206	0	0	0.206	0	0	0	0	0	0.412	0.206	0	0	0	0	0	0.206	0	0.206	0	0	0	0	0	0	0	0	0	0.206	0.206	0	0.206	0	0	0	0.412	0.206	0	0	0	0	0.412	0	0.412	0	0	0	0	0.206	0	0.412	0	0	0.412	1.03	0	0	0	0.412	0.206	0	0	0.206	0.412	0	0.206	0	0.412	0	0	0.206	0	0	0.206	0	0.206	0	0	0	0	0.206	0.206	0	0	0	0.206	0	0.206	0	0	0	0	0.206	0	0	0	0	0	0	0	0	0	0.206	0	0.412	0	0	0.206	0	0	0.206	0.412	0.206	0.206	0.618	0	0	0	0	0.412	0	0	0	0	0	0.206	0	0.206	0	0	0	0.206	0	0	0.206	0	0	0	0.618	0	0.206	0.206	0	0	0	0	0	0	0	0	0.206	0	0	0	0	0.206	0.412	0	0.618	0.824	0	0.206	0	0	0	0.618	0	0	0	0.412	0.206	0.206	0	0	0.206	0.206	0	0.206	0	0.206	0.206	0	0	0.412	0	0	0.618	0	0.206	0.206	0	0	0	0	0.206	0.206	0	0	0	0	0	0.206	0	0	0	0	0	0	0.206	0	0	0	0.206	0	0	0	0	0.412	0	0.206	0	0	0	0	0	0	0	0.206	0	0	0	0	0	0	0	0	0	0	0	0	0	0	0	0	0	0	0	0	0	0.206	0	0	0	0	0	0	0	0	0.206	0	0	0	0	0	0	0.206	0	0	0	0	0	50:60,187.51:200,50:80
Creld2-NM_029720	0	0	0	0	0	0	0	0	0	0	0	0	0	0	0	0	0	0	0	0	0	0	0	0	0	0	0	0	0	0	0	0	0	0	0	0	0	0	0	0	0	0	0.412	0	0	0	0	0.412	0	0	0	0	0	0	0	0	0	0	0	0.206	10.749	4.042	1.689	1.03	0.412	0	0	0	0.206	0	0	0	0	0	0	0	0	0	0.206	0	0.206	0.206	0.206	0	0.206	0	0.206	0	0	0	0	0	0	0	0	0.206	0.136	0.276	0	0	0	0	0	0	0	0.412	0.301	0.317	0	0	0	0	0	0	0.206	0	0.206	0	0	0	0	0.206	0	0.412	0	0	0	0	0.206	0	0	0	0.412	0.412	0.412	0	0	0.206	0	0	0	1.03	0.412	0	0.206	0	0	0	0	0	0.618	0.206	0.206	0	0	0	0	0	0.206	0	0.206	0	0	0.618	0.412	0	0	0	0	0	0	0	0	0.206	0.206	0	0.206	0.206	0.618	0.618	0.824	0.412	0	0	0.206	0	0.383	0.441	0.412	0.206	0	0	0	0	0.206	0	0.412	1.03	1.03	0	1.03	0.412	0	0.618	0.206	0.206	0.206	0	0	0.206	0.206	0.412	0	0.206	1.236	0.206	0	1.03	0	0.206	0.614	0.004	0	0	0.206	0.824	1.442	0.206	0.618	0.412	0.412	1.442	0.206	0.206	0.206	0.206	0.206	1.03	0.618	1.442	0	1.854	0.412	0.824	0	0.412	0	0	0	0.206	0.206	0	0.824	0.412	0.206	0.412	0.206	0.206	0.412	0.412	0.618	0.206	0.618	1.03	0	0	0	1.03	1.236	0.618	3.09	3.09	0.206	0.618	0.824	0	0	0.206	0	0	0.412	0.206	0	0	0	0.206	0.412	0.206	0.206	0	0	0	0	0	0.206	0	0.412	0	0.206	0.206	0	0	0	0	0	0	0	0	0	0	0	0	0	0	0	0	0	0	0	0	0	0	0	0	0	0	0	0	0	0	0	0	0	0	0	0	0	0	0	0	50:60,35.18:200,50:80
Csnk1d-NM_027874	0	0	0	0	0	0	0	0	0	0	0	0	0	0	0	0	0	0	0	0	0	0	0	0	0	0	0	0	0	0	0	0	0	0	0	0	0	0	0	0	0	0	0	0	0	0	0	0	0	0	0	0	0	0	0.412	0	0	0	0	0.206	16.686	10.376	24.438	0.412	0.412	0	3.09	2.266	5.356	4.12	3.708	2.06	1.648	4.738	1.236	4.326	2.06	2.266	3.914	2.06	1.442	2.266	6.879	4.864	0.824	2.266	5.356	1.236	2.06	1.236	4.326	1.648	2.06	1.236	4.738	4.273	6.173	7.683	5.768	4.12	1.236	5.768	3.296	2.06	1.648	8.034	1.854	8.858	4.12	9.682	6.798	4.738	4.12	3.113	1.007	2.266	3.914	7.622	5.974	0.824	2.884	2.678	8.816	4.574	3.914	0.206	0.206	6.592	3.708	2.472	5.356	8.24	5.974	3.09	1.854	3.572	5.286	2.678	1.442	1.854	0.618	2.266	7.23	13.577	0.206	0.412	3.914	3.502	4.738	0.412	8.446	6.592	9.064	3.914	4.944	2.266	0.824	1.442	2.472	0.618	2.884	2.973	3.414	2.472	2.266	2.266	2.266	4.738	10.918	7.416	0.824	1.854	6.798	2.268	2.264	2.472	1.648	4.944	1.236	4.326	5.356	3.914	4.057	3.977	7.828	3.502	1.236	1.442	1.748	4.226	13.888	7.409	9.398	10.094	16.125	5.299	6.798	2.266	10.3	13.411	4.731	3.901	2.884	4.532	6.592	11.536	13.39	12.772	1.442	7.828	3.443	4.385	4.738	7.416	11.155	13.359	4.326	4.944	9.951	14.77	5.562	5.15	3.708	10.918	8.034	4.326	2.678	1.442	4.12	3.502	3.296	6.18	3.708	4.944	2.06	7.004	4.738	1.648	4.326	14.565	4.182	2.884	3.914	3.09	2.884	10.607	2.371	6.798	5.15	9.476	5.356	10.267	13.217	5.768	8.446	7.033	36.228	12.801	8.417	6.798	0.412	2.266	0.824	6.592	9.064	11.536	1.442	1.648	1.442	4.944	4.944	2.266	0.618	0.206	1.03	1.236	0.206	1.854	5.562	1.442	1.236	1.854	2.266	1.648	1.442	0.412	1.854	1.03	1.03	0.618	0.412	1.236	1.648	0.412	2.266	0.206	0.412	1.236	0.206	0	0.824	1.03	0.206	0.618	1.03	0.824	0.824	0	0.412	0	0.206	0.412	0.618	0.206	0	0	0.412	0.824	1.648	1.442	0.618	0.824	1.854	0.824	0.412	1.03	0.618	0.824	0.412	0.206	0.618	0.618	0.618	0.412	0.412	0	0.824	0.412	0.206	0.412	50:60,147.965:200,50:80
Ctbs-NM_028836	0	0.206	0.206	0	0	0.412	0	0.618	0	0.206	0	0.618	0	0.412	0	1.03	0.206	0	0.412	0.824	0.206	0.824	0	0.206	0.412	0	0.618	0.206	0.206	0	0.206	0.618	0.824	0.824	0.412	0	0	0	0	0.206	0	0	0	0	0.618	0	0	0	0.206	0.206	0	1.236	0.618	1.854	0.412	0	0	0	0	0.824	98.19	18.203	4.944	1.442	0.412	0.206	0	0	0	0	0.412	0	0.206	0	1.442	9.476	0.206	0.824	0	0	0	0.206	0	0	0	0	0	0	0.206	0.206	0	0.206	0	0.618	0	0.412	0.206	0	0.412	0	0	0	0	0.206	0	0	0	0.412	0	0.206	0.618	0.206	0	0	0	0	0	0	0.206	0	0	0	0.206	0	0.412	0	0.206	0.206	0	0	0.206	0.206	0	0	0	0.206	0.618	0.824	0.618	0.618	0	0	0.412	0.412	0.206	0	0	0	0	0	0.412	0	0	0	0.412	0	0.206	0	0	0.412	0	0.206	0.206	0	0	0	0	0	0	0.412	0	0	0.206	0	0	0	0	0	0	0	0	0	0	0	0	0.412	0.206	0	0	0	0	0.206	0	0.206	0	0.206	0.206	0	0	0	0	0.206	0.206	0	0	0.206	0	0.412	0	0.515	0.103	0	0	0	1.236	0	0	0	0.206	0	0	0.206	0.412	0.206	0.412	1.236	0.206	0	0.206	0.206	0.824	0	0	0.206	0.206	0.206	0.412	0.206	0	0	0	0	0	0	0.206	0.412	0.618	0.618	0.206	0	0	0.206	0	0.824	0	0	0	0	0	0	0.824	0.412	0	0	0.206	0.206	0.206	0.206	0.206	0.618	0	0.412	0.412	0	0	0	0	0	0	0	0	0	0	0	0.618	0	0	0	0	0	0	0.412	0.618	0	0	0	0	0.618	2.472	1.442	0.412	0.206	0.412	0.206	0	0	0.206	0.618	0.206	1.03	0.618	0	0.206	0	0	0.206	0	0.824	0	0	0	0.206	0	0	0	0.206	0	0.206	0	0.412	0	0	0.206	0.206	0.412	0	0	0	0	0.206	50:60,76.91:200,50:80
Ctdsp2-NM_146012	2.678	2.678	2.266	0.206	0.824	2.884	1.236	0.618	0	0.206	1.442	1.236	0.618	0	0.206	0.206	0	0	1.03	0.206	0.412	4.12	2.472	2.884	1.442	0	0.412	0.824	0.618	0	0	0	0	2.06	0.206	3.914	0.206	0.412	0	3.296	1.236	0.618	0.206	1.03	0.618	5.768	3.502	2.266	3.296	3.708	3.09	0.824	2.266	1.648	2.266	1.03	1.236	1.03	3.09	0.412	0.206	0.412	1.03	0	0.824	0.412	0.412	0.412	1.442	0.824	0.206	0.206	0.412	0	0.206	0.412	0	0.206	0	0	0	0	0	0	0	0	0.206	1.405	1.891	0	0.206	0	0	0.412	0	0	0	0	0	0	0	0	0	0	0	0	0	0	0	0	0	0	0	0	0	0	0	0	0	0	0	0	0	0	0	0	0	0	0	0	0	0	0	0	0	0	0	0.206	1.236	0.206	1.236	1.442	1.575	1.721	1.236	1.854	0.824	1.648	1.236	0.618	0.206	0.206	1.236	0	0	0	0.206	0.206	0	0	0.206	0.206	0.412	0.206	2.266	2.266	3.956	3.464	4.94	3.224	0.484	0	0.824	3.296	0.618	2.472	1.927	0.133	0.206	0.206	0.412	0.501	0.735	0.437	0.568	2.086	0.928	0.514	0.206	0	0	0	0.618	0.206	0.206	0	0	0.206	0.412	0.618	0.206	0	0.824	0.412	0.86	1.612	5.15	1.442	0.708	0.94	1.03	0.824	1.236	1.652	2.674	0.206	1.03	0.777	2.554	3.467	2.06	2.06	0.618	1.03	1.334	1.55	0.206	1.03	1.442	3.502	0.206	0	0.206	0	0	0	0	0	0.206	1.442	0.618	3.09	0.412	0	0	0.412	0.412	1.03	2.273	1.342	1.947	1.442	1.648	1.877	11.483	9.507	3.09	5.531	10.781	10.262	3.09	5.562	3.09	5.768	19.776	3.708	8.858	1.648	2.266	2.266	6.18	6.798	2.266	6.798	4.326	8.652	6.592	10.506	3.502	15.244	6.798	1.854	3.296	14.008	15.862	7.828	3.09	7.622	5.562	3.502	0.618	0.824	1.442	2.472	2.678	2.884	0.618	0	3.09	1.236	0.206	0.618	1.442	0	0.618	0.824	0.824	1.442	1.648	0.412	2.06	1.236	0.824	0.618	0	0.412	0	0.206	0	0.618	0.412	0.412	0.206	0.206	0.618	1.03	0.618	0.412	0.412	0.206	0	0	0	1.442	0.206	1.442	0.206	0.412	0	0	50:60,21.815:200,50:80
Ctps2-NR_033143	0	0	0	0	0	0	0	0	0	0	0	0	0	0	0	0	0	0	0	0	0	0	0	0	0	0	0.206	0	0	0	0	0	0	0	0.206	0	0	0	0	0.206	0	0.412	0.412	0.206	0	0.206	0	1.03	19.777	46.763	2.472	0.824	0.412	0.206	0.206	1.236	0	0	0	0	1.442	0.206	2.266	1.648	0.206	1.442	1.03	3.502	1.442	0.824	1.648	2.678	1.442	0	1.648	1.442	1.236	4.944	5.15	0.412	2.884	5.768	3.296	1.648	1.236	1.03	1.03	2.472	3.09	1.442	3.296	1.648	6.798	5.15	0.618	1.854	1.854	0	2.678	0.824	3.296	3.296	1.03	5.768	2.678	6.866	2.816	5.768	4.738	2.06	1.854	2.472	1.854	0.206	3.296	1.854	1.442	1.854	3.502	2.06	1.236	3.502	2.266	2.472	0.206	0.707	0.529	1.03	0.618	2.884	2.06	3.914	0.412	1.442	1.03	0.824	2.884	1.442	1.854	2.266	3.502	2.678	0.206	1.03	0.824	0.618	2.678	0.618	2.06	1.854	2.678	1.648	0.618	3.914	2.472	4.326	3.708	3.708	2.06	1.442	1.648	6.798	2.472	2.06	1.648	0.824	3.708	3.502	4.944	1.03	2.472	1.442	1.03	3.708	2.06	1.236	0	0	0	0	0	0	0	0	0	0	4.532	1.648	4.326	1.236	2.472	3.708	1.236	8.24	6.798	3.502	5.974	4.12	1.648	2.884	2.678	3.09	4.326	3.09	3.09	0.618	1.854	4.738	3.09	4.738	1.03	2.472	1.236	2.06	0.206	1.854	1.236	5.15	3.708	1.442	1.648	1.854	2.266	2.472	2.06	0	0	1.854	2.06	1.236	3.914	1.648	3.502	2.266	1.03	0.824	1.648	1.854	5.15	1.442	1.03	1.648	2.06	1.236	1.236	2.678	3.296	1.236	0.618	1.442	1.854	1.442	2.472	1.442	3.09	3.09	1.648	6.798	6.386	7.21	2.678	1.03	0.206	0	0.412	0.824	1.442	0.824	0.824	0	0.206	0.618	0.206	0.206	0.206	0.206	1.854	0.618	1.854	0.412	0.206	0.618	0.412	0.412	1.03	0	1.442	0	0.206	0	0	0	0.206	0.206	0.618	1.03	0.206	0	0	0	0	0.206	0.206	0	0	0	0	0.618	0	0	0.206	0.412	0.618	0.412	0.206	0.206	0	0	0	0	0	0.412	0.412	0	0	0	0	0	0	0	0	0.412	0	0	0	0	0.412	0	0	0	50:60,661.855:200,50:80
Ctsj-NM_001356291	0	0	0	0	0	0	0	0	0	0	0	0	0	0	0	0	0	0	0	0	0	0	0	0	0	0	0	0	0	0	0	0	0	0	0	0	0	0	0	0	0	0	0	0	0	0	0	0	0	0	0	0	0	0	0	0	0	0	0	0	0	0	0	0	0	0	0	0	0	0	0	0	0	0	0	0	0.206	0	0	0	0	0	0	0	0	0	0	0	0	0	0	0	0	0	0	0	0	0	0	0	0	0	0	0	0	0	0	0	0	0	0	0	0	0	0	0	0	0	0	0	0	0	0	0	0	0	0	0	0	0	0	0	0	0	0	0	0	0	0	0	0	0	0	0	0	0	0	0	0	0	0	0	0	0	0	0	0	0	0	0	0	0	0	0	0	0	0	0	0	0	0	0	0	0	0	0	0	0	0	0	0	0	0	0	0	0	0	0	0	0	0	0	0	0	0	0	0	0	0	0	0	0	0	0	0	0	0	0	0	0	0	0	0	0	0	0	0	0	0	0	0	0	0	0	0	0	0	0	0	0	0	0	0	0	0	0	0	0	0	0	0	0	0	0	0	0	0	0	0	0	0	0	0	0	0	0	0	0	0	0	0	0	0	0	0	0	0	0	0	0	0	0	0	0	0	0	0	0	0	0	0	0	0	0	0	0	0	0	0	0	0	0	0	0	0	0	0	0	0	0	0	0	0	0	0	0	0	0	0	0	0	0	0	0	0	0	0	0	0	0	0	0	0	0	0	0	0	0	0	0	0	0	0	0	0	0	0	0	0	0	50:60,28.735:200,50:80
Cul1-NM_001355550	0	0	0	0	0	0	0	0	0	0	0	0	0	0	0	0	0	0	0	0	0	0	0	0	0	0	0	0	0	0	0	0	0.206	0.206	0	0	0	1.854	0	0.618	0.206	0.618	0	1.236	7.622	0.618	0	0	0.206	0.412	0.412	0.412	0	1.236	0.824	0.206	0	0.206	0.206	1.442	2.472	19.364	0.824	1.854	1.648	1.236	1.854	2.266	4.326	3.708	2.266	2.678	1.03	5.356	3.914	1.236	4.12	2.884	5.356	2.678	5.15	2.472	2.266	2.678	2.266	4.944	4.532	1.854	2.06	8.034	3.502	3.296	2.06	3.502	7.375	5.809	0.824	4.738	5.768	4.738	2.678	3.09	3.296	4.326	2.472	11.33	9.307	5.525	7.416	7.004	10.7	12.991	1.854	0	0.206	0	0	0	0	0.206	0	0	0.824	0	0	0.824	0.206	0.206	0.618	0.206	0.412	11.948	4.12	8.034	6.798	5.974	5.356	8.446	8.034	3.914	5.974	8.446	3.708	5.142	8.66	5.356	4.738	9.682	3.09	6.18	4.326	1.648	0.412	2.884	2.06	14.42	12.772	4.12	7.416	3.914	10.094	4.532	8.24	2.472	5.15	4.532	0.206	0.412	0.824	0.412	4.12	2.472	5.356	6.386	3.708	7.416	6.798	5.768	4.532	5.15	5.15	5.562	5.768	7.004	0.824	1.648	6.18	3.09	2.472	4.326	3.708	2.472	2.06	1.854	4.738	3.296	0.824	10.094	4.532	2.472	2.472	3.502	2.472	2.06	1.03	0	7.622	3.502	5.768	5.768	7.004	1.442	5.356	8.858	5.562	1.442	5.562	7.622	2.884	6.386	10.164	10.436	4.532	7.004	5.356	3.296	5.15	7.21	4.944	4.532	6.073	6.081	7.828	3.09	3.296	8.446	13.184	3.914	15.092	6.951	4.738	13.184	4.948	5.764	4.306	5.995	3.09	4.944	3.708	2.266	8.858	7.416	7.828	5.636	7.198	9.208	7.622	9.064	5.175	6.773	0	0.618	2.884	4.326	2.06	0.618	0.412	1.03	0.618	0.618	1.648	2.884	5.974	1.236	0.618	1.442	1.854	0.206	1.03	0.412	0.618	2.472	1.442	0.824	2.472	1.236	2.06	8.446	1.03	0	1.236	1.648	2.678	0	0.618	2.06	2.472	1.236	0.206	1.442	1.236	0.206	0.618	0.824	1.854	0.206	0.206	0.618	0.824	1.648	2.06	6.592	3.09	3.708	1.442	0.206	0.412	0	0.824	0.412	0.824	0	0	0.618	0.824	0.412	0.206	0	1.03	0.412	0.618	0.412	0.412	0.206	0.206	0.618	1.442	0.412	1.03	0.206	50:60,356.94:200,50:80
Cwc22-NM_001290740	0	0	0	0	0	0	0	0	0	0	0	0	0	0	0	0	0	0	0	0	0	0	0	0	0	0	0	0	0	0	0	0	0	0	0	0	0	0	0	0	0	0	0	0	0	0	0	0	0	0	0	0	0	0	0	0	0	0	0	1.442	36.463	12.772	2.06	2.06	1.566	2.142	0.824	1.236	1.442	0.618	2.266	0	0	2.06	3.708	1.854	1.236	3.296	0.824	2.884	7.935	5.867	0.412	4.12	2.884	2.06	2.266	4.944	2.678	0.618	2.472	0.824	1.648	6.386	2.266	3.296	3.708	3.09	3.502	4.326	0.412	0.824	1.648	6.773	3.939	2.678	2.678	0.824	1.129	2.785	4.326	5.768	0.206	1.236	1.854	3.502	0	3.914	2.06	3.708	2.884	1.236	3.09	1.648	3.914	2.266	2.472	6.592	2.266	5.974	5.752	5.991	1.03	4.532	1.03	2.678	1.236	2.884	2.472	2.802	1.112	2.472	4.12	1.854	0.824	1.854	5.356	6.386	4.944	2.884	5.562	1.648	5.974	0.412	2.06	2.678	3.502	3.502	2.777	2.991	7.828	8.034	5.562	10.506	2.678	2.266	0.412	2.678	2.472	3.502	0.824	3.09	3.09	4.326	1.442	3.502	9.237	1.681	1.648	1.03	2.884	1.327	2.793	4.738	6.386	1.442	2.678	2.678	4.326	2.06	0.206	0.206	2.678	1.03	1.236	0.412	1.03	2.472	1.236	3.708	4.944	3.914	0.824	2.06	2.678	3.914	3.708	3.09	5.974	0.824	0.618	3.296	2.884	0.618	1.854	1.442	3.914	3.09	0.824	0.824	2.266	1.285	3.865	1.442	1.442	4.12	3.296	0.824	4.326	4.738	1.648	0.618	3.296	1.03	1.648	2.884	2.06	1.236	0	1.03	0.824	0.824	1.236	3.296	1.236	0.766	2.324	8.446	3.914	3.708	4.944	3.296	2.472	3.708	2.884	1.03	0.618	0.824	0	2.472	1.442	0.618	0.618	0	0	0	0.206	0.618	0	0	0.412	0.618	2.06	0.412	1.648	0.412	1.03	0.618	1.236	0	0.618	1.236	0.206	0.412	0.206	0.824	0.206	1.236	0	0.206	0.824	0.412	3.914	0.412	2.266	1.854	0.412	1.854	8.24	3.502	0	0.412	0.206	0.206	1.648	4.532	1.03	1.03	0.618	0	0	0.206	1.236	0.824	1.442	1.03	3.708	2.266	2.266	3.296	0.618	2.266	0.618	0.618	0.618	1.236	3.502	0.206	0	0	0	0.206	0.618	5.974	4.944	6.386	0.412	1.442	1.236	1.648	50:60,253.52:200,50:80
Cyb561-NM_001356374	0	0	0	0	0	0	0	0	0	0.206	5.562	0.412	0	0.206	0	0.206	0	0	0	0	0	0	0	0	0	0.412	0	0	0	0	0	0	0	0	0	0	0	0	0	0	0	0	0	0	0	0	0	0	0	0.206	0.412	0	0	0.824	0	0	0	0	0	0.618	1.03	0	0	0	0	0	1.236	0.206	0	0.206	0.824	0	0.412	0.824	0.412	0.206	0	0.206	0	0	0.206	0.412	10.506	4.738	0.206	0	0	0	0.206	0	0.206	0	0.206	0	0	0	0	0	0	0	0	0	0	0	0.206	0	0.618	0	0	0.206	0	0	0	0	0	0	0	0	0	0.206	0	0.206	0	0	0.206	0	0.206	0.255	0.157	0.206	0.206	0	0	0	0	0	0	0	0.206	0.206	0.206	0.206	0.206	0.231	0.799	0.618	0	0	0.412	0.412	0.412	0.206	0	0.206	0.412	0	0	1.03	1.25	1.016	0.412	0	0.206	0.206	0.206	0.206	0	0.206	0.824	0.206	0	0	0	1.03	0	0.206	0	0.412	0.206	0.206	0	0	0.206	0.412	0	0.206	0	0	0	0.185	0.021	0	0	0.206	0	0	0.206	0	0	0	0	0	0	0	0.412	0.206	0.206	0	0	0	0	0	0.206	0.412	0.206	0.412	0.824	0.206	0	0	0	0	0	0.824	0.412	0.206	0.206	0	0	0.618	0.824	0.206	0	0.412	0.824	3.502	0.618	0.412	0	0	0	0	0.206	0.412	0.618	0.618	0	0.206	0.824	0.206	0.824	0.618	1.236	0.412	0.412	0	0	0	0	0	0	0	0.618	0.824	0	0.206	0	0.206	0.412	0.206	0	0.206	0	0	0	0	0	0	0	0	0	0	0.206	0.412	0.206	0	0.412	0.206	0	0.618	0.206	0	0.618	0	0.206	0.824	0	0.206	0.206	0	0.824	0	0	0	0	0	0	0.206	0.618	0.412	0	0	0	0.412	0	0.206	0.206	0	0	0	0.206	0	0.206	0	0	0.618	0.206	0	0	0.618	0.206	0	0.206	0	0	0	0.206	0	0	0	50:60,53.93:200,50:80
Cyld-NM_173369	0.412	0.824	0	0	0	0	0	0	0	0	0	0	0	0	0	0	0	0.206	0.412	0	0.206	0	0	0.206	0	0	0.206	0	0	0	0	0	0.206	0	0.206	0	0	0.206	0	0	0	0	0	0	0	0	0	0	0	0	0	0	0	0	0	0	0	0.412	0	0	12.154	1.236	0.412	0.618	0.206	0.618	0.206	0.412	0.412	0	0.412	0.618	0.206	0.206	0	0.412	0.824	1.03	0.206	0.618	0	1.442	0.618	0.618	2.266	0	0.206	1.236	0	0.618	1.236	2.266	3.09	0	0.412	0.206	1.854	1.442	1.442	1.607	0.659	0.824	1.236	1.03	1.442	1.648	1.03	0.206	1.03	0.618	2.266	0.412	1.03	0.618	1.236	2.06	0.824	1.03	0.412	0.206	0.824	0	0.206	0.824	1.03	0	1.442	0.412	0.618	1.442	0.412	1.236	0	0.206	1.236	0.618	0	1.854	1.236	0.206	1.03	0.412	0.412	0.824	1.236	0.824	1.854	0.412	0.412	0.618	0	0.412	1.03	1.442	0	0.412	1.854	0.412	0.618	1.03	3.316	1.216	3.207	0.913	1.442	0	1.03	1.236	1.03	0	1.236	1.03	0.206	0	0.824	0.412	0.412	3.09	0.206	2.266	0.824	1.236	1.236	0.618	1.854	0	1.03	1.03	2.06	0.412	2.678	1.03	0.412	0	0.618	0	0.412	1.442	0	1.236	0.824	1.236	0.412	0.618	0	0	0.618	1.648	0.412	0.412	2.884	0.824	0.412	0.412	1.648	0.618	1.442	1.236	1.648	1.854	1.03	0.618	0	1.442	1.236	2.266	0.824	0.618	0.618	0	0	0	0	0	5.15	2.472	3.361	3.231	0.824	0.206	3.09	1.442	1.03	0.618	1.236	0.206	3.914	0.618	3.09	2.266	3.914	1.236	0.618	4.12	1.648	2.06	2.06	3.502	4.944	1.03	0.206	0	0.412	0.824	0.206	1.03	1.854	1.854	0.206	1.442	2.266	0.412	0	0.206	0.618	0.412	0	1.236	1.236	1.03	0.412	1.03	3.502	4.326	0.412	0	0	0	0	1.236	0	0.618	0.618	2.06	0	0	1.03	0.206	0	0.206	0.824	2.266	0.412	0.206	0.412	0.206	0.412	0.618	0.618	0	0	0.206	0.206	0.618	0.412	0	0.412	0.412	0.206	0.618	0	0	0	0	0.206	0.206	0.824	0.206	0.206	0.206	0.412	0	0	0.206	0.618	0	0	0.206	0	0	50:60,274.595:200,50:80
Cyp19a1-NM_007810	0	0	0	0	0	0	0	0	0	0	0	0	0	0	0	0	0	0	0.206	0	0	0	0	0	0	0	0	0	0	0	0	0	0	0	0	0	0	0	0	0	0	0	0	0	0	0	0	0	0	0	0	0	0	0	0	0	0	0	0	0	0	0	0	0	0	0	0	0	0	0	0	0	0	0	0	0	0	0	0	0	0	0	0	0	0	0	0	0	0	0	0	0	0	0	0	0	0	0	0	0	0	0	0	0	0	0	0	0	0	0	0	0	0	0	0	0	0	0	0	0	0	0	0	0	0	0	0	0	0	0	0	0	0	0	0	0.206	0	0	0	0	0	0	0	0	0.206	0	0	0	0	0	0	0	0	0	0	0	0	0	0	0	0	0	0	0	0	0	0	0	0	0	0	0	0	0	0	0	0	0	0	0	0	0	0	0	0	0	0	0	0	0	0	0	0	0	0	0	0	0	0	0	0	0	0	0	0	0	0	0	0	0	0	0	0	0	0	0	0	0	0	0	0	0	0	0	0	0	0	0	0	0	0	0	0	0	0	0	0	0	0	0	0	0	0	0	0	0	0	0	0	0	0	0.206	0	0	0	0	0	0	0	0	0	0	0	0	0	0	0	0	0	0	0	0	0	0	0	0	0	0	0	0	0	0	0	0	0	0	0	0	0	0	0	0	0	0	0	0	0	0	0	0	0	0	0	0	0	0	0	0	0	0	0	0	0	0	0	0	0	0	0	0	0	0	0	0	0	0	0	0	0	0	0	0	0	0	0	0	0	0	0	0	50:60,139.035:200,50:80
Cyp26a1-NM_007811	0	0	0.206	0.412	0.824	0	0	0	0.206	0.412	0	0.206	0	0	0	0	0	0.206	0.412	0	0	0.206	0.206	0.618	0.206	0	0.206	0	0.412	0.206	0	0.206	0.206	0	0.618	0	0	0	0.206	0	0	0	0	0.412	0.206	0	0	0	0	0.206	0.206	0	0	0	0	0	0	0.206	0	0.206	0	0	0	0.206	0.046	0.366	0	0.206	0.412	0.412	0.206	0	0	0.206	0.412	0	0	0	0	0	0	0	0	0	0	0	0	0	0.206	0	0	0	0	0	0	0	0	0	0	0	0	0	0	0	0	0	0	0	0.206	0	0	0	0	0	0	0	0	0	0	0	0	0	0	0	0	0	0	0	0	0	0	0	0	0.206	0	0	0	0	0	0	0	0.206	0	0	0	0	0	0	0	0	0	0	0	0	0	0	0	0	0.206	0	0	0	0.412	0	0	0	0	0	0	0	0	0.206	0	0	0	0	0	0	0	0	0	0	0	0	0	0.206	0	0	0	0	0	0	0	0	0	0	0	0	0	0	0	0	0	0	0	0	0	0	0	0	0	0	0	0	0	0	0	0	0	0	0	0	0	0	0	0	0.206	0	0	0	0	0	0	0	0	0	0	0	0	0	0	0	0	0.206	0	0	0.206	0	0	0	0	0	0	0	0	0	0	0	0	0	0	0.412	0	0	0	0	0	0	0	0	0	0	0	0	0	0	0.206	0.412	0	0	0.206	0.824	0.206	0	0.206	0	0.206	0	0	0	0	0	0	0	0	0	0	0	0	0	0	0	0	0	0	0	0	0	0	0	0	0.206	0.206	0	0	0	0	0	0	0	0	0	0	0	0	0	0	0	0	0	0	0	0	0	0	0	0	0	0	0	50:60,18.645:200,50:80
Cyp2j12-NM_001100182	0	0	0	0	0	0	0	0	0	0	0	0	0	0	0	0	0	0	0	0	0	0	0	0	0	0	0	0	0	0	0	0	0	0	0	0	0	0	0	0	0	0	0	0	0	0	0	0	0	0	0	0	0	0	0	0	0	0	0	0	0.206	0	0	0	0	0	0	0	0	0	0	0	0	0	0	0	0	0	0	0	0	0	0	0	0	0	0	0	0	0	0	0	0	0	0	0	0	0	0	0	0	0	0	0	0	0	0	0	0	0	0	0	0	0	0	0	0	0	0	0	0	0	0	0	0	0	0	0	0	0	0	0	0	0	0	0	0	0	0	0	0	0	0	0	0	0	0	0	0	0	0	0	0	0	0	0	0	0	0	0	0	0	0	0	0	0	0	0	0	0	0	0	0	0	0	0	0	0	0	0	0	0	0	0	0	0	0	0	0	0	0	0	0	0	0	0	0	0.206	0	0	0	0	0	0	0	0	0	0	0	0	0	0	0	0	0	0	0	0	0	0	0	0	0	0	0	0	0	0	0	0	0	0	0	0	0	0	0	0	0	0	0	0	0	0	0	0	0	0	0	0	0	0	0	0	0	0	0	0	0	0	0	0	0	0	0	0	0	0	0	0	0	0	0	0	0	0	0	0	0	0	0	0	0	0	0	0	0	0	0	0	0	0	0	0	0	0	0	0	0	0	0	0	0	0	0	0	0	0	0	0	0	0	0	0	0	0	0	0	0	0	0	0	0	0	0	0	0	0	0	0	0	0	0	0	0	0	0	0	0	0	50:60,209.175:200,50:80
Cyp4f15-NM_134127	0	0	0	0	0	0	0	0	0	0	0	0	0	0	0	0	0	0	0	0	0	0	0	0	0	0	0	0	0	0	0	0	0	0	0	0	0	0	0	0	0	0	0	0	0	0	0	0	0	0	0	0	0	0	0	0	0	0	0	0	0.412	0	0	0	0	0	0	0	0	0	0	0	0	0	0	0	0	0	0	0	0	0	0	0	0	0	0	0	0	0	0	0	0	0	0	0	0	0	0	0	0	0	0	0	0	0	0	0	0	0	0	0	0	0	0	0	0	0	0	0	0	0	0	0	0	0	0	0	0	0	0	0	0	0	0	0	0	0	0	0	0	0	0	0	0	0	0	0	0	0	0	0	0	0	0	0	0	0	0	0	0	0	0	0	0	0	0	0.206	0	0.216	0.196	0	0	0	0	0	0	0	0	0	0	0	0	0	0	0	0	0	0	0	0	0	0	0	0	0	0	0	0	0	0	0	0	0	0	0	0	0	0	0	0	0	0	0	0	0	0	0	0	0	0	0	0	0	0	0	0	0	0	0	0	0.206	0	0	0	0	0	0	0	0	0	0	0	0	0	0	0	0	0	0	0	0.412	0.412	0	0	0.206	0.206	0.618	0	0	0	0	0	0	0	0	0	0	0	0	0	0	0	0	0	0	0	0	0	0	0.206	0	0	0	0	0	0	0	0	0	0	0	0	0	0	0	0	0	0	0	0	0.206	0	0	0	0	0	0	0	0	0	0	0	0.206	0	0	0	0	0	0	0	0	0	0	0	0.206	0	0	0	0	0	0	0	0	0	0	0	0	0	0	50:60,88.455:200,50:80
D430042O09Rik-NM_001081022	0	0	0	0	0.206	0	0	0	0	0	0	0	0	0	0	0	0	0	0	0	0	0	0	0	0	0	0	0	0	0	0	0	0	0	0	0	0	0	0	0	0	0	0	0	0	0.412	0	0	0	0	0	5.974	2.884	0.206	0	0	0	0	0	0	16.686	0.412	1.442	2.884	3.09	4.12	6.386	1.442	10.506	10.918	15.038	14.626	9.682	9.851	11.367	5.15	6.592	1.442	2.266	3.502	2.472	3.296	5.356	1.854	1.854	2.678	0.618	4.532	2.472	2.678	1.03	2.884	4.12	1.854	2.06	5.356	6.798	3.914	1.442	1.03	3.296	14.008	2.472	5.15	7.416	1.442	4.326	3.502	4.12	4.944	4.326	3.914	3.708	5.974	2.06	5.768	3.502	1.648	2.713	0.995	1.648	0.824	3.708	1.442	6.798	2.266	1.854	2.884	3.502	2.884	3.708	6.386	2.266	2.06	2.06	1.854	3.09	3.09	1.854	4.326	0.824	1.236	2.472	1.442	2.266	1.442	1.442	2.884	1.648	1.03	1.648	1.648	2.678	0.618	2.266	1.648	0.824	0.412	2.472	0.824	1.854	3.914	1.648	5.356	2.266	3.708	2.266	3.502	2.884	2.266	2.06	2.06	0.618	1.442	1.648	1.442	4.12	3.502	1.648	0.824	1.648	2.06	0	2.06	1.236	1.236	2.472	1.236	1.442	2.266	2.06	1.442	0.824	0.618	2.266	1.236	1.648	1.236	1.03	0.824	0.412	0.206	1.03	1.442	3.296	1.442	1.442	2.06	1.648	2.884	1.648	1.854	2.472	1.03	0.618	3.09	2.884	5.768	2.678	1.854	1.854	0.824	2.472	3.09	2.678	2.472	3.914	4.944	3.296	2.678	1.648	3.296	5.356	6.592	2.472	2.472	3.296	1.236	0.824	1.03	2.06	1.03	2.472	2.06	3.914	1.03	1.236	2.884	2.06	2.266	2.266	1.03	0.824	3.708	2.884	1.03	6.18	2.266	4.326	5.356	0.412	0.824	0	0	0.824	0	0.206	0	0.206	0.412	0	0	0.206	0	0.206	0.206	0.206	0.206	0.206	0	0	0.824	0.206	0	0	0	0.412	0.824	0.412	0.206	0.206	0	0	0	0.206	0.206	0	0	0	0	0	0.206	0	0	0	0	0	0.206	0.206	0	0.206	0	0.618	0.618	0.206	1.03	0	0	0.206	0	0	0.618	0.412	0	0	0	0.412	0	0.412	0.206	0	0.206	0	0	0	0	0	0	0	0.412	50:60,834.63:200,50:80
D5Ertd605e-NR_033625	0	0	0	0	0	0	0	0	0	0	0	0	0	0	0	0	0	0	0	0	0	0	0	0	0	0	0	0	0	0	0	0	0	0	0	0	0	0	0	0	0	0	0	0	0	0	0	0	0	0	0	0	0	0	0	0	0	0	0	4.12	1.03	1.442	0.206	0.412	0.206	0	0	0	0.206	0	0	0	0	0	0	0	0	0	0	0	0	0	0	0	0	0	0	0	0	0	0	0	0	0.206	0	0	0	0	0	0	0	0	0	0	0	0	0	0	0	0	0	0	0	0	0	0	0	0	0	0	0	0	0	0	0	0	0	0	0	0	0	0	0	0	0	0	0	0	0	0	0	0	0	0	0	0	0	0	0	0	0	0	0	0	0	0	0	0	0	0	0	0	0	0	0	0	0	0	0	0	0	0	0	0	0	0	0	0	0	0	0	0	0	0	0	0	0	0	0	0	0	0	0	0	0	0	0	0	0	0	0	0	0	0	0	0	0	0	0	0	0.412	0	0	0	0	0	0	0	0	0	0	0	0	0	0	0	0.206	0	0	0	0	0	0	0	0	0	0	0	0	0	0	0	0	0	0	0	0	0.206	0	0	0	0	0	0	0	0	0	0	0	0	0	0	0	0.206	0	0	0	0	0.206	0.206	0	0.206	2.884	0	0	0	0	0.206	0	0.618	0.206	0.206	0	0	0	0	0	0	0	0	0	0	0.206	0	0	0	0	0.206	0	0	0.618	0.206	0	0	0	0.412	0	0	0	0	0	0	0	0	0	0	0	0	0	0.206	0	0	0.206	0	0	0	0	0	0	0	0	0	0	0	0	0	0	0	0	0	50:60,22.125:200,50:80
Dbnl-NM_013810	0.824	0.824	0.618	0.824	0.412	0.618	3.296	0.412	0.412	2.266	0.412	1.236	0.618	1.03	0.412	0	0	0	0	0.824	0.618	0.206	0.206	2.266	1.03	4.12	0.618	1.236	0.206	0.618	0.412	0	0.412	0.412	0	0	0	0	0.206	0.618	0.412	0	0.206	0.206	0.206	0.618	0.206	0.206	0.206	1.236	0.618	0.206	0	0.206	0.206	0.206	0.412	0.412	0.412	0	9.27	2.06	3.708	4.944	0.206	1.03	0	0	0.206	0.618	0.206	0.206	0.824	0.206	0.412	1.236	0.412	0.618	0	0.206	0.206	0	0	0	0.206	0.412	0.206	0.412	0	0	0.206	0.206	0.206	0	0.206	0.412	0.206	0.412	0	0.206	0.206	0	0.206	0	0.206	0.206	0	0	0	0	0	0	0.206	1.03	0.206	0.412	0.412	0	0.206	0.206	0	0	0	2.266	0.412	0	0.206	1.442	1.03	1.648	0.824	1.236	0	0	0.412	0	0.618	0.618	1.442	1.03	0.412	0.412	1.512	0.754	1.03	0.824	2.06	1.03	0.206	4.141	2.039	1.03	1.648	0.206	1.236	1.236	4.532	4.326	2.266	0.206	1.955	4.019	0.618	0.412	0.412	1.442	1.648	2.06	2.06	1.854	1.648	1.829	0.643	0.412	0.824	0.618	1.442	1.854	1.236	1.648	0.824	1.03	0.206	1.648	0.206	0.206	0.206	0	0.618	0.824	0.824	0.206	2.884	1.442	0.824	0.206	0	0	0.206	0.206	0.618	7.569	7.47	1.236	1.442	1.854	0.006	0.406	1.442	2.266	1.854	2.06	0	0.824	1.03	0.824	1.442	3.914	2.06	0.412	1.03	1.236	0	0	0	1.236	1.854	1.648	2.884	1.154	2.348	3.09	2.884	0.824	2.884	4.326	2.06	4.165	3.191	2.738	0.824	3.164	2.81	4.532	1.236	1.648	0.206	1.03	2.06	3.914	7.004	2.472	2.06	1.442	2.884	3.914	5.356	1.03	0.412	0.618	0.206	1.236	0.206	0.412	0.824	4.12	1.236	0	3.502	3.502	12.154	5.768	2.678	4.12	3.09	4.738	19.57	13.802	8.858	12.154	6.592	20.601	3.296	2.06	3.914	3.09	6.592	2.06	3.502	7.004	5.974	25.545	14.008	7.21	19.364	25.133	4.944	24.515	32.961	4.944	1.854	3.09	3.09	9.888	2.884	4.738	3.708	2.06	1.03	4.944	4.326	6.592	6.18	14.214	15.45	1.236	3.09	1.854	2.266	2.472	2.266	3.502	2.678	0.824	1.648	7.004	0.412	1.03	5.356	3.09	3.914	3.914	0.824	0.206	1.236	2.06	0.618	0.206	0	0	50:60,62.49:200,50:80
Ddx19a-NM_007916	0	0	0	1.03	0.206	0	0	0.206	0	0.618	1.236	0	0.412	0.206	0	0.206	0.412	0.206	0.206	0	0	0	0	0	0	0	0	0.206	0.206	0.206	0	0.206	0.206	0.206	0	0	0	0	0	0	0	0.206	0	0.206	0	0.206	0.618	0.206	0	0	0	1.236	0	0.618	0.412	0	0.206	0.206	0	1.648	64.856	5.804	1.442	0	0.412	3.09	0.412	0.412	0.206	0	0	0	0	0.824	0.412	0.412	0.618	0.824	0.206	0	1.236	0.412	0	0	0	0	0.824	2.06	0.824	0	0.618	1.03	0.206	0.824	0.206	1.648	3.09	2.266	0.824	0	1.236	1.03	1.03	1.236	0.412	0.824	3.914	4.326	0.824	2.112	2.009	0.412	0.206	0	1.236	0.618	1.648	2.383	0.501	0	0.206	0	0.412	1.648	2.472	3.914	0.618	1.854	1.236	0.824	1.442	0.206	0	1.236	0.618	4.12	0.412	2.678	2.472	1.854	4.12	2.06	1.236	3.296	4.944	1.648	1.854	3.09	0.618	4.738	1.442	0.412	0.618	1.854	0.618	2.678	1.442	3.914	2.266	2.472	0.206	0.206	0.412	0	0.206	0.206	0.824	0.824	0.618	0.855	0.999	2.266	1.236	4.12	0.824	0	2.329	6.941	1.779	1.517	0	2.705	2.239	0.206	0	0.206	0.618	0.412	0.412	0.824	0.824	1.03	1.236	1.648	1.442	0.618	2.266	1.236	3.296	2.472	1.648	1.442	1.236	1.442	0.824	2.472	0.824	3.09	1.648	1.803	1.494	2.266	3.708	2.266	0	0	0	5.989	6.372	6.386	4.855	4.004	2.06	0	0.618	0	0	0	0	0	0	0	0.206	0	0	1.236	0	0.206	3.502	0	0.206	0	0	0.412	0.206	0.206	0.206	0	0	0.412	0	0	0	0	3.502	1.512	1.166	2.472	1.614	0.446	0.412	0.824	0.206	0.206	3.296	1.648	2.884	0.824	0.618	1.03	0.824	0.618	2.06	0.206	0	0.824	0.824	2.472	1.648	3.502	1.854	2.266	3.09	2.678	1.236	3.296	1.648	0.206	1.236	0.206	0.412	0	0.206	0	0.206	0.412	0	0	0	0.824	1.03	0	1.236	0.206	0	0	0.824	0.824	0.206	0	0.412	0.412	1.648	0.824	2.884	0.618	0.206	0.618	0.412	1.648	0.618	2.266	5.562	6.386	0.206	0.206	2.266	0.618	1.442	2.06	2.884	4.738	2.678	0.618	1.648	0.618	0.206	0.618	0	0.412	50:60,114.165:200,50:80
Ddx58-NM_172689	0	0	0	0	0	0	0	0	0	0	0	0	0	0	0	0.206	0	0	0	0	0	0.412	0	0	0	0	0	0	0	0.206	0	0	0	0	0	0.412	0	0	0	0	0	0	0	0	0	0	0.824	0	0.206	0	0	0.206	0.412	0	0.618	0.206	0.206	0	0	0	4.532	0	0.412	1.03	0.824	1.442	0	1.03	0.618	0.206	0.412	0	0	0	0	0	0	0	0	0	0	0.618	0	0	0.206	0.206	0	0.412	0.206	1.03	1.648	0	0.618	0.206	0	0	0	0	0.206	0	0.206	0.412	0.206	0.206	0.412	0	0	0.412	0	0.206	0.206	0	0	0.206	0.206	0	0.412	0	0	0.206	0	0	0.412	1.236	0.412	2.266	3.914	1.442	1.648	4.326	4.12	3.296	2.472	1.236	0.618	0.412	0.412	1.236	1.03	0.412	0	0.412	0.412	0	0	0.412	0.206	0	0.206	0.206	0.618	1.03	0.618	0	1.442	3.502	1.648	3.504	2.882	0	0.412	1.236	0.618	0.618	0.618	1.854	8.697	4.488	0.557	0.267	0.824	0.618	0.618	0.618	1.648	0.206	1.854	0.824	0.206	0.824	0.206	0	0	0.412	0.206	0.412	0.824	0.824	0.412	0	1.854	1.442	0.412	0	0.206	0	1.03	0.206	0.206	0.206	0	0	0.206	0	0.206	0.206	0.618	1.648	1.03	0.206	0	0.206	1.03	0	0.412	0.618	0.412	0.618	0.412	0.412	0.206	0.206	0.412	1.648	0.618	0.206	1.648	1.236	1.236	0.618	0.412	1.236	0.824	0.412	1.442	0.206	1.236	1.236	0.412	0.618	0.206	0.412	0	0.412	0.206	0.824	1.03	1.442	1.442	0.206	1.442	1.236	0.824	1.442	0.412	0.412	1.648	1.648	0.206	0.412	0.412	0	0	0	0	0.206	0	0	0.206	0.206	0	0	0.206	0	0	0	0.206	0.824	0	0	0	0.412	0.206	0.206	0	0.206	0.412	0.206	0	0.206	0	0	0.618	0	0.206	0	0	0	0.206	0.206	0	0	0	0.412	0	0.412	0	0	0	0	0	0	0	0	0	0.206	0.618	0	0	0	0	0	0	0	0	0	0	0	0.206	0.206	0	0.206	0	0	0	0	0	0	0	0	50:60,180.245:200,50:80
Depdc5-NM_177786	0	0	0	0	0	0	0	0	0	0	0	0	0	0	0	0	0	0	0	0	0	0	0	0	0	0	0	0	0	0	0	0	0	0	0.206	0	0	0	0	0	0	0	0	0.206	0	0	0	0	0	0	0	0.206	0	0	0	0	0	0	0	7.004	127.311	1.648	2.884	1.03	0.618	2.472	4.944	2.06	1.442	3.09	1.854	1.442	2.06	2.472	2.06	3.708	2.266	0.618	3.296	5.15	4.326	4.326	2.472	8.446	2.472	3.09	2.472	0.206	12.154	4.326	8.24	7.416	6.798	5.768	3.914	3.296	3.708	5.356	1.442	3.708	3.708	1.442	4.944	2.266	4.326	6.592	9.888	1.648	1.854	7.004	7.21	1.607	3.749	4.944	6.592	2.266	1.854	3.708	1.854	3.09	3.502	2.06	3.296	4.944	5.562	4.326	0.412	1.03	9.682	9.476	7.622	1.442	6.386	2.678	2.06	3.09	3.502	1.236	2.266	2.678	1.236	1.854	5.974	4.244	10.383	5.562	16.892	1.648	5.15	5.974	3.708	3.708	1.236	4.944	4.532	5.768	2.06	4.944	12.154	2.678	1.442	10.3	8.24	6.798	3.09	5.15	4.326	2.266	2.266	1.03	4.532	3.296	4.12	6.798	3.914	3.914	3.914	7.622	1.648	0.412	0	1.854	1.236	0.412	3.708	8.034	2.884	3.378	5.892	4.12	1.442	4.944	3.914	1.854	3.399	4.841	4.738	4.326	1.875	4.306	4.718	5.789	7.004	6.18	3.708	6.798	4.656	2.596	6.757	1.648	0.618	3.502	5.974	0.824	0.206	8.24	0.618	5.974	2.266	6.592	4.12	2.06	1.38	2.74	0.824	3.914	7.684	2.616	2.266	1.648	3.687	8.055	4.326	2.884	3.708	3.708	4.326	2.884	0.412	2.266	2.678	4.738	4.12	15.45	4.738	1.442	3.708	3.502	5.562	8.24	3.296	3.461	9.723	1.648	3.09	0	3.914	7.622	1.854	6.18	0.206	0.618	0.618	1.648	1.236	1.03	0	0	0.618	0.618	0	0.412	0	0	0.412	0.206	0.206	0.412	0.412	0	0	0	0.206	0.824	0.824	0.824	1.236	0.412	0	0.412	0.206	0.824	2.678	0.618	0.206	0.412	0.206	1.03	1.442	0.824	0.824	0	0	0	0	0.206	0.824	2.06	0.412	0	0	0.206	0.618	0.206	0.412	0.412	0.206	0.206	0	0	0.412	0.206	0.206	0.206	0.412	0.206	1.03	0.206	0.206	0.412	0	0.412	0.206	0.824	0.412	2.06	1.236	2.678	0.618	0	50:60,462.9:200,50:80
Dgkq-NM_001357029	0	0	0	0	0	0	0	0	0	0	0	0	0	0	0	0	0	0	0	0	0	0	0	0	0	0	0	0	0	0	0.206	0	0	0	0	0	0	0	0	0	0	0	0	0	0	0	0	0	0	0	0	0	0.206	0.206	0	0	0	0	0	0	6.731	32.204	0.412	0.206	0	0.618	0.618	0.206	0	0.206	0.618	0.206	0	0	0.206	0	0.206	0.206	0.206	0	0	0	0.412	0.206	0.206	0	0	0	0	0	0	0	0	0	0.206	0	0	0	0.412	0	0	0.206	0	0	0.206	0.412	0	0	0.206	0	0.206	0.412	0	0	0.294	0.118	0	0.206	0	0.824	0	0.412	0.412	0	0.206	0.206	0	0	0.618	1.123	0.113	0.618	2.678	1.236	0.412	0.206	0.206	0	0	0.618	0.412	0.206	0	0.412	0.412	0	0	0	0.412	2.266	0.824	0.412	1.03	0.824	0.206	0.412	0.824	1.442	0.412	1.03	0.618	0.412	0.206	0.206	1.236	0.618	0.618	1.03	3.09	1.236	0.206	0.206	0.618	0.534	1.32	1.442	1.854	2.266	2.884	1.03	0.824	0.618	0.618	0.206	0.824	0.824	0.618	2.472	3.502	1.236	2.678	1.03	1.03	1.03	2.678	1.887	1.615	1.854	0.817	0.625	2.06	3.502	1.03	1.648	1.03	1.03	1.648	0.412	0.206	1.236	4.402	2.19	4.131	2.873	1.236	4.326	2.018	1.896	1.648	0.536	2.76	0.824	3.296	3.09	5.356	2.472	0.618	1.442	0.824	3.502	4.326	1.854	1.03	3.502	0.412	1.648	2.678	0.206	2.06	0.618	2.06	0.618	1.236	0.824	1.442	0.599	5.787	3.09	1.236	2.266	0.206	0	0.412	3.09	0.412	0.412	1.648	3.323	2.033	0.412	1.236	1.03	0.206	0.206	0	1.03	0	0.206	0.206	1.648	2.266	3.09	0.618	2.06	0	0	2.472	0.824	1.03	0.618	1.236	1.442	0.412	3.296	3.914	1.03	0.618	0.206	1.442	1.648	1.442	1.648	2.472	4.738	2.266	1.442	0.412	0	2.266	6.592	4.12	3.914	2.266	3.296	1.854	1.236	0.618	2.266	3.09	4.738	1.03	1.03	3.708	2.06	4.944	0.618	1.442	3.09	0.824	1.854	1.854	0.412	0.618	1.648	2.472	1.442	0.412	0.412	0.206	0.618	0	0	0.412	0.412	0	0.206	0.412	0.412	2.472	0.618	50:60,68.935:200,50:80
Dhrs4-NM_001037938	0	0	0	0	0	0	0	0	0	0	0	0	0	0	0	0	0	0	0	0	0	0	0	0	0.206	0	0	0	0	0	0	0	0	0	0	0	0	0	0	0	0	0	0	0	0	0	0	0	0	0	0	0	0	0	0	0	0.206	0.206	0	0	4.927	3.932	48.153	19.211	0.412	0.206	0	0.206	0	0	0	0.206	0	0	0	0.206	0	0	0	0	0	0	0.206	0	0	0	0	0	0	0	0	0	0	0	0	0	0	0	0	0	0	0	0	0	0	0	0	0	0	0	0.412	0.412	0	0	0	0	0	0	0.206	0	0	0	0	0	0	0	0	0	0	0	0	0	0	0	0	0	0	0	0	0	0	0	0	0	0	0	0.206	0	0	0	0.206	0	0	0	0	0.412	0.206	0	0	0	0.206	0.206	0.206	0.412	0.412	0.618	0	0	0.206	0	0	0	0	0	0.206	0	0.412	0.206	0.206	0	0.618	0.206	0.412	0	0.824	0.206	0	0.206	0.618	0.824	0.206	0	0	0	0.618	0.412	0.206	0	0	1.03	0.412	0	0.206	0	0.206	0.412	1.134	0.102	0	0.206	1.03	0.618	0	1.03	0	0	0.412	0.618	0.206	1.854	1.03	0.412	0	0.618	0	0	0.412	0	0.412	0.206	0	0	0	0.412	0.206	0.206	0.618	0.412	2.884	2.06	0.412	1.236	0	0.074	0.132	0.824	0.618	1.034	0.408	0.206	0	0.206	0.206	0.824	0.618	0.618	1.236	3.296	0.412	1.236	1.236	1.03	0.412	0.824	0	0.412	0.824	0	0.206	0.412	0	0	0	0.206	0	0.412	0.206	0	0	0	0	0	0	0.206	0	0	0	0	2.06	4.12	0	0	0	0	0	0	0	0	0	0	0	0	0	0	0	0	0	0	0	0	0	0	0	0	0.206	0	0.206	0	0	0	0.206	0	0	0	0	0	0	0	0.206	0	0	0	0	0	0	0	0	0	0	0.206	50:60,57.915:200,50:80
Dmrtb1-NM_019872	0	0	0	0	0	0	0	0	0	0	0	0	0	0	0	0	0.206	0	0	0.206	0	0	0	0	0.206	0	0	0	0	0	0	0	0	0	0	0	0	0	0	0	0	0	0	0	0	0	0	0	0	0	0	0	0	0	0	0	0	0	0.206	0	1.854	0	0	0	0.412	0	0	0	0	0	0	0	0	0	0	0	0	0	0	0	0	0	0	0	0	0	0	0	0	0.206	0.206	0	0	0	0	0	0	0	0	0.206	0	0	0	0	0	0	0	0	0	0	0	0	0	0	0	0.206	0	0	0	0	0	0.206	0	0	0	0	0	0	0	0	0	0	0	0	0	0	0	0	0	0.206	0	0	0	0	0	0	0	0	0	0	0	0	0	0	0	0	0	0	0.206	0	0	0	0	0	0.206	0	0	0	0	0	0	0	0	0	0	0.206	0	0	0	0	0	0	0.206	0.412	0.206	0	0	0	0	0	0	0	0	0	0.206	0	0	0	0	0	0	0	0	0	0	0	0	0	0	0	0	0	0	0	0	0	0	0.206	0	0	0	0	0	0.206	0	0	0	0	0	0	0	0	0	0	0	0	0	0	0.412	0.206	0	0	0	0	0	0	0	0	0	0	0	0	0	0	0.412	0	0	0	0.206	0.206	0	0.206	0	0.206	0	0	0	0	0	0	0	0	0	0	0	0	0	0	0	0	0	0	0.206	0	0	0	0	0	0	0.206	0.206	0.412	0	0	0	0	0	0	0	0	0	0	0	0.412	0	0	0	0	0.206	0	0	0	0	0.206	0	0	0	0.206	0	0	0	0	0	0	0	0.206	0	0	0	0	0	0	0	0	0.206	0	0	0	0	0	50:60,39.705:200,50:80
Dpp6-NM_001136060	0	0	0	0	0	0	0	0	0	0	0	0	0	0	0	0	0	0	0	0.206	0	0	0	0	0	0	0	0	0	0	0	0	0	0	0	0.206	0	0	0	0.206	0.412	0.206	0	0	0	0	0	0	0	0.206	0	0	0	0	0.206	0	0	0	0	0	2.472	0.824	0.824	0.824	1.03	2.266	1.442	1.236	1.236	1.854	1.648	1.236	1.03	2.06	3.502	0	0	2.06	1.236	0.412	1.648	0.824	0.824	1.648	0.824	0.412	1.236	1.03	0	1.03	0.618	1.442	1.03	0	0.412	0.618	0.618	1.854	1.236	0.618	0.412	0	0	0	1.236	0.206	0.618	0.206	0.618	0.618	1.03	0.206	0.206	1.442	1.03	0.412	0.412	0.618	0.412	0.412	0.618	0.206	1.854	0.618	0.206	0.618	0.824	2.06	1.442	0.412	0.618	1.03	0	0.412	0.412	0.824	0.412	0.206	0	0.618	0.206	0.412	3.708	0.824	1.236	0.412	0.412	0.824	0.618	0	0	0.412	0.412	0.618	1.236	0.206	0.206	1.03	0.618	0	0	0.206	0	0.206	0.206	0	0	0.412	0	0	0.618	0.412	0.206	0.206	0	0.206	0.824	0.206	0.824	0.618	0.618	0.618	0.618	0.412	0.618	0.824	1.03	0.206	0.412	0	0.618	0	0.412	0.412	0.206	0.206	0.206	0.618	0	0.412	0.824	1.03	0	0.412	1.648	0.412	0.206	0.412	0.412	0	0.206	1.236	0.412	0.618	0.206	0	0.824	1.03	0.412	0.824	0	0.206	0	1.03	0.618	0	0	0.618	1.03	0.824	1.442	0.618	1.03	0.824	1.03	0.412	0.412	1.03	1.03	0.618	0.618	0.824	0.206	1.442	0.206	0.206	0.412	0.206	0.206	0.618	1.442	1.236	1.854	1.03	0.618	0.412	0	0.412	1.03	1.236	0	0	0	0	0	0	0	0	0	0	0.206	0	0	0	0	0	0	0	0	0	0	0	0.206	0	0	0	0	0	0	0	0	0	0	0	0	0	0.412	0.206	0	0	0.206	0	0	0	0	0	0	0	0	0	0	0	0	0	0	0	0	0	0	0	0	0	0	0	0	0	0	0	0	0	0.412	0	0	0	0	0	0	0	0	0.206	50:60,2327.83:200,50:80
Dsc2-NM_001317365	0	0	0	0	0	0	0	0	0	0	0	0	0	0	0	0	0	0	0	0	0	0	0	0	0	0	0	0	0	0	0	0	0	0	0	0	0	0	0	0	0	0	0	0	0	0	0	0	0	0	0	0	0	0	0	0	0	0	0.206	1.236	2.06	2.266	4.532	0.412	0	0.206	0	0	0	0.412	0	0	0	0.206	0	0.206	0	0.206	0	0.412	0	0	0	0	0	0	0	0	0	0	0	0.206	0	0.206	0	0	0.206	0	0.206	0	0	0	0.206	0	0	0	0.412	0	0	0.206	0	0	0	1.236	0.618	0	0	0	0	0.206	0	0	0	0	0	0	0.206	0	0	0	0	0.206	0.206	0.412	0.206	0	0	0.618	0.206	0	0	0	0	0	0.412	0.824	0.206	0.206	0	0.206	0.206	0.618	0.412	0.206	0.608	0.216	0.206	0	0	0	0.618	0	0	1.03	0.206	0	0	0.206	0	0	0	0	0	0	0	0	0	0	0	0.412	0.206	0.206	0.618	0	0.824	0	0.206	0	0	0	0	0.206	0	0.206	0.412	0	0	0	0.206	0	0	0	0.206	0	0	0	0	0	0	0.412	0.206	0.618	0.206	0	0.206	0.206	0	0.412	0	0	0	0	0.206	0	0	0	0.412	0.206	0	0	0	0	0.206	0	0.206	0	0.206	0	0	0	0	0	0	0	0	0	0.206	0	0.618	0.412	0	0.206	1.03	0.618	0.206	0	0	0	0	0.618	0.206	0	0.206	0	0.206	0.206	0	0	0	0	0	0.206	0	0	0	0.206	0	0	0.412	0.206	0	0.206	0	0.412	0	0	0.618	0	0	0	0.206	0	0	0	0	0	0	0	0.206	0	0	0	0.206	0	0	0.824	0	0	0	0	0	0	0	0	0	0	0	0	0	0	0	0	0	0	0	0.206	0.412	0	0.412	0.412	0.206	0	0.206	0.206	0	0	0.206	0.206	0	0	50:60,144.61:200,50:80
Dsg2-NM_007883	0	0	0	0	0	0	0	0	0	0	0	0	0	0	0	0	0	0	0	0	0	0	0	0	0	0	0	0	0	0	0	0	0	0	0	0	0	0	0	0	0	0	0	0	0	0	0	0.206	0	0	0	0	0	0	0	0.206	0.206	0.824	0	1.236	1.854	1.442	0.206	0.824	1.648	1.648	0.412	0.618	0.824	0.618	0	0.206	2.06	0	0.824	0	0.412	0.412	1.03	0	1.236	0.618	0.412	0.412	1.236	0	1.03	0	0	0.206	1.442	3.09	2.884	3.296	2.266	1.648	2.884	3.708	1.648	1.442	2.884	1.648	2.678	2.472	1.442	0.412	1.442	2.884	0.412	0	0.618	1.236	1.442	0	1.236	0.824	4.532	4.326	1.648	0.412	3.914	3.708	0.412	2.052	0.832	2.06	3.708	0.824	1.442	0.824	3.708	1.236	1.236	2.266	2.06	5.768	1.854	2.884	0.824	4.532	1.648	0.412	1.03	1.236	0.932	6.484	1.648	1.648	1.03	1.442	2.472	1.236	1.854	1.236	1.03	0.824	1.236	3.914	3.296	0.824	1.854	3.09	0.618	5.356	1.854	2.266	1.442	3.708	2.06	4.532	3.914	1.236	0.206	4.532	0	0.824	1.236	0.206	0.206	0.206	0	0.618	1.236	1.854	0.412	1.03	0.412	1.854	0	0.824	1.795	2.943	4.738	14.832	7.416	4.944	3.708	1.854	3.09	0.618	3.09	0.824	2.472	1.648	0.618	3.296	7.004	5.15	2.884	1.854	3.09	2.678	2.266	0.412	1.236	3.09	1.236	1.442	3.708	2.472	1.236	1.854	2.884	1.854	2.06	1.442	2.06	0	1.03	1.236	0.824	3.708	1.236	3.296	4.146	12.129	1.236	2.266	2.768	2.588	1.854	1.03	2.884	2.884	0.412	2.266	1.854	1.442	1.648	2.472	2.472	3.502	3.502	3.296	2.266	6.18	5.356	3.09	2.06	0.412	0.618	0.618	0.206	0.412	0	0	0	0	0	1.442	4.12	0.206	0.412	0.618	0.412	0.412	0.206	0.824	0	0.618	3.708	2.06	0.206	0.206	0.206	0.618	6.798	1.03	0	0	0	0	0	1.03	0.824	0.412	0	0	0	1.442	0.412	0.412	0	0	0.206	0	0	0	0	0	0	0	0	0.618	0.824	0	0.412	0.206	0	0	0	0.412	0.824	1.854	0.412	0	0.412	0.206	0	0	0.412	0.618	0.206	0	0	0.412	0.618	0	0.412	0	50:60,232.265:200,50:80
Dusp22-NM_001037955	0	0	0	0	0	0	0	0	0	0	0	0	0	0	0	0	0	0	0	0	0	0	0	0	0	0	0	0	0	0	0	0	0	0	0	0	0	0	0	0	0	0	0	0	0	0	0	0	0	0	0	0	0	0	0	0	0	0.206	0.412	0	2.472	3.296	0.206	0.206	0	0.206	0	0.206	0.206	0.412	0.206	0.618	0.412	0.206	0.618	0.206	0.824	0.412	0.206	1.03	1.03	0.618	0	0.412	0.206	3.296	0.824	0.824	0.618	1.236	0.824	2.06	0.412	0.412	0.618	0.412	0.206	0.206	0.412	0	0.824	0.412	0.412	1.03	0.824	1.442	1.03	0.412	0.412	0.618	0.206	0.824	0.412	0	0	0.206	0.412	0.206	1.03	2.06	0.618	1.03	0	0.412	2.472	0.412	0.412	0.412	0.412	0.206	2.06	0.412	0.618	0.412	0.618	0.824	1.03	0	1.854	0.618	0.206	0.412	0	0.206	0.412	0	0.412	0.824	0.412	0.886	1.174	0.618	1.236	0.824	0.824	0.412	0.206	1.442	1.236	0.206	0.206	0.412	1.442	0.412	1.03	0.206	0.824	0.412	1.442	0.412	0.618	0.618	1.442	0.206	1.648	0.824	0.824	0	0.824	0.206	0.618	0.206	1.442	0.618	0.618	0	0.412	0.618	0.412	0	0.618	0.618	1.03	0.206	1.236	1.03	0	0	1.854	0.412	1.03	0.206	0	0.206	0.206	0.618	0.824	1.648	1.03	0.824	0.206	0.206	0.206	0	0.206	1.442	0.618	0.824	0.618	0.206	0.412	0.206	0.206	0.618	0.824	0.618	0.412	0.618	0.412	0.412	0	0.618	0.412	1.236	0.618	0.412	0.618	1.236	0.206	0	1.03	0.206	0.824	0.618	0.412	0.618	0.824	0.412	1.236	0	0.412	0.618	0.206	1.854	0.618	0.206	0.206	1.236	1.236	0.618	0	0	0.206	0.206	0	0.618	0	0	0	0	0.824	0	0.824	0	0.412	0	0.206	0	0	0.412	0	0	0	0.412	0.206	0	0.824	1.442	0.206	1.03	1.03	0.618	0.206	0.206	0.618	0.412	0.206	0.206	0	1.03	0.618	0.412	0.412	0.412	0	0.412	0.206	0.824	0.206	0	0	0.412	0	0	0	0	1.236	0.412	0	0.206	0	0.206	0	0	0.412	0	0.206	0	0.206	0	0	0.206	0	0	0	0.412	0	0	0.206	0.206	50:60,255.87:200,50:80
Dvl1-NM_010091	0	0.206	0	0	0	0	0	0.206	0	0	0	0	0	1.442	0.824	0	0	0	0	0	0	0.206	0	1.03	0	0.824	1.03	0	0.206	0.206	0	1.03	0.618	0.618	0	0	0	0	0	0	0.412	0.206	0	0	0	0.206	0.206	1.03	0.412	0.824	1.03	0.618	1.442	0	0	0	0.206	0	0	0	0	1.648	0	0	0	0	0	0	0	0	0.206	0.412	0.206	0.206	0	0	0	0	0.206	0.206	0.618	0	0.206	0.049	0.363	0	0	0	0	0.206	0.412	0.206	0.206	0	0.206	0.206	0.824	0.696	0.54	0.618	0.206	0.824	0	0	1.236	0.824	3.296	0	0	0.206	0.824	0.824	0.618	0	0	0.206	0.412	0.824	0	0.412	0.206	0.824	0.412	0.206	0.412	0.206	0.206	0.824	1.236	0.206	2.103	1.605	1.077	0.571	0.206	0.412	0.824	0	0.206	0.412	0.206	0.618	0	0.206	0.618	0.206	0.206	0.206	0.206	0.412	0	2.472	0.618	0	0.206	1.442	1.648	1.236	0.412	1.442	0.412	0.206	1.03	0.618	0.206	0.206	0	1.03	1.236	3.502	0.618	2.266	1.236	0.206	1.236	1.648	1.992	2.128	3.502	7.21	0.618	0.618	0.206	0.206	0.618	0	0.824	0.618	0.824	0.824	1.648	1.442	0.789	1.477	1.03	0.412	0	0.206	0.412	0.618	0	0.206	0	0.618	0.206	0.412	2.884	1.648	1.854	1.236	1.236	0	0.618	1.442	0.206	0	0	0	0.206	0.824	1.648	0.746	0.078	0	1.236	1.236	0	0.626	4.112	0.824	0.206	1.236	0.412	0.206	0.206	0.412	0.824	0	0.412	0.206	0	0	1.03	0	0.618	1.03	0	1.236	0.698	0.126	0.206	0.412	0.412	0	0.618	0.198	0.626	0	1.236	2.884	0.412	0.412	0.412	1.648	1.442	0.412	1.648	0.412	0	1.236	2.472	0.824	0.824	0.618	1.236	3.502	2.472	0.824	0.824	0.206	0	0	0.618	1.442	0.206	0	0.206	0.206	0.618	0.618	1.442	1.236	1.236	0	0	0.412	3.502	0.412	1.236	1.03	0.824	3.296	3.914	0.412	2.266	1.442	5.15	6.18	2.266	1.442	0.824	4.532	2.472	3.502	1.648	0.618	1.442	0.412	1.03	1.854	1.648	1.648	1.236	0.618	0.618	3.09	3.09	1.442	3.09	2.678	0.824	1.03	0	0.824	3.502	0.824	2.06	1.03	1.03	0.412	50:60,59.51:200,50:80
Ecsit-NM_001253897	0	0	0	0	0	0	0	0	0	0	0	0	0	0	0	0	0	0	0	0	0.206	0	0	0	0	0	0	0	0	0	0	0	0	0	0	0	0	0	0	0	0	0	0	0	0	0	0	0	0.206	0.206	0	0.206	0	0	0	0	0	0	0	0.412	21.519	26.686	1.03	0	0	0.412	0.412	0	0	0	0	0	0	0	0.206	0.412	0	0	0	0.206	0	0	0.412	0.618	0	0	0	0.206	0.412	0.412	0.206	0	0	0.206	0.206	0	0	0	0.206	0.206	0	1.648	2.472	1.03	0.824	2.06	0	0.206	0.412	0	0	0	0.412	0.618	0.206	0	0	0	0.206	0.412	0.206	0.412	0	0	0	0	0	0.412	0.412	0.618	0.206	0.206	0.824	0.206	0	0.824	0.206	0	0.206	0	0	0.206	0.206	0.618	1.236	1.03	0	0	0.412	0	0	0	0	0	0	0	0.412	0	0	0	0	1.03	0.206	0.206	0	0.095	0.729	0.206	0.206	0.206	0.206	0.618	0.412	0.358	0.672	0.412	1.236	0	0.206	0	0.412	0.206	1.03	0.206	0	0.412	3.708	0.618	0	0.412	0.206	0.412	0	0.206	0.412	1.03	2.884	2.678	0.618	0.412	0.618	2.678	0	0	0	0	0	0.14	0.684	0	0.206	2.884	0.412	0.412	0.206	0.206	0.206	0.412	0.206	0.206	0.206	0.618	0	0.412	0.206	0.824	0.618	0.206	0.206	0	0.618	1.854	1.708	2.618	1.854	0.206	0	0.206	0.206	0	0.206	0	0.206	0.824	0.206	1.03	0.824	0.824	0.824	0	0.618	1.121	2.175	1.236	0.206	0.206	1.03	1.03	1.648	2.06	0.618	0.206	0	0	0	2.06	1.854	0.618	0.206	3.09	1.03	0	0.618	1.236	3.914	1.236	2.472	0.206	0	0	1.236	0.618	0.206	0.206	0	0	0.206	1.648	0.618	1.854	5.15	1.03	0.206	0.412	1.236	1.03	0.412	1.236	1.442	0.412	0.412	0.206	0	0.412	0.412	1.03	0.206	0.206	0.618	0.206	0	0	0	0	0.206	0	0	0.412	0	0	0.206	0	0	0	0.206	0.206	0	0	0	0	0	0	0.206	0	0	0.412	0	0	0.206	0.206	50:60,65.91:200,50:80
Edn2-NM_007902	0	0	0	0.206	0	0	0	0	0	0.206	0	0	0	0	0	0	0	0	0	0	0.206	0.206	0.206	0	0.206	0.206	0	0	0	0	0	0	0	0	0	0	0	0	0	0	0	0	0	0	0	0	0	0	0	0	0	0	0	0	0	0	0	0	0.206	0	0	0	0	0.618	0	0	1.236	0.618	0	0.206	0.206	0	0	0	0	0	0	0	0	0	0	0	0	0.206	0	0	0	0	0	0	0	0	0	0	0	0	0	0	0	0	0	0	0	0	0	0	0	0	0	0	0	0	0	0	0	0	0	0	0	0	0	0	0	0	0	0	0	0	0	0	0	0	0	0	0	0.206	0	0	0	0	0	0	0	0.206	0	0	0.206	0	0	0	0	0	0	0	0	0	0.206	0	0	0	0	0	0	0	0	0	0	0	0	0	0	0	0	0	0	0	0	0	0	0	0	0	0	0	0.206	0	0	0	0	0	0	0	0	0	0	0	0	0	0	0	0	0	0	0	0	0	0	0	0	0	0	0	0	0	0	0	0	0	0	0	0	0	0	0	0	0	0	0	0	0	0	0	0	0	0	0	0	0	0	0	0	0	0	0	0	0	0	0	0	0	0	0	0	0	0.206	0	0.206	0	0	0	0	0	0	0	0	0.206	0	0.206	0	0	0.206	0	0	0	0	0	0	0	0	0	0.618	0.412	0	0	0	0	0	0	0	0	0	0	0	0	0	0	0	0	0	0	0	0	0	0	0	0	0	0	0	0	0.206	0	0	0	0	0	0	0	0	0	0	0	0	0	0	0	0	0.206	0	0	0	0	0	0	0	0	0	0	0	0	50:60,30.775:200,50:80
Eef1akmt1-NM_026526	2.884	5.974	11.124	0.412	1.854	1.442	3.914	1.442	2.472	2.266	0.412	0.412	2.266	0.824	0.618	0.206	0.824	0.618	0.618	1.648	0.412	0.824	0.412	0.206	0.412	0.206	2.06	0.824	0.618	0.618	2.678	1.236	0.824	0.206	0.206	0.206	1.854	0	0.206	1.03	0.618	0	0.618	0.412	0	0	0	0	0.206	1.648	1.854	2.678	4.944	1.854	1.854	5.15	1.236	1.442	0.412	0	217.953	6.386	6.18	2.266	0.618	0.618	0.824	2.06	0.412	2.266	0	0	0.412	0.824	0.412	0	0.206	0.412	0.412	0.824	3.708	0.346	0.272	0.206	0.618	2.06	0.618	0	0	0.206	0.412	0.618	0.824	0.412	0.206	0	1.03	1.03	0	0.412	0	1.236	2.06	1.03	1.03	0.824	2.06	0.412	0.412	0.206	0	2.678	1.03	0.412	2.266	0	0.412	0	0	0.206	2.06	0.824	0.869	1.809	1.03	1.03	0.412	1.03	0.618	0	0.412	0	3.914	0.412	0.824	0.412	1.03	0	0	0.206	0.412	0	0.618	0.824	0.824	1.236	0.206	0.824	0.206	0.206	0.824	1.648	0.206	0.824	0.206	1.648	2.06	0.824	0.412	1.442	0.206	2.266	2.06	2.266	0.618	0	0	0	0	0	0	0	0	1.442	0.824	0.412	1.03	0	0.206	1.236	3.296	1.854	2.06	1.442	0.618	0.412	0.206	0.618	0	0	0.618	0.206	0.618	0	0.824	1.442	1.236	0	1.03	0.412	1.03	0.412	0.824	0.824	0.618	1.236	0.618	0.412	0.206	0.206	0.412	0.618	0	3.708	1.03	0.618	0	0	0	0	0.206	0	0.206	1.854	0.412	0.206	0.206	1.03	0	0.412	1.236	0.206	0.206	0.824	1.442	1.236	0.412	1.714	0.552	0	1.854	1.442	0.618	0	1.442	1.854	0.618	0.206	0.618	0.206	2.06	1.442	0.412	0.618	0.618	0	0.206	1.854	2.934	4.895	1.648	2.472	0.824	0.618	0	0.412	0.206	0.206	0.206	0.824	3.502	0.618	2.472	0.412	0.206	1.03	0.618	1.648	1.854	1.648	2.472	1.03	1.854	0.824	0	1.236	0	0	0	1.03	0	0	0	0.824	0.824	0.618	0.618	0.824	0.206	0	0	0	0.618	0	0.412	0	0	0.206	0.618	0.412	1.442	0	0	0.412	1.648	6.592	9.064	2.884	2.266	0.412	0.412	1.03	0	0.206	0.206	0.206	0	0.824	0.206	0.206	0	0	0.206	0	0	0	0.412	0	0.206	0.206	50:60,109.94:200,50:80
Eml1-NM_001043335	0	0	0	0	0	0	0	0	0	0	0	0	0	0	0	0	0	0	0	0	0	0	0	0	0	0	0	0	0	0	0	0	0	0	0	0	0	0	0	0.206	0	0	0	0	0	0	0	0	0	0	0	0	0	0	0	0	0	0	0	0	2.06	0.824	0.206	0.412	0.206	0.206	0.618	0.412	0.618	0	0.206	0.206	0	0.824	1.648	0.824	1.03	0.206	1.236	1.648	0.206	0.412	1.236	0.824	0.824	1.236	1.236	0.618	0.824	0	0	0.824	0.824	0.412	1.03	0.824	0.618	0	1.648	0.412	0.824	0.412	1.03	1.236	0	0.412	0.824	1.442	1.854	0.206	0.412	0.206	0.618	1.442	1.03	1.03	0.412	1.03	0	0.824	0.824	0.206	1.03	0.412	1.03	0.824	0.412	0.412	1.854	1.442	1.442	0.412	0.412	3.09	2.266	0.824	0.618	1.03	0	0.412	0.412	0.412	0.618	0.618	0.618	0	0.206	0	0.412	0.618	0.206	0.618	0.206	0.412	2.06	0.412	0.824	1.442	0.412	0.412	0.824	0	0.206	1.236	0.824	1.03	1.236	0	0.412	0.824	0.824	0.412	1.03	1.236	0.412	0.412	0.618	2.06	0.618	1.854	0.412	2.472	1.236	1.03	1.648	2.266	2.472	0.412	0.618	2.06	1.442	1.03	0.618	0.206	0.824	1.03	0.618	0.206	1.236	1.03	0.412	0.618	0.412	1.236	0.206	1.236	0	1.442	1.236	1.236	1.03	1.03	1.442	1.236	0.618	2.06	0.618	2.266	1.648	1.03	1.854	1.236	0.206	0.412	0.824	1.03	0.206	0.412	0.618	0.412	0	0	0	0	0	0	0	1.442	1.854	2.472	0.618	2.884	1.854	1.854	0.824	0.824	0	0.412	1.442	0.618	0.206	0.618	0.824	0.618	1.648	1.236	1.03	1.236	1.236	2.266	0	0	0	0	0	0.206	0.412	0.412	0	0	0.618	0	0.206	0	0	0	0	0	0	0	0.206	0.412	0.824	0	0	0	0.206	0	0	0	0	0.618	0.206	0.206	0.412	0.412	0.206	0.206	0	0.206	0	0	0.206	0.412	0	0.412	0.206	0	0	0.824	0.206	0	0.206	0.206	0.206	0	0.206	0.206	0.206	0	0.412	0	0	0.206	0	0	0	0	0	0	0	0	0.618	0.206	0	0.206	0.412	0	0	0.206	50:60,583.745:200,50:80
En2-NM_010134	0	0	0	0	0	0	0	0	0	0	0	0	0	0	0	0	0	0	0	0	0	0	0	0	0	0	0	0	0	0	0	0	0	0	0	0	0	0	0	0	0	0	0	0	0	0	0	0	0.206	0	0	0	0	2.472	2.266	1.236	0.206	0.206	2.266	1.648	0.412	0	0	0	0	0	0	0	0	0	0	0	0	0	0.206	0.206	0	0	0	0	0	0.412	0.206	0.412	1.03	0	0	0	0	0.206	0	0.206	0.206	0	0	0	0	0.206	0.206	0	0.206	0	0	0	0	0	0	0	0	0	0.206	0.618	0	0	0	0	0	0	0	0	0	0	0	0	0	0	0.206	0	0	0	0.206	0	0.206	0	0	0	0.412	0	0	0	0	0	0	0	0.618	0	0	0	0	0	0	0	0.206	0.206	0	0	0	0	0	0	0	0.206	0	0	0.206	0	0	0	0	0	0	0	0.206	0.206	0	0	0	0.206	0	0	0	0	0	0	0	0	0	0	0	0	0	0	0	0.206	0	0	0	0	0	0.206	0.206	0	0	0	0	0	0	0	0	0	0	0	0	0.206	0	0	0	0.206	0	0	0	0.412	0.206	0	0	0	0	0	0	0	0.206	0	0	0	0	0.206	0.412	0	0.206	0	0	0.28	0.132	0	0	0	0	0	0	0	0	0	0	0	0	0	0	0	0	0	0.206	0	0	0	0.206	0.206	0	0	0	0	0	0	0.206	0	0	0.206	0	0	0	0	0	0	0	0	0	0	0.206	0	0	0.206	0.412	0	0	0	0.412	0	0	0	0	0.206	0	0	0	0.206	0.206	0.206	0.618	0	0	0	0	0	0	0	0	0	0	0.412	0	0.206	1.03	0.206	0	0	0.824	0	0.206	0	0.206	0	0	0	0	0	0	0	0	0.412	0	0	50:60,32.48:200,50:80
Engase-NM_172573	0	0	0.412	0	0	0	0	0	0	0	0	0	0.412	0	0	0.412	0.206	0	0.206	0	0.206	0.206	0	0	0	0	0	0	0	0	0	0	0	0	0	0	0	0	0	0	0	0	0	0	0	0	0	0	0	0	0	0	0	0	0	0.206	0	0	0	8.24	2.678	4.12	3.708	0.206	0.206	0	0.206	0.206	0.206	0.206	0	0.206	0	0	0	0	0	0	0.206	0	0	0.206	0	0	0	0	0	0	0	0	0.206	0	0	0	0	0.206	0	0.052	0.155	0	0	0	0	0.309	0.309	0	0	0	0	0.412	0	0.206	0	0.206	0.206	0	0	0	0	0	0	0	0	0	0	0	0	0	0	0	0.412	0	0	0	0.412	0.206	0.618	0	0.644	0.386	0	0.206	1.03	1.442	0	0.412	0	0.206	0.206	0.206	0.206	0.206	0	1.03	0.618	0.206	0	0	0.412	1.442	0.824	0.618	0.206	0.206	0	0.824	0	0	0	0.618	0	0	0	0	0	0.206	0	0	0	0	0.206	0.412	0	1.03	0.824	0.206	0	0	0.361	0.052	0.412	1.236	0.206	0	0	0.618	0.206	1.236	0.824	0.206	0.824	0	0	0.206	0	0.206	1.03	0.206	0	0	0.206	0	0	0	0.412	0	0	1.03	0.618	0	0	0.206	0.824	4.944	1.03	0.206	0.824	0	1.236	2.009	3.554	0.206	0.206	0.206	1.854	1.236	1.03	0.618	1.03	0	2.06	0.412	0.618	1.442	1.854	1.442	1.442	1.236	1.03	5.15	0.824	2.06	3.296	2.472	2.472	0	0.412	0	0	1.442	3.708	0.618	0.206	1.03	0	0.206	0.206	0.412	1.236	1.236	1.03	0.206	0.412	0.824	0.824	0.618	1.03	1.236	0.412	0.206	0	0.824	0.412	0	0	0	0.412	0.824	1.03	0.206	0.412	0.206	0	0	0	0	0.412	0.206	1.03	0	0	0	0	0.206	0.206	0	0.206	0	0	0	0	0	0	0	0	0	0	0	0	0	0	0	0	0	0	0	0.206	0	0	0	0	0	0	0	0	0	0	0	0	0	50:60,61.875:200,50:80
Enox2-NM_001271447	0	0	0	0	0	0	0	0	0	0	0	0	0	0	0	0	0	0	0	0	0	0	0	0	0	0	0	0	0	0	0	0	0	0	0	0	0	0	0	0	0	0	0	0	0	0	0	0	0	0	0	0	0	0	0	0	0	0	0	0.206	45.527	0.412	1.03	0.824	0.206	2.884	2.266	1.854	4.12	2.678	4.944	1.236	0.824	2.678	1.442	2.884	2.266	1.854	1.03	4.326	0	0.206	4.12	0	3.502	1.03	1.854	1.648	2.266	2.678	1.236	0.824	1.442	0.206	0.618	2.06	1.648	0.618	0.412	2.678	1.03	1.236	2.678	4.532	2.472	1.236	1.03	1.236	1.03	1.854	3.914	2.06	0.824	2.678	2.266	0.206	0	0	0.206	0	0.412	0.618	0.206	0.206	1.236	1.442	1.442	2.472	2.678	1.648	1.854	1.442	1.236	2.884	1.236	3.09	4.326	2.884	1.854	0	2.884	1.854	0.618	0.824	3.09	1.854	1.442	2.472	0.206	1.442	1.236	1.442	0.824	1.442	1.854	0.618	2.06	1.236	0.206	1.648	2.678	0.618	1.236	2.06	0.412	0	0	0.206	1.03	1.442	1.648	1.236	3.914	1.442	1.854	0.412	2.266	0.824	0.412	1.442	1.648	1.442	0.824	0.824	1.648	0.824	2.06	2.06	2.884	3.914	1.854	1.648	0.618	1.236	1.442	1.03	3.296	3.296	1.236	2.06	1.236	1.854	2.06	1.442	1.648	1.236	2.472	3.09	1.854	0.618	1.236	1.854	0.824	1.648	3.296	0.824	2.266	2.06	1.648	1.648	1.236	2.472	4.944	1.03	1.648	2.06	3.09	3.708	5.768	1.442	1.03	0	1.854	0.824	0.618	2.884	2.06	0.824	2.884	2.266	3.914	2.678	2.472	1.648	2.472	1.236	1.03	0	0.824	1.648	2.06	2.06	1.854	1.854	1.236	2.678	1.648	4.12	6.798	3.502	0	0.206	0.412	0.206	0	0	0.206	0	0	0	0	0	0	0	0	0	0	0	0	0	0	0	0	0	0	0	0	0	0	0	0	0	0	0	0	0	0.206	0	0.206	0	0	0	0.824	0	0	0	0	0	0	0.206	0.206	0.206	0.412	0	0	0.206	0	0	0	0	0	0.618	0.206	0	0.412	0	0	0.206	0.206	0.206	0	0	0.412	0	0	0.412	0	0.206	0	0	50:60,1392.68:200,50:80
Enpep-NM_007934	0	0	0	0	0	0	0	0	0	0	0	0	0	0	0	0	0	0	0	0	0	0	0	0	0	0	0	0	0	0	0	0	0	0	0	0	0	0	0	0	0	0	0	0	0	0	0	0	0	0	0	0	0	0	0	0	0	0	0	0	1.648	0	0.206	0	0	0	0	0	0	0	0	0	0	0	0	0	0	0	0	0	0	0.206	0	0	0	0	0.206	0.206	0	0	0.206	0	0	0	0	0	0	0	0	0.824	0.206	0	0	0	0	0	0.206	0.206	0	0	0.412	0.206	0	0	0.206	0	0	0.412	0	0.412	0	0	0.206	0	0	0.206	0	0	0	0	0.206	0.206	0.206	0	1.03	0	0	0	0.412	0	0.206	0.412	0	0	0	0	0	0.206	0	0	0.412	0.206	0.206	0.206	0.206	0	0.206	0	0	0.412	0.206	0	0	0.412	0.206	0	0.206	0.618	0	0.206	0.206	0.206	0.618	0	1.236	0.824	0.412	1.236	0.206	0.412	0	1.236	0.618	0.206	0	0	0	0.412	0.206	0.206	0.412	0.412	0.206	0.206	0	0.618	0	0.618	0.618	0.206	0	0.206	0.412	0.733	0.297	0	0	0	0.206	0.206	0.206	0	0.206	0.206	0	0.412	0.206	0.618	0	0.412	0	0.412	0	0.206	0	0	0.206	0	0	0	0	0	0	0	0.206	0.206	0.412	0.206	0.206	0	0	0.206	0.206	0.618	0.206	0	0.206	0.206	0.206	0	0	0	0.206	0.206	0.206	0	0.412	0	0	0	0	0.206	0	0	0	0	0.206	0	0	0	0	0	0	0	0.206	0	0	0	0	0	0	0	0	0	0.206	0	0	0	0	0	0	0	0	0	0	0	0	0	0	0	0	0	0	0	0	0	0	0	0	0	0	0	0	0	0	0	0	0	0	0.206	0	0	0	0	0	0	0	0	0	0	0	0	0	0	0	0	0	0	0	0	50:60,317.865:200,50:80
Ercc2-NM_001363981	1.442	0	0.206	0.412	0	0	0	0	1.03	0.206	0.824	0	0	0	0.206	0.618	0	0	0	0	0.412	0	0	0.206	0.618	0	0	0	0	0	0	0	0	0	0.206	0.412	0	0	0	0.206	0	0.206	0.206	0.206	0	0	0.618	0	0.412	0.618	0	0	0	0	0	0	0	0	0	0.206	12.772	7.21	0.412	0.115	0.091	0	0	0	0.206	0.824	0.412	0	0	0	0	0	0	0	0	0.412	0.412	0	0	0	0	0	0	0.206	0.206	0.618	0.412	0.618	0.412	0.206	1.442	0	0.824	1.03	0.206	0	1.03	1.03	0.824	0.857	0.173	0.412	1.236	0	0	0.412	0.206	0.206	0.206	0.206	0	0.412	0	1.03	1.854	5.233	2.802	0	0	0	0.206	0.206	1.236	1.442	0.206	0.618	0	0.222	0.602	0.412	0.412	0.412	0.618	0.824	1.03	0.824	3.83	0.702	2.06	1.648	0.206	0	0.206	0.412	1.03	2.678	0.824	0.412	1.236	2.678	2.266	2.472	1.236	0.824	0.824	0	0	0.824	0.618	0.206	1.833	2.081	0.206	0.824	0.412	1.03	0	0	0	1.236	1.442	0.824	2.266	2.266	0.206	1.442	2.266	0.618	1.648	1.03	0	0.618	1.442	1.236	0.412	2.06	3.708	3.708	3.708	0.412	1.37	0.69	0.618	0.206	0.412	1.648	1.03	1.03	0.618	0.206	0.618	1.236	0.412	0.618	0.206	0.824	1.03	3.296	4.326	0.824	1.648	0.412	0.206	0	0.618	0.618	0.618	0.824	2.266	1.236	0.618	1.03	0.618	0.206	0.206	2.884	1.442	1.236	0.618	2.678	0.206	0.206	0.618	0.206	1.854	2.266	0.206	0.82	0.416	1.442	3.296	3.708	0.206	0.618	1.854	4.12	3.708	4.12	3.708	1.99	0.894	4.623	6.09	0.618	0.618	13.184	2.678	1.442	1.648	1.236	2.06	0.824	15.862	13.184	5.562	7.622	1.236	1.854	0	1.03	1.236	0.412	6.18	5.768	1.03	3.914	4.738	0.206	0	0	0.206	0.206	0.206	0.206	0	1.648	0.618	0	0	0.412	0.206	0.206	0.206	0.412	0.206	0.618	0	0.412	0.412	0.824	0.618	0.206	0.412	0	0.206	0.412	0.206	0	0.206	0	0	0	0	0	0	0	0	0	0	0	0	0	0	0	0.206	0	0	0	0	0	0	0	0	0	1.236	0	50:60,68.39:200,50:80
Etv1-NM_001163154	0.412	0	0	0	0	0	0	3.708	1.648	0.824	0.412	0	0	0	0.412	0	0	0	0	0	0	0	0	0	0	0	0	0	0	0	0	0	0	0.824	0.206	0	0.206	0	0	0	0	0	0	0	0	0	0	0	0	0	0	0	0	0	0	0	0	0	0	0	0.206	0.618	0.412	0	0	0.206	0.963	1.303	1.854	0.412	0.206	0.618	0.412	0.206	1.236	1.442	1.236	0.412	2.472	2.678	1.442	4.532	1.03	0.824	1.236	2.678	2.472	1.03	2.06	1.442	1.648	0.412	0.618	2.472	0.618	1.03	3.09	1.854	1.03	3.708	1.236	1.03	0.412	1.03	1.03	0.824	1.03	1.854	3.296	2.06	1.854	1.854	1.648	1.03	1.236	2.884	3.708	0.618	2.261	3.919	1.854	2.884	3.502	1.854	0.824	1.03	1.236	1.236	2.678	1.03	0.412	0.824	0	1.442	0.412	0.824	0.412	1.236	0.618	1.442	1.442	4.12	3.09	0.206	2.472	1.854	1.442	1.236	1.236	1.648	1.442	0	1.854	2.266	3.09	1.648	0.412	2.06	0.206	0.618	0.412	0.206	0	1.03	1.236	1.442	1.03	0.824	0	1.442	0.618	2.678	0.618	1.648	2.06	3.502	2.678	0.412	0.412	2.472	4.738	1.236	1.236	1.03	3.296	2.266	0.618	0.824	1.236	2.472	2.06	2.122	0.968	3.502	1.648	0.618	1.03	1.03	1.648	2.06	0.412	2.884	1.854	2.472	2.06	1.03	0.824	1.854	1.854	1.648	1.03	0.824	1.442	0.618	1.236	0.824	3.296	2.678	1.236	1.648	2.678	1.442	0.618	3.708	1.236	1.854	1.854	1.648	2.266	1.854	3.296	1.442	2.884	0.206	1.854	2.266	2.472	2.06	1.854	2.06	3.502	3.296	1.236	1.442	2.472	2.534	2.41	0.206	1.648	1.236	2.884	0.618	0.206	3.09	0	0	0	1.236	2.472	3.296	0	0	0	0	0	0	0.206	0.206	0	0.206	0	0.206	0.412	0	0.824	0	0.206	0	0	0	0	0	0	0	0	0.206	0.206	0	0	0	0	0.206	0.412	0.412	0.206	1.03	0.412	1.03	0.618	1.03	0.824	0.206	0	0	0	0	0.206	0	0.206	0	0.618	0.206	0.412	0.412	0.618	0.206	0.206	0.206	0	0.412	0.206	0	0.206	0.618	0.412	0.412	0.206	0.206	0.206	0	0	0	0.206	0	0	0	0	0	1.03	0	50:60,422.525:200,50:80
F7-NM_010172	0	0	0	0.206	0	0.412	0	0.206	0	0	0.412	0	0	0	0	0	0.206	0	0.206	0	0.206	0	0	0.206	0.206	1.236	0.206	0.412	0.412	0.618	0	0.618	1.03	0.206	0.206	0.206	0	0	0.618	0.412	0	0	0.412	0.206	0.412	0.206	0.412	1.03	0.412	0.206	0	0.412	0.206	0	0.206	0.618	0	0	0.206	0	0.206	0.206	0.206	0	0	0.206	0.412	0	0.206	0	0.206	0.412	0.412	0.618	0.412	0	0	0.618	0	0	0.824	0	0	0	0	0	0.618	0	0.206	0.206	0.548	0.276	0.206	0.824	0.206	0	0	0.206	0	0	0.412	0	0	0	0	0	0.206	0	0.206	0	0	0	0	0.206	0	0.618	0	0	0	0	0.206	0.206	0	0	0	0	0	0	0	0	0	0.206	0	0	0	0	0	0	0	0	0	0	0	0.206	0.206	0.198	0.008	0	0	0	0	0	0	0	0	0	0.206	0.206	0	0	0	0	0	0	0	0	0	0	0	0	0	0	0.206	0	0	0.206	0	0	0	0	0.206	0	0	0	0	0	0.412	0	0.206	0	0.206	0.206	0.206	0	0	0	0	0	0	0	0	0	0	0	0	0.206	0	0	0	0	0	0	0	0.206	0	0	0	0	0	0.206	0	0	0	0	0	0	0	0	0	0	0	0	0	0	0	0	0	0	0	0	0	0	0	0	0	0	0.206	0	0	0	0	0.206	0	0	0	0	0	0	0	0	0	0	0.206	0	0	0	0	0	0	0	0	0	0	0	0	0	0	0	0	0	0	0	0	0	0	0	0	0	0.206	0	0	0	0	0	0	0	0	0	0	0	0	0	0	0	0	0	0	0	0.206	0	0	0	0	0	0	0	0.206	0	0	0	0	0	0	0	0	0	0	0	0	0	0	0	0	0	0	0.206	0	0	0	0	50:60,48.86:200,50:80
Fam170b-NM_001164485	0	0	0	0	0	0	0	0	0	0	0	0	0	0	0	0	0	0	0	0	0	0	0	0	0	0	0	0	0	0	0	0	0	0	0	0	0	0	0	0	0	0	0	0	0	0	0	0	0	0	0	0	0	0	0	0	0	0	0	0	0	0	0	0	0	0	0	0	0	0	0	0	0	0	0	0	0	0	0	0	0	0	0	0	0	0	0	0	0	0	0	0	0	0	0	0	0	0	0	0	0	0	0	0	0	0	0	0	0	0	0	0	0	0	0	0	0	0	0	0	0	0	0	0	0	0	0	0	0	0	0	0	0	0	0	0	0	0	0	0	0	0	0	0	0	0	0	0	0	0	0	0	0	0	0	0	0	0	0	0	0	0	0	0	0	0	0	0	0	0	0	0	0.206	0.206	0	0	0	0	0	0	0	0	0	0	0	0	0	0	0	0	0	0	0	0	0	0	0	0.206	0	0	0	0	0.206	0	0	0	0	0	0	0	0	0	0	0	0	0	0	0	0	0	0	0	0	0	0	0	0	0	0	0	0	0	0	0	0	0	0	0	0	0	0	0	0	0	0	0	0	0	0	0	0	0	0	0	0	0	0	0	0	0	0	0	0	0	0	0	0	0	0	0	0	0	0	0	0	0	0	0	0	0	0	0	0	0	0	0	0	0	0	0	0	0	0	0	0	0	0	0	0	0	0	0	0	0	0	0	0	0	0	0	0	0	0	0	0	0	0	0	0	0	0	0	0	0	0	0	0	0	0	0	0	0	0	0	0	0	0	0	0	0	50:60,14.135:200,50:80
Fam178b-NM_201365	0	0	0	0	0	0	0	0	0	0	0	0	0	0	0	0	0	0	0	0	0	0	0	0	0	0	0	0	0	0	0	0	0	0	0	0.206	0	0	0.206	0.412	0	0	0.412	0.206	0	0	0	0	0	0	0	0	0	0	0	0.618	0	0	0	0	11.33	3.914	0.206	0.206	0	0.618	0.824	0.618	0.824	1.854	0.412	1.03	0.618	1.03	0.206	0	2.678	0.412	1.236	0.824	0.824	3.09	1.03	1.03	2.266	1.03	0	1.236	2.266	2.884	2.06	1.03	0.618	0.412	1.442	0	1.442	1.442	1.442	0.412	1.236	4.738	4.532	4.12	2.266	3.09	1.442	1.03	0.206	0	0.206	0.412	0.824	0.824	0.824	0.618	3.708	1.03	1.648	1.442	5.15	0.618	1.854	1.236	2.06	3.502	2.266	3.296	1.648	2.472	2.884	1.236	3.296	5.356	2.266	4.326	8.652	4.738	2.678	3.09	5.562	2.472	2.266	0.412	1.854	3.09	2.884	3.09	2.266	1.236	2.884	0.824	2.266	1.648	1.236	1.03	0.618	1.03	1.648	2.678	2.266	1.442	4.532	1.854	1.854	0.412	0.824	4.326	0.618	2.678	1.442	0.206	1.442	1.236	1.03	3.502	2.06	1.648	0.618	2.06	2.884	0.824	1.03	1.03	2.266	5.768	6.18	1.854	0.618	3.502	0.618	1.442	1.854	3.296	2.472	1.648	1.648	2.266	3.708	0.824	0.824	0	1.885	3.471	1.648	1.442	0.412	1.648	1.854	2.06	1.03	0	0	0.618	0.618	3.296	1.648	2.678	0.412	1.236	0	2.884	0.824	2.472	0.824	0.824	2.472	2.472	1.03	1.648	2.266	2.266	1.442	1.03	0	2.472	1.442	1.03	0.618	0.412	1.442	0.412	1.854	2.884	2.266	0.618	1.03	1.442	0.824	0.824	1.854	2.596	1.524	1.854	0.412	0.618	2.678	1.854	1.03	1.03	0	0	0.206	0	0.824	0	0.618	0.412	0	0	0	0.206	0	0	0.206	0	0.206	0	0	0	0	0	0	0.206	0	0	0.206	0	0	0	0	0	0	0	0.206	0	0	0.206	0	0	0	0	0	0.206	0	0	0.206	0.206	0.618	0	0.206	0.618	0.206	0	0.412	0.412	0.618	0.206	0.618	0	0.206	0	0	0	0	0	0	0	0	0	0.206	0.824	0.824	0	0.412	0.824	0	0	0.412	0.412	50:60,416.05:200,50:80
Fam187b-NM_175240	0	0	0	0	0.412	0	0	0	0	0	0	0	0	0	0	0.206	0	0	0	0	0	0	0	0	0	0	0.206	0	0	0	0	0	0	0	0	0	0	0	0	0	0.206	0.206	0	0.206	0.206	0	0	0	0	0	0	0	0	0	0.206	0	0	0	0	0	0	0	0	0.206	0	0	0	0	0	0	0	0	0	0.167	0.657	0.206	0.412	0	0.206	0.206	0.618	0.618	0	0	0	0	0	0	0	0	0.412	0	0.618	0.618	0	0.206	0.206	0.206	0	0	0	0	0	0	0	0	0	0	0.206	0	0.412	0	0.618	0	0	0.206	0	0	0	0.412	0.206	0	0.412	0.412	0	0	0	0.206	0	0.206	0	0	0	0	0	0	0	0.206	0	0	0	0	0.206	0	0	0.206	0.206	0	0.206	0.206	0.206	0	0	0	0.206	0.618	0.412	0	0	0.206	0.206	0	0	0	0.412	0	0	0	0.412	0	0	0	0	0.206	0	0.206	0.206	0.412	0	0	0	0	0	0	0.206	0.206	0	0	0	0	0	0	0	0	0.412	0.206	0	0	0	0	0	0	0	0.618	0.654	0.582	0.206	0.206	0	0	0.206	0.206	0.412	0.412	1.03	0.206	0	0	0.206	0	0.206	0	0	0.206	0	0.206	0	0.206	0	0	0.206	0	0.412	0	0.206	0	0	0	0	0	0	0	0.206	0	0	0	0.206	0.206	0	0	0	0	0.412	0	0.206	0.206	0.412	0.206	0	0	0	0	0	0	0	0	0	0.206	0.206	0	0	0	0	0	0	0.206	0	0	0	0	0	0	0.412	0	0.824	0	0	0	0	0	0	0	0	0.206	0.206	0	0.824	0.206	0	0	0	0	0.206	0	0.206	0.206	0	0	0.206	0.206	0	0	0.206	0	0.618	0	0	0.412	0	0	0	0	0	0	0	0	0	0.412	0	0.206	0	0	0	0.206	0	0	0	0	0	0	50:60,63.415:200,50:80
Fam192a-NM_001363456	0	0	0	0	0	0	0	0	0	0	0	0	0	0	0	0	0	0	0	0	0	0	0	0	0	0	0	0	0	0	0	0	0.206	0	0	0	0	0.824	0.412	0	0.206	0	0	0	0	0	0	0	0.206	0	0	0	0	0	0	0	0	0	0.618	11.124	182.094	2.898	2.06	0.206	0.824	1.236	0.206	1.648	0.412	1.648	0.412	0.412	0.206	0.21	1.232	0.824	0.206	0	0.618	0.412	0	0.412	0.206	1.03	0	0.412	0	0.412	0.824	0.618	3.09	0.824	2.266	4.326	0.824	4.631	3.609	0.206	0.206	0.412	2.06	1.442	1.03	2.06	1.03	1.236	2.678	0.824	2.266	1.236	1.03	1.854	0.412	2.06	2.472	0	2.472	2.678	1.236	4.697	1.689	2.678	0.618	1.236	0.206	2.472	1.03	0.824	2.884	2.266	0.618	2.06	5.768	4.326	2.678	1.854	1.03	2.884	4.12	1.854	0.618	0.206	1.442	2.884	0	0.206	0.412	1.648	3.708	0.618	1.854	4.738	3.09	6.18	0.824	2.472	2.884	1.03	0.824	1.03	1.854	0.824	2.266	1.442	0.618	0.412	1.03	1.442	2.678	1.442	1.648	2.299	3.469	1.854	2.266	1.442	0.824	4.738	3.914	4.738	1.03	0.206	2.06	1.648	1.236	4.12	1.03	3.09	3.708	1.442	1.442	0.412	4.262	0.682	3.502	2.266	1.648	1.236	1.236	3.708	0.412	1.648	1.646	3.298	3.502	4.738	1.236	2.266	0.412	4.429	1.751	5.356	3.914	1.854	1.442	0.412	0.414	2.264	1.442	0.618	0.206	1.442	1.236	0.206	1.236	1.648	0.412	0.824	1.889	6.166	4.306	1.236	0.824	1.236	1.854	0.824	5.768	5.15	3.09	1.03	2.266	2.678	5.356	3.09	7.426	3.08	4.738	2.678	0.412	0.206	1.442	3.296	1.648	1.442	0.618	2.472	0.455	1.193	2.884	3.09	2.472	1.648	1.442	1.03	0.412	0.412	2.06	1.854	0.412	1.236	0.412	0.206	0.206	0.412	1.648	2.472	2.884	2.884	1.442	3.914	0.824	0.618	1.03	0.412	1.648	2.884	0.412	1.03	1.648	1.648	1.854	2.678	3.09	1.236	3.296	5.15	2.06	1.03	2.678	1.03	1.236	6.592	0	0	0	0.206	3.09	1.648	0.206	0.618	0	2.678	4.326	2.266	3.09	2.884	1.442	3.09	3.09	0.412	0.618	1.648	0.824	4.12	4.738	0.412	0.618	3.09	0.412	0.412	0	0	0.206	1.236	1.854	3.296	3.914	1.236	9.682	2.884	50:60,133.93:200,50:80
Fam220a-NM_133703	0	0	0	0	0	0	0	0	0	0	0	0	0	0	0	0	0	0	0	0	0	0	0	0	0	0	0	0	0	0	0	0	0	0	0	0	0	0	0.412	0.824	0	0	0	0	0	0	0	0	0	0	0	0	0	0	0	0	0	0	0	0.206	0.618	0.618	0.206	0	0	0	0.618	0	0.618	0.206	0.206	0	0.206	1.03	0.412	0	0	0	0.618	0.412	0.412	0	0	0	0	0	0	0	0.412	0	0	0	0	1.236	0.206	0	0.206	0	0.206	0	0.206	0.412	0.412	1.236	0.824	0.824	0.206	0.412	1.236	0	0.618	1.03	0.618	1.648	0	0.206	0.206	0	0	0	0	0	0	0	0	0.618	0	0	0.206	2.266	0.412	0.618	0.206	0	0	0.618	0	0	0.412	1.236	0.412	1.03	0.824	0.412	0.412	0.412	1.487	1.191	1.236	1.442	1.648	0.618	0	0	0	0	0	0.206	1.03	2.266	3.502	3.09	4.326	1.442	3.296	6.592	0	0.824	1.03	1.442	1.03	0.618	2.472	0.618	1.442	0.824	0	1.03	0	0.206	1.236	0.824	0.618	1.03	1.648	0.115	0.297	0.618	0.206	1.648	0.412	0	0	0.206	0	0.206	0.206	0	1.236	1.648	0.824	1.03	0.824	0.618	0	0.412	0.824	0.206	0.618	0.206	0.206	0	0	0	0.618	0.412	1.03	0.412	1.648	0.618	2.266	1.648	0	0	0.412	0	0.618	1.442	0.824	1.03	0.618	0.412	1.03	0	0	0.618	1.854	0.206	0	0	0.206	0	0	0	0	0	0	0	0	0	0.618	0	0	0.618	0	0	0	0	0	1.03	1.03	0.412	0.206	0.206	0.412	0.618	0.412	0.412	1.03	0.824	2.678	0.618	1.236	0.206	0.412	2.266	1.236	0.412	0.412	3.296	1.442	0	0.618	0	1.236	3.708	2.266	1.442	0.618	0.824	4.738	1.03	1.03	0.618	0.412	0.412	0	0	0.412	0	0	0	1.236	2.266	0.412	0.206	0	0	0	0	0	0	0	0	0	0.412	0	0.206	0.824	0.206	0.206	0.412	0.824	0.618	0.618	0.618	0.824	0.412	0.206	0	0	0.206	0.412	0	0	0	0	0	0.412	0.412	50:60,79.06:200,50:80
Fance-NM_001163820	0	0.206	0	0	0	0	0.206	0	0	0	0	0	0	0	0	0	0	0	0	0.412	0	0.206	0	0.206	0	0.206	0	0	0	0.412	0	0	0	0	0	0.206	0	0	0.206	0	0	0	0	0	0	0	0	0	0	0	0	0	0	0	0	0	0	0	0	0.206	7.509	2.379	0	0	0.206	0	0.824	0.618	0	0.206	0.206	0.206	0.206	0	0	0.206	0	0	0	0	0.412	0.196	0.01	0.206	0.618	0	0.206	0	0	0.206	0	0.618	0.412	0.618	0	0.206	1.03	0.319	1.329	0.618	0.206	0.505	1.349	1.648	0	0.618	1.03	2.06	2.472	0.824	0.206	0.412	1.442	1.854	0.824	1.236	1.442	0.412	1.03	0.824	0	0.206	3.708	2.266	0.618	0.206	0.015	1.427	3.296	0.412	0.824	0.453	0.783	0.618	0	0.618	0.618	1.03	1.236	0	0	0	0	0.556	0.474	0.618	0.824	2.678	1.236	1.03	2.06	0.412	0	0	0.824	2.06	1.164	1.308	1.293	2.415	0.206	0	2.472	0.618	0	0.412	0	0	0	1.236	1.854	0.206	1.03	0.824	0.206	0.618	1.03	0.618	0.824	0.824	1.236	1.442	0	0.206	0.206	0.206	0.206	2.884	1.648	1.442	0.412	0.412	0.412	0.206	0.695	2.807	0.618	2.884	4.326	0.618	0	1.226	1.246	1.236	5.356	0.206	0	0.824	1.442	1.236	3.09	0.536	0.906	0.824	0	0	0.412	0.618	1.442	1.648	1.648	1.442	4.944	3.708	0.206	0	0	0.412	0.412	0.206	0	0.824	0	0.412	0.824	0.824	0.206	1.442	0.412	2.266	1.648	1.442	0.618	3.172	0.124	1.174	1.916	2.06	2.266	2.06	3.914	2.472	2.06	0.824	0.824	1.442	1.442	7.622	9.888	2.884	0	0.206	2.678	2.472	2.678	2.06	1.648	3.502	1.442	4.326	2.884	1.854	1.648	0.618	0.412	2.472	6.798	5.768	3.502	3.708	2.472	2.266	4.944	3.708	3.09	0.412	0.824	1.236	0.824	1.442	0.824	1.648	1.854	2.678	3.09	0.824	0.618	0.824	10.918	2.06	8.034	1.648	1.854	0.824	0	0	2.884	5.15	0	1.236	1.03	0.206	0	0.824	2.06	1.03	0	0	1.03	3.708	2.06	0.618	0.412	0.618	2.06	1.854	4.532	3.914	1.236	6.386	1.236	1.648	1.648	6.18	9.682	4.326	10.712	0.618	5.562	0	50:60,65.225:200,50:80
Fastkd5-NM_001146084	0.412	0.824	0	0.206	0	1.236	0.412	0	0	0	0	0.206	0.618	0	0	1.236	0.412	0	0.206	0.824	1.854	0	0.412	0.206	0.206	0.618	0	0	0.412	0.412	0.618	0	0	1.03	0.412	0	0.206	0	0.412	0.412	0.206	0.824	0.412	0.206	0	0	0	0	0	0	0	0	0	0	0	0.206	0	0.412	0.206	50.265	59.403	6.313	0.206	0.824	0.412	0.824	0.618	0.412	0.412	0.618	0	0	0.206	0	0.206	0	0.618	0	0	0	0.206	0.206	0.412	0.206	0	0	0.618	3.296	1.854	0.206	0	0.206	0.412	1.854	0.412	0.206	1.03	0	0.618	0.206	0	0	1.03	1.648	1.236	0.412	0.618	0.206	0.824	1.442	1.648	1.442	1.03	0	0.618	1.648	2.06	0	0.618	0	3.502	0.824	0	0.412	0	0.206	0	0	0.412	0	0.824	1.854	0	1.442	2.472	0.618	0	1.901	7.575	5.15	2.678	2.884	0.412	0	0	0.723	2.161	1.03	3.502	2.606	0.484	2.06	0.824	3.09	0.618	1.03	0.618	1.03	2.149	2.383	0.618	0.206	0	0	1.854	0.206	0	0.412	0.206	1.648	0.412	1.648	2.617	1.709	3.708	1.042	3.696	0.206	0.618	2.554	4.862	0.412	0.412	0.894	1.372	10.3	1.442	0.824	1.648	6.592	1.854	2.806	2.84	4.449	4.12	2.678	0	0.412	0.642	3.89	0.824	1.648	8.24	2.266	0	0.412	0	0	0	0	0	1.302	0.552	1.648	0.412	2.472	1.648	0.412	0.618	1.03	0.206	1.236	1.442	0.824	2.884	4.326	3.914	0	2.06	0.917	4.851	0.206	1.236	3.502	7.699	3.013	0.824	6.18	8.858	3.296	0.618	2.678	6.386	1.236	8.652	10.094	9.888	7.416	1.854	4.326	8.24	5.356	1.752	6.548	4.725	5.722	10.094	3.385	4.238	7.828	2.06	2.266	1.442	1.236	1.03	0.618	0.824	0.618	1.442	2.06	1.236	1.854	3.296	5.768	2.678	8.24	3.09	5.15	3.914	5.15	1.854	2.472	1.236	2.266	1.442	1.236	2.472	1.442	1.648	4.944	10.506	5.562	1.03	0	0.618	0.824	0.412	0	0.206	1.236	4.326	0.618	0.412	2.678	2.266	5.562	0.206	0.824	1.03	0.618	0.824	1.854	0.206	0.206	1.236	6.798	2.678	1.648	3.296	2.06	1.03	2.472	1.236	0	0.206	0.824	0.206	0.824	2.472	6.798	0.824	1.442	0.618	0.618	0.206	0.206	1.648	5.974	2.472	0	50:60,80.785:200,50:80
Fbxo9-NM_001081490	0	0	0	0	0	0	0	0	0	0	0	0	0	0	0	0	0	0	0	0	0	0	0	0	0	0	0	0	0	0	0	0	0	0	0	0	0	0	0	0	0	0	0	0	0	0.206	0.206	0	0	0	0	0	0	0	0	0	0	0	0	0.412	48.205	0	0	4.12	0	0	0.412	0.824	0	0.206	0	0	0	0	0	0	0	0	0	0.206	0.206	0	0	0	0.412	1.03	0.206	0.824	0.206	1.03	0.412	1.03	0.618	1.03	1.236	0.824	4.944	0.206	0	0.824	1.854	1.648	2.06	0	0.824	1.442	0	0	1.236	0.824	0	0	0.206	0.618	0.206	0.157	0.255	0	0	0	0	1.236	0.412	0	0.206	0.824	0	0.824	0	0	0.412	0.412	0.412	0.206	0	0.824	0	0	0	0.206	0.206	0.618	0.412	1.442	0.824	2.266	0.618	0.206	0.618	1.442	0.618	0	0.618	1.236	1.854	1.236	1.236	1.03	1.236	1.03	1.854	0.206	0.824	1.442	0	0.206	0.412	1.236	0	0.412	0.618	0.618	0.618	0.824	0.824	0.824	1.03	0.618	0.618	0.824	1.442	0.412	0	1.442	0.412	2.472	2.472	0.412	0.412	0.525	1.123	0	0.824	6.386	1.648	0.618	0.618	0.206	1.854	1.442	4.738	0.824	1.648	0.824	1.854	0.618	1.03	0.206	1.648	3.296	0.824	0	0.412	1.648	2.266	1.236	0.432	2.246	1.236	1.854	1.854	0	0.412	0	2.266	0.206	0.412	2.266	0.206	0.412	0.412	2.06	1.442	1.03	2.678	0.618	0.618	0.824	0	0	1.236	0.206	1.03	3.502	0.618	2.678	0.412	0	0.206	0.206	1.03	0	0	0	0.206	0.618	1.442	2.266	2.884	0.412	0	2.06	1.03	0.206	0.618	0.824	0.206	0	0	0	1.03	0.412	0.412	0.824	0.412	0	0	0	0.618	0.412	0	0.824	0.412	1.03	1.442	1.03	0.618	0.824	1.03	0	0.412	0.206	0	0.412	0.206	0	0.206	1.442	0	0	0	0.824	0	0.206	0.206	0.412	0	0.206	0.206	0	0	0.618	0	0	0.412	0.824	1.03	0.206	0	1.648	0.206	0	0.824	1.03	0	0.206	0.412	0	0	0.206	0	0	0	0	0	0	0	0	0	0	50:60,137.835:200,50:80
Fbxw2-NM_001164770	0	0	0	0	0	0	0	0	0	0	0	0	0	0	0	0	0	0	0	0	0	0	0	0.206	0	0	0	0	0	0	0.206	0	0	0	0	0	0	0	0.206	0	0	0	0	0	0	0.206	0	0	0	1.442	1.03	0.206	0	0.618	0.618	0	0	0	0	0	132.948	8.784	1.236	0.206	1.03	0.824	0	0.206	0.206	0	0	0	1.236	0	0.906	1.154	0.206	1.03	0.618	0.865	1.195	0.412	0.618	1.236	1.03	0.412	0	0.206	0.412	2.06	0.824	1.854	1.03	0.412	1.03	0	0	0.206	1.236	0	0	0	1.854	0.412	1.648	0	0.412	0.412	3.09	1.236	1.03	0	0.618	1.854	0	1.03	1.854	1.442	0.824	0	1.236	2.06	0.412	0.412	4.532	0.206	0	1.236	0.824	1.854	2.266	1.854	0	0	2.266	1.236	1.442	1.236	1.03	3.296	0.618	1.442	0.206	1.442	7.622	5.562	1.03	2.884	5.974	1.442	0.206	4.326	1.854	0.412	0.206	4.738	3.296	0	2.472	2.266	1.236	5.916	6.032	1.648	2.472	0	0.206	1.03	0.412	2.678	3.914	0.478	4.466	1.854	2.678	3.09	0.618	2.472	2.06	3.502	2.678	3.296	2.266	0.618	2.884	3.164	3.222	1.648	1.442	1.442	4.12	2.472	0.824	2.472	8.24	1.03	0.206	4.12	11.742	15.244	2.678	1.854	2.06	1.648	0.618	1.03	2.456	6.815	3.09	3.296	5.356	4.944	2.678	2.06	0.824	0	1.648	1.03	0	0.206	0	0.618	1.648	0.412	2.472	1.236	2.472	2.266	1.236	0.412	2.06	1.03	2.884	0.618	2.266	0.412	0.618	2.266	3.09	0.824	0.618	1.442	3.09	0.412	0.824	0.824	3.914	2.472	2.06	5.439	1.566	2.472	0.206	4.499	2.093	1.673	2.653	4.12	0.412	1.03	0.206	0	0	0	0.412	0.412	1.854	0.206	1.03	0	0.206	0.206	0.412	0.824	0	0	0	0	0	0.206	0.206	0.412	0.206	1.854	0.206	2.266	0	0.206	0	0	0	0	0	0	0	0	0	0	0	0.618	0.206	2.884	2.472	2.472	11.742	22.455	1.648	0	0	0.206	0	0	0	0	1.442	0.824	0	0.206	0.206	0	0	0	0	0	0.618	1.236	1.236	0	0	0	0	0.412	0	0.206	0	0.206	0	0	0	0	50:60,109.36:200,50:80
Fcrl1-NM_001136236	0	0	0	0	0	0	0	0	0	0	0	0	0	0	0	0	0	0	0	0	0	0	0	0	0	0	0	0	0	0	0	0	0	0	0	0	0	0.206	0	0	0	0	0	0	0	0	0	0	0	0	0	0	0	0	0	0	0	0	0	0	0	0	0	0	0	0	0	0.412	0	0	0	0	0.412	0.824	0	0	0	0	0	0.412	1.442	0	0	0	0	0	0	0	0	0	0	0	0	0	0	0	0	0	0.412	0	0	0	0	0	0	0	0	0	0	0	0	0	0	0	0	0	0	0	0	0	0	0	0	0	0	0	0	0	0	0	0	0	0	0	0	0	0	0	0	0	0	0	0	0	0	0	0	0	0	0	0	0	0	0	0	0	0	0	0	0	0	0	0	0	0	0	0	0	0	0	0	0	0	0	0	0.206	0	0	0	0	0	0	0	0	0	0	0	0	0	0	0	0	0	0	0	0	0	0	0	0	0	0	0	0	0	0	0	0	0	0	0	0	0	0	0	0	0	0	0	0	0	0	0	0	0	0	0	0	0	0	0	0	0	0	0	0	0	0	0	0	0	0	0	0	0	0	0	0	0	0	0	0	0	0	0	0	0	0	0	0	0	0	0	0	0	0	0	0	0	0	0	0	0	0	0	0	0	0	0	0	0	0	0	0	0	0	0	0	0	0	0	0	0	0	0	0	0	0	0	0	0	0	0	0	0	0	0	0	0	0	0	0	0	0	0	0	0	0	0	0	0	0	0	0	0	0	0	0	0	0	0	0	0	0	0	0	0	0	0	0	50:60,78.735:200,50:80
Fgf17-NM_008004	0	0	0	0	0	0	0	0	0	0	0.206	0	0.206	0	0	0	0	0	0.206	0.206	0.412	0	0	0.206	0	0	0	0.206	0	0	0	0	0	0	0	0.206	0.412	0.206	0	0	0.206	0.206	0.206	0	0	0.206	0.206	0	0	0.206	0.206	0	0	0	0.206	0	0	0	0	0.412	0	0	0.412	1.03	1.236	0	0	0	0	0.206	0	0	0.206	0	0	0	0	0	0	0	0	0	0	0	0	0	0	0	0	0	0	0	0	0	0	0	0	0	0	0	0	0	0.206	0	0	0	0	0	0	0	0	0	0	0	0	0	0	0	0	0	0	0.206	0	0	0	0	0	0	0	0	0	0	0	0	0	0	0.206	0	0	0	0	0	0	0	0	0	0	0	0	0	0	0	0	0	0	0	0	0	0	0	0	0	0	0	0	0	0	0	0	0	0	0	0	0	0	0	0	0	0	0	0	0.206	0	0	0	0	0	0.099	0.519	0	0	0.206	0	0	0	0	0	0	0	0	0	0	0	0	0	0	0	0	0.206	0	1.03	0.412	0.618	0.206	0.206	0	0	0	0.206	0.206	0.206	0.412	0	0	0	0.206	0	0	0	0	0	0	0.618	0	0	0	0	0	0.824	0.206	0	0.206	0.412	0.412	0	0.412	0.618	0.412	0	0	0	0	0.412	0.618	0	0	0	0	0	0.618	0.206	0	0.206	0	0.618	0.206	1.648	4.532	1.236	0.412	0.618	0.412	1.236	0.824	2.884	0.824	1.03	0.824	0.824	1.854	1.648	1.03	1.854	1.648	1.236	2.678	2.06	1.648	0.412	0.412	0.618	1.442	0.824	0	0	0.206	0.618	0.206	0	0.206	0	0.206	0.206	0	0	0	0	0.206	0.412	0	0	0.206	0.206	0.412	0	0.412	0.206	0	0.618	0	0.412	0	0.206	0	0	0	0.206	0.206	0.206	0	0	0	0	0.206	0	0	0	0	0.618	0	50:60,30.33:200,50:80
Fn1-NM_001276411	0	0	0	0	0	0	0	0	0	0	0	0	0	0	0	0	0	0	0	0	0	0	0	0	0	1.03	0	0	0	0	0	0	0	0	0	1.442	0.824	0.206	0	0	0	0.206	0	0	0.206	0	0	0.618	0	0	0	0	0	0	0	0	0	0	0	0.824	131.019	24.309	0.824	2.472	3.914	2.472	5.562	17.098	2.884	1.648	1.442	4.12	4.944	10.988	15.586	8.034	10.506	3.502	4.532	4.326	9.064	28.841	11.926	13.207	7.828	3.914	16.892	19.158	15.551	33.684	4.326	8.858	9.888	10.918	16.892	17.922	7.004	4.738	7.416	8.446	4.326	2.884	9.029	13.219	17.51	12.772	15.244	6.979	9.437	8.304	3.502	8.446	7.21	4.12	6.386	20.601	9.717	4.497	9.476	10.3	7.828	7.004	12.154	11.536	8.24	28.618	8.257	5.991	11.108	6.18	16.48	7.21	18.746	24.515	16.48	13.39	9.27	16.068	10.918	23.443	15.698	9.888	22.455	25.957	25.545	20.807	22.043	19.982	29.253	32.137	10.3	24.21	15.961	18.952	21.425	13.802	21.219	7.828	25.545	16.274	5.562	8.858	7.828	4.738	14.225	8.23	3.434	10.986	4.12	12.216	20.745	8.652	11.742	14.832	4.326	6.782	12.171	15.45	22.661	4.738	11.948	12.36	11.536	15.244	7.004	7.21	7.004	8.24	4.532	12.566	5.997	17.488	8.446	7.21	2.06	2.884	2.678	10.3	19.982	5.768	8.446	4.326	5.15	18.746	1.648	9.27	15.862	10.3	3.502	4.944	20.38	3.311	16.068	14.626	16.388	13.071	21.425	15.652	14.424	5.768	10.918	9.11	12.527	12.354	10.712	3.708	12.678	26.101	16.019	15.038	10.712	4.12	9.888	7.828	2.472	5.974	6.386	12.36	7.622	4.12	7.21	11.948	12.978	13.184	21.806	14.657	5.768	14.626	7.828	11.742	10.593	15.57	18.952	9.476	20.601	23.279	11.948	3.914	9.103	13.969	2.472	2.678	4.532	3.296	2.678	2.06	3.09	3.09	2.678	5.562	2.06	1.236	3.296	2.884	3.502	1.442	2.06	0	0.206	0.412	1.648	0.618	3.502	5.974	6.592	2.472	1.648	2.266	4.944	7.828	1.236	0	0	0	0.618	5.768	1.648	7.622	0.206	0.206	0.206	0.206	0.206	0	1.442	0	0.618	0.412	0.206	0.618	0.206	0.206	1.236	0.824	0.412	1.442	0.824	0	0	0.206	0.206	0.618	0	0.824	0.206	0	0	0	2.06	1.236	0.412	0.824	0	0.206	0.206	0	0	0.206	0.206	0.206	50:60,338.81:200,50:80
Frmd4a-NM_001177843	0	0	0	0	0	0	0	0	0	0	0	0	0	0.206	0	0.206	0	0	0	0	0	0	0	0.206	0	0.206	0.206	0	0	0	0	0.206	0	0	0	0	0	0	0	0	0	0	0	0.206	0	0	0	0.206	0	0	0.206	0	0	0	0	0	0.824	4.738	0.412	0.618	16.892	5.974	2.884	3.296	1.236	5.356	11.536	9.888	5.974	9.888	10.3	8.652	5.562	5.974	6.798	9.888	7.21	8.858	11.742	7.622	0	0.412	5.974	3.708	1.236	4.738	5.356	7.828	2.884	0.412	3.296	4.532	3.708	3.09	7.21	2.06	2.266	4.738	3.708	7.416	7.416	4.59	7.358	7.21	3.296	4.532	7.416	3.296	5.356	3.296	3.708	4.532	3.296	3.502	5.356	3.304	2.67	4.12	5.15	4.326	1.648	5.562	2.884	2.472	0.824	3.502	2.884	3.09	5.768	4.532	5.356	6.386	7.004	4.532	1.648	4.532	6.386	9.888	4.12	3.296	5.974	3.708	3.502	5.356	5.15	6.798	4.532	2.06	3.502	6.386	5.768	4.326	5.15	5.15	5.15	4.12	3.09	2.06	2.472	4.12	5.15	5.356	2.884	4.738	5.356	4.326	7.21	2.884	5.15	5.768	2.266	2.472	2.884	2.472	4.532	5.768	3.502	2.472	6.798	3.914	7.004	5.562	6.18	5.768	4.532	2.884	5.356	3.914	4.738	10.094	3.296	1.648	3.502	5.15	5.356	4.326	6.798	2.06	5.768	5.768	1.442	4.12	3.502	4.944	6.592	6.592	3.914	8.446	8.24	17.51	4.532	4.944	6.39	2.674	5.15	8.034	5.562	4.532	5.768	7.004	2.884	3.296	3.914	7.416	3.914	5.356	7.004	3.502	6.18	8.858	4.738	5.974	5.15	6.18	10.094	5.974	7.416	5.15	8.858	5.768	14.626	8.24	8.446	6.386	22.455	15.656	12.36	10.094	14.42	11.948	4.532	15.038	10.918	12.978	6.18	6.18	16.48	12.772	23.485	33.167	0.206	0	0	0.412	0	0.206	0	0	0	0	0	0.412	0.412	0.618	1.854	0.824	0.206	0.412	0.206	0	0	0	1.236	0.206	0.206	0.206	1.442	0.412	0	0	0	0.412	0.824	0	0.412	0.412	0	0.412	1.03	0	0.412	0.412	0	0.618	0.206	0	0.206	0	0.206	0.618	0	1.854	0.824	0	0.206	0	0	0.412	0.206	0.618	0.206	0	0.206	0.206	0	0	0	0	0	0.206	0	0	0	0	0	0.206	0	0.206	0.206	0	50:60,1065.34:200,50:80
Ftl1-NM_010240	1.03	0.206	1.236	3.09	1.648	1.236	0.412	1.854	0.824	0.824	1.648	0.618	4.738	0.824	0.618	0	0.824	1.648	1.236	2.266	1.854	1.236	3.296	1.854	0	0.824	1.236	0	8.446	10.094	22.249	9.27	10.3	21.631	4.12	1.03	3.914	6.592	23.073	68.806	13.802	12.566	25.545	4.738	0.618	3.502	3.09	2.266	0.824	2.884	5.562	5.974	1.442	1.03	2.472	1.648	1.03	4.532	2.266	5.15	1.442	2.884	2.266	3.267	3.325	0	0	0	0	0	0	0	0	0	0	0	0	0	0.206	1.648	0	0	0	0	0	0	0	0	0	0	0	0	0	0	0.216	0.76	0.054	0.447	0.377	0	0.206	0.412	0.824	1.71	2.204	7.348	7.039	8.957	2.619	2.671	4.834	10.934	9.734	3.133	2.678	1.854	1.03	3.708	0.488	2.808	2.678	0.412	0.618	2.53	4.14	0.747	0	0	0	0	0	0	0	0	0	0	0	0	0	0.247	1.589	1.048	1.854	1.454	2.985	2.868	5.476	5.502	9.487	6.57	5.664	2.753	3.181	2.851	3.108	3.369	1.796	0.22	1.222	1.133	2.001	3.031	1.25	0.206	0.412	0	0.618	0.412	0	0.206	0.206	0.239	0.791	0.206	0.824	0.387	1.055	0	0.618	3.049	0.453	0.919	1.542	1.041	0.206	0.412	0	0	0	0	0	0	0	0	0	0	1.011	2.493	1.868	4.124	1.177	3.334	1.03	0.412	0.824	0.206	0.022	1.008	0.934	2.98	0	1.03	1.236	0.206	1.03	1.03	1.236	0.812	2.69	3.667	3.361	6.156	1.348	0.712	0.206	0	0	0	0	0	0	0	0	0	0	0	0	0	0	0	0	0.027	0.179	0	0	0	0	0	0	0	0	0	0	0	0	0	0	0.206	0.412	0.618	19.158	18.54	36.051	15.038	5.974	13.802	27.399	10.094	14.626	2.884	2.06	4.12	8.24	4.12	6.18	3.914	7.416	1.442	0.824	1.03	2.678	0.824	2.678	2.472	2.06	2.266	0.206	0.412	0.206	1.442	4.944	3.502	2.266	0	0.206	0.618	0.618	0	0.824	0.618	0.618	1.854	0.824	0.206	0	0.412	0.824	0.824	1.03	0.412	0.824	0.824	0	0.206	0	0.206	0.412	0.412	0	0.206	0	0.206	0.206	0.206	0.412	0	0	0.206	0	0	0	0.412	0.412	0	0.206	0	0.206	0	0.412	0	50:60,9.715:200,50:80
Ftx-NR_028380	0	0	0	0	0	0	0	0	0	0	0	0.206	0.412	0	0	0	0	0	0	0	0	0	0	0	0	0	0	0	0	0	0	0	0	0	0	0	0	0	0	0	0	0	0	0	0	0	0	0	0	0	0	0	0.412	0	0	0	0.206	0.206	0	0	3.296	1.442	1.236	0.206	9.322	23.227	1.854	4.532	0.824	1.03	0.412	0	0	0	0.206	0	2.472	1.236	1.648	1.03	0.412	2.472	0.824	7.622	2.884	82.402	4.12	5.768	5.974	2.06	1.236	0.412	0.824	0.412	0.618	4.532	2.266	2.06	1.03	1.854	0	0.412	5.562	2.06	3.296	1.854	4.532	3.708	2.266	1.648	2.884	5.974	8.034	0.412	0.412	2.266	4.326	3.296	6.386	3.296	2.06	3.296	2.833	16.326	0.412	1.03	3.708	5.974	1.648	14.008	1.854	4.532	5.15	1.442	7.622	7.004	4.326	0.618	1.236	1.648	3.914	3.296	4.944	1.854	0.412	4.532	2.884	0.824	3.142	0.979	5.356	0.618	1.442	2.472	1.648	1.236	5.562	3.502	0.824	5.768	1.236	1.648	3.09	2.472	2.678	2.884	2.678	2.472	4.12	0.618	1.236	1.442	5.562	2.266	1.03	3.296	0.618	1.854	12.515	5.82	7.416	1.03	7.004	0.618	5.15	5.15	5.768	6.798	3.296	11.021	8.549	1.236	1.082	5.717	3.708	2.06	2.884	4.738	6.335	1.906	2.678	2.472	4.275	3.76	14.884	6.438	1.339	1.648	3.09	1.236	3.708	2.884	5.665	4.429	5.562	1.442	4.326	2.678	3.451	6.438	7.828	6.798	3.502	3.296	2.112	4.687	4.532	2.266	4.532	2.266	5.15	3.09	6.386	2.884	4.532	4.12	0.824	0.206	5.768	1.648	4.738	1.854	7.828	2.06	3.502	4.738	5.356	9.682	4.326	2.678	17.098	11.33	11.124	13.287	20.24	11.588	10.094	10.094	1.648	9.476	4.12	0.618	0.824	2.678	3.708	0.824	0	0.412	0.412	0.618	2.06	0	1.236	0.206	0	0.412	0.618	0.206	1.854	0.206	0.824	1.236	0.206	0.824	0.412	1.648	5.768	5.15	0	0.824	0.206	1.236	0.618	0.206	0	2.266	0.824	1.236	0	0.206	0.206	1.03	0	0.206	0.206	1.854	0.824	0.412	0.618	1.03	2.06	0.824	0.618	0	0.206	0.618	1.648	0.618	0.206	1.442	1.442	1.648	0.412	0.618	0	0.206	0	0.206	0.412	0.206	1.236	1.442	1.442	1.03	0	0.206	0.824	0	0.412	1.03	50:60,271.25:200,50:80
Fxyd5-NM_001287217	0	0	0	0	0	0	0	0	0	0	0	0	0	0	0	0	0	0	0	0	0	0	0	0	0	0	0	0	0	0	0	0	0.206	0	0	0	0	0	0	0	0.206	0	0	0	0	0	0	0	0	0	0	0	0	0	0	0	0.206	0	0	0	0	0	0	1.236	2.06	0	0.206	0	0	0	0	0	0.412	0	0	0	0.206	0	0	0	0	0	0	0	0	0	0	0	0	0.206	0	0	0	0	0	0	0	0	0	0	0	0	0	0.206	0	0	0	0	0.206	0	0	0	0	0	0	0	0	0	0	0	0	0	0	0	0	0.412	0	0.206	0	0	0	0	0	0	0	0	0	0	0	0	0	0	0	0	0	0	0	0	0	0	0	0	0	0	0	0	0	0	0	0	0	0	0	0	0	0	0	0	0	16.388	10.393	3.708	0.618	0	0	0	0	0	0.206	0	0	0	0	0	0	0	0	0	0	0	0	0	0	0	0	0	0	0	0.206	0	0	0	0.206	0	0	0	0	0	0	0	0	0	0	0.206	0	0.412	0	0	0	0	0	0.206	0	0	0	0	0	0	0	0	0	0	0	0	0	0.206	0	0	0	0	0	0	0	0	0	0	0	0	0	0	0	0	0	0	0	0	0	0	0	0	0.618	0	0	0	0.206	0	0	0	0.412	0.206	0	0	0	0.206	0	0.206	0	0.206	0	0.412	0.412	0.206	0	0	0	0	0	0	0	0.206	0	0	0.206	0.412	0	0.206	0.412	0.618	0	0	0	0	0	0	0	0	0	0	0	0.206	0	0	0	0	0	0	0	0	0	0	0	0	0	0	0	0	0	0	0	0	0	0	0	0.412	0.206	0.618	0.206	0.206	0.206	1.854	50:60,48.045:200,50:80
Gas8-NM_018855	0	0	0.206	0	0	0.206	0.206	0	0	0	0.206	0	0	0	0	0	0	0	0	0	0.206	0	0	0	0	0	0.206	0	0	0.206	0	0	0	0.206	0	0	0	0	0	0	0	0	0.206	0.206	0	0	0	0	0	0	0.618	0	0	0	0	0.206	0	0	0	0	26.121	32.384	2.472	0	0.206	0.206	0	0	0	0	0.412	0.206	0	0	0	0	0	0.618	0	0	0	0.206	0.412	0	0	0	0	0.206	0	0.288	0.536	0	0.412	0	1.03	0.206	0.206	1.236	0	0	0.618	0.074	0.132	0	0.206	0.206	0	0.206	0	0	0.206	0.206	0.255	0.157	0	0.206	0	0	0	0	0.412	0.412	0.824	0	0	0.206	0.206	0.824	0.824	1.03	1.648	0	0.206	0	0	0.618	0.206	0.618	0	0.206	0	0.206	0	0	0	1.442	0.824	0.618	0.206	0.618	0.618	0.206	0.412	0	1.236	1.442	0.206	0	0	1.236	0.206	2.472	1.648	1.236	0	1.854	1.763	1.533	0.206	0.412	2.06	0.206	1.442	1.03	0.618	0.206	0.206	1.03	0	0.618	0	1.599	1.285	1.648	1.648	1.03	0.618	0	0	0	0	0	0.618	0.412	0.412	0.824	0.206	0.412	1.442	0	0.206	2.06	1.648	0.206	0.412	0	0.363	0.461	1.03	2.678	1.03	1.648	1.236	0.824	0	0.618	0	1.236	0	0	0.618	0.412	0	0.206	0.206	0.412	1.236	0	0	0	0	0	0.206	0.206	0.412	1.442	0.618	0	0.412	0.618	0	0.412	0	0.412	0.618	0.206	0.618	0	0.206	0.206	0.412	0.206	0.824	0.412	0.618	0.412	0	0.412	0.412	0.618	0.206	0.206	0	0.412	0.206	0.206	1.442	1.03	1.236	0.206	0	0.824	0.824	0	0	0	0	0	0	0	0	0	0	0.206	0	0	0	0	0	0	0	0	0	0	0	0	0	0	0	0	0	0	0	0	0	0	0	0	0	0	0	0	0	0	0	0	0	0	0	0	0	0	0	0	0	0	0	0	0	0	0	0	0	0	0	0	0	0	0	0	50:60,89.08:200,50:80
Gbp7-NM_001083312	0	0	0	0	0	0	0	0	0	0	0	0	0	0	0	0	0	0	0	0	0	0.206	0	0	0	0	0	0	0	0	0	0	0	0	0	0	0	0	0	0	0	0	0	0	0	0	0	0	0	0	0	0	0	0	0	0	0	0	0	0	1.03	0	0.412	0	0.206	0.206	0	0	0	0	0	0.206	0	0	0	0	0	0	0	0	0	0	0	0	0	0	0	0	0	0	0	0	0	0	0	0	0	0	0	0	0	0	0	0	0	0	0	0	0	0	0	0	0	0	0	0	0	0	0	0.206	0	0	0	0	0.206	0	0	0.206	0.206	0	0	0	0	0.206	0	0	0	0	0	0	0	0	0.206	0	0.206	0	0	0	0	0	0	0	0	0	0	0	0	0	0	0	0	0	0	0	0	0	0	0	0	0	0	0	0.412	0	0	0	0	0.206	0	0	0	0	0	0	0	0	0	0	0	0	0.206	0	0.206	0	0	0	0	0	0	0.206	0	0	0	0	0	0	0	0	0	0	0	0	0.049	0.157	0.206	0	0	0	0	0	0	0	0	0	0	0	0	0	0	0	0	0	0	0	0	0	0	0.206	0	0	0.412	0.206	0	0.618	0	0	0	0	0	0.206	0	0	0	0	0	0.206	0	0	0	0	0	0.206	0	0	0	0	0	0	0	0	0	0	0	0	0	0	0	0	0.412	0	0	0	0	0	0	0	0	0	0	0	0	0	0	0	0	0	0	0	0	0	0	0	0	0	0	0	0	0	0	0	0	0	0	0	0	0	0	0	0	0	0	0	0	0	0	0	0	0	0	0	0	0	0	0	0	0	0	0	0	0	50:60,99.08:200,50:80
Gdpd4-NM_177696	0	0	0	0.206	0	0.412	0.206	0	0	0	0.206	0	0	0	0	0	0	0.206	0	0	0.206	0	0.618	0.618	0.206	0	0	0.206	0.206	0	0	0.206	0	0	0.412	0	0	0	0.618	0.206	0.206	0	0	0	0	0	0	0	0	0	0	0	0	0	0	0	0	0	0	1.854	4.12	0.206	0.206	0	0.206	0	0.206	0.206	0.412	0.412	0	0.206	0	0	0	0	0.206	0	0	0	0	0	0	0	0	0	0	0	0	0	0	0	0	0	0	0.206	0.206	0	0	0	0	0	0	0.206	0	0	0	0	0	0	0	0	0	0.206	0	0	0	0.206	0	0	0	0	0	0	0	0	0	0	0	0	0	0	0	0	0	0	0.206	0	0	0	0.412	0.618	0.206	0	0.618	0.206	0	0	0	0	0	0	0	0	0	0.206	0	0	0.206	0	0	0	0	0	0	0	0	0	0	0	0.206	0	0.206	0	0	0	0	0	0	0	0	0	0	0	0	0	0	0	0	0	0	0	0	0	0	0	0	0	0	0	0	0	0	0	0	0	0.206	0	0	0	0	0	0	0.206	0	0	0	0	0	0	0	0	0	0	0	0	0	0	0	0	0	0	0.412	0	0	0	0	0	0	0	0	0	0	0	0.206	0	0	0	0	0	0	0	0	0	0.206	0	0	0	0	0	0	0	0	0	0	0	0	0	0	0	0	0	0	0	0	0	0	0	0	0	0	0	0	0	0	0	0	0	0	0	0	0	0	0	0	0	0	0	0	0	0	0	0	0	0	0	0	0	0	0	0	0	0	0	0	0	0	0	0	0	0	0	0	0	0	0	0	0	0	0	0	0	0	0	0	0	0	0	0	0	50:60,648.53:200,50:80
Gfm2-NM_177266	0	0	0	0.206	0	0.206	0.412	0	0	0	0.412	0.412	0	0	0	1.236	0	0.206	0	0	0	0	0	0.206	0	0.206	0	0	0	0	0.412	0	0	0	0	0	0	0.412	0.412	0.206	0.412	0.206	0.412	0	1.442	1.03	0	0	1.236	1.03	0	0	0.206	0	0	0.206	0	0	0	0	355.771	5.768	1.442	0	2.678	0.412	0	0.618	0.206	0.206	0.206	0	2.266	0.206	0.618	1.236	0	1.854	0.412	0.412	0.824	0.824	1.03	3.708	2.266	1.442	0.618	1.648	3.914	0.412	1.854	1.854	0.412	2.472	0.412	1.702	1.594	0	0	0.824	0.412	0.824	0	0.412	2.266	2.678	1.03	10.712	5.15	1.442	1.236	1.648	1.03	1.236	1.854	1.442	1.236	3.296	0.206	1.442	4.738	1.854	2.266	1.442	3.25	14.673	2.678	3.502	1.03	0.824	2.678	0.206	0.824	3.09	1.03	1.442	0.824	2.884	0.618	4.12	5.356	3.708	8.652	3.708	3.09	0.618	3.09	6.18	0.824	1.092	1.727	2.537	1.03	5.768	1.442	2.06	1.03	0.412	1.442	1.648	2.266	2.472	0	1.854	2.678	0.618	2.472	1.648	1.442	3.708	3.914	2.06	4.532	0.206	2.266	0.206	0.824	1.442	4.12	4.532	1.442	2.266	5.15	0	0	0	0	0.412	3.09	3.09	1.442	2.472	0	0.206	1.648	1.854	1.236	0.618	1.648	0.824	1.236	2.06	0.618	1.03	1.442	2.266	0.618	5.356	0.412	1.03	0.824	4.738	1.648	1.648	1.648	0	0	4.738	0.206	0.412	0	1.854	0.824	0	0	0.412	0	0.206	0.824	3.296	1.648	0.412	2.678	0.206	2.678	1.03	1.442	1.442	0.618	3.564	4.676	4.944	0.618	3.09	1.236	2.06	3.708	6.592	3.296	6.592	6.18	2.678	1.236	5.356	1.236	4.532	6.18	2.472	3.09	1.03	0.412	1.03	3.09	0	0.412	1.236	1.442	4.738	1.03	0.618	0.412	0.206	0.618	2.266	0.618	0	0	0.412	0	0	0	0.206	0.412	0.206	0	1.03	2.06	2.678	1.03	0.618	0.618	1.03	0.618	0.824	0.412	0.206	0.206	0.206	0.618	0.412	0.206	0	0	0.206	0.412	1.854	1.03	0.618	0.412	0	1.854	1.854	2.472	0.824	0.206	1.03	0	0.618	0	0.206	0.412	1.236	2.266	1.03	2.06	0.618	0.206	0.824	0.206	0.412	0.206	0	0	0	0.618	1.03	1.854	0.412	1.442	2.472	50:60,192.535:200,50:80
Gfod2-NM_001368388	0	0	0	0	0	0	0.412	0	0	0	0	0	0	0	0	0	0	0	0	0	0	0	0	0	0	0	0	0	0	0	0	0	0	0	0	0	0	0	0	0	0	0	0	0	0	0	0	0	0	0	0	0	0	0	0	0	0	0	0	2.06	11.124	2.266	0.824	0.618	0.206	0	0	0.206	0.824	0.618	0	0.206	0	0.412	0	0.618	0.618	0.412	0.412	0.412	0.824	1.03	0.206	1.236	0.618	0.206	0.412	0.206	0.206	0	0	1.648	0.824	0.618	1.442	1.236	0.412	4.326	1.854	0.618	2.678	0.412	0.412	0.824	0.824	0.206	0.412	0.618	1.03	0.206	0.412	0.412	0.412	2.884	1.442	0.412	0.412	0.618	0.206	0.824	0.618	0.206	0	0.206	1.442	4.326	2.06	2.678	1.356	1.117	1.281	1.397	0.618	1.236	0.206	1.03	0.412	0	0.824	2.06	2.06	1.648	1.03	0.824	0.412	2.472	1.236	1.03	1.648	3.09	0.618	1.648	1.236	0.824	0	0	0	0.412	1.03	1.442	1.03	0	0	0	0	0	0	0.206	0	0.824	1.442	1.236	0.618	0.206	1.442	0	0	1.236	0.618	1.648	0.618	1.442	0.618	0	1.03	0	0.412	0.824	1.442	1.03	0.499	0.325	0	0.412	0	0.824	0.412	1.854	1.03	0.618	0.412	0.618	1.648	0.412	2.884	0	0.824	20.807	1.236	2.06	1.854	0.618	1.03	0.206	0	0.206	1.442	0.206	1.236	0.618	1.854	0.206	0.342	0.482	0.412	0.618	0.412	1.442	1.648	0.618	2.105	2.221	2.06	3.502	1.854	1.442	1.648	2.266	0.412	0.206	1.854	2.678	0.824	1.03	1.38	2.023	2.229	11.878	10.094	6.798	22.838	5.385	1.648	6.798	4.326	4.738	0.618	4.738	2.884	7.416	0.206	0	0	1.442	0.618	0.618	0.206	0.618	1.648	0.412	0.206	0.618	1.03	0.618	1.442	1.03	1.442	0	0.206	0.618	0.618	0.412	0.618	0.206	0.206	0.618	0.412	0.824	0.824	1.442	1.854	0.618	3.296	0.206	0.618	0.412	1.03	1.236	2.06	0	0.618	0	0	0.206	0.618	1.03	1.442	0	0.824	0.412	0	0	0	0.618	0.824	1.03	0.206	0.412	0	0	0	0	0.618	0.412	0.824	0.412	0	0	0	0	0	0.412	0	0.824	0.206	0	0.206	0.412	0	0.206	50:60,222.82:200,50:80
Ggt7-NM_001362900	0	0	1.03	0.206	0	0	0	0	0	0	0	0	0	0	0	0	0	0	0	0	0	0	0	0	0	0	0	0	0	0	0	0	0	0	0	0	0	0	0	0	0	0	0	0	0	0	0	0	0.618	0.206	0.206	0	0	0	0	0	0	0	0	0	1.854	0	0.206	0	0	0.206	0	0	0	0	0	0	0	0	0	0	0	0	0	0	0	0	0	0	0	0.206	0	0	0	0	0	0.206	0.206	0	0	0	0	0	0	0	0	0	0.206	0.206	0	0	0	0	0	0	0	0.206	0.206	0	0	0.206	0.618	0.206	0.412	0.618	0.412	0.824	0	0	0.824	0.206	0.206	0.206	0	0.206	1.03	0	0	0.412	0.618	0.412	0	0	0	0	0.618	0	0	0.206	0.206	0	0.206	0	0	0.412	0.206	0	0	0	0	0	0	0	0	0	0	0	0	0	0.206	0	0.206	0.206	0	0	0	0	0	0	0	0	0	0	0.206	0	0	0.206	0	0.206	0	0.206	0	0	0.206	0	0	0.412	0.412	0.412	0.412	0.824	0.412	0	0	0.206	0.206	0	0	0.206	0.206	0	0	0.206	0	0.206	0	0.206	0.412	0	0	0	0.206	0.206	0.206	0.206	0	0.412	0.206	0	0	0.412	0.206	1.236	0.206	0	0	1.03	0.206	0.618	0	0	0.206	0.412	0.206	0	0.206	0	0.206	0.206	0	0	0.206	0.206	0.618	0.206	0	0	0	0.206	0.206	0	0	0	0	0.206	0.206	0	0	0	0.206	0	0	0	0	0.206	0.206	0.206	0	0.412	0	0	0	0.412	0.206	0	0	0	0	0	0	0	0	0.206	0	0	0.206	0.206	0	0	0	0	0.206	0.206	0	0.206	0	0	0	0.618	0	0	0	0	0	0	0.206	0	0	0	0	0	0	0	0.206	0	0	0	0	0	0.206	0	0	0	0	0	0	0	0	0	0	0	0	0.206	0	0	50:60,122.335:200,50:80
Gjb1-NM_008124	0	0	0	0	0	0	0	0	0	0	0	0	0	0	0	0	0	0	0	0	0	0	0	0	0	0	0	0	0	0	0	0	0	0	0	0	0	0	0	0	0	0	0	0	0	0	0	0	0	0	0	0	0	0	0	0	0	0	0	0	0	0	0	0	0	0	0	0	0	0	0	0	0	0	0	0	0	0	0	0	0	0	0	0	0	0	0	0	0	0	0	0	0	0	0	0	0	0	0	0	0	0	0	0	0	0.206	0	0	0	0	0	0	0	0	0	0	0	0	0	0	0	0.206	0	0	0	0	0	0	0	0	0	0	0	0	0	0	0	0	0	0	0	0	0	0	0	0	0	0	0	0	0	0.206	0	0	0	0	0	0	0	0	0	0	0	0.206	0	0	0	0	0	0	0	0	0	0	0	0	0	0.206	0	0	0	0	0	0	0	0	0.412	0	0	0.206	0	0	0	0	0	0	0	0	0	0	0	0	0.206	0	0.206	0	0	0	0	0	0.206	0.618	0	0	0	0	0.206	1.236	0.824	2.06	1.03	0	0	0	0.18	0.026	0	0	0	0	0	0	0	0	0	0.206	0	0	0	0	0	0	0.412	0	0	0	0	0.206	0	0	0	0	0	0	0	0	0	0	0	0	0	0.206	0	0	0	0	0	0	0	0	0	0.206	0	0	0	0	0	0	0	0	0	0	0	0	0	0.206	0	0	0	0	0	0	0	0	0	0	0	0	0	0	0	0	0	0	0	0	0	0	0	0	0	0	0	0	0	0	0	0	0	0	0	0	0	0	0	0	0	0	0	0	0	0	0	0	0	0	0	0	0	0	50:60,41.975:200,50:80
Glcci1-NM_001286729	0.412	0.206	0	0.206	0.412	0	0	0	0.206	0.618	0.412	0	0	0	0	0	0	0	0.206	0.412	0	0.412	0.206	0	0.206	0	0	0	0	0	0	0	0	0	0	0	0.412	0.412	0.412	0	0.412	0.206	0	0.206	0	0	0.412	0	0	0.206	0	0	0	0	0	0	0.206	0	0	0	0.824	1.236	1.236	1.648	0.618	3.502	1.03	2.266	1.442	1.03	1.236	2.472	2.472	4.326	0	0.206	1.236	1.03	0.824	1.236	5.15	3.09	0	0	0	0	0	0	1.648	1.195	1.483	1.03	0	0	2.678	0.824	0.618	1.236	0.824	0.206	0.412	0.206	1.191	3.547	0.618	0.824	0.206	0	0	0	0	0	0	0	0	0	0	0	0	0	0	0	0	0.618	0.206	1.236	1.03	1.03	0.618	0.824	0.412	0.618	0.824	0.618	0.206	1.648	0.824	0.618	1.442	1.236	0.206	0.206	0.412	0	0.618	0.618	0	1.854	0.412	0.412	1.854	0.206	1.442	1.236	1.236	1.03	1.03	0.222	0.19	0.618	0.206	0.206	0.206	0.412	0.412	1.03	0.618	1.03	0.206	0	0	0	0	0.412	0.412	0	0	0.618	0.618	0.412	0.618	0	0.412	0.412	0.412	0	0	0	0	0	0	0	0	0	0.206	0.824	0	0	0.618	0	1.236	0.412	0.206	0	0.412	0	0.206	0.206	0.206	0.618	0	0.206	0.412	0	0.206	0.824	0.206	0.206	1.03	0	0	0.206	0.412	1.442	0.412	1.31	0.544	1.03	0.206	0.824	0.824	0	0.824	0.618	0.412	0.618	0.824	0.824	1.442	0.412	0.412	0.972	0.47	0.206	0.206	1.442	1.03	0	0	0.206	0	0.206	1.03	1.03	0.206	1.236	1.236	0.206	0.206	1.236	0.412	0.206	0.206	0	0.206	0.206	0	0	0.206	0.824	0	0	0	0	0	0.206	0	0	0.206	1.854	0	0	0.412	0	0	0.824	0	0.206	0	0	0.206	0.412	0	0.412	0.412	0.206	0.206	0.206	0.618	0	0	0	0	0	0.206	0	0	0.206	0	0.412	0	0.206	0	0	0	0.618	0.206	0.618	0.206	0.206	0	0	0.206	0	0.206	0.618	0	0	0.206	0.206	0.206	0.206	0	0	0	0	0.206	0.412	0	0	50:60,387.46:200,50:80
Gm11437-NM_001037932	0	0	0	0	0	0	0	0	0	0	0	0	0	0	0	0	0	0	0	0	0	0	0	0	0.206	0	0	0	0.206	0.412	0	0	0	0	0	0	0	0	0.206	0	0	0	0	0	0	0	0	0	0	0	0	0	0	0	0	0	0	0	0	0	0	0	0	0	0	0	0	0	0	0	0	0	0	0	0	0	0	0	0	0	0	0	0	0	0	0	0	0	0	0.206	0	0	0	0	0	0	0	0	0	0	0	0	0	0	0	0	0	0	0	0	0	0	0	0	0	0	0.206	0	0	0	0	0	0	0.206	0	0	0	0	0	0	0	0	0	0	0	0	0	0	0	0	0	0	0	0	0	0	0	0	0	0	0	0	0	0	0	0	0	0	0	0	0	0	0	0	0	0	0	0	0	0	0	0	0	0	0.206	0	0	0	0	0	0	0.206	0	0	0	0	0	0	0	0	0	0	0	0	0	0	0	0	0	0	0	0	0	0	0	0	0	0	0	0	0	0	0	0	0	0	0	0.206	0	0	0	0	0	0	0	0	0	0	0	0	0	0	0	0	0	0	0	0	0	0	0	0	0	0	0	0	0	0	0	0	0	0	0.206	0.206	0	0.206	0	0	0	0	0	0	0	0	0	0	0	0	0	0	0	0	0	0	0	0	0	0	0	0	0	0	0	0	0	0	0	0	0	0	0	0	0	0	0	0	0	0	0	0	0	0	0	0	0	0	0	0	0	0	0	0	0	0	0	0	0	0	0	0	0	0	0	0	0	0	0	0	0	0	0	0	0	0	0	0	0	0	0	0	50:60,95.57:200,50:80
Gm13289-NM_001243165_3	0	0	0	0	0	0	0	0	0	0	0	0	0	0	0	0	0	0	0	0	0	0	0	0	0	0	0	0	0	0	0	0	0	0	0	0	0	0	0	0	0	0	0	0	0	0	0	0	0	0	0	0	0	0	0	0	0	0	0	0	0	0	0	0	0	0	0	0	0	0	0	0	0	0	0	0	0	0	0	0	0	0	0	0	0	0	0	0	0	0	0	0	0	0	0	0	0	0	0	0	0	0	0	0	0	0	0	0	0	0	0	0	0	0	0	0	0	0	0	0	0	0	0	0	0	0	0	0	0	0	0	0	0	0	0	0	0	0	0	0	0	0	0	0	0	0	0	0	0	0	0	0	0	0	0	0	0	0	0	0	0	0	0	0	0	0	0	0	0	0	0	0	0	0	0	0	0	0	0	0	0	0	0	0	0	0	0	0	0	0	0	0	0	0	0	0	0	0	0	0	0	0	0	0	0	0	0	0	0	0	0	0	0	0	0	0	0	0	0	0	0	0	0	0	0	0	0	0	0	0	0	0	0	0	0	0	0	0	0	0	0	0	0	0	0	0	0	0	0	0	0	0	0	0	0	0	0	0	0	0	0	0	0	0	0.206	0	0	0	0	0	0	0	0	0	0	0	0	0	0	0	0	0	0	0	0	0	0	0	0	0	0	0	0	0	0	0	0	0	0	0	0	0	0	0	0	0	0	0	0	0	0	0	0	0	0	0	0.206	0	0	0	0	0	0	0	0	0	0	0	0	0	0	0	0	0	0	0	0	0	0	0	50:60,4.84:200,50:80
Gm19461-NR_037984	0	0	0	0	0	0	0	0	0	0	0	0	0	0	0	0	0	0	0	0	0	0	0	0	0	0	0	0	0	0	0	0	0	0	0	0	0	0	0	0	0	0	0	0	0	0	0	0	0	0.206	0	0	0	0	0	0	0	0	0	0	0	0	0	0	0	0	0	0	0	0	0	0.206	0	0	0	0	0	0.206	0	0	0	0	0	0	0	0	0	0	0	0	0	0	0	0	0	0	0	0	0	0	0	0	0.206	0.206	0	0.412	0	0	0.618	0.206	0	0	0	0	0	0	0	0	0	0	0	0	0	0	0	0	0	0	0	0	0	0	0	0	0	0	0	0	0	0	0	0	0	0	0	0	0	0	0	0	0	0	0	0	0	0	0	0	0	0	0	0	0	0	0	0	0	0	0	0	0	0	0	0.412	0	0	0	0	0	0	0	0	0	0	0	0	0	0	0	0	0	0	0	0	0	0	0	0	0	0	0	0	0	0	0.206	0.206	0	0	0	0	0	0	0	0	0	0	0	0	0	0	0	0	0	0	0	0	0	0	0	0	0	0	0	0	0	0	0	0	0	0	0	0	0	0	0	0	0	0	0	0	0	0	0	0	0	0	0	0	0	0	0	0	0	0	0	0	0	0	0	0	0	0	0	0	0	0	0	0	0	0	0	0	0	0	0	0	0	0	0	0	0	0	0	0	0	0	0	0	0	0	0	0	0	0	0	0	0	0	0	0	0	0	0	0	0	0	0	0	0	0	0	0	0	0	0	0	0	0	0	0.618	0	0.206	0	0	0	0	0	0	0	0	50:60,99.785:200,50:80
Gm4969-NM_001370812	0	0	0	0	0	0	0	0	0	0	0	0	0	0	0	0	0	0	0	0	0	0.206	0	0	0.206	0	0	0	0	0	0	0	0	1.648	2.884	0.824	0	0	0	0.206	0	0	0.206	0	0	0	0	0	0	0	0	0	0	0	0	0	0	0.824	0	0.206	0.618	0	0	0	0	0.206	0	0.206	0	0	0	0.206	0	0	0	0	0	0	0	0	0	0	0	0	0	0	0.206	0.074	0.132	0	0.412	0	0	0	0	0	0	0	0	0	0	0.206	0.206	0	0	0	0	0	0	0	0.206	0	0	0	0.206	0.503	0.115	0.206	0.206	0.206	0	0	0.206	0	0	0	0	0	0	0	0	0	0	0	0	0	0	0	0.206	0	0	0	0.206	0	0	0	0.206	0	0	0	0.206	0.412	0	0.206	0	0	0.206	0	0	0	0	0	0	0.206	0	0	0	0	0	0.206	0.206	0	0	0	0.206	0	0	0	0	0	0.618	0	0	0	0.206	0	0	0	0	0.206	0	0	0	0	0.206	0	0	0	0.206	0	0	0	0	0.618	0	0.206	0.618	0.618	0	0	0	0	0	0	0	0.618	0	0	0.412	0.206	0	0.206	0	0	0	0.412	0.412	0.206	0	0.206	0	0	0	0	0	0	0.206	0.206	0	0	0	0	0.618	0.206	0	0	0	0.618	0	0	0	0.206	0.29	0.122	0.206	0	0.206	0.206	0	0	0.412	0	0	0.618	0	0.206	0.412	0.412	1.03	0	0	0	0	0	0	0	0	0.412	0.206	0.206	0	0.206	0.618	0	0.206	0	0	0	0.206	0.206	0.618	0	0.206	1.03	1.648	0.412	0.412	0	0.618	1.236	0	0	0	0	0	0.412	0	0.412	0.206	0	0	0	0.206	0	0	0	0.206	0.618	0	0	0	0.412	0	1.854	1.03	0	0	0.824	0	0	0	0	0.206	0	0.206	0.206	1.03	0	0	0	50:60,100.37:200,50:80
Gm5106-NR_152133	0	0	0	0	0	0	0	0	0	0	0	0	0	0	0	0	0	0	0	0	0	0	0	0	0	0	0	0	0	0	0	0	0	0	0	0	0	0	0	0	0	0	0	0	0	0	0	0	0	0.412	0	0	0	0	0	0.206	0	0	0	0	0	0.206	1.442	0.412	2.817	0.273	0	0	0	0	0	0	0	0	0	0	0	0	0	0	0	0	0	0.206	0	0	0	0	0	0	0	0	0	0	0	0	0	0	0.206	0.206	0	0	0.206	0	0	0	0	0	0	0	0	0.206	0.206	0	0	0	0	0.618	0	0	0	0	0	0.206	0	0	0.412	0	0	0	0	0	0	0	0	0	0	0	0	0	0	0	0	0	0	0	0	0	0	0	0	0	0	0	0	0	0	0	0	0	0	0	0	0	0	0	0	0	0	0	0	0	0	0	0	0	0	0	0	0	0	0	0	0	0	0	0	0	0	0	0	0	0	0	0.206	0	0	0	0	0	0	0.206	0	0	0	0	0	0	0	0	0	0	0	0	0	0	0	0	0	0	0	0	0	0	0	0	0	0	0	0	0	0	0	0	0	0	0	0	0.206	0	0	0	0	0	0	0	0.412	0	0	0	0	0	0	0	0	0	0	0	0	0	0	0	0	0	0	0	0	0	0	0	0	0	0	0	0	0	0	0	0	0	0	0	0	0	0	0	0	0	0	0	0	0	0	0	0	0	0	0	0	0	0	0	0	0	0	0	0	0	0	0	0	0	0	0.206	0	0	0	0	0	0	0	0	0	0	0	0	0	0	0	0	0	0	0	0	0	0	0	0	0	0	50:60,124.735:200,50:80
Gm6936-NR_045001	0	0	0	0	0	0	0	0	0	0	0	0	0	0	0	0	0	0	0	0	0	0	0	0	0	0	0	0	0	0.412	0	0	0	0	0	0	0	0	0	0	0	0	0	0	0	0	0	0	0	0	0	0	0	0	0	0	0	0	0	0	0	0	0	0	0	0	0	0	0	0	0	0	0	0	0	0	0	0	0	0	0	0	0	0	0	0	0	0	0	0	0	0	0	0	0	0	0	0	0	0	0	0	0	0	0	0	0	0	0	0	0	0	0	0	0	0	0	0	0	0	0	0	0	0	0	0	0	0	0	0	0	0	0	0	0	0	0	0	0	0	0	0	0	0	0	0	0	0	0	0	0	0	0	0	0	0	0	0	0	0	0	0	0	0	0	0	0	0	0	0	0	0.206	0	0	0	0	0	0	0	0	0	0	0	0	0	0	0	0	0	0	0	0	0	0	0	0	0	0	0	0	0	0	0	0	0	0	0	0	0	0	0	0	0	0	0	0	0	0	0	0	0	0	0	0	0	0	0	0	0	0	0	0	0	0	0	0	0	0	0	0	0	0	0	0	0	0	0	0	0	0	0	0	0	0	0	0	0	0	0	0	0	0	0	0	0	0	0	0	0	0	0	0	0	0	0	0	0	0	0	0	0	0	0	0	0	0	0	0	0	0	0	0	0	0	0	0	0	0	0	0	0	0	0	0	0	0	0	0	0	0	0	0	0	0	0	0	0	0	0	0	0	0	0	0	0	0	0	0	0	0	0	0	0	0	0	0	0	0	0	0	50:60,85.08:200,50:80
Gm94-NM_001033280	0	0	0	0	0	0	0	0	0	0	0	0	0	0	0	0	0	0	0	0	0	0	0	0	0	0	0	0	0	0	0	0	0	0	0	0	0	0	0	0	0	0	0	0	0	0	0	0	0	0	0	0	0	0	0	0	0	0	0	0	0	0	0	0	0	0	0	0	0	0	0	0	0	0	0	0	0	0	0	0	0	0	0	0	0	0	0	0	0	0	0	0	0	0	0	0	0	0	0	0	0	0	0	0	0	0	0	0	0	0	0	0	0	0	0	0	0	0	0	0	0	0	0	0	0	0	0	0	0	0	0	0	0	0	0	0	0	0	0	0	0	0	0	0	0	0	0	0	0	0	0	0	0	0	0	0	0	0	0	0	0	0	0	0	0	0	0	0	0	0	0	0	0	0	0	0	0	0	0	0	0	0	0	0	0	0	0	0	0	0	0	0	0	0	0	0	0	0	0	0	0	0	0.412	0	0	0	0	0	0	0	0	0	0	0	0	0	0	0	0	0	0	0	0	0	0	0	0	0	0	0	0	0	0	0	0	0	0	0	0	0	0	0	0	0	0	0	0	0	0	0	0	0	0	0	0	0	0	0	0	0	0	0	0	0	0	0	0	0	0	0	0	0	0	0	0	0	0	0	0	0	0	0	0	0	0	0	0	0	0	0	0	0	0	0	0	0	0	0	0	0	0	0	0	0	0	0	0	0	0	0	0	0	0	0	0	0	0	0	0	0	0	0	0	0	0	0	0	0	0	0	0	0	0	0	0	0	0	0	0	0	50:60,78.415:200,50:80
Gna14-NM_008137	0	0	0	0	0	0	0	0	0	0	0	0	0	0	0	0	0	0	0	0	0	0	0	0	0	0	0	0	0	0	0	0	0	0.206	0	0	0	0	0	0	0	0	0	0	0	0	0	0	0	0	0	0	0	0	0	0	0	0	0	0	3.914	0.412	0.824	0	0.618	0.412	0.412	0	0.412	1.03	0	0.206	0.824	0.824	0.824	2.472	0.412	0.824	1.854	0.206	0.618	1.648	1.03	0.824	0.618	0.206	0.206	0.824	1.03	0.206	0.206	1.03	1.03	1.236	1.442	0.618	0.824	0.618	2.678	0.824	0.618	1.442	0.412	0.824	0.824	0.824	0.412	0.412	1.648	0.412	0.412	0.824	0.412	1.648	0.618	2.884	0.618	1.03	0.824	0.412	1.236	0.206	0	2.472	2.678	2.472	1.03	1.236	1.03	1.442	1.236	2.266	1.03	0.412	1.236	1.03	1.03	0.412	0.824	0	0.618	1.854	1.03	0.412	0.412	0.824	1.236	0.824	1.03	1.236	0.412	0.412	0.618	0.412	0.206	1.03	1.236	1.03	0.412	0.206	0.412	1.03	1.236	0.618	0.824	2.06	2.266	1.236	1.854	1.03	0.206	0.824	1.03	1.03	1.03	0	0.618	0.824	3.708	1.236	1.236	0.206	0.824	1.03	0.824	0	0.618	0	0.206	0.206	0.412	0.412	0.618	0.206	0.412	1.03	1.442	1.03	2.06	1.236	0.412	1.648	0.618	1.03	0.618	0.206	0.412	0.206	0.618	0.412	0.824	1.236	1.442	0	0	0.412	0.618	0.206	0.412	0	1.03	0.412	1.236	1.236	0.824	0.618	0.206	0.618	0.618	0.824	1.03	0.618	0.206	0.412	0.412	1.236	0.824	1.03	0	0	0.412	1.03	1.03	0	0.412	0.412	1.236	0.618	0.618	1.648	0.412	0.206	0.618	1.442	1.03	0.824	1.236	0.824	0.618	0.618	0	0	0	0	0.206	0	0	0	0.206	0	0.206	0.206	0	0	0	0	0	0.206	0	0	0.206	0.206	0	0	0	0	0	0	0	0	0.206	0.206	0	0	0	0.206	0	0	0	0	0.206	0.618	0	0	0	0	0	0	0	0	0	0	0	0	0	0	0	0	0	0.206	0.206	0.412	0.206	0	0	0	0	0	0	0	0	0	0	0	0	0	0	0	0.206	0	50:60,875.76:200,50:80
Gnat2-NM_008141	0	0	0	0.206	0	0	0	0	0	0	0	0	0	0	0	0.206	0	0	0	0.206	0	0	0	0	0	0	0.206	0	0	0	0	0	0	0	0.206	0	0	0	0	0	0	0	0	0	0	0	0	0	0	0	0	0.206	0	0	0	0	0	0.206	0	0	0	0	0	0	0	0	0	0	0	0	0.206	0	0	0	0	0	0	0	0	0.412	0	0	0	0	0	0	0	0.206	0	0	0	0	0.412	0	0	0	0	0	0	0	0	0	0	0.206	0	0	0	0	0	0.206	0	0	0	0	0.206	0	0.206	0	0	0	0	0.206	0.206	0	0	0	0	0	0	0	0	0	0	0	0	0	0	0	0	0	0	0	0	0	0.206	0	0	0	0	0	0	0	0	0	0	0	0.618	0	0	0	0	0	0	0.206	0	0	0	0	0	0	0	0	0	0.206	0.592	0.026	0	0	0	0	0	0	0	0	0	0	0	0	0.206	0	0	0	0	0.412	0	0.206	0	0	0	0	0	0	0	0	0	0	0	0	0	0	0	0	0	0	0.206	0	0	0	0	0	0	0.206	0	0	0.206	0	0	0	0.206	0	0	0	0	0	0	0	0	0	0	0	0.412	0	0	0	0	0.412	0	0	0	0	0	0	0	0	0.206	0.412	0	0	0	0	0	0.412	0	0	0	0	0	0	0	0	0.412	0	0	0	0	0.206	0	0	0.412	0.412	0	0.206	0	0	0	0	0	0.412	0	0	0	0	0	0	0.206	0.206	0	0.206	0	0	0	0	0	0	0	0	0	0	0	0	0	0	0	0	0.206	0	0	0	0	0	0	0	0	0	0	0	0	0	0	0	0	0	0	0	0	0	0	0	0	0	50:60,41.825:200,50:80
Gria2-NM_001357927	0	0	0	0	0	0	0	0	0	0	0	0	0	0	0	0	0	0	0	0	0	0	0	0	0	0	0	0	0	0	0	0	0	0	0	0	0	0	0	0	0	0	0	0	0	0	0	0	0	0	0	0	0	0	0	0	0	0	0	0	0.206	0	0	0	0	0	0	0	0	0	0	0	0	0	0	0	0	0	0	0	0.206	0	0	0	0	0	0	0	0	0	0	0	0	0	0	0	0	0	0	0	0	0	0	0	0	0	0	0	0	0	0	0	0	0	0	0	0	0	0	0	0	0	0	0	0	0	0	0	0	0	0	0	0	0	0	0	0.206	0	0	0	0	0	0	0	0	0	0	0	0	0	0	0	0	0	0	0	0	0	0	0.206	0	0	0	0	0	0	0	0	0	0	0	0	0	0	0	0	0	0	0	0	0	0	0	0.206	0	0	0	0	0	0	0	0.206	0	0	0	0	0	0	0	0	0	0	0	0	0	0	0	0	0	0	0	0	0	0	0	0	0	0	0	0.206	0	0	0	0	0.206	0	0	0	0	0	0	0	0	0	0	0	0	0	0	0	0	0	0	0	0	0	0	0	0	0	0	0	0	0	0	0	0	0	0	0	0	0	0	0	0	0	0	0	0	0	0	0	0	0	0	0	0	0	0	0	0	0	0	0	0	0	0	0	0	0	0	0	0	0	0	0	0	0	0	0	0	0	0	0	0	0	0	0	0	0	0	0	0	0	0	0	0	0	0	0	0	0	0	0	0	0	0	0	0	0	0	0	0	0	0	0	0	0	0	0	50:60,606.93:200,50:80
Gsx2-NM_133256	0	0	0	0	0	0	0.206	0	0	0	0	0	0	0	0	0	0	0	0	0.206	0	0	0.206	0	0	0	0	0	0	0	0	0	0	0	0	0	0	0	0	0	0	0	0	0	0	0	0.206	0.206	0	0	0	0	0	0.206	0	0	0	0	0	0.206	0	0	0	0	0	0	0	0	0	0	0	0	0	0	0	0	0	0	0	0	0	0	0	0	0	0	0	0	0	0	0	0	0	0	0	0	0	0	0	0	0	0	0	0	0	0	0	0	0	0	0	0	0	0	0	0	0	0	0	0	0	0	0	0	0	0	0	0	0	0	0	0	0	0	0	0	0	0	0	0	0	0	0	0	0	0	0	0	0	0	0	0	0	0	0	0	0	0	0	0	0	0	0	0	0	0	0	0	0	0	0	0	0	0	0	0	0	0	0	0	0	0	0	0	0	0	0	0	0	0	0	0	0	0	0	0	0	0	0	0	0	0	0	0	0	0	0	0	0	0	0	0	0	0	0	0	0	0	0	0	0	0	0	0	0	0	0	0	0.206	0	0	0	0	0	0	0	0	0	0	0	0	0	0	0	0	0	0	0	0	0	0	0	0	0	0	0	0	0	0	0	0	0	0	0	0	0	0	0	0	0	0	0	0	0	0	0	0	0	0	0	0	0	0	0	0	0	0	0	0	0	0	0	0	0.206	0	0	0	0	0	0	0	0	0	0	0	0	0	0	0	0	0	0	0	0	0	0	0	0	0	0	0	0	0	0	0	0	0	0	0	0	0	0	0	0	0	0	0	0	0	0	50:60,11.465:200,50:80
Gtpbp3-NR_157146	0	0	0	0	0	0	0.206	0.824	0	0	0.206	0	0.618	0	0.206	0.412	0	0	0.206	0	0	0	0	0.412	0	0	0.412	0	0	0	0	0	0.206	0	0	0	0	0	0	0.412	0	0	0.206	10.094	2.266	0.824	0	0.206	0.412	0.412	0.206	0	0.412	0.412	0.412	0.206	0.206	0	0	14.832	62.001	4.126	0.206	0	0.206	0.206	0	0	0	0	0	0	0	0	0.618	0.206	0.412	0.412	0.412	0.412	0	0	0.206	0	0	0	0.618	0.824	0.412	0.412	0.206	0.412	0.206	0	0	0.206	0.206	1.03	2.472	0.206	2.266	0.618	0	0	0	0.618	0	0.206	0.206	0.206	1.03	0.206	1.854	0.206	0.206	0.412	0.824	0	0	0.618	0.412	0.412	0	0.206	0	0	0	0.618	0	0.412	0.824	0	0.824	0	0.412	0.795	1.059	6.18	0.824	0	0.059	0.971	2.266	3.914	1.03	1.854	0	0	0.206	0	0	0	0	0	0	0.618	0.412	1.03	0	0.206	2.266	0.618	0.206	0.618	0.412	0	0	1.236	0.412	0	0	1.648	2.638	2.924	0	0	0.206	1.442	0.412	0.206	0.412	0.618	4.12	1.03	0.824	1.03	0.618	5.974	2.472	0.824	0	0.206	0.618	1.442	1.648	5.958	6.403	3.914	16.686	8.014	2.493	1.854	1.236	0.412	1.03	5.974	1.854	0	2.472	0.824	6.386	9.682	1.442	0.206	0.618	0.206	0.412	0.206	0	0	2.266	1.442	0.824	0	0.824	1.854	8.032	9.47	12.163	3.389	0.937	1.648	4.326	2.06	3.682	0.85	2.06	1.03	1.648	2.678	4.944	4.738	2.678	7.622	2.266	0.412	0	0.618	1.785	1.099	3.09	1.854	0.824	0.412	0.206	4.363	3.671	0.206	0.412	1.854	1.854	0.412	0.618	0.206	0.618	1.03	0.824	0.206	0.824	0.412	0.824	0	0.206	0	0.412	1.442	0.618	0.412	0.206	0.824	0	0	0	0.412	0.412	0	0.206	0.618	0	0.206	0.206	1.03	1.236	0.206	2.678	0	0	0	0	0	0	0	0	0.412	0	0.206	0	0	0	0	0	0	0	0	0	0.206	0	0.618	0.824	0	0	0	0	0	0	0	0	0.412	0.412	0	0	0	0.206	0	0	0	0	0.206	0	0.824	50:60,54.485:200,50:80
Gtpbp6-NM_145147	0	0	0	0	0	0	0	0	0	0	0	0	0	0.206	0	0	0	0	0	0.412	0.412	0.412	0.206	0.618	3.914	1.03	0.618	0	0	0	0	0	0	0	0	0	0.206	0	0	0	0	0	0	0	0	0	0	0	0	0	0	0	0	0	0	0	0	0	1.03	0	1.03	6.386	11.395	6.494	9.921	1.03	0.618	0	0.412	0.206	0	0	0.075	0.337	0.824	0.618	3.296	1.831	2.701	0.639	0.597	0.206	1.236	4.944	17.227	16.034	29.888	6.686	5.562	2.153	2.791	0.206	0.206	0.618	1.648	0.412	2.884	11.326	5.821	11.282	4.389	3.814	1.273	0	1.03	2.472	0	0.206	0	0.618	0.206	0	0.618	0.206	0	0	0.412	0	0	0.206	0.206	0.824	0	0.412	0.206	0.206	1.243	0.405	0.206	0.206	0	0	0.824	0	0	0	0.412	0.206	2.266	0.206	2.06	0.618	0	0	0.618	0.206	0	0.412	0.206	0.206	0.206	1.166	1.512	1.236	2.467	1.859	1.442	1.236	0.206	0.206	1.404	1.008	0.266	0.824	0.618	0	0	0	0	0.206	0	0	0.206	0	0	0	0	0	0.412	0	0	0.206	0.618	0.412	1.442	1.236	0.412	0.824	0.412	0.412	0.618	0.206	0.206	0.412	0	0.206	0.206	1.442	2.266	2.266	0	0	0	0.618	0	0	0.412	1.648	0.339	1.103	0.206	0.206	0.618	0.618	0.618	2.266	2.06	2.631	2.313	2.472	3.914	4.326	3.708	0.618	2.266	0.824	1.236	3.428	3.576	0.824	1.021	0.627	1.648	0.824	0.412	0	0.206	0.206	0	1.648	1.03	1.236	0.044	0.162	0.206	1.03	0.412	0.824	0.412	0.412	0.412	0.618	1.236	0.412	0	1.03	0.206	0.412	1.03	0.618	2.06	1.648	1.03	2.472	2.266	8.446	2.472	2.678	1.648	2.06	4.326	1.236	0.412	4.944	3.296	0.824	3.914	2.472	1.236	0.824	3.296	0	0	0.824	1.442	1.03	0.618	2.884	8.034	2.884	1.854	5.974	0.618	4.944	1.236	0.618	0.412	7.416	11.33	1.03	0.824	2.472	0.824	3.502	0.206	0	0.206	2.472	0.412	0.824	1.648	0.824	1.236	0.412	0.206	2.678	0.412	0.206	0	0	0.412	1.648	0.206	0.618	0.824	0	0.618	2.472	0	0	0.824	0	2.266	1.648	2.472	1.03	0.412	0	0	0	50:60,21.105:200,50:80
H2-Ea-NM_010381	0	0	0	0	0	0	0	0	0	0	0	0	0	0	0	0	0	0	0	0	0	0	0	0	0	0	0	0	0	0	0	0	0	0	0	0	0	0	0	0	0	0	0	0	0	0	0	0	0	0	0	0	0	0	0	0	0	0	0	0	0	0	0	0	0	0	0	0	0	0	0	0	0	0	0	0	0	0	0	0	0	0	0	0	0	0	0	0	0	0	0	0	0	0	0	0	0	0	0	0	0	0	0	0	0	0	0	0	0	0	0	0	0	0	0	0	0	0	0	0	0	0	0	0	0	0	0	0	0	0	0	0	0	0	0	0	0	0	0	0	0	0	0	0	0	0	0	0	0	0	0	0	0	0	0	0	0	0	0	0	0	0	0	0	0	0	0	0	0	0	0	0	0	0	0	0	0	0	0	0	0	0	0	0	0	0	0	0	0	0	0	0	0	0	0	0	0	0	0	0	0	0	0	0	0	0	0	0	0	0	0	0	0	0	0	0	0	0	0	0	0	0	0	0	0	0	0	0	0	0	0	0	0	0	0	0	0	0	0	0	0	0	0	0	0	0	0	0	0	0	0	0	0	0	0	0	0	0	0	0	0	0	0	0	0	0	0	0	0	0	0	0	0	0	0	0	0	0	0	0	0	0	0	0	0	0.206	0	0	0	0	0	0	0	0	0	0	0	0	0	0	0	0	0	0	0	0	0	0	0	0	0	0	0	0	0	0	0	0	0	0	0	0	0	0	0	0	0	0	0	0	0	0	0	0	0	0	0	0	0	0	50:60,13.47:200,50:80
H2-K1-NM_001347346	0	0	0	0	0	0	0	0	0	0	0	0	0	0	0	0	0	0	0	0	0	0	0	0	0	0	0	0	0	0	0	0	0	0	0	0	0	0	0	0	0	0	0	0	0	0	0	0	0	0	0	0	0	0	0.206	0	0	0	0.206	0	0	0	7.63	6.057	5.059	0	0	0	0	0	0	0	0.206	0	0	0	0	0.255	0.363	0	0	0	0	0	0.206	0.412	0	0	0	0	0	0	0	0	0	0	0	0	0	0	0	0	0	0.412	0.206	0.206	0	0	0	0	0	0	0	0	0	0	0	0	0	0	0	0	0	0	0	0	0	0.206	0.206	0	0	0	0	0	0	0	0	0	0.206	0	0	0	0	0	0	0.206	0	0	0	0	0	0	0	0	0	0	0	0	0	0	0	0	0	0	0	0	0	0	0	0	0.206	0	0	0	0	0	0	0	0	0	0	0	0	0	0	0	0	0	0	0.412	0	0	0	0	0	0	0	0	0	0	0	0	0	0	0	0	0	0	0	0.618	0	0	0	0	0	0	0	0	0	0	0	0	0	0	0	0	0	0.206	0	0.536	0.082	0.206	0	0	0	0	0	0	0	0	0.206	0	0.206	0	0	0	0.206	0	0.206	0	0	0	0.206	0.412	0	0	0.412	0	0	0	0.412	0.824	0	0	0	0	0	0.206	0.206	0	0	0.618	0	0	0	0	0	0	0	0	0.618	0	0.206	0	0	0.206	0	0	0	0	0	0	0	0	0	0	0	0	0	0	0	0	0	0	0	0	0	0	0.206	0	0	0	0	0	0	0	0	0	0	0	0	0	0	0	0	0	0	0	0	0	0	0	0	0	0	0	0	0	0	0	50:60,21.68:200,50:80
H2bc6-NM_178194	0	0	0	0	0	0	0	0	0	0	0	0	0	0	0	0	0	0.618	0	0	0	0.206	0	0	0	0	0	0	0	0	0	145.028	1.648	1.648	8.034	0	0	0	0	0	0	0.206	0.412	0	2.06	14.626	3.708	17.51	26.987	28.841	2.884	2.678	1.854	0	0.412	0.206	0.618	1.236	0.206	2.266	15.862	0.824	0.824	0.412	0	0	0	0.412	0	0.206	0.206	0.412	0	0	0	0	0	0.206	0	0.206	0.206	0	0	0	0.206	0	0	0.412	0.206	0.206	0	0	0.206	1.03	0.206	0	0	0	0.412	0.206	0.206	0.412	0.206	0.412	0.206	0.206	0.618	0	0	0	0.618	0	0	0	0	0	12.566	0.206	0.206	0.824	0.618	0.206	0	0.206	0	0.206	0	0.206	0	0.206	0.206	0.206	0	0.206	0	0.206	0	0.412	0.412	0.618	0	0.206	0	0	0	0.824	0	0.206	0	0.412	0	0	0	0	0	0	0.206	0.412	0.206	0	0	0	0	0	0	0	0	0	0	0.206	0	0	0	0	0	0	0	0	0	0	0	0	1.03	0.206	0.206	0	0.206	0.412	0.206	0	0.412	0	0.206	0.206	0	1.854	0.618	0	0	0.412	0	0	0	0	0	0	0	0	0.206	2.06	0.206	0	0.412	0	0	0.185	0.845	0	0.412	1.854	0	0	0	0	0	0	0.412	0	0.206	0	0	0.206	0	0	0	0	0	0	0	0	0	0	0.206	0.453	6.963	0.618	0	403.976	0	0.412	50.178	39.229	7.004	1.442	1.648	0.824	0.206	0.299	1.143	0.412	0.206	0	0	0	0.206	0	0	0	0.206	0	0	0	0	0.206	0	0	0.824	0.206	1.236	0.412	0.206	0	0.412	0	0.206	0.206	0.206	0	0.206	0	0	0	0	0	0.412	0	0	0	0	0.412	0.206	0	0.206	0	5.562	1.03	1.03	1.442	0.206	0	0.618	0.206	0	0.412	0	0	0	0	0	0	0	0	0	0	0	0	0	0	0	0	0	0	0	0	0	0	0	0	0	0	50:60,187.275:200,50:80
Haghl-NM_001271433	0.824	0	0	1.03	2.06	0.412	0.412	0.618	1.03	2.266	0.412	1.03	1.03	0.824	0.412	0	0.412	1.648	0.206	0.824	1.442	2.06	1.442	3.09	2.678	0.412	1.442	1.854	1.236	0.206	0.206	0	1.236	0.412	0.618	1.236	0.618	1.03	1.648	2.472	1.03	1.236	1.03	0.618	0.412	0.206	0	0.412	0.206	0.206	0	0	0.206	0.824	0.412	1.236	1.236	2.266	0.412	1.236	1.648	2.472	5.768	9.888	9.27	7.004	8.446	3.296	1.03	0	0	0	0.618	0	0.206	0.206	0	2.266	4.532	2.266	3.296	2.472	2.472	1.648	1.648	1.442	0.206	0	0	0	0	0	0	0	0	0	0	0	0	0	0.412	0	0	0	0	0	0.206	0.618	0.412	0	0	0	0	0	0	0	0	0	0	0	0.206	0.206	0	0.206	0	0	0	0	0.206	0	0	0	0	0	0	0	0	0	0	0	0	0	0	0	0	0	0	0	0	0	0	0.206	0	0	0	0	0	0	0.206	0	0.206	0	0	0	0	0	0	0	0	0	0	0	0	0	0	0	0	0	0	0	0	0	0	0	0	0	0	0	0	0	0	0	0	0	0.412	0	0	0	0.206	0	0	0	0	0	0	0	0	0	0	0	0	0	0.206	0	0	0	0	0.206	0.206	0	0	0.206	0.206	0	0	0	0.206	0	0	0	0	0	0	0	0	0	0	0	0	0.206	0	0	0	0	0	0.206	0	0	0.206	0	0.412	0.206	0.412	0.206	0.412	0.412	0.206	0	0	0.206	0.824	0.824	0	0	0.412	0.412	0	0	0.618	0.206	0	0.618	0.412	0.618	0.412	0.618	0.206	0.412	0.412	0.618	0	0.618	1.236	0.206	0.412	0.206	0	0.412	0.618	0.412	0.206	4.12	1.442	2.472	0.206	0.206	0	0	0.618	0.824	0.206	1.442	1.854	2.06	1.03	0.618	1.648	1.236	1.03	0.618	1.236	3.09	0	1.854	0.824	0.618	0.412	0	0	0.412	1.03	0	1.03	1.236	3.09	1.03	1.236	0.618	0.412	0	0	0	0.206	0.618	1.03	0.824	1.442	0.206	0	1.03	50:60,14:200,50:80
Hao1-NM_010403	0	0	0	0	0	0	0	0	0	0	0	0	0	0	0	0	0	0	0	0	0	0	0	0	0	0	0	0	0	0	0	0	0	0	0	0	0	0	0	0	0	0	0	0	0	0	0	0	0	0	0	0	0	0	0	0	0	0	0	0	0	0	0.206	0	0	0	0	0	0	0	0	0	0	0	0	0	0	0	0	0	0	0	0	0	0.206	0	0	0	0	0	0	0.412	0	0	0	0	0	0	0	0	0	0	0	0	0.206	0	0	0	0	0	0	0	0	0	0	0	0	0	0	0	0	0	0	0	0	0	0	0	0	0	0	0	0	0	0	0	0	0	0	0	0	0	0	0	0	0	0	0	0	0	0	0.618	0.206	0.206	0	0	0	0	0	0	0	0	0	0	0	0	0	0	0	0	0	0	0.206	0	0	0	0	0	0	0	0	0	0	0	0	0	0	0	0	0	0	0	0	0	0	0	0	0	0	0	0	0	0	0	0	0	0	0	0	0	0	0	0	0	0	0	0	0	0	0	0	0	0	0	0	0	0	0	0	0	0	0	0	0	0	0	0	0.206	0	0	0	0.412	0	0	0	0	0.206	0	0	0	0	0	0	0	0	0	0	0	0	0	0	0	0	0	0	0	0	0	0	0	0	0	0	0	0	0	0	0	0	0	0	0	0	0	0	0	0	0	0	0	0	0	0	0	0	0	0.206	0	0	0	0	0.206	0	0	0	0	0	0	0	0	0	0	0	0	0	0	0	0	0	0	0	0	0	0	0	0	0.206	0	0	0	0	0	0	0	0	0	0	0	0	0	50:60,284.96:200,50:80
Hcn1-NM_010408	0	0	0	0	0	0	0	0	0	0	0	0	0	0	0	0	0	0	0	0	0	0	0	0	0	0	0	0	0	0	0	0	0	0	0	0	0	0	0	0	0	0	0	0	0	0	0	0.206	0	0	0	0	0	0	0	0	0	0	0	0.206	0.206	0	0.206	0	0.618	0.618	0.618	0.618	0.618	0.618	0.206	0	0	0.206	0.206	0.618	1.442	0.206	0	0.618	0.412	0.206	0.618	0.206	0.412	0.824	1.03	0.412	0.412	0	0.412	0.618	0.206	0	0	0	0.412	0.412	0	0.206	0.618	0	0.206	0.206	0.618	0.412	0.412	0.206	0.618	0.206	0.412	0.206	0.206	0.206	0	0.206	0.412	0	0	0	0.206	0	0	0.412	0	0	0.206	0.206	0	0.412	0.206	0	0.412	0.206	0.412	0	0.206	0.618	0.206	0.206	0	0	0	0	0	0.206	0.206	0.412	0.206	0	0	0.206	0	0	0	0	0	0	0	0.206	0.206	0	0.206	0.206	0.412	0	0.412	0	0.412	0.206	0	0	0	0.206	0	0	0.206	0	0.206	0	0	0	0.412	0.412	0.412	0.206	0	0	0	0	0.206	0	0.412	0.824	0.206	0	0.206	0	0	0	0.206	0	0	0.412	0.412	0	0	0.206	0.412	0	0	0	0	0.206	0.618	0	0.206	0	0	0	0	0	0	0	0.206	0.206	0.206	0.206	0	0	0	0.618	0	0.412	0	0.206	0	0	0	0	0	0	0	0.206	0	0	0.412	0	1.03	0.206	0	0	0.206	0.206	0.206	0	0.412	0.412	0	0.206	0	0	0	0	0	0	0	0	0	0	0	0	0	0	0	0	0	0.206	0	0	0	0	0	0	0	0	0	0	0	0	0	0	0	0	0	0	0	0	0	0	0	0	0	0	0	0	0	0	0	0	0	0	0	0	0	0	0	0	0	0	0	0	0	0	0	0	0	0	0	0	0	0.206	0	0	0	0	0	0	0	0	50:60,1893.545:200,50:80
Hilpda-NM_001190461	0	0	0	0	0	0	0	0	0	0	0	0	0	0	0	0	0	0	0	0	0	0	0	0	0	0	0	0	0	0	0	0	0	0	0	0.206	0	0.412	0	0	0	0	0	0	0	0	0	0	0	0	0	0	0	0	0	0	1.236	0.618	0.824	0	0	0.206	0.412	0	0	0	0	0	0	0.618	1.648	1.03	0.727	1.745	2.915	25.621	12.253	2.723	5.255	2.734	0	0	0	0	0.206	0.824	0.206	0.552	0.89	0	0	0	0.562	0.262	0.412	0.824	0.618	1.03	0.412	0	0.206	0	0	0.412	0	0	0.206	0	0	0	0	0	0	0	0	0	0	0	0	0	0	0	0	0	0	0	0	0	0	0.206	0	0	0	0	0	0	0	0.206	0	0	0.206	0	0	0	0	10.741	7.593	0	0	0	0	0	0	0	0	0	0	0	0	0	0	0	0	0	0	0	0	0	0	0	0	0	0	0	0	0	0	0	0	0.206	0.206	0	0.206	0.297	0.115	0.206	0.206	0.412	0	0	0	0	0	0	0.412	0	0.206	0	0	0	0	0	0	0	0	0.206	0	0	0	0.206	0	0	0	0	0	0	0	0	0	0	0	0	0	0	0	0	0	0	0.206	0	0	0	0.412	0	0	0.115	0.297	0.412	0	0	0	0.206	0	0.824	0.618	0.206	0	0	0	0	0	0	0	0	0	0	0	0	0.412	1.442	0	0	0	0	0	0	0	1.03	0.618	0.824	1.03	0.824	0.412	0.618	0.206	0.412	0	0.206	0.412	0.412	0.618	0.412	0.206	0.824	1.03	0.824	0	0	1.236	0.206	0.412	0.618	1.648	0.206	1.648	0	0	0.206	0.206	0	0	0	0.206	0.412	0.206	0.206	0.206	0	0	0.206	0.206	0.206	0	0	1.03	0	0.618	1.648	0.412	0	0.412	0	0	0.618	0	0.824	0.206	0.206	0	0.206	0.412	0.618	0.824	0.206	0.206	0	0	0	0.412	0	50:60,14.81:200,50:80
Hnrnph3-NM_001079824	0	0	0	0	0	0	0	0	0	0	0	0	0	0	0	0	0	0	0	0	0	0	0	0	0	0	0	0	0	0	0	0.206	0	0.206	0.824	0	0.206	0	0	0	0.412	0.206	0.412	2.266	0.412	0.206	0	0	0.206	0	0	0	0.206	0	0	0	0	0	0	9.888	8.432	2.074	3.09	0.824	0.206	0.944	1.941	0.618	0	0	0	0	0.206	0.004	1.026	0.206	0.206	0	0.206	0.206	0.618	0.824	1.236	0.824	1.03	0	0	0	0.206	0	0.824	0	0	0	0	0	0.206	0.412	0.618	0.618	0.206	0.824	0.206	0	0	0	0.206	0.206	0	0.206	0.618	0.412	0.412	0.412	0.412	0.412	0.824	0.618	0	1.03	0.618	0.206	0.412	0	0.206	0	0.206	0.206	0.206	0.618	0	0.206	0.206	0.412	2.06	2.06	1.03	1.553	0.095	0.618	1.304	1.168	0	0	0	0	1.648	4.326	2.472	0	0.412	2.472	2.678	3.09	0.824	0.412	0	0	0.206	1.236	2.458	1.044	0.206	0	0.412	0	0	0.412	0.824	0.618	2.361	2.789	0	0.206	1.03	0.618	0	0	0	0.206	0.618	0.412	0.412	1.854	1.648	2.472	2.266	0	1.03	2.266	1.648	0.412	0.412	0	0.412	0.412	1.526	1.152	0	1.689	1.195	1.442	0	0.618	0.618	0.412	0	1.03	0	0.206	0.618	1.236	0.206	0.618	0	0.206	0.206	1.854	0.412	1.03	0.824	0.206	0.824	0.824	1.03	1.648	1.236	2.06	1.236	0	1.03	3.502	0.412	2.884	0.618	5.15	4.864	7.291	0.618	0.412	2.678	0.824	0.824	0	0.628	2.256	1.854	0.824	2.06	0.206	1.03	1.236	1.03	0	0.618	1.236	0.206	1.03	0.206	1.03	0.618	0.412	0.824	1.236	0	0	1.442	0.206	0.206	0	0	0.824	0.206	0	0	1.854	2.266	3.296	2.06	1.442	0	0	0	0	0	0	3.296	0.412	1.236	0.412	1.236	1.03	0.824	0.824	0.206	0	0.206	1.03	1.236	0.824	3.914	0.412	0.618	1.648	2.266	0.824	0.206	1.236	1.648	1.03	0.618	0.824	0	0.206	0.824	2.678	3.296	1.442	2.06	0.618	0.206	0	0	0	0.412	0	0.824	1.442	0.206	2.884	4.944	3.296	2.472	0.824	3.09	0	0	0.412	0.824	0	50:60,45.93:200,50:80
Hoxa6-NM_010454	0.412	0.412	0	0	0.206	0	0	0.206	0	0	0	0	0	0	0	0	0	0	0	0	0.206	0	0	0	0	0	0	0	0	0	0	0	0	0	0	0	0	0	0	0	0	0	0	0	0	0.206	0	0	0	0	0.206	0	0	0	0	0	0	0	0	0	0	0	0	0	0	0	0	0	0	0	0	0	0	0	0	0	0	0	0	0	0	0	0	0	0	0	0	0	0	0	0	0	0	0	0.206	0	0	0	0	0	0	0	0	0	0	0	0	0	0	0	0	0	0	0	0	0	0	0	0	0	0	0	0	0	0	0	0.412	0	0	0	0	0	0	0	0	0	0	0	0	0	0	0	0	0	0	0	0	0	0	0	0	0	0	0	0	0	0	0	0	0	0	0	0	0	0	0	0	0	0	0	0	0	0	0	0	0	0	0	0	0	0	0	0	0	0	0	0	0	0	0	0	0	0	0	0	0	0	0	0	0	0	0	0	0	0	0	0	0	0	0	0	0	0	0.206	0	0	0	0	0	0	0	0	0	0	0	0	0.206	0	0	0	0	0	0	0	0	0	0	0	0.206	0	0	0	0	0	0	0	0	0	0	0	0	0	0	0	0	0.144	0.062	0	0	0	0.206	0.206	0.206	0	0	0.412	2.06	2.06	0.206	0.412	0.412	0.412	0.412	0	0	0	0	0	0	0	0	0.618	0.618	0.206	0.206	0.206	0.206	0	1.03	0	0.206	0	0.412	0	0	0.618	0.206	0	0.206	0.206	0	0	0	0	0	0	0	0	0	0	0	0	0	0	0	0	0	0	0	0	0	0	0	0	0.206	0	0	0	0	0	0	0	0	0	0	0	0.206	0	0	0	50:60,19.075:200,50:80
Hsd3b7-NM_133943	1.442	2.884	2.472	3.708	4.326	0	2.266	6.18	0.824	2.678	3.914	3.09	5.15	3.09	0.824	0.206	1.854	4.326	2.472	2.06	2.678	0	0	0.824	2.884	0.206	1.236	0.412	2.06	1.648	0	0	0.412	0.618	0.618	2.472	1.442	0.206	0	0	0.412	1.03	4.12	0.618	1.236	7.828	1.854	3.708	2.06	0.412	0.824	3.09	3.09	0.412	0.206	0.206	0.824	2.06	1.03	3.296	2.06	1.623	0.849	3.708	4.12	6.386	1.03	0.824	0	0.412	0	0.824	0.618	1.03	0	0.107	0.099	0	0	0.206	0	0.206	0	0	0	0	0	0.206	0	0	0.412	0.618	0.208	0.818	1.24	0	0.206	0	0	0.206	0	0.206	0	0	0	0	0	0	0.412	0	0	0	0	0.412	0.206	0.206	0.06	0.146	0	0	0.206	0.206	0.206	0.412	0.412	0.412	0.412	0	0.412	0.412	0	0.206	0	0	0	0	0.412	0	0	0	0	0	0	0	0.206	0	0	0	0	0	0	0	0.206	0	0	0	0	0	0	0	0	0	0	0.206	0	0.412	0	0.412	0.206	0	0	0.206	0.412	0	0	0	0	0	0	0	0.206	0.206	0.412	0	0	0	0	0.206	0	0	0.412	0	0.206	0	0	0	0	0	0	0	0.206	0.206	0.206	0.206	0	0	0	0.206	0	0	0.206	0	0	0	0	0	0	0	0.206	0.206	0	0.206	0.206	0.824	0.412	0	0.618	0	0	0	0.206	0	0	0	0	0	0	0.206	0	0	0	0	0	0	0	0	0	0	0.206	0	0	0	0	0	0	0	0	0.206	0	0.206	0.412	0.824	0	0.206	0.824	0.206	0	0.206	0.206	1.442	1.854	0.412	1.442	0.824	1.648	1.236	4.12	0.824	1.03	2.884	2.884	0.824	1.854	0.206	0	0.618	0.618	0.618	1.236	0.618	0.206	0	0	1.03	0.824	0.206	0.206	0.824	0.618	0	0	0	0	0	0	0	0	0	0.206	0	0	0	0	0	0	0	0	0	0	0	0	0	0	0	0	0	0	0	0	0	0	0	0	0	0	0	0	0	0	0	50:60,15.97:200,50:80
I0C0044D17Rik-NR_151512	0	0	0	0	0	0	0	0	0	0	0	0	0	0	0	0	0	0	0	0	0	0	0	0	0	0	0	0	0	0	0	0	0	0	0	0	0	0	0	0	0	0	0	0	0	0	0	0	0	0.206	0	0	0	0	0	0	0	0	0	0	0	0.206	0	0	0	0	0	0	0	0	0	0	0	0	0	0	0	0	0	0	0	0	0	0	0	0	0	0	0	0.206	0	0	0	0	0	0	0	0	0	0	0	0	0	0	0	0	0	0	0	0	0	0	0	0	0	0	0	0	0	0	0	0	0	0	0	0	0	0	0	0	0	0	0	0	0	0	0	0	0	0	0	0	0	0	0	0	0	0	0	0	0	0	0	0	0	0	0	0	0	0	0	0	0	0	0	0	0	0	0	0	0	0	0	0	0	0	0	0	0	0	0	0	0	0	0	0	0	0	0	0	0	0	0	0	0	0	0	0	0	0	0	0	0	0	0	0	0	0	0	0	0	0	0	0	0	0	0	0	0.206	0	0	0	0	0	0	0	0	0	0.206	0	0	0	0	0	0	0	0	0	0	0	0	0	0	0	0	0	0	0	0	0	0	0	0	0	0	0	0	0	0	0	0.206	0	0	0	0	0.206	0.206	0	0.206	0	0	0	0	0	0	0	0	0.206	0.412	0	0	0	0	0.206	0	0	0	0	0	0	0	0	0	0	0	0	0	0	0	0	0	0	0	0.206	0	0	0	0	0	0	0	0	0	0	0	0	0	0	0	0	0.412	0.412	0	0	0	0	0	0	0	0	0	0.206	0.206	0	0	0	0	0	0	0	50:60,26.83:200,50:80
Ifitm2-NM_030694	0.412	0	0	0	0	0.206	0	0	0	0	0	0	0	0	0	0	0	0	0	0	0	0	0	0	0	0	0	0	0	0	0	0	0	0	0	0	0	0	0	0.206	0	0	0.206	0.824	0.206	0	0	0	0.206	0	0	0	3.502	2.266	1.236	0.206	0.206	0	0	0.206	0	0	0	0	1.236	0	0	0	0	0	0.206	0	0	0	0	0	0	0	0	0	0	0	0	0	0	0	0	0	0	0	0	0	0	0	0	0	0	0	0	0	0	0	0	0	0	0	0	0	0	0	0	0.206	0	0	0	0	0	0.206	0.206	0.206	0	0	0	0	0	0	0	0	0	0	0	0	0	0	0	0	0	0	0	0	0	0	0	0.206	0.206	0	0.31	0.308	0	0	0	0	0.206	0.206	0	0	0	0	0	0	0	0	0.206	0	0	0	0	0	0	0	0	0.206	0	0.206	0.149	0.469	0	0	0.206	0	0	0	0	0	0	0.206	0	0	0	0	0	0.206	0	0	0	0	0	0	0	0	0	0	0	0	0	0	0	0	0	0	0	0	0	0	0	0	0	0	0	0	0	0	0	0	0	0	0	0	0	0	0	0	0	0	0	0	0	0	0	0	0	0	0	0	0	0	0	0	0	0	0	0	0	0	0	0.206	0.444	0.586	0.285	0.745	1.442	0.206	1.236	0	0	0.412	0.206	0.412	0.412	0.412	0	0	0	0.412	0	1.236	0	0.206	0.206	1.236	1.236	1.854	1.648	2.06	0.412	1.236	0.412	2.884	1.03	1.442	0.206	0.412	0.824	1.03	0.206	0.824	0.618	0.824	1.03	0.206	2.678	1.236	3.296	1.442	1.442	0.206	1.236	0.206	2.266	0	0.206	1.648	0	1.03	2.06	1.03	0	0.412	0.824	3.914	1.648	0	1.03	0.412	0.824	2.472	0.824	1.854	3.502	6.386	2.678	3.914	1.648	1.854	0.824	0.412	2.266	1.442	1.442	0	50:60,5.615:200,50:80
Ift140-NM_134126	0	0	0	0	0	0.206	0.206	0	0.206	0	0	0	0	0	0	0.618	0.206	0	0	0.618	0	0	0	0	0	0.206	0	0	0	0	0.206	0	0	0	0	0	0	0	0	0	0	0	0	0	0.206	0.618	0	0	0.206	0	0	0	0	0	0	0	0	0	0	0.412	39.141	3.296	0.412	0	0.206	0.206	0.206	0	0.206	2.06	1.03	0.824	0.824	0	1.442	2.884	1.854	0	0.618	0.206	4.738	4.326	1.932	4.248	2.678	1.442	1.648	7.416	8.034	2.884	5.562	5.15	5.768	5.974	1.648	1.236	2.06	1.236	2.884	0.824	5.15	1.442	4.944	2.678	0	5.356	3.502	3.296	2.266	1.236	0.824	1.648	1.03	1.03	2.06	2.884	2.884	0.412	2.06	5.974	0.412	4.12	6.592	1.648	0	0.824	2.266	5.768	3.502	2.266	3.296	5.15	2.06	2.678	0.824	6.09	1.533	1.236	4.532	7.622	3.708	2.266	1.03	3.09	0.206	3.296	1.442	3.09	1.03	3.708	2.266	1.648	1.648	3.914	4.12	0.206	2.06	1.854	1.03	2.472	1.648	1.648	1.854	2.06	1.648	2.06	0.618	2.472	2.06	1.03	5.768	1.442	1.03	0.824	1.854	2.06	0.618	3.502	0.618	3.914	1.854	3.09	3.296	0.824	2.266	1.442	1.236	2.266	1.648	2.266	4.326	2.06	2.06	1.03	1.854	2.299	3.263	1.648	4.326	2.472	1.236	0.206	0.824	1.03	1.936	1.31	1.903	1.854	1.648	1.236	1.236	0.412	0.412	3.502	1.236	4.738	1.529	3.622	4.532	2.06	2.472	4.738	8.446	3.296	7.21	2.884	3.09	6.18	1.442	2.678	1.648	5.974	1.648	2.472	1.442	5.562	0.618	2.406	5.834	5.15	0	3.28	2.695	5.974	2.06	2.06	0.412	2.06	2.266	1.236	1.03	1.236	0.824	0.824	1.03	1.03	1.03	2.884	3.296	2.472	0	0	0	0.412	0.824	0.206	1.03	0.412	0.412	0.618	0	0.206	0.412	0	0.206	0.412	0.618	1.03	1.03	0.412	1.03	0.412	0	0	0	0	0	0	0.206	0.206	0.618	3.09	0.206	0.824	0.206	0	0.206	0.824	0	0.824	0.412	1.236	0	0	0	0	0.206	0.412	0.206	0.412	0	0	0	0	0.206	0.206	0.206	1.03	0.412	0.824	0.206	0.206	0	0.412	0	0.412	0.412	0.618	0.824	0.206	2.266	0	0	0	0.206	0.206	0	0.206	0	0	50:60,417.06:200,50:80
Igsf1-NM_183335	0	0	0	0	0	0	0	0	0	0	0	0	0.618	0.206	0	0	0	0	0.412	0.206	0.206	0	0	0	0	0	0	0	0	0	0	0	0	0	0.206	0	0	0	0	0	0	0	0	0	0	0	0	0	0	0	0	0	0	0	0	0	0	0.206	0.206	0	0	0	0	0	0	0	0.206	0	0	0	0	0	0	0	0	0	0	0	0	0	0	0	0	0	0	0	0	0	0	0	0	0	0	0	0	0	0	0	0	0	0	0	0	0	0	0.206	0.206	0	0	0	0	0	0	0	0	0	0	0	0	0	0	0	0	0	0	0	0	0	0	0	0	0	0	0	0	0	0	0	0	0	0	0	0	0	0	0	0	0	0.025	0.387	0	0	0	0.206	0	0.206	0	0	0.206	0	0.206	0	0	0	0	0.206	0	0.206	0	0	0.206	0	0	0	0	0	0.206	0	0	0	0	0	0	0	0	0	0	0	0	0.206	0	0.206	0	0	0	0.206	0.206	0	0	0	0	0	0	0	0	0	0	0	0	0	0	0.206	0	0.206	0	0	0	0	0	0.206	0	0.618	0.618	0	0	0.206	0	0	0.206	0	0.206	0	0.206	0.206	0	0.206	0	0.206	0.206	0.206	0.206	0.206	0	0	0.206	0	0	0	0	0	0	0	0.412	0	0	0	0.206	0	0	0.412	0	0	0	0	0	0	0	0	0	0	0	0	0	0	0	0	0	0	0	0	0	0	0	0	0	0	0.206	0.206	0	0	0	0	0	0	0	0	0.206	0.206	0	0	0	0	0	0	0.206	0	0.206	0	0	0	0	0	0	0.206	0	0	0	0	0	0	0	0	0	0	0	0	0	0	0	0	0.206	0	0	0	0	0	0	0	0	0	50:60,45.08:200,50:80
Inpp4b-NM_001297591	0	0	0	0	0	0	0	0	0	0	0	0	0	0	0	0	0	0	0	0	0	0	0	0	0	0	0	0	0	0	0	0	0	0	0	0	0	0	0	0	0	0	0	0	0.206	0	0	0	0	0	0	0	0	0	0	0	0	0	0	0	0	0.206	0	0.412	0.206	0	0.206	0	0	0	0	0	0	0	0	0	0	0	0	0	0	0	0.206	0	0	0	0	0	0.412	0	0	0	0	0.206	0	0	0	0	0	0	0	0	0	0	0.206	0	0.412	0	0	0	0.206	1.03	0	0	0	0	0	0	0	0	0.206	0.206	0	0	0	0	0	0.412	0	0	0	0	0	0	0	0	0.206	0	0	0	0	0.206	0	0	0	0.206	0	0	0.618	0	0	0	0	0.412	0	0	0	0.412	0	0	0	0	0	0	0	0	1.236	0	0	0.206	0	0	0	0	0.206	0.412	0.412	0.206	0.206	0	0	0	0	0	0.412	0	0	1.03	0.206	0	0.618	0.618	0.206	0.206	1.03	0.412	0.618	0.206	0.412	2.06	0	0.824	0.206	0.412	0	0.412	0	0.618	0	0.206	0.824	0	0.206	0	0.412	0.412	0	0	0.412	0	0	0.206	0	0.412	0.412	0.206	0.206	0.206	0.618	0.412	0.206	0.206	0	0	0	0	0.206	0	0	0	0.206	0	0.618	0	0.206	0.206	0.206	0.206	0.206	0	0.206	1.236	0	0	0.206	0.206	0.206	0.412	0.206	0.412	0	0	0	0	0	0	0	0.206	0	0	0	0	0	0	0	0	0	0	0	0	0	0	0	0	0	0	0	0	0	0	0	0	0	0	0	0	0	0	0	0	0	0	0	0	0	0	0	0	0	0	0	0	0	0	0	0	0	0	0	0	0	0	0	0	0	0	0	0	0	0	0	0	0	0	0	0	0	0	0	0	50:60,3900.045:200,50:80
Ipo5-NM_001360602	0	0.618	0	0.412	0.206	0.206	0.618	0	0	0.412	0.206	0	0	0.824	1.236	0	0.206	0	0.206	0	0	0	0.206	0	0	0.206	0	0	0	0.206	0	0	0.206	0	0	0	0	0.412	0	1.442	0.824	0.412	1.854	0.618	0.618	0.206	0	1.648	0.206	0.618	0.824	0	0	0.618	0	0.824	1.236	2.472	0.618	2.472	1.852	1.238	0.824	3.28	2.077	1.648	1.03	0.618	5.768	0.824	6.386	1.648	3.296	4.738	0.824	6.386	3.708	5.15	4.738	0.824	2.06	3.708	6.18	2.06	8.24	2.06	5.974	4.738	9.064	5.15	0.206	24.795	6.724	0.824	8.034	1.854	6.18	7.416	16.274	2.266	5.562	5.768	1.236	5.356	3.502	2.266	2.581	2.775	9.682	8.755	15.759	21.219	3.708	4.944	2.266	1.121	2.175	3.708	9.888	6.18	4.075	2.311	1.854	2.266	7.416	1.854	10.986	18.266	7.622	5.356	2.884	11.742	15.244	1.442	3.914	3.708	4.326	8.034	1.854	2.06	7.622	6.386	17.133	9.441	2.884	1.442	4.532	5.974	4.12	1.442	3.09	13.39	5.974	4.326	8.24	2.274	9.88	0.618	12.154	2.678	6.592	4.944	0.824	5.768	9.054	8.251	0.618	0.412	1.442	5.356	8.24	23.616	13.258	9.064	32.137	21.219	2.06	10.844	16.555	0.824	14.865	6.308	5.401	3.09	1.236	3.09	7.004	3.708	3.502	3.708	2.884	1.648	3.296	28.635	4.532	3.708	7.416	1.236	5.974	5.315	7.045	0.412	8.858	11.536	2.06	10.506	10.3	4.738	19.158	3.708	2.884	10.918	7.828	7.21	3.296	1.236	8.446	17.304	5.356	13.679	3.008	2.472	5.356	3.09	3.296	1.512	4.05	14.626	4.12	6.592	11.742	4.326	1.854	1.03	7.622	3.914	4.12	1.03	4.12	4.12	8.485	15.823	1.854	3.296	4.326	1.442	0.824	1.442	1.854	2.678	21.013	10.3	3.502	2.266	2.266	6.18	9.064	12.154	1.442	4.738	3.09	1.442	3.914	3.914	0.412	1.854	5.356	8.858	3.296	3.09	2.884	8.24	1.236	1.648	1.854	3.296	4.326	1.442	0.824	1.03	1.854	5.974	7.416	2.06	2.472	1.648	5.562	1.854	2.472	2.06	11.33	1.03	0.412	2.678	1.854	1.854	1.236	4.326	3.914	0.412	1.854	1.442	1.442	4.738	3.09	1.854	9.27	5.974	0.618	0.206	3.708	2.266	1.03	1.648	2.06	1.648	0.412	3.09	4.532	0.618	0.824	0	0.206	0.824	6.798	2.472	0.412	2.678	1.03	0	0	0	0	0	0	0.412	0.412	0.206	0	0	50:60,160.99:200,50:80
Ipo9-NR_151727	0.206	0	0.206	0	0.206	0.412	0.206	0.824	0	0	0	0	0	0.412	0	0	0	0.206	0	0	0.206	0	0	0.206	0	0	0	0	0	0	0	0	0	0	0	0	0	0	0	0	0	0.206	0.206	0	0	0	0.618	0	0	0	0	0	0	0	0	0	0	0	0	0	145.44	2.884	4.944	0.412	0	0.412	0.618	0.412	0.412	1.03	0.412	1.03	0.206	0	0	1.442	1.03	1.648	1.03	2.06	3.914	3.09	1.648	3.914	4.944	1.854	3.09	0.412	2.06	1.648	3.708	1.648	1.862	5.142	3.502	3.296	1.854	1.236	0	1.03	3.09	1.442	1.442	2.266	7.622	11.124	1.854	0.824	6.798	3.502	0.412	2.884	4.12	3.708	5.974	2.06	1.648	2.266	2.472	2.472	2.06	0.618	1.442	3.708	1.648	1.03	2.884	1.854	0.824	0.824	1.442	3.502	3.218	6.876	7.622	0.709	5.059	2.266	4.326	5.768	4.532	2.06	4.532	1.648	4.738	3.708	3.502	3.238	0.676	3.914	7.321	3.803	1.648	3.09	5.768	8.858	1.648	2.06	3.321	6.979	5.356	6.386	2.884	4.277	4.17	2.266	2.472	1.236	4.326	3.914	9.546	5.698	5.15	4.532	2.06	5.974	5.974	5.15	3.914	3.708	4.12	1.442	0.412	12.978	10.094	2.266	3.708	2.06	8.858	2.266	8.034	1.03	2.472	0.618	3.296	0.824	1.236	1.648	0.412	0.824	5.562	2.472	1.442	1.854	4.738	1.442	0.618	4.326	8.24	3.09	3.296	2.266	3.708	7.21	6.592	4.944	2.798	0.911	0	1.442	6.798	1.236	2.06	7.004	5.974	4.532	11.124	7.622	2.678	4.944	5.768	3.296	6.18	2.175	8.949	1.854	0.618	0.618	4.532	8.446	12.978	5.768	3.502	3.296	8.24	9.649	2.711	3.09	4.944	1.854	4.738	6.386	16.686	8.858	1.648	8.652	21.425	22.043	16.686	20.188	3.502	0.412	0.206	3.296	3.502	5.356	1.648	5.974	4.738	0.618	0	0	1.854	5.768	1.442	5.974	2.678	7.622	0	0	0	6.592	3.708	7.416	0.412	2.06	3.09	5.768	5.15	3.296	2.06	2.06	1.442	6.798	7.416	4.12	8.446	2.472	5.974	4.944	5.356	5.356	1.648	2.06	0.412	0	0.618	1.236	1.648	2.884	3.708	0.618	1.236	0	0	0.206	0.618	2.472	0.206	0.206	2.266	5.974	2.678	1.236	1.648	3.296	1.442	0.206	2.06	0	1.03	0.412	0.824	0	0.206	0.618	0	0.206	0	0	50:60,240.94:200,50:80
Irx6-NM_001301137	0	0	0	0	0	0	0	0	0	0	0	0	0	0	0	0	0	0	0	0	0	0	0	0	0	0	0	0	0	0	0	0	0	0	0	0	0	0	0	0.206	0	0	0	0	0	0	0	0	0	0	0	0	0.618	0	0	0	0	0	0	0	0	0	0.206	0	0.206	0	0	0	0	0	0	0	0	0	0	0	0	0	0	0	0	0	0	0	0	0	0	0	0	0	0	0	0	0	0	0	0	0	0	0	0	0	0	0	0	0	0	0	0	0	0	0	0	0	0	0	0	0	0	0	0	0	0	0	0	0	0	0	0	0	0	0	0	0	0	0	0	0	0	0	0	0	0	0	0	0	0	0	0	0	0	0	0	0	0	0	0	0	0	0	0	0	0	0	0	0	0	0	0	0	0	0	0.206	0	0.206	0	0	0	0	0	0	0	0	0	0	0	0	0	0	0	0	0	0	0	0	0	0	0	0	0	0	0	0	0	0	0	0	0	0	0	0	0	0	0	0	0	0	0	0	0	0	0	0	0	0	0	0	0	0	0	0	0	0	0	0	0	0	0	0	0	0	0	0	0	0	0	0	0.206	0	0	0	0	0	0	0	0	0	0	0	0	0	0	0	0	0	0	0	0	0	0	0	0	0	0	0	0	0	0	0	0	0	0	0	0	0	0	0	0	0	0	0	0	0.206	0	0	0	0	0	0	0	0	0	0	0	0	0	0	0	0	0	0	0	0	0	0	0	0	0	0	0	0	0	0	0	0	0	0	0	0	0	0	0	0	0	0	0	0	0	0	0	50:60,33.34:200,50:80
Izumo1-NM_001018013	0	0	0	0	0	0	0	0.206	0	0.206	0	0	0	0	0	0	0.206	0	0	0	0	0	0	0	0	0	0	0	0	0	0.206	0	0.412	0.206	0	0	0.206	0	0	0	0.206	0.618	0	0.206	0.206	0.412	0	0.206	0.206	0	0	0.412	0	0.412	0	0	0.206	1.236	0	0.618	4.12	0.412	0.412	0	0.618	1.236	1.442	0.206	0	0.618	0	0	0.206	0	0	0	0	0.206	0	0.206	0.206	0.412	0.412	0.206	1.236	0.618	0.206	0	0	0.824	0.206	0	0.412	0.091	0.321	0.206	0	0	0	0	0	0	0.412	0	0.206	0	0	0.618	0.206	0	0	0	0.618	0	0.412	0.412	0	0.206	0	0.206	0	0	0	0.206	0	0.206	0.206	0	0	0	0	0	0	0	0	0	0.206	0.206	0.206	0	0	0	0	0	0	0.618	0	0	0	0.206	0	0	0.206	0	0.206	0.412	0	0	0.206	0.412	0	0.412	0.206	0	0	0.412	0.412	0	0	0	0.206	0	0	0.412	0	0.206	0.206	0	0	0	0	0	0.412	0.206	0	0.412	0.618	0.206	0	0	0.412	0	0	0	0	0	0	0	0	0	0	0	0.206	0.618	0.206	0.206	0.206	0.618	0.206	0.412	0.618	0.412	0	0.206	0	0	0.206	0	0	0.124	0.082	0.206	0.206	0.206	0	0	0	0	0	0	0	0	0	0	0.206	0	0.412	0	0	0.577	0.239	1.656	1.03	0.709	0.115	0	0.206	0	0.206	0.206	0.206	0	0	0	0	0.206	0	0	0.412	0.412	0.206	0.206	0	0	1.236	0.206	0.412	0.206	0.412	0.618	0	0	0	0	0	0.618	0	0	0	0.824	3.502	0.824	0.206	0	0	0	0	0	0	0	0	0	0	0.206	0	0	0.824	1.03	0.824	25.133	49.647	30.901	7.622	0.824	0.824	1.03	0.206	0	0.206	0	0	0	0.206	0.206	0	0	0.206	0.206	0	0.206	1.236	0.206	0.206	0.206	0	0	0.206	4.12	0.206	0.618	0	0	0	0	0	1.03	0	0	0	0	50:60,27.16:200,50:80
Kcnip3-NM_001111331	0	0	0	0	0	0	0	0	0	0	0	0	0	0	0	0	0	4.738	1.648	0.206	0	0	0	0	0	0	0	0	0	0	0	0.206	0	0.206	0	0	0	0	0	0.206	0	0	0	0	0	0	0	0	0	0	0	0.618	0	0	0	0	0	0.206	0	0	11.536	0.824	1.442	1.038	1.434	0.618	0.412	0.618	1.03	0.206	0.206	0	0.824	0.206	0.206	0.206	0.206	0	0.618	0.412	1.236	1.442	0	0.206	0	0.206	0.412	0.618	0.206	0	1.236	0.412	0.618	0	0	0	0.206	0	0.412	0	0	0.412	0.206	0.412	0.206	0.412	0	0.206	0.206	0	0.618	2.06	0.618	0.206	0.412	0.206	0	2.266	0.824	1.03	1.236	0.618	0.412	0	0.206	0	1.442	1.648	0.824	0.206	0.412	0.206	0.824	0.206	1.854	0.618	0.206	0.824	2.678	0.206	1.03	1.236	0.206	0.618	0.618	0.206	0.206	0	0.206	0.391	0.227	0.206	0.206	0.206	0	0.206	0	0	0.824	0.618	0.412	0.206	0.824	0.222	0.396	0.412	0.206	0	0.206	0	0	0	0.618	0.412	0.206	0.412	0	0.206	0.206	0.618	0	0	0	0	0.618	0	0.206	0.206	0	0.206	0	0	0.206	0.206	0	0	0.412	0	0.206	0	0.206	0	0	0	0	0.824	0.412	0.412	0	0	0.206	1.236	0.206	0.206	0.412	0.206	0.412	0.412	1.03	0.618	0.618	0.618	0	0.206	0	1.442	0.206	0	0	0	0	0	0	0.206	0.206	0.206	0	0.824	1.854	0	0	0.206	0	0.618	0.206	1.236	0	0	0	0.206	1.236	0	0	0.412	0.412	0.206	0.618	0.824	0.412	1.648	1.854	1.854	0.824	1.03	3.09	0.206	0.206	0.618	3.296	1.236	0	2.06	3.914	5.562	1.854	1.03	0	0.206	0	0	0	0	0	0	0	0	0	0	0	0	0	0	0	0	0	0.412	0	0	0	0.412	0	0	0	0	0	0	0	0	0	0.206	0	0	0	0	0	0	0	0.206	0	0	0	0	0	0	0	0	0	0.206	0.206	0	0.618	0.206	0	0	0	0.206	0	0	0	0	50:60,130.01:200,50:80
Kctd10-NM_026145	0	0	0	0	0	0	0	0	0	0	0	0	0	0	0	0	0	0	0	0	0	0	0	0	0	0	0	0	0	0	0.206	0	0	0	0	0	0	0	0	0	0	0	0.206	0	0	0	0	0	0.206	0	0	0	0	0	0.206	0	0	0	0.206	0.206	28.017	11.948	1.236	0.824	0.412	0.206	0.412	0.412	0.206	6.324	1.298	2.266	1.03	0.206	0	0	0.206	0.218	1.43	0.824	1.442	0	0	0	0.206	1.854	0.618	0	0	0	0.412	0	0.618	0.412	1.648	1.03	0.618	0.206	0	0.206	0.206	0.206	0	0.824	0.824	0.412	0.206	2.06	0	0	0	0.412	3.296	0.618	0	0.412	0.412	1.854	2.06	1.442	1.236	0.841	0.808	0	0	0	0.412	1.854	3.09	0.412	4.738	0.618	0.618	0.618	1.236	2.266	0.412	1.648	1.236	0.206	1.236	3.889	1.261	1.236	0.824	1.442	1.03	1.236	0.412	0.206	0.412	3.296	1.648	1.236	0.412	0.618	0.412	1.442	0.412	0.618	1.648	3.09	1.648	0.412	0.824	0.412	1.236	1.03	0.006	0.818	0	1.236	1.03	0.696	0.746	1.03	0.904	0.538	2.884	2.678	0.412	0.618	0	0.824	2.678	2.266	2.285	2.248	0.618	2.06	2.06	0.824	1.236	0.206	0.412	0.412	1.03	8.858	4.12	7.169	0.453	1.03	0	0	0.618	5.319	1.067	1.854	2.884	1.442	0.618	0.206	0.618	0.412	1.854	3.09	1.648	0.824	1.442	1.648	1.003	2.087	1.854	1.236	2.678	2.884	1.236	2.587	1.327	0.618	2.06	2.472	3.914	2.06	1.648	0	2.472	7.004	6.386	4.12	1.442	1.442	1.236	0	2.884	3.836	5.022	5.348	0.214	0.824	0.824	0.824	1.648	0.408	0.21	0	2.056	0.21	1.648	2.266	0.412	0.206	0.412	1.648	1.648	0	1.442	0	0	0.206	0.618	0.412	0	1.236	1.236	1.03	0	0.412	0.412	3.708	1.854	1.648	0.618	1.854	0.618	1.03	0	1.03	1.854	1.442	1.03	0.206	2.266	1.442	0.206	0.824	2.678	1.854	0.412	0.412	1.03	1.03	0.618	0	0.206	0.618	1.03	4.326	6.798	0.618	0.824	0.206	0	0.412	2.266	1.854	0.412	0	1.03	0.412	0	0	0	0.824	1.03	0	0.206	0.206	0.412	0	1.854	1.648	1.03	0	0.206	1.236	0.206	0.618	0.206	1.03	50:60,84.67:200,50:80
Kdm2a-NM_001001984	0	0	0	0	0	0	0	0	0	0.206	0	0	0	0	0	0	0	0	0	0	0	0	0.206	0.206	0	0	0.206	0.206	0.412	19.776	7.004	0.824	0	0	0	0.206	1.03	2.884	0.206	0.206	0	0	0	0	0	0	0.206	0.412	0	0.412	0.206	0.824	0	0	0	0	0	0.618	3.296	21.425	23.897	9.476	3.914	4.532	2.266	3.09	4.532	2.678	4.532	0.824	3.296	2.884	0.618	2.678	6.386	5.768	2.266	5.15	7.828	2.06	10.506	7.21	12.978	9.27	6.592	5.356	2.884	2.884	1.442	7.828	6.798	7.622	4.944	3.914	5.768	10.3	5.974	6.592	3.914	6.592	4.532	9.064	23.279	4.944	3.296	5.356	12.978	4.12	9.476	9.682	3.38	11.865	7.416	6.05	4.873	5.557	6.18	3.914	0.618	9.064	22.239	12.37	3.914	9.064	3.708	3.549	7.369	6.18	4.326	5.768	1.442	5.15	10.094	7.004	5.562	3.09	4.532	3.502	2.678	0.824	8.24	2.06	1.03	6.18	8.858	15.45	8.034	4.944	1.03	7.2	2.688	5.15	11.124	2.06	13.184	3.296	12.154	10.712	7.21	4.944	3.328	16.242	8.652	4.532	4.326	9.064	4.344	0.807	3.708	8.034	3.708	8.652	11.536	2.06	3.09	5.356	5.206	7.979	2.243	7.233	7.004	3.296	5.974	10.094	3.296	14.008	1.648	8.446	7.21	9.27	0.618	5.356	5.356	9.064	5.974	7.416	18.54	9.27	7.004	9.888	4.12	3.708	12.154	1.854	11.742	20.394	12.566	4.532	2.06	3.914	0.618	4.326	8.446	29.047	27.615	37.483	44.051	30.317	11.536	21.013	21.631	3.296	3.502	10.094	4.944	2.678	6.386	3.708	5.768	3.502	18.128	5.15	14.832	13.596	4.944	9.888	15.025	10.932	4.944	12.772	4.738	13.184	10.712	12.978	11.124	23.279	10.094	21.219	11.33	14.214	4.532	7.416	7.622	12.36	11.536	17.098	17.51	27.193	34.197	15.45	1.236	1.648	1.03	1.854	3.708	9.27	6.18	1.03	0	0.206	1.648	5.562	1.854	2.472	3.502	3.708	4.738	3.914	3.502	1.03	1.236	9.064	8.858	4.12	3.09	2.266	5.356	2.472	2.884	1.236	4.326	2.266	0.824	0.206	2.678	3.09	7.416	3.09	2.266	3.502	4.532	5.562	5.356	0.206	1.442	2.884	0.618	0.206	2.266	5.15	0.824	1.854	1.236	3.914	2.266	3.914	2.472	3.296	3.09	5.15	2.678	4.532	7.21	0.618	1.03	4.738	0.618	0.824	0.824	0	0.412	0	0.412	0.824	0.824	0.412	0.618	0	0	0	50:60,404.655:200,50:80
Klc3-NM_146182	0.618	0.206	0.206	0.206	0.206	0	0.412	0	0.206	0	0	0	0	0	0	0	0.206	0	0.206	0	0	0	0	0	0	0	0	0	0.206	0	0.206	0	0	0	0	0.206	0	0	0	0.206	0	1.648	1.442	0	0	0.206	0	0.206	0.206	0	0.206	0	0	0	0	0	0	0.618	0	0	0	3.259	1.479	0.824	5.562	2.06	1.442	0.206	2.06	1.236	0.206	0	0	0	1.236	1.03	0.406	0.418	0	0.412	0.412	0.206	0.913	1.353	1.236	0.206	0	0.618	0.824	1.854	2.266	3.09	0.412	0.206	0	0	0	0	0	0	0	0	0	0	0	0	0	0	0	0	0	0	0	0	0.206	0.412	0.206	1.03	1.442	3.914	1.442	0	0.206	0	0	0	0	0	0	0	0	0.206	0	0.206	0	0	0.412	0	0	0.206	0.206	0	0	0.206	0.206	0	0.412	0.618	0	0	0.206	0	0.206	0.412	0	0	0.412	1.03	1.442	0.206	0.412	0.206	0	0	0	0.206	0.206	0.206	0.206	0	0	0.396	0.428	0.618	0.206	0.412	0	0	1.236	0	0	0.206	0	0.206	0	0	0.206	0	0	0	0.824	0	0	0	0.206	0.412	0.412	0	0.206	0.206	0.206	0.206	0	0	0	0.412	0.412	0.206	0	0.412	0.206	0	0	0	0.206	0.618	0.412	0.206	0	0	0	0	0	0	0	0	0	0	0	0	0	0.206	0.206	0	0	0	0.206	0.206	0.412	0	0.206	0	1.236	0.206	0	0.206	0.824	0.412	1.03	0	0.206	0.412	0	0.206	0	0.618	0.206	0	0	0	0.206	0	1.03	0.618	0.412	0.206	0.618	0	0.412	1.236	0.618	0.206	2.06	1.236	1.442	0.618	0.824	0.412	0	0.412	1.03	0.618	0.206	0	0.412	0	0.206	0.824	0.618	0.618	0.412	0	0	0.412	1.854	0.206	0.824	1.03	0.412	0.206	0	0.412	0.206	0.206	0.618	1.03	2.266	0	0.206	1.236	0	2.884	0.206	0	0.412	0	0	0.206	0	0.206	0	0	0	0.824	0.206	0.206	0.206	1.442	1.648	0.206	1.236	0	1.236	0.206	0	0	0	0	0.412	1.236	50:60,27.41:200,50:80
Klf8-NM_001357183	0	0	0	0	0	0	0	0.206	0	0	0	0	0	0	0	0	0	0	0	0.206	0	0.206	0	0	0.412	0	0	0	0	0	0.206	0.824	0.206	0	0	0.412	0	0	0.206	0	0.412	0.412	0.206	0.618	0	0.412	0	0.206	0.206	0	0	0.412	0	0	0.206	0	0	0.206	1.442	6.798	0.412	2.06	10.094	0.412	1.442	0.824	0.824	0.206	0.412	0.412	0	0.206	0	0.206	0.206	0.824	0.824	0.206	0.412	0.412	0.412	0	0	0.206	0	0	0	0	0	0.206	0	0.618	0.206	0.618	0.206	0.206	0.618	0.412	1.03	1.854	0.206	0.618	1.03	0.206	0.206	0.412	0.206	1.03	0	1.442	1.03	0.824	0.412	0.618	1.236	1.648	0.412	0.206	0.618	0.618	0.206	1.03	0	0.412	1.442	2.266	0	0.824	1.442	0	0	0.412	0	0.412	1.03	0	0.412	1.648	0.824	0.206	0.206	1.442	0.618	2.472	0	0	0	0	0	0	0	0	0.618	0.412	0.618	1.03	1.03	0.206	0.206	0.412	0.412	0.206	0.206	0.824	0	1.03	0.412	0.618	0.412	0.412	0.206	0.206	0.206	1.03	0.618	0	0	0.412	0	0.206	1.442	1.442	0.206	1.03	0.412	1.854	2.06	0	0.412	0	0	0	0	0.206	0	1.236	0.412	0.206	0.206	1.03	0.824	0	0.206	0	0.206	0.824	1.236	0.412	1.03	1.03	0	0	0.412	0	0.618	0.618	0	0	0.206	0.206	0.412	1.648	2.06	1.03	0.618	0.618	0.206	0.824	0.824	1.03	1.03	1.03	0.618	2.472	0.824	2.884	2.884	0.618	0.206	1.03	1.442	1.014	1.047	2.266	1.854	0.412	0.206	1.03	1.03	0.618	0.206	0.824	1.236	1.236	0.412	1.03	2.678	0.824	1.236	0.412	0.618	0	0	0.206	0.412	0.618	1.236	0.618	0.412	0	0.412	0.412	1.236	1.236	0.618	1.648	2.884	0.412	0.618	0.824	0.206	0.412	0	0.618	0.412	0.206	0.206	0.206	0	0.618	0.412	0.618	0.206	0	0.206	0	0.206	2.06	0	0.412	0.618	1.03	0.412	0.412	0	0	0	0	0	0	0	0	0	0.206	0	1.03	0	0	0.412	0	0.412	0.206	0	0	0	0	0	0	0	0	0.206	0	0	0	0	0	0	0	0	0	50:60,196.56:200,50:80
Kng2-NM_001102409	0	0	0	0	0	0	0	0	0	0	0	0	0	0	0	0	0	0	0	0	0	0	0	0	0	0	0	0	0	0.412	0	0	0	0	0	0	0	0	0	0	0	0	0	0	0	0	0	0	0	0	0	0	0	0	0.206	0	0	0	0	0	0	0	0	0	0	0	0	0	0	0	0	0	0.206	0.618	0.206	0.206	0	0	0	0	0	0.618	0	0	0	0	0.206	0	0	0	0	0	0	0	0	0	0	0	0	0.618	0	0	0	0	0	0.206	0	0	0	0	0	0	0	0	0	0.206	0	0	0	0	0	0	0	0	0	0	0.206	0	0	0	0	0	0.206	0	0	0	0	0	0	0	0	0	0	0	0	0	0	0	0	0	0	0	0	0	0	0	0	0	0	0	0	0	0	0	0	0	0	0	0	0	0	0	0	0	0	0	0	0	0	0	0	0	0	0	0	0	0	0	0	0	0	0	0	0	0	0	0	0	0	0	0	0	0	0	0	0	0.206	0	0	0	0	0	0	0	0	0	0	0	0	0	0	0	0	0	0	0	0	0	0	0	0	0	0	0	0	0	0	0	0	0	0	0	0	0	0	0	0	0	0	0	0	0	0	0	0	0	0	0	0	0	0	0	0	0	0	0	0	0	0	0	0	0	0	0	0	0	0.206	0	0	0	0	0	0	0	0	0	0	0	0	0	0	0	0	0	0	0	0	0	0	0.206	0	0	0	0	0	0	0	0	0	0	0	0	0	0	0	0	0	0	0	0	0	0	0	0	0	0	0	0	0	0	0	0	0	0	0	0	0	0	0	0	50:60,216.25:200,50:80
Lbhd1-NM_001286103	0.206	9.064	7.21	2.266	1.236	0	0.412	0.206	0	0	0	0	0	0	0	0	0.206	0	0	0	0	0.206	0	0	0	0	0	0.206	0	0	0	0	0.206	0	0	0	0.206	0	0	0	0	0	0	0	0.412	0	0	0	0	0	0	0	0	0	0	0	0	0	0	0	0	0	0	0	0	0	0	0	0	0	0.206	0	0	0	0	0.206	0	0	0	0	0	0	0	0	0	0.206	0	0	0	0	0	0	0	0	0	0	0	0	0	0	0	0	0	0	0	0.206	0	0	0	0	0	0	0	0	0	0	0	0	0	0	0	0	0	0	0	0	0	0	0	0	0	0	0	0	0	0	0	0	0	0	0	0	0	0	0	0	0	0	0	0	0	0	0	0	0.206	0	0	0	0	0	0	0	0	0	0	0	0	0	0	0	0	0	0	0	0	0.206	0	0.412	0.206	0.618	0	0	0	0	0	0	0	0	0	0	0	0	0	0	0	0	0	0	0	0	0	0	0	0	0.618	20.456	81.366	71.774	7.894	9.682	4.738	0	0	2.06	0.206	0.412	0.412	0	0	0.412	0.412	0.618	0	0	0	0	0	0	0	0	0	0.206	0	0	0	0.206	0.412	0	0	0	0.043	0.369	0	0	0	0	0	0	0.206	0	0	0.206	0	1.03	0	0	0	0	0	0	0.824	0	0	0.206	0	0	0	0.206	0.412	1.236	1.236	0.824	2.06	1.442	0.206	0.206	2.266	0.824	1.442	0.206	0.412	1.236	0.618	3.914	3.09	8.24	5.15	5.15	1.236	1.236	2.472	1.854	2.266	2.472	2.266	0	2.266	3.296	1.236	0	10.506	3.296	18.334	20.395	8.034	8.034	0.618	0.824	2.678	8.652	6.592	1.442	1.648	3.09	0.412	2.06	1.236	1.648	1.854	1.854	1.03	0	0	0.824	1.648	2.678	1.236	1.236	1.648	0	0.412	0.824	1.03	1.236	1.442	0.824	0.824	0	0	0	50:60,34.41:200,50:80
Lcat-NM_008490	0	0	0.412	0	0	0.412	1.03	0.206	1.236	0.618	0.206	0	0	0.206	0	1.442	0	0	0	0.206	0	0.412	0.206	1.854	0.824	0.824	3.296	0.824	0	0.206	0.824	0	0.206	0.412	0.618	0.618	1.03	2.884	1.236	0	0.412	2.884	0.824	1.442	0.824	0.618	0.618	0.206	0.412	0	2.06	0.618	2.266	0	0	2.266	0	0.412	0	2.678	1.648	0.412	0.206	0	0	0.412	0.206	0.206	0.412	0	0	0	0	0.338	0.074	0.206	0	0	0.606	1.248	1.236	1.03	0.412	0.618	1.133	0.103	0.618	0.412	0.206	0	0.618	0.206	0	1.442	0.618	0.618	0.618	1.648	0.824	3.337	3.049	3.28	2.526	0.993	5.088	1.084	0.42	0.099	1.755	1.648	2.678	1.442	0.412	0.206	0.206	0.412	0.206	1.442	0.618	0.412	0.206	0.206	0.618	0.618	1.442	2.093	1.409	0.412	0.812	0.012	0.412	0.412	1.03	0.412	1.648	0	0.412	0.206	0.412	0.824	0.824	0.618	0.412	0.618	0	0	0	0	0	0	0	0.206	0.206	0.824	0.618	1.854	1.854	0	1.236	0.206	0	0	0	0.618	0	0	0.206	0	0	0	0.206	0	0.206	0	0	0	0.206	0.206	0.824	0	0.206	0	0	0	0	0	0	0	0	0	0	0.206	0.531	0.087	1.03	2.34	1.78	1.236	0.412	0	0	0	0	0	0	0	0	0	0	0	0	0	0	0	0	0	0	0	0	0	0	0.206	0	0.412	0.618	0.033	0.173	0	0	0	0	0	0.206	0	0.618	0	0.824	0	0.824	0	0.824	0	0	0	0	0	0	0.206	0	0	0	0	0.412	0	0	0.618	0	0.206	0.206	0.206	1.442	1.03	2.472	3.502	8.858	10.094	1.854	0.412	1.854	4.12	0.206	0.824	0.206	0	0	0	0	0.412	0.412	1.03	0.206	0	0	0.618	1.236	0.824	1.442	0.206	1.236	1.854	0.206	0.206	2.266	2.884	1.03	0.824	0.206	1.236	0.206	0.206	0.824	0	0.618	0.412	0	0	0	0	0.206	0.824	0.824	8.858	13.39	2.06	0	0.206	0.206	0	0.618	0	0.206	0.206	0	0	0.206	0.206	0.206	0	0	0	0	0	0	0	0.618	0	0.206	0	0	0	50:60,19.26:200,50:80
Lcorl-NM_001163073	0	0	0	0	0	0	0	0	0	0	0	0	0	0	0	0	0	0	0	0	0	0	0	0	0	0	0	0	0	0	0	0	0	0	0	0	0	0	0	0	0	0	0	0	0	0.206	0	0	0	0	0	0	0	1.236	0.618	0	0	0.206	0.206	0	21.013	14.008	6.18	0.618	0.824	0	0	0	0	0	0	0	0	0	0	6.271	6.914	2.678	5.974	3.296	3.09	4.326	1.442	7.416	6.18	4.532	5.356	4.326	5.15	2.472	4.532	9.682	11.33	2.06	5.15	5.15	1.854	5.15	4.944	5.15	0.586	7.036	9.682	8.24	4.738	6.18	1.648	3.502	1.442	4.532	8.652	7.21	8.034	11.124	0.412	0.412	0.206	0	0.824	0.206	0.618	0	0	0.206	0.206	0.618	6.592	7.828	1.854	3.502	7.416	4.944	2.472	4.12	10.506	8.24	6.798	2.266	4.944	6.386	0.206	0	0.206	1.854	0.412	0	0	0.618	0	0.618	3.522	3.483	5.974	10.094	9.064	4.392	6.32	2.557	3.006	11.124	7.416	4.532	7.622	12.36	5.974	14.626	3.708	4.326	4.326	10.28	21.033	11.124	1.03	3.502	2.06	0.618	12.003	7.568	7.416	17.098	4.532	4.532	5.356	8.034	4.326	4.738	11.536	3.914	5.356	11.33	8.652	3.502	4.12	6.18	2.884	4.944	9.064	5.15	7.622	5.356	5.974	10.094	1.854	4.738	9.682	12.36	1.648	6.386	7.149	4.181	6.55	6.84	4.944	4.12	7.004	4.536	4.734	6.386	5.356	3.502	1.854	5.768	3.708	5.768	8.24	2.678	3.09	7.828	7.416	4.12	3.09	3.914	3.502	5.15	2.266	2.06	3.708	2.678	1.236	4.738	6.386	3.09	4.532	6.798	2.678	2.266	1.03	4.738	11.536	1.442	6.798	6.18	7.004	4.944	11.33	8.446	9.064	5.15	2.266	3.708	1.442	0.618	0	0.412	0	0.412	0	0.206	0.412	0	0.206	0	0.206	0.206	0.206	0	0	0.618	2.884	0.412	0.824	0.618	0	0.412	0.206	0.412	0.824	0.618	1.442	0.618	0.206	0	0	0.206	0.412	0.412	0.824	0	0	0	0	0	0	0	0.206	0.206	0.412	0	0	0	0.824	0.412	0.206	0	0.206	1.236	1.236	1.442	2.06	0.824	0.618	3.502	2.472	1.03	0	1.03	0.618	3.502	0.412	0	0	0.824	0.618	0	0	0.618	0	0.206	0.824	0.206	50:60,636.045:200,50:80
Ldah-NM_001167767	0	0	0	0	0	0	0	0	0	0	0	0	0	0	0	0	0	0	0	0	0	0	0	0	0	0	0	0	0	0	0	0	0	0	0	0	0	0	0	0	0	0	0	0	0	0	0	0	0	0	0	0	0	0	0	0	0	0	0	0	130.401	0.824	0.206	0.206	0	0.618	0.412	0.206	0	0.618	0	0.412	0.206	0	0	0.618	1.442	0.824	0.618	1.236	1.854	0.824	3.09	0.618	0.824	0.412	0.824	3.296	7.416	1.854	4.12	3.708	2.06	2.678	4.12	0.824	2.472	3.914	2.266	7.21	3.09	3.502	2.884	3.09	1.648	0.824	2.06	0.618	6.386	0.824	2.266	0.206	2.266	2.884	1.442	3.09	3.438	2.536	3.09	0.824	1.03	1.648	2.472	5.15	0.824	1.442	1.854	0.824	0.824	0.824	0.412	1.854	1.442	4.326	2.266	1.442	3.296	4.326	1.442	1.854	0.206	0.206	0.824	2.266	1.648	3.502	3.914	1.442	2.266	5.768	2.884	1.854	7.21	3.708	4.532	1.648	3.296	3.502	2.472	3.708	9.27	1.442	2.266	2.266	0.412	1.648	1.442	2.266	1.442	4.12	0.618	0.206	5.562	3.09	3.296	1.854	2.678	3.708	0.618	4.12	1.648	3.09	3.09	1.03	2.112	0.979	3.708	5.15	0.618	0.824	3.296	0.618	0.618	2.884	0.824	1.442	1.648	2.266	3.296	4.326	2.472	4.12	1.03	1.442	1.854	2.06	3.09	2.266	5.974	6.386	3.708	2.884	1.442	3.502	2.472	5.562	1.854	0.412	1.03	0.824	0.412	0	0	2.06	1.854	1.03	3.09	1.03	2.06	3.296	1.03	2.884	1.236	3.296	2.266	2.06	5.15	2.884	3.708	0.618	2.678	2.266	2.472	1.854	1.648	2.884	1.442	4.738	1.03	5.15	4.217	2.787	1.648	3.502	5.356	1.442	1.03	4.668	3.984	12.36	1.648	1.236	1.648	0.412	0.824	1.03	2.266	1.03	1.03	0.824	2.06	2.266	1.854	1.442	5.974	3.09	2.884	0.206	1.03	0	0	0.206	0	0	0	1.648	1.854	0.206	0.412	1.648	1.442	0.206	1.442	0.824	0.206	1.03	2.06	1.236	1.03	1.442	0.206	0.412	0	0	0.206	0.412	0	0.206	0.824	1.648	1.236	0.206	0.618	0.206	0	1.854	0.824	0	0.412	0	0.412	1.648	2.472	1.236	0.618	0	2.06	0.412	0.412	0.618	0	0.206	0.412	0.206	1.236	1.03	0	0	0.824	0.412	50:60,388.17:200,50:80
Lmntd2-NM_028050	0.824	0.824	0.824	0.618	1.236	1.03	0.206	0.412	1.03	1.442	2.266	0	0.206	0.618	2.266	1.236	2.472	2.266	0.412	1.648	1.854	1.648	1.442	0.618	0.206	0.412	1.03	2.06	21.013	3.502	4.738	8.034	4.12	3.09	0.824	1.236	0.824	1.03	1.236	1.03	0.412	0.618	0.206	0.206	0.824	1.236	0	0	1.03	0	0	0.618	0.412	1.854	0.618	0	0.412	0.206	0	0.206	0	0	0	0	0	0	0	0	0	0	0	0.206	0	0.412	0	0	0.412	0.293	0.119	0	0.206	0	0	0	0	0	0.412	0	0.618	0.412	0	0.206	0	0	0	0.412	0	0	0	0	0	0	0	0.074	0.132	0.206	0	0	0	0.206	0	0.412	0	0	0	0.206	0	0	0	0.288	0.33	0.206	0	0	0	0	0	0	0	0	0	0	0	0	0	0	0	0	0.412	0.618	0	0	0	0.206	0	0.206	0	0	0	0	0	0	0	0	0	0	0	0	0	0	0	0	0	0.206	0	0.618	0.206	0	0	0	0	0	0	0	0	0	0.206	0.412	0	0.412	0	0	0.488	0.13	0.206	0.812	0.012	0	0	0	0.206	0	0	0.206	0	0	0	0	0.206	0	0.206	0	0	0	0.206	0.206	0	0	0.206	0	0	0.181	0.025	0	0	0	0.206	0.824	0	0.206	0.824	0	0	0	0.412	0	0	0	0	0	0.206	0.206	0.206	0.206	0	0.206	0.206	0.206	0.002	0.204	0	0	0.206	0.412	0	0	0	0	0.412	0.206	0.412	0.206	0	0.206	0	0.206	0	0.412	0.206	0.206	0.206	0.206	0	0	0	0	0.618	0.824	0.618	0.206	0	0	0.412	1.03	0.412	0.206	0	0	0	0	0.412	0	0.412	0.206	0	1.03	0.618	0.206	0.412	0	0.412	1.03	0.206	0.824	0.412	1.03	0.206	0.412	0.206	0.206	0.412	0	0	0.206	0.206	0.206	0	0	0	0.206	1.03	0.206	1.442	2.266	1.442	0.618	1.854	5.562	0.824	0.412	0.206	0.206	0.206	0.824	0.618	0.412	1.03	0	0.618	0.206	0.206	0	2.266	1.236	1.03	0.412	0	0.206	0.206	0.824	50:60,20.19:200,50:80
Lsr-NM_001164184	0	0	0	0	0	0	0	0	0	0	0	0	0	0	0	0	0	0	0	0	0	0	0	0	0	0	0	0	0	0	0	0	0	0	0	0	0	0	0	0	0.206	0.206	0	0.206	0	2.472	1.854	0.412	0.206	0	0	0.824	0.412	0.206	0	0	0	0	0	0	5.768	104.857	0.824	2.678	13.596	1.236	0.824	0.206	0.206	0.824	0.824	0.618	0.618	0	0.618	0.618	0.412	0	0.206	0	0.618	0.412	0.206	0.206	0.824	0.412	0.206	0	1.03	0.618	0.412	1.442	1.442	0.206	0.412	0.206	6.386	0.618	1.648	2.06	0.206	0.412	0.824	0.412	0.618	4.944	4.326	0.824	2.678	1.236	0.824	0.206	1.236	0.618	1.236	2.06	1.442	2.884	0.206	0.618	3.502	0.206	0.412	0.412	0.618	4.738	2.266	0.824	1.03	1.442	0.618	1.03	3.296	2.06	3.708	1.442	1.03	2.266	1.648	2.472	8.24	1.236	1.03	0.206	2.06	1.442	1.442	1.236	3.914	1.03	4.12	1.03	1.648	0.824	0.824	0.412	1.03	0.206	0.412	0	1.03	2.884	0.824	1.854	0.412	0	0.206	1.648	1.648	0.206	1.339	0.309	0	1.442	3.09	0.412	0.618	0.618	0	0.206	0.412	1.442	0.618	0.206	1.854	0.412	0.412	0.412	0	0	0.618	1.648	1.442	1.236	0.824	0.824	0.721	4.017	2.266	1.442	1.236	1.236	0.206	1.03	0.824	2.884	1.236	0.824	0.412	1.03	2.472	9.888	1.03	1.442	2.678	4.12	0.824	2.266	4.532	2.472	1.442	1.648	2.06	3.502	1.236	0.412	0.412	0.412	2.884	3.09	1.442	0.618	2.884	2.678	2.06	2.678	3.296	4.944	1.648	1.236	0.618	1.03	2.884	0.412	0.824	0.412	0.412	1.854	1.648	2.266	0.824	3.09	2.678	3.914	1.854	4.944	4.738	15.45	16.892	2.884	0.206	0	1.854	8.652	10.094	1.442	0	0	0.206	0.412	0.618	1.03	0.206	0	0	0	0.412	0.206	0.206	0.412	0.412	0	0	0	0	0.206	0	0.206	0.206	0	0	0	0	0	0	0	0	0	0	0.206	3.296	2.06	3.914	1.648	0.206	0.206	0.412	0	0	0.206	0.412	0.412	1.03	0.412	0.824	0	0	0	0.618	1.03	0	0.412	2.266	0.412	0.824	0	0.206	0.206	0.206	0	0	1.442	1.442	1.236	0.206	0.412	0.206	0	0	0.412	50:60,78.5:200,50:80
Ltbp1-NM_019919	0	0	0	0	0	0	0	0	0	0	0	0	0	0	0	0	0	0	0	0	0	0	0	0	0	0	0	0	0	0	0	0	0	0	0	0	0	0	0	0	0	0	0	0	0	0	0	0	0	0	0	0	0.206	0	0	0.206	0	0	0	0.412	8.858	0.824	1.236	3.502	2.266	2.884	3.296	3.09	4.532	1.03	3.09	3.296	1.442	1.854	2.472	3.708	1.854	2.06	4.12	2.06	0.412	0.824	5.562	1.854	0.618	2.472	2.678	2.266	1.236	0.824	0.618	2.266	1.442	3.502	3.296	1.03	3.09	2.472	2.06	3.296	0.824	0.824	3.296	1.03	2.266	1.236	2.884	2.266	1.442	0.824	1.442	1.442	1.854	2.266	4.738	0.824	1.236	1.03	2.266	3.502	2.472	2.472	2.678	4.944	1.236	1.03	2.884	0.618	0.824	1.442	1.236	0.618	2.472	1.854	0.618	1.442	3.708	2.266	2.266	0.412	1.854	1.442	1.236	1.03	2.472	2.884	2.678	3.09	3.09	4.944	2.884	3.296	3.708	1.854	2.266	2.472	3.502	1.648	2.678	4.12	2.06	1.442	2.884	3.914	3.296	2.266	2.06	1.854	2.678	0.824	3.296	0	0.206	2.266	0.618	1.648	1.648	2.884	2.06	3.914	4.532	2.678	2.472	3.708	1.236	3.502	4.944	3.296	3.708	1.236	1.442	2.06	2.06	1.442	2.06	1.236	1.236	1.854	1.236	3.09	2.06	2.472	4.532	1.854	1.854	2.884	3.708	1.648	1.854	1.03	2.266	2.678	3.914	3.708	1.854	3.502	3.09	1.442	3.296	2.266	2.472	0.824	2.06	2.06	0.824	2.266	2.472	0.618	2.266	2.678	0.412	2.266	3.296	2.472	0.412	3.296	2.472	1.648	2.06	0.824	2.06	1.648	4.326	2.472	2.266	1.854	3.296	3.914	1.236	2.678	2.884	1.648	2.266	2.571	2.373	3.296	2.266	2.678	2.884	3.296	0	0.206	0.824	0.206	0	0	0	0	0	0	0	0	0	0	0	0	0	0	0.618	0.206	0	0.206	0	0	0	0.206	0.206	0	0	0	0	0.206	0	0	0	0	0	0.824	0	0	0	0	0	0	0.206	0	0	0.206	0.206	0	0	0	0	0	0	0.206	0	0	0	0	0	0	0	0	0	0	0.412	0	0.206	0.206	0	0	0.206	0	0	0	0	0	0	0	50:60,1934.92:200,50:80
Ly6c1-NM_001252055	0	0	0	0	0	0	0	0	0	0	0	0	0	0	0	0.206	0	0	0	0	0	0	0	0	0	0	0	0	0	0	0	0	0	0	0	0	0	0	0	0	0	0	0	0	0	0	0	0	0	0	0	0	0	0	0	0	0	0	0	0	0	0	0	0	0	0	0	0	0	0	0	0	0	0	0	0	0	0	0	0	0	0	0	0	0	0	0	0	0	0	0	0	0	0	0	0	0	0	0	0	0	0	0	0	0	0	0	0	0	0	0	0	0	0	0	0	0	0	0	0	0	0	0	0	0	0	0	0	0	0	0	0	0	0	0	0	0	0	0	0	0	0	0	0	0	0	0	0	0	0	0	0	0	0	0	0	0	0	0	0	0	0	0	0	0	0	0	0	0	0	0	0	0	0	0	0	0	0	0	0	0	0	0	0	0	0	0	0	0	0	0	0	0	0	0	0	0	0	0	0	0	0	0	0	0	0	0	0	0	0	0	0	0	0	0	0	0	0	0	0	0	0	0	0	0	0	0	0	0	0	0	0	0	0	0	0	0	0	0	0	0	0	0	0	0	0	0	0	0	0	0	0	0	0	0	0	0	0	0	0	0	0	0	0	0	0	0	0	0	0	0	0	0	0	0	0	0	0	0	0	0	0	0	0	0	0	0	0	0	0	0	0	0	0	0	0	0	0	0	0	0	0	0	0	0	0	0	0	0	0	0	0	0	0	0	0	0	0	0	0	0	0	0	0	0	0	0	0	0	0	0	0	0	0	0	0	0	0	0	0	50:60,19.115:200,50:80
Ly9-NR_102726	0	0	0	0	0	0	0	0	0	0	0	0	0	0	0	0	0	0	0	0	0	0	0	0	0	0	0	0	0	0	0	0	0	0	0	0	0	0	0	0	0	0	0	0	0	0	0	0	0	0	0	0	0	0	0	0	0	0	0	0	0	0	0	0	0	0	0	0	0	0	0	0	0	0	0	0	0	0	0	0	0	0	0	0	0	0	0	0	0	0	0	0	0	0	0	0	0	0	0	0	0	0	0	0	0	0	0	0	0	0	0	0	0	0	0	0	0	0	0	0	0	0	0	0	0	0	0	0	0	0	0	0	0	0	0	0	0	0	0	0	0	0	0	0	0	0	0	0	0	0	0	0	0	0	0	0	0	0	0	0	0	0	0	0	0	0	0	0	0	0	0	0	0	0	0	0	0.206	0	0	0	0	0	0	0	0	0	0	0	0	0	0	0	0	0	0	0	0	0	0	0	0	0	0	0	0	0	0	0	0	0	0	0	0	0	0	0	0	0	0	0	0	0	0	0	0	0	0	0	0	0	0	0	0	0	0	0	0	0	0	0	0	0	0	0	0	0	0	0	0	0	0	0	0	0	0	0	0	0	0	0	0	0	0	0	0	0	0	0	0	0	0	0	0	0	0	0	0	0	0	0	0	0	0	0	0	0	0	0	0	0	0	0	0	0	0	0	0	0	0	0	0	0	0	0	0	0	0	0	0	0	0	0	0	0	0	0	0	0	0	0	0	0	0	0	0	0	0	0	0	0	0	0	0	0	0	0	0	0	0	0	50:60,93.61:200,50:80
Map3k7-NM_172688	0	0	0	0	0.412	0.618	0	0	0	0	0	0	0	0	0	0	0	0	0	0	0	0	0	0	0	0.206	0	0	0	0	0	0	0	0	0	0	0	0	0	0	0	0	0	0	0.206	0.206	0.412	0.412	0	0	0	0	0	0	0	0	4.12	2.678	0.412	0.618	4.12	3.626	1.112	0.618	0.618	0.206	0	0.206	0.824	1.442	0	1.36	0.7	2.472	2.884	1.236	1.854	1.442	1.236	2.06	1.442	1.236	1.854	1.236	1.236	0.824	1.236	0.412	4.12	0.412	3.502	2.472	2.884	1.442	0.618	1.03	4.944	1.648	0.824	9.27	1.03	3.296	2.266	1.442	2.472	1.236	1.442	2.678	1.442	1.854	2.019	2.719	0.824	2.925	5.109	3.708	2.678	3.296	2.266	3.502	5.768	2.472	1.236	2.06	1.03	0.618	2.266	0	0	0	1.03	0.206	4.326	3.502	0.824	4.326	9.064	0	0	0	3.708	4.12	3.296	4.944	5.562	1.442	1.648	2.472	8.652	2.678	0.618	3.296	4.326	1.648	4.326	2.472	1.648	1.442	3.502	2.678	3.09	1.236	5.974	3.09	3.914	1.442	2.266	2.678	4.738	3.914	2.884	3.502	1.236	3.502	3.502	3.502	2.266	1.442	4.738	8.858	1.03	4.532	4.12	1.03	1.03	2.884	1.854	2.884	1.03	1.648	0.412	0.206	1.236	2.266	0.206	1.648	1.03	1.03	3.708	3.914	0.824	1.03	7.622	2.06	1.442	4.326	7.004	4.326	3.708	5.15	2.266	2.678	7.004	6.592	2.678	0.618	2.925	3.461	3.708	2.06	1.854	3.708	4.326	4.12	3.296	1.03	2.472	1.648	2.06	0.824	1.236	2.678	3.296	2.472	1.854	3.708	4.326	4.532	1.442	1.854	2.472	5.768	4.944	7.416	1.854	5.562	1.236	2.06	2.884	2.266	4.12	2.06	2.472	8.034	2.06	2.06	4.326	0.824	2.678	5.356	0.412	0.206	2.06	3.914	3.708	2.266	1.854	1.236	0	0	0	0	0.206	0	0	0	0	0	0.206	0	0.412	0	0	0	0	1.03	2.884	2.678	1.648	0.412	0.618	0	0.412	1.442	0.618	0	0.618	0.618	0.206	1.03	1.648	0	0.206	1.854	1.854	1.442	1.854	0.824	2.06	1.648	1.442	2.06	0.824	0.824	0.206	3.914	0.824	1.236	1.442	2.266	1.648	1.03	2.472	1.854	1.854	0.824	1.236	0.824	2.266	1.236	2.884	2.266	2.678	1.236	0.618	0.618	6.18	1.03	0.824	0.412	50:60,296.8:200,50:80
Mapk7-NM_011841	0	0	0	0	0	0	0.206	0	0	0	0	0.206	0.206	0	0	0	0	0.206	0	0	0	0	0	0	0	0	0.412	0	0	0	0	0.206	0	0.206	0	0	0	0	0	0	0	0	0	0	0	0	0.412	0	0.206	1.236	0.824	0.824	0.618	0	0	0	0	0	0	0.412	0.412	7.457	6.963	3.708	3.914	0.752	0.896	0	0	0.206	0.206	0	0	0	0.206	0	0	0.206	0	0.412	0	0	0.206	0	0	0	0.206	0	0	0	0	0	0.206	0	0.206	0	0	0	0	0	0	0	0	0	0	0.34	0.072	0	0.098	0.108	0.206	0.206	0.206	0	0.206	0.082	0.536	0	0	0	0	0	0	0.206	0	0.206	0	0	0.206	0.412	0.206	0.206	1.03	0.412	1.648	0	0	0.206	0.206	0.206	0	0	0	0	0	0	0.206	0	0.618	0	0.206	0	0	0	0.412	0	0.618	0.206	0.618	0.618	1.03	2.266	0.546	0.484	0.412	0.206	0.206	0.206	0	0	0.52	0.51	0	0.206	0	0.206	0	0.206	0.973	1.499	0.824	1.648	0.412	0	0.206	0.206	0	0.206	1.648	0.206	0.412	0.206	0.206	0.824	0.824	0.412	0.412	0	0	0	0	0.206	1.648	0.412	1.442	0.206	0.206	0.35	0.68	0.618	0.824	0	0.412	0.206	0.618	0	0	0.206	0.412	0	0.469	0.355	0.17	2.529	0.803	0.206	0.793	0.69	0.783	0.824	1.03	1.854	1.56	2.292	0.912	2.034	1.854	0.402	1.864	1.133	0.515	0	0.412	0.824	1.442	1.442	0.618	1.174	0.268	0.412	0.824	0.206	0	0	0	0.206	0	1.03	0.206	0	0.618	1.854	1.854	1.648	2.884	8.24	3.09	2.472	1.648	0.206	2.678	2.472	1.03	4.326	2.678	0.412	0	1.03	1.236	1.03	0.412	0.824	1.236	0	0.206	0.618	0	0.618	0	0	0	0.206	0	0	0	0.206	0	0	0.206	0	0.206	0.206	0	0	0	0	0	0	0	0	0	0.206	0.206	0.412	0	0	0	0	0	0	0.206	0	0.206	0	0	0	0	0.206	0	0.206	1.854	1.236	0	0	0	0	0.206	0	0	0	50:60,27.275:200,50:80
Mapk8ip1-NM_001202445	0.206	0	0.206	0.206	0.206	0.206	0	0.206	0.412	0.206	0.206	0.618	0	0	0	0	0	0.206	0	0.206	0	0	0	0	0	0.412	0.412	0	0	0.206	0	0.412	0.412	0.206	0	0	0	0.206	0.206	0.618	0	0.618	0.618	0.206	0	0.206	0.618	0.618	0	0.412	0	0	0	0	0.206	0	0	0	0	0.206	0	0	0.206	0.412	1.03	1.648	0.206	0.206	0	0	0	0.206	0	0.412	0	0	0	0	0	0	0	0	0.206	0.206	0.412	0.206	0.412	0.412	0	0	0	0	0	0.618	0.412	0	0.206	0	0	0	0	0	0	0	0	0	0	0.412	0	0	0.206	0.206	0	0	0	0	0	0.206	0	0.206	0.206	0.412	0.206	0	0.206	0	0.412	0	0	0.412	0.412	0	0	0	0	0	2.06	0.824	0.412	0	0	0	0	0	1.442	0	1.03	0.824	0.824	0.618	0.206	0.618	0.412	0.206	0.412	0	0	0.412	0.206	0.412	0	0	0.206	0	0.206	0.206	0	0	0.206	0.206	0	0.206	0.206	0	0	0.618	0	0.206	0	0	0	0	0	0	0	0.206	0.206	0	0	0.618	0	1.442	0	0	0.412	0.412	0	0.206	0	0.206	0.412	0.206	0.618	0.206	0	0.206	1.03	0.19	0.016	0.412	0	0	0	0.206	0	0.412	0.824	0.618	0.618	0	0	0.305	0.107	0	0	0.412	0	0	0	0	0	0.206	0.206	0	0.206	0	0	0	0	0	0	0	0	0	0.412	0	0.618	0.412	0	0	0	0	0	0.206	0	0.206	0	0.206	0	0.824	0.618	0	0	0.206	1.03	0.618	0.412	0	1.442	0.824	0.412	0.412	0.412	0.206	0	0	0.824	0.824	1.03	0	0.412	0	0	0	0.618	0.618	0.206	0	0.412	0.206	0	0	0.618	1.03	0.206	0.412	0.824	0.618	0.206	1.03	0.206	0.206	0	0.618	0	0.618	1.236	1.648	0.206	0.618	0.206	0.824	0	0	0.206	0.618	0	0	0	0.618	0.618	0	0.206	0.206	0.824	0.206	0.206	0.412	0.618	0.206	0	0	0	0.206	0.412	0	0.618	0.412	0	0	50:60,45.04:200,50:80
Mapk9-NM_001163672	0.206	0	0.412	0.206	0	0.206	0.206	0.206	0.206	0	0	0.206	0.206	0.618	0.618	1.03	0.618	0.206	0.412	0	0.618	0.206	0.412	0.206	0.412	0	0.206	0.412	0	0.412	0.412	0	0.206	0	0.206	0.412	0.206	0	0	0.618	0	0	0	0	0.206	0	0	0.206	0	0	0.206	0	0.206	0	0	1.648	0.618	0	0	0	0.618	2.06	0.412	0.206	0.206	0.206	0	0	0.412	0.412	0	1.03	0.127	0.491	0.479	0.551	0.824	0.824	1.854	0.824	0	1.236	0.618	1.648	0.412	1.03	2.678	1.236	0	1.442	2.472	0.618	0.618	4.12	2.266	0.412	0	0.618	1.442	1.442	0.824	2.472	0.618	1.03	0.824	0.824	1.648	0.412	0	3.09	0.618	1.648	0.824	1.442	1.03	4.944	0.618	1.442	2.06	0.618	2.195	1.513	0	0.618	0.206	0.824	0.824	1.03	0	0.824	3.502	4.12	1.648	0.412	1.03	0.206	0	0	1.236	0.206	1.03	0.412	0.618	0.824	0.824	0.824	1.236	2.472	0.618	0.206	0.824	1.03	0	0.206	0.824	1.854	0.206	0.618	0.206	1.03	0.618	0.206	0.618	1.236	4.12	3.502	5.15	2.884	1.648	1.648	0.412	3.09	2.266	0.412	0.824	1.648	1.236	1.648	0.412	1.854	3.502	0.618	0.824	0.206	0.618	3.502	1.03	2.472	0.412	1.236	1.752	2.986	1.648	0.412	3.914	1.236	4.326	8.24	3.708	1.648	1.236	0	1.648	0.824	2.06	0.206	0.206	1.236	0.618	2.112	10.867	2.884	5.768	5.15	2.884	4.326	0.824	0.412	3.8	3.41	2.266	1.236	1.648	1.854	2.591	2.148	4.12	3.09	0	2.472	2.678	0	0.412	3.296	0.618	0.824	2.06	0.412	3.502	2.884	1.236	0.824	2.266	1.03	1.854	2.678	0.412	2.266	1.648	1.236	2.678	1.648	1.03	0.797	1.057	1.854	1.03	1.854	3.296	1.442	0	0.412	0	0	0.618	0.206	0.618	0.618	1.03	0.618	0.618	0	0	0.824	0.618	0.206	1.236	0.618	1.236	1.03	0	0	0.206	0	0.206	0.206	0	0.206	0.618	1.442	0.618	0.412	0.412	0.206	0	0	0	0	0.412	0.206	0.412	0	0.206	0.206	0	0.206	0	1.236	0.206	0.824	0	0	0	0	0.206	0	0.206	1.03	3.296	1.442	1.236	0	0.618	0.618	0.618	0.206	0.206	0.206	0	0	0	0.206	0.206	1.03	1.03	0	1.854	0	0	0	50:60,198.355:200,50:80
Matk-NM_001285855	0	0	0.412	0.206	0	0	0.618	0	0.412	0	0	0	0	0	0.206	0.412	0.206	0	1.236	1.236	0	0.412	0.206	0	0.206	0	0	0	0	0.412	0.206	0.206	0.206	0.206	1.03	0.206	0.618	0.206	0	1.442	0.618	1.03	1.854	1.03	0	0.412	3.09	2.06	0.618	0	0.618	0.412	0.206	0	0.412	0.824	0.206	0.206	0.618	0.618	2.678	0.412	0	0	0	0	0.824	0.412	1.236	1.648	0.412	1.648	2.472	1.236	0.412	1.442	4.12	1.648	1.648	0.412	0	0.618	0.412	0.824	0.618	0	1.03	0.412	0.58	0.45	0	0	0.412	0.206	0.618	0.824	0.206	0	0.412	0	0	0.206	0.412	0.206	0	0.412	0.824	0	0	0	0	0	0	0	0	0	0	0	0	0	0.275	0.137	0	0	0	0	0	0.824	0	0	0	0	0.206	0	0	0.412	0	0.206	0	0.412	0	0	0.206	0	0	0.412	0	1.03	0.412	0	0	0.618	0.206	0.618	1.03	0	0	0	0	0	0	0	0	0	0	0	0	0	0	0.206	0	0	0	0	0.618	0	0	0	0.206	0	0	0	0	0	0	0	0	0	0.206	0	0	0	0.206	0	0	0	0.206	0.206	0.206	0	0	0	0	0	0	0	0	0	0	0	0	0.206	0	0	0.206	0	0	0	0	0	0	0	1.03	0.618	0.206	0	0.206	0.206	0	0.206	0.206	0.206	0	0	0	0	0	0.206	0.206	0	0.412	0.206	0	0.206	0.206	0	0	0	0	0.206	0	0	0.073	0.133	0	0	0	0	0.412	0	0	0.412	0.206	0	0	0	0	0	0	0.206	0.206	0	0	0	0	0	0	0	0	0.412	0	0.824	0.206	0	0	0.206	0	0	0.206	0	0.206	0.206	0.618	0	1.03	0.412	0	0	0.206	0.206	0.206	0.618	0.412	0.206	0	0	0	0	0.206	0	0	0	0	0.412	0.206	0	0	0.206	0	0	0	0	1.03	0.206	0.412	0.206	0	0.618	0.206	0	0	0	0	0.412	4.326	0.618	0	0	0.206	0.618	50:60,50.235:200,50:80
Matn2-NM_001358780	0	0	0	0	0	0	0.206	0	0	0	0	0	0	0	0.206	0	0	0	0	0	0	0	0	0	0	0	0	0	0	0	0	0	0	0	0	0	0	0	0	0	0	0	0	0	0	0	0	0	0	0.206	0	0	0	0	0	0	0	0	0	0.412	25.751	0.206	0.206	0.206	1.648	0.206	0.618	0.412	1.03	0.618	0.618	0.206	0.206	0.618	0.618	0	0.618	0.412	0.412	0.206	0.206	0.206	0.412	0.206	2.06	0.206	0	1.648	0.824	0.412	0.618	0.206	0.206	0.824	0	1.03	0.618	1.03	1.03	0.618	0.618	0.618	0	0.824	1.236	1.442	1.03	0.206	0.824	0.412	0.412	0.412	0.412	0.824	1.03	1.03	0.618	0.824	0.412	1.03	0.618	1.854	0	1.236	0.618	1.236	0.206	1.442	0.412	0.206	0	0.206	0	0.206	0	0	0.206	0.206	0	0.206	1.03	0.206	0	0	0.206	0.206	0	0	0.206	0.206	0	0	0	1.03	2.472	1.03	0.412	1.236	0	0.618	0	0.618	0.412	0.618	0.206	0.206	0.412	0.206	0.618	0	0	0.412	0	0	0.412	0.412	0	0.412	0	0.206	0.206	0.206	0	0.618	0	0.412	0	0	0.412	0.206	0.206	0	0	0.206	0	0	0	0.206	0.206	0.618	0	0	0.206	0.618	0.412	0.206	0.618	0	0.618	0.206	0	0	0	0.206	0.206	0.206	0.206	0	0.412	0	0.206	0	0.618	1.442	0.412	1.03	0.412	0	0	0.206	0	0	0	0.206	1.236	0.824	0.618	0.412	0	0.412	0.412	0.412	0	0	0	0.618	0	1.648	0.206	0.206	0	1.236	1.648	0	0.206	0.206	0	0	0.618	0.618	0	0	0	0	0	0	0	0	0	0	0	0	0	0	0	0.206	0	0	0	0	0.206	0	0	0	0	0	0.206	0	0	0.206	0	0	0	0	0	0.206	0	0	0	0	0	0	0	0	0	0	0	0	0	0	0	0.412	0.206	0	0	0	0	0.412	0.618	0.206	0	0	0.206	0	0	0	0	0	0	0	0	0	0	0	0	0	0	0	0	0	50:60,647.8:200,50:80
Mdga1-NM_001081160	0	0	0	0	0	0	0	0	0	0	0	0	0	0	0	0	0	0	0	0	0	0	0.206	0	0	0	0	0	0	0	0	0	0	0	0	0	0	0	0	0	0	0	0	0	0.206	0	0	0	0	0	0.824	0.618	0	0	0	0	0	0	0	0	0	0	0.206	0.412	0	0	0	0.206	0	0	0.206	0	0.206	0	0	0.206	0.206	0	0.206	0	0	0	0	0	1.236	1.854	0.618	0.618	0.206	0.824	0	0.206	0	0.206	0	0	0	0.206	0.206	0	0.206	0	0.412	0.412	4.326	0	0	0.206	0	0	0	0	0	0	0.206	0	0.206	0	26.369	1.854	0.412	0.206	0.618	0	0.206	0	0	0.206	0	0	0.412	1.442	0.412	0	0.206	0.618	0.618	0.824	0.824	0.412	0	0	0	0	0.206	0	0	0.206	0	0	0	0.618	0	0	0	0	0	0	0	0.206	0.206	0	0	0	0.412	0	0	0.618	0	0	1.854	0	0	0.206	0	1.854	1.854	5.768	1.648	1.236	0.206	0.618	0	0.206	0.206	1.03	0.206	0.206	0.412	0.206	0.824	0	0.412	0	0	0.412	1.648	0.412	0.824	0.618	0.824	1.03	0.824	0.206	0	1.442	1.03	0.618	0.206	0.155	0.464	1.854	0.412	4.12	2.06	0.206	0	0.618	0	0	0	0.618	0.412	0	0.412	0.618	0.824	0	0.206	0.412	0.824	0.206	0.412	0.206	0.412	0.206	0.206	0.206	0	0.206	0.464	0.773	1.03	2.472	2.06	0.412	0.824	1.236	0	1.03	0.618	0.412	0.618	0.824	0.206	0.206	0.412	1.03	0.824	1.442	0	0	0	0.618	1.442	0.206	0	0.618	0.206	0	0	0	0.412	0	0.206	0	0	0	0.206	0.206	0	0.206	0.206	0	0	0.206	1.236	0	0.412	0	0.206	0.618	0.206	0.206	0.618	0	0	0	0	0	0	0	0	0	0.206	0.412	0.206	0.206	0.412	0.206	0	0.618	0.824	0.412	0	0	0	0	0.618	0	0	0.206	0	0	0	0	0	0.412	0.412	0	0	0	0	0	0	0	0	0	0	0	50:60,299.625:200,50:80
Meig1-NM_001355207	0	0	0	0	0	0	0	0	0	0	0	0	0	0	0	0	0	0	0	0	0	0.206	0	0	0	0	0	0	0	0	0	0	0	0	0	0	0.206	0.206	0.206	0.206	0	0	0	0	0	0	0	0	0	0	0	0	0	0	0	0	0	0	0	0.206	0	0.206	1.236	0	0	0	0	0	0.206	0	0	0.206	0	0	0	0	0	0.206	0	0	0	0	0	0	0.18	0.026	0	0	0	0	0	0	0	0	0	0	0	0	0	0	0	0	0	0	0	0	0	0	0	0	0	0	0	0	0	0	0	0	0	0	0	0	0	0	0	0	0	0	0	0	0	0	0	0	0	0	0	0	0	0	0.206	0.206	0	0	0	0	0	0	0	0	0	0	0	0	0	0	1.854	0	0	0	0	0	0	0	0	0	0	0	0	0	0	0	0	0	0	0	0	0	0	0	0	0	0	0	0	0	0	0	0	0	0	0	0	0	0	0	0	0	0	0	0	0	0	0	0	0	0	0	0	0	0	0	0	0	0	0	0	0	0	0	0	0	0	0	0	0	0	0	0	0	0	0	0	0	0	0	0	0	0	0	0	0	0	0	0	0	0	0	0	0	0	0	0	0	0	0	0	0	0	0	0	0	0	0	0	0	0	0	0	0	0	0	0.206	0.206	0	0	0	0	0	0	0	0	0	0	0	0	0	0	0	0	0	0	0	0	0	0	0	0	0	0	0	0	0	0	0	0	0	0	0	0	0	0	0	0	0	0	0	0	0	0	0	0	0	0	0	0	0	0	0	0	0	0	0	0	0	0	0	0	0	0	50:60,50.435:200,50:80
Meis3-NM_008627	0	0	0	0	0	0	0	0	0	0	0.206	0	0	0	0	0	0	0	0	0	0	0	0	0	0	0	0	0	0	0	0	0	0	0	0	0	0	0	0	0	0	0	0	0	0	0	0	0	0	0	0	0	0	0	0	0	0	0	0.206	0.206	0	0.206	0	0	0	0	0	0.412	0.206	0	0	0.206	0	0	0	0	0	0	0	0	0.206	0	0	0	0.206	0	0	0	0	0	0.206	0	0	0	0	0	0	0	0	0	0	0	0	0	0	0	0	0	0	0	0	0	0	0	0	0.618	0	0	0	0	0	0	0	0	0	0	0	0	0	0	0	0	0	0	0	0	0	0.412	0	0	0	0	0	0	0.206	0	0	0	0	0	0.412	0	0	0	0	0	0.206	0.206	0.206	0	0	0	0	0	0	0	0	1.236	0	0	0	0	0.206	0	0.206	0	0	0	0	0.206	0	0.412	0.206	0	0	0.618	0	0	0	0	0	0.206	0	0.206	0	0	0	0	0	0	0	0	0.206	0.206	0.206	0.412	0.206	0	0	0	0	0.206	0.412	0	0	0.412	0	0.206	0.618	0	0	0	0	0.206	0	0	0	0	0.412	0	0	0	0	0.206	0	0	0	0	0	0.618	0.206	0	0	0	0	0	0.206	0	0.206	0	0	0.412	0	0	0	0	0	0	0	0	0	0.206	0.206	0	0.206	0	0	0	0	0	0	0.206	0	0	0	0	0	0	0.206	0	0	0	0	0	0.206	0	0	0	0	0	0	0	0	0	0	0	0	0	0	0	0	0	0	0	0	0	0	0	0	0	0	0	0	0	0	0	0	0	0	0	0	0	0	0	0	0	0	0	0	0	0	0	0	0	0	0	0	0	0	0	50:60,55.57:200,50:80
Mier2-NM_001316699	0	0	0	0	0	0	0	0	0	0	0	0	0	0	0	0	0	0	0	0	0	0	0	0	0	0	0	0	0	0	0	0	0	0	0	0	0	0	0	0	0	0	0	0	0	0	0	0	0	0	0	0	0	0	0	0	0	0.206	0	0	2.678	0.206	0	0	7.272	1.38	0	0.206	0.412	0.412	0	0	0.507	0.523	0	0.206	0.618	0.618	0.206	1.854	1.854	0.824	1.236	0	0.206	0.618	0.412	1.03	0.824	1.442	0.206	0	1.03	0.264	0.354	1.442	0.824	0.618	0.618	0	0.412	0	0	0	0	1.03	4.12	1.442	0.618	1.442	1.442	0.824	0.618	1.854	0.412	0.412	0.618	0	0.412	0.412	1.03	1.236	0.206	0	0.206	0.206	0	1.236	1.854	0.906	1.978	0	0.412	0.618	0.412	0.602	0.428	0.206	0.618	0	0.412	0	1.648	0.824	1.03	1.03	4.643	2.155	0.618	0.206	0.824	1.442	1.648	0.618	0	1.92	2.2	0	0.412	0.412	0.206	0.206	0.412	1.442	2.06	1.03	0.618	0.486	1.574	0.206	0.206	0.824	1.854	2.447	0.025	0.206	1.03	0.824	1.03	1.236	0.206	0.412	1.648	2.06	0.206	0.412	0.618	1.236	0.206	0.824	0.824	0.824	0.412	1.03	1.442	1.236	0.206	0.618	1.442	3.049	1.895	4.738	1.854	1.854	0.824	1.236	2.472	1.648	3.502	0.618	2.266	1.442	1.03	5.29	1.302	3.09	0.618	2.06	2.06	2.884	2.266	1.236	1.03	1.03	1.03	1.03	2.324	2.208	1.03	1.854	1.854	2.06	0.412	0.824	2.472	1.648	1.03	2.678	0.206	0.412	1.236	2.472	0.206	0.824	0.762	0.268	2.266	1.648	0	0.206	0	0.412	2.266	2.06	1.03	2.266	0.824	4.12	8.24	5.15	2.472	1.03	0.618	1.442	3.502	8.24	3.914	5.974	4.532	3.914	3.708	6.592	3.296	1.03	2.884	1.236	0	1.442	6.798	1.442	1.236	1.854	1.236	2.266	9.064	6.18	6.592	3.296	1.854	7.416	13.184	3.914	3.914	0.618	1.648	5.562	10.094	7.004	4.532	11.948	4.944	1.854	0.618	5.974	4.738	7.21	1.03	2.06	3.296	2.06	1.03	1.236	4.326	2.884	1.442	2.472	5.562	8.24	4.12	2.06	0	0	0	0	0.206	0.206	0.206	0	1.442	0	0	0.824	1.236	2.266	2.678	2.472	0.824	1.236	0.206	0.618	50:60,74.42:200,50:80
Mif4gd-NM_027162	2.06	1.03	2.266	0.618	0.618	0.824	0.206	1.442	3.914	0.824	1.236	1.236	1.854	0.824	1.236	0.618	0.824	4.326	0.412	1.854	5.974	6.592	3.914	2.884	2.06	3.296	0.824	0	0	0.206	0.206	0	0.824	0	0.618	0	0.618	0	0.206	2.266	2.678	3.708	11.33	14.214	3.502	10.3	1.854	0.412	0.412	0	0.206	4.12	3.914	1.03	0.824	0.206	0.412	0	0	14.42	7.416	7.972	1.045	0.252	0.206	0	0.304	0.726	0.618	0	0	0	0.005	0.201	0.206	0	0	0.206	0	0.412	0.206	0.618	0.412	0	0	0.412	0	0	0.206	0.206	0	0	0	0.206	0	0	0.206	0.412	0	0.206	0	0	0.366	0.046	0	0.113	0.093	0	0	0	0.412	0	0	0	0	0	0	0	0	0.206	0	0	0	0	0	0	0.206	0	0	0	0.412	0	0	0	0	0	0	0	0	0	0	0	0	0	0	0.206	0.412	0	0.412	0	0	0	0	0.206	0	0	0	0.206	0	0	0	0	0	0	0	0	0	0.391	0.021	0	0	0	0	0	0.206	0	0.206	0.824	0	0	0	0.412	0.206	0.206	0.206	0.412	0.206	0	0	0	0	0	0	0	0	0	0.412	0	0.412	0.206	0	0	0	0	0	0	0	0.412	0	0.412	0.824	0.206	0.206	0.412	0	0	0.412	0.206	0	1.236	1.03	1.236	1.236	0.412	0.335	0.077	0	0	0	0.206	0.618	0.206	0.206	0	0.206	0.206	0	0	0.412	0.206	0.618	0.412	0.206	1.03	0.412	0.206	0	0.618	0.618	0.618	0	0	0.206	0.618	0	0.412	0.412	0.206	0	0	0	0	0	0	0	0.412	0.824	1.442	1.236	1.03	2.678	3.296	2.266	0	0.824	0.206	1.03	0.412	1.648	0.824	0.824	3.296	1.442	1.442	1.236	0	0	0	0.412	0.206	1.854	0.618	1.236	1.442	2.266	0.618	0.824	0.206	0.412	0.206	0.412	0.824	0.618	0.206	0	0	0.618	1.236	0.824	0.618	0.618	0.618	0.412	0	0	1.236	2.06	0	0.206	0.206	0.206	0.206	0	0	0.206	0.206	0.618	0.206	1.03	0.206	0	0.412	0	0	0	0.412	0	0	0	0	50:60,22.925:200,50:80
Mlxipl-NR_152882	0	0	0	0	0	0	0	0	0.206	0	0	0	0	0.206	0	0	0	0	0	0	0	0	0	0	0	0	0	0	0	0	0	0	0	0	0	0.206	0	0	0	0	0	0	0	0	0	0	0	0	0	0	0	0	0	0	0	0	0	0	0.206	0.206	18.952	0	0.206	0.206	0.412	0.206	2.884	0.618	0	0.412	0.618	0.206	0.206	0	0.206	0	0.412	0	0	0	0	0.206	0	0	0	0.206	0.412	0.206	0	0.412	0	0.206	0.824	0	0.618	0.618	0.206	0.412	0.412	1.03	0	0.824	1.236	0.206	0	0.618	0.412	0.206	1.03	0.206	0	0.412	0	0.412	0.618	0	0	0	0.977	0.053	0	0.206	0	0	0.618	0.206	0.412	0	0	0	0	0	0.824	0	0	0.618	0	0.206	0.206	0	0.206	0.206	0.412	1.236	0.824	0.412	0.618	0	0.412	0	0.206	0.412	0	0	0.206	0	1.442	0.824	0.206	0.206	0	0.206	0	0.206	0	0.824	0.206	0.824	0.412	0.412	0.412	0	0.824	0.206	0	0.412	0.618	0	0	0.206	0.206	0.206	0.412	0	0.412	0.206	0.412	0.412	1.359	0.495	0	0	0.412	0.206	0.412	0.412	0	0.412	0.206	0	0.618	0.206	0.206	0	0.206	0	1.648	2.266	0.618	0	0.206	0.412	0.618	0	0	0	0.618	0.618	0.824	4.326	0.824	0	0.412	0	0.206	0.206	0.824	0.206	0.618	1.442	0.206	0	0	0.206	1.236	2.06	1.442	1.236	1.236	1.236	0.618	1.236	1.03	0.206	0	0.206	0	0	0.206	0.206	0.206	0	0	0.206	0.206	0.618	0.618	1.648	0.206	0.206	0	0.206	0.206	0	0	0.412	0	0	0	0	0.412	0	0	0.412	0.206	0.824	0.412	0.206	0	0	0.412	0	0	0	0.206	0.412	0	0.824	0.412	0.824	0.206	0.206	0.618	0.206	0	0.206	0.206	0	0.412	0.206	0	0	0	0.206	0.206	0	0	0.206	0	0.412	0	0	0	0	0	0.412	0	0	0	0	0.206	0.206	0	0	0	0	0	0.618	0	0	0.412	0	0.206	0	0.206	0	0	0.206	0.412	0.618	50:60,156.555:200,50:80
Mospd1-NM_001358456	0	0	0	0	0	0	0	0	0	0	0	0	0	0	0	0	0	0	0	0	0	0	0	0	0	0	0	0	0	0	0	0	0	0	0	0	0	0	0	0	0	0	0	0	0	0	0	0	0	0	0	0	0	0	0.206	0	0	0	0	0	26.746	8.893	0.824	0.412	0.824	0.618	0.206	0.206	0.206	0	0.412	0.618	0.206	0	0.412	0	0.206	0	0.159	0.253	0	0.412	0.412	0	0.618	0.412	0.824	0.206	0	0	0	1.03	0.618	0.206	0.618	0.206	0.412	0.206	0.412	0	0	0.206	0.824	0	0	1.236	0	0	0.206	0.206	0	0	0.618	0.618	0.618	0	0.824	0.206	0.412	0	0.206	0.412	0.206	0.437	0.593	0.412	0.206	0.206	0.206	0.618	0	0	0.824	0.618	1.03	0.206	1.236	0.206	0.206	0	0.412	0.412	0	0	0.412	0	0.412	0	0.618	0.412	0.618	0.824	0.824	0.206	0.824	0.824	0.618	0	0	0	0	1.236	0.206	0.206	0.031	0.381	0	0	0.618	0.206	0.645	0.179	0	0.206	0.618	0.618	0.412	0.206	0.412	1.236	0.206	0	1.03	2.06	0	0	0	0	0	1.03	1.03	0.412	1.236	0.618	2.06	0	0.824	1.236	0.206	0.412	0.412	0	0	0.824	0.206	0	1.854	0	1.648	0.412	1.236	0.412	2.06	0.618	0	0.206	0.412	0.824	0.412	0.206	0.412	0.412	0.618	0.412	0.206	0.412	0.206	0.618	0.206	0.618	1.03	0.412	0.412	0	0.412	0.206	1.236	0.206	0.412	0	0.618	0.412	1.236	0.206	0.206	0.618	2.678	3.296	0.824	0.206	0	0	0.206	0	0	0.412	0.206	0.206	0	0	0.206	0	0.618	0.412	0	0	0	0.824	0.206	1.648	0	1.03	0.412	1.442	0.824	0.824	0.412	0.412	0.412	0.206	0	0.206	0.618	0.412	0.824	1.03	1.03	0.618	0.824	0	0	0.412	1.03	0.412	0.824	0.824	0.206	0	0.206	0.206	0.412	0.206	0	0	0	0	0.206	0.618	0	0	0	0	0.412	0	0.206	0	0	0	0	0	0	0.206	0.206	0	0	0	0.412	0	0	0	0.412	0	0	0	0	0	0	0	0	0	50:60,129.83:200,50:80
Mreg-NM_001357488	0	0	0	0.206	0	0	0	0	0.412	0.206	0.824	0	0.412	0	0.206	0	0.206	0.412	0.206	0	0	0	0	0	0	1.236	3.708	0	0	0.206	0	0	0	0	0.412	0	0	0	0	0	0	0	0	0	0	0.412	0	0.206	0	0	0.412	0.412	1.236	0.824	0.206	0	0	0	0	0.412	1.236	4.738	5.356	5.562	1.442	1.648	1.442	2.118	0.56	0.824	2.678	3.296	2.472	1.03	8.652	2.06	4.938	4.538	8.609	7.665	4.944	4.532	1.236	7.004	6.386	2.266	9.476	3.502	3.914	4.12	6.592	3.296	6.193	21.412	7.416	4.12	4.326	3.09	4.738	0.618	4.12	3.09	5.974	2.678	6.16	8.055	10.918	8.652	5.974	8.034	11.742	2.472	4.738	6.386	6.592	9.682	5.768	4.487	3.959	13.184	7.622	5.15	2.678	9.476	4.738	2.678	0.618	7.622	2.678	4.12	15.45	10.3	3.296	3.914	0	2.093	8.619	12.978	5.562	4.738	6.386	18.796	3.041	2.884	8.652	7.828	6.798	17.304	11.124	5.562	3.502	4.944	11.536	9.999	8.541	11.124	7.828	13.39	19.364	7.416	6.386	7.416	16.48	9.888	11.33	16.892	8.652	12.772	11.33	4.326	10.712	11.742	7.21	6.18	7.416	8.034	3.296	4.944	2.472	5.562	6.18	12.982	14.004	12.739	7.243	13.39	8.24	18.326	12.163	8.858	10.918	4.326	10.712	3.708	5.974	4.326	1.236	4.034	11.211	2.472	4.532	8.858	10.712	8.24	8.951	7.529	13.596	17.716	12.772	7.622	12.154	9.064	2.266	2.765	10.214	7.21	16.686	6.386	5.974	14.214	5.15	3.589	16.188	5.562	6.386	1.442	5.768	9.015	10.35	13.184	6.592	8.24	4.532	5.562	6.386	3.296	5.15	7.622	0	11.742	3.09	9.682	7.004	2.678	4.944	8.24	7.622	9.493	5.752	4.532	1.442	0	1.236	3.502	7.622	12.566	3.296	0	0	10.3	1.648	0.824	0.824	0.618	0.618	1.648	0.618	1.236	4.326	4.738	3.296	5.768	4.532	3.708	1.03	2.678	4.326	6.798	9.888	7.622	9.682	5.768	19.57	3.502	2.06	3.708	12.566	15.244	4.532	3.296	1.854	7.622	2.472	14.42	3.09	5.768	7.004	0.412	0.412	0.618	0.824	3.708	8.446	3.708	2.678	1.442	2.06	2.266	5.974	0	0	0	0	0.206	2.884	0.618	1.854	2.266	4.944	3.296	2.06	0.412	0.206	0	0	0	0.618	1.03	2.266	2.472	0.206	1.236	0	0.618	1.03	4.12	1.03	2.06	1.442	3.914	50:60,265.41:200,50:80
Mrm2-NM_026510	0.412	0.206	1.236	1.648	0.824	0.618	0.412	1.854	6.592	4.944	2.266	0.206	0.618	5.15	0.412	0.412	0.206	0.824	1.442	0.412	2.06	0	0.206	0	1.236	0.412	0.206	0	0	0	0	0.412	0	0.206	1.03	0	0	0.412	0.412	0.824	1.442	1.442	1.03	5.356	0.824	0	0	0	0.412	1.442	2.472	0.412	0	2.472	2.678	1.442	0	0.206	0	0	3.605	11.536	7.802	6.721	8.781	5.794	1.494	0.618	0.412	0.412	1.236	1.751	1.545	0.412	0.206	0.206	0	0.206	0	0.206	0	0.206	0.206	0	0	0	0	0	0	0.206	0.206	0	0.412	0	0	0	0	0	0	0	0	0	0	0	0	0	0	0	0	0	0	0.206	0	0.412	0	0.412	0.206	0	0.412	0	0.129	0.077	0.18	0.026	0.206	0.206	0	0.206	0	0.206	0	0.206	0	0	0	0	0.206	0.206	0	0.206	0	0	0	0.206	0.206	0	0	0	0	0.412	0.206	0	0	0	0.206	0	0	0.618	0.206	0.412	0	0.206	0	0	0	0	0	0.103	0.103	0	0.206	0.206	0	0	0	0.206	0	0.206	0.824	0	0.206	0.824	0	0	0	0.155	0.464	0.206	0	0.206	0	0	0	0.206	0	0	0	0	0	0	0	0.206	0	0	0	0.412	0	0.206	0.412	0	0.412	0.206	0.206	0	0.206	0.618	0.412	0	0	0	0.206	0	0.412	0	0.412	0.618	0	0	0	0.876	0.155	0.618	0	0	0.206	0.206	0.412	0.206	0.206	0.206	1.03	2.06	1.236	0.824	0.412	0.412	0	0.824	1.082	0.361	0	0.206	0.412	0	0.824	0.412	0	0.206	0.412	0.618	0	0	0.618	0.206	1.03	0	0	1.854	2.06	0.824	1.854	0.206	0.618	0.824	1.03	1.648	1.648	0.412	0.618	1.03	0.206	0	0	0	0	0	0	0.206	0.206	0	0	0.618	1.236	0	0.412	0.618	0.618	0.412	1.03	0.412	1.03	0.206	0.206	0	0.206	0.206	0	0	0	1.648	1.648	0.206	1.236	2.472	0	0	0	0	0	0	0	0	0.206	0	0.412	0	0	0	0.412	0.618	0	0	0	0	0	0	0.206	0	0	0	50:60,21.125:200,50:80
Mrto4-NM_001356476	0	0	0	0.206	0	0	0	0	0	0	0	0	0	0	0	0	0	0	0	0	0	0	0	0	0	0	0	0	0	0	0	0	0	0	0	0	0	0	0	0	0	0	0	0	0	0	0	0	0	0	0	0.206	0	0	0	0	0	0	0	0.824	2.472	4.967	5.951	4.532	0	0	0	0	0	0	0.11	2.362	0.412	0.824	0.412	0	0.412	0	0	0.206	0.412	0.412	0	0.206	1.03	0.206	0	0.206	0.206	0	0.206	0.412	0.206	0	0	0	0.824	0.412	0.206	1.442	0.412	0.206	0.206	0	0	0	0	0.412	0.206	0.824	0.618	0.824	0.824	0.206	1.102	0.134	0.655	0.993	0.206	0.206	0	0.412	0.412	0	0.206	0.412	0	0	0	0	0	0.412	0	0.412	0.206	0.206	0	0.206	0.206	0	0.206	0	0	0.206	0	0	0.947	2.349	0.206	0.412	0.412	0	0.206	0	0	0	0	0	0.206	0	1.442	0	0.206	0	0.206	0	0	0	0	0.824	0.412	0	0	0	0	0	0.206	0.206	0.412	1.442	0.824	0	0	0	0	0.412	0.618	1.442	0.618	1.442	0.618	0	0.412	1.648	0.206	0.412	0	0	1.03	0.206	0.206	0.618	0.824	0.824	0.618	0	0.206	0.412	1.236	0	0.09	0.322	0.744	0.286	0.824	0.824	1.049	1.217	0.412	0	0	0	0	0	0	1.03	0.618	0	0.206	0	0	0.412	0.206	0.618	1.03	2.266	0.206	1.03	0	0	0.409	0.209	0	0.412	0	0	0	0	0	0	0	0	0	0	0.412	0	0	0.206	0.412	0	0	0	0	0.412	0.824	0	1.236	3.09	0.824	2.06	1.03	0.206	0.824	2.472	6.592	1.03	5.768	0.206	0.618	6.798	11.742	1.03	0	1.854	5.15	0	0.618	0	0.824	4.532	0.412	0.412	1.648	2.678	0.412	0.206	0	0	0	0.618	0	0.412	0	0	0.206	0	0	0	0	0	0.206	0	0.618	0.618	0.206	0	0.206	0	0	0	0.412	0.412	0.412	0.824	1.648	0.206	2.678	1.854	0.824	0.618	0.206	0.618	0	0.412	0	0	0	0	0.412	0	50:60,25.685:200,50:80
Msl3-NM_001370794	0	0	0	0	0	0	0	0	0	0	0	0	0	0	0	0	0	0	0	0	0	0	0	0	0	0	0	0	0	0	0	0	0	0	0	0	0	0.206	0	0	0	0	0.412	0.206	0	0	0	0.206	0	0.206	0	1.442	1.236	0	0.412	0	0	0	0	0.206	10.712	2.266	0.206	61.826	5.537	0.206	0.412	0.412	0.206	0.206	0.824	3.988	5.694	0	0	1.03	0	0.412	0	0	0	0	0.618	0.412	0.206	0	0.206	0.206	0.206	0	0.412	0.824	0.206	0.618	0.206	0.206	0.412	0.206	0	0	0.618	0.206	0.618	1.236	0.206	0	1.442	0.206	0.412	1.236	0.206	0.412	0	0.412	0.206	1.648	0	0.824	0	0.824	0.206	0.618	0.206	2.06	1.236	0.618	0	0	0	0	0	0	1.442	2.884	0.412	0.206	1.648	0.412	1.03	0.824	1.236	1.648	0.618	1.854	1.03	0.412	0.618	1.236	1.648	0.412	1.236	0.618	0	0	1.03	0.412	0	0.824	0	1.442	0.206	0	0	0	0	0	0	0	0	0	0	0	0	0	0.206	0.412	0.412	0	0.412	0	0	0	0.412	1.178	1.088	1.03	0.412	0.824	0.824	0.412	1.03	0	0.412	0.618	0	0	0	0	0	0	0.206	0	0.206	1.648	0.412	0.206	0	0.618	0.412	0.206	1.236	1.236	0.412	0.206	1.03	0.412	0.824	0.618	0	0.618	2.472	1.03	0.412	0.618	0.824	0	0.206	0	1.03	0.412	0.618	0	0.412	0.206	0	1.854	1.442	0.824	0.618	1.03	2.678	1.442	0.412	1.755	3.395	3.004	2.147	1.648	2.472	1.854	1.648	2.629	2.728	1.03	2.266	1.442	7.828	2.472	0.618	2.06	1.236	1.236	0	0	0	0.412	0.206	5.768	1.03	0	0.618	0	0.206	0.206	0.412	0.206	0.412	0.412	0.412	1.236	0.206	0.412	0.206	0.412	0.412	0.824	0.412	0	0.618	0.206	0	0.412	0.206	1.03	0	0.206	0	0.206	0.206	0	0	0.206	0	0	0.618	0.206	0	0	0.206	0	0.824	0.824	0.412	0	0	0	0	0.206	0	0	0	0.824	0.412	0.206	0.206	0	0	0	0.206	0	0.206	0	0.206	0	0	0.206	0.206	0	0	0	50:60,113.03:200,50:80
Mterf1a-NM_172135	0	0	0	0	0	0	0	0	0	0	0	0	0	0	0	0	0	0	0	0	0	0	0	0	0	0	0	0	0	0	0	0	0	0	0	0	0	0	0	0	0	0	0	0	0	0	0	0	0	0	0	0	0	0	0	0	0	0	0	0	0	0	0	0	0	0	0	0	0	0	0	0	0	0	0	0	0	0	0	0	0	0	0	0	0	0	0	0	0	0.206	0	0.206	0.206	0.412	0	0	0	0	0	0	0	0	0.412	0	0	0	0	0.206	0.206	0	0	0	0	0	0	0	0	0.206	0	0	0.206	0	0	0	0.206	0	0	0.412	0.412	0	0	0	0	0	0	0	0.206	0	0	0	0	0	0	0	0	0	0	0	0	0.206	0.206	0.206	0	0	0	0	0	0	0	0	0	0	0	0	0	0	0	0	0.206	0	0.206	0	0	0	0	0	0	0	0	0	0	0	0	0	0	0	0	0	0	0	0	0	0	0	0	0	0	0	0	0	0	0	0	0	0	0	0	0	0	0	0	0	0	0	0	0	0	0	0	0	0	0	0	0	0	0	0	0	0	0	0	0	0	0	0	0	0	0	0	0	0	0	0	0	0	0	0	0	0	0	0	0	0	0	0	0	0	0	0	0	0	0	0	0.206	0.412	0	0	0	0.824	0.412	0	0	0	0.206	0	0.206	0.412	0	0	0	0	0.206	0	0	0	0	0	0	0	0	0.206	0	0	0	0.412	0.618	1.03	0.824	0.824	0.206	0.206	0	0	0	0	0	0	0	0	0	0	0	0	0	0	0.412	0	0	0	0	0	0	0	0.206	0	0	0	0	0	0	0	0	0	0	0	0	0	0	0	0	50:60,16.765:200,50:80
Mturn-NM_001289741	0	0	0	0	0	0	0	0	0	0	0	0	0	0.206	0	0	0	0	0	0	0	0	0	0	0	0	0	0	0	0	0	0	0	0	0	0	0	0	0	0	0	0	0	0	0	0	0	0	0.206	0.206	0	0	0	0	0	0	0	0	0	0	0	7.004	0.206	0.206	0	0.412	0	0	0	0	0	0	0	0	0	0.412	0	0.206	0	0	0	0.206	0.206	0	0	0	0	0.206	0.206	0	0.206	0	0.412	0.206	0.412	0.412	0	0	0.412	0.206	0	0.824	0.824	0	0.412	0	0	0	0.206	0.824	0	0	0	0.206	0.618	1.236	0	0	0	0.206	0	0	0.412	0.412	0.206	0.412	0	0	0	0	0	0.412	0	0.412	0.412	0.206	0.412	0.412	0.618	0.618	0	0.206	0.412	0.412	0	0.824	0	0.206	0.412	0	0	0	0.618	0.206	0.412	0.206	0	0.412	0	0	0	0	0.412	0	0	0.412	0.618	0.618	0.206	1.236	0.206	0.412	0	0	0.412	0.412	0.206	1.648	0.206	0	0	0	0	0	0	0	0	0	0	0.412	0	0	0	0	0.412	0.412	1.854	0.412	0	0	0.206	0.824	0	0.618	0.247	0.371	1.236	0	0	0.206	0	0	0	0.412	0.618	0	0	0	0.824	1.854	0.618	0	2.06	1.236	0.412	0	0.618	0	0.412	0.824	0.618	0	0.206	0.206	0.412	0.206	0.618	0.824	0.618	0	0.206	0.824	2.472	0.618	0.412	0.618	0.412	0.428	0.808	0.206	0	0.618	0.618	1.236	1.03	0	0.412	0.412	0.412	0.412	0.206	0.412	0.206	0	0	0	0	0	0.412	0	0.412	0.206	0.206	0.206	0.206	0.206	0.618	0	0.206	0	0.206	0	0.206	0	0	0.618	0	0.206	0	0.412	0.824	0	0	0.206	0.824	0	0.206	0.412	0	1.03	0	0.206	0.206	0.824	0.412	0.618	0	0.412	0.824	0	0.412	0	0.206	0.412	0	0.206	0.206	0.206	0	0.412	0.412	0.206	0	0	0	0	0	0	0.206	0	0.206	0	0	0.206	0	0	0.206	0	0	0	50:60,111.16:200,50:80
Myo18a-NM_011586	0.206	0	0.206	0.618	1.236	0.206	0	0	1.648	0	0	0.206	0	0.206	1.03	0.412	0	0	0	0	1.03	0.824	0	0	0	0	0	0	0	0.412	0	0	0.412	0.206	0	1.03	0.618	0.412	0.824	2.472	0.412	0.824	0.206	0	1.442	0	0	0	0	0.206	0.206	0	1.236	0.618	1.236	0.618	0.824	0.206	1.03	0	4.849	7.717	14.626	6.592	5.356	5.15	2.884	4.532	2.884	2.884	4.326	5.768	2.06	2.266	2.266	5.768	8.652	3.502	6.798	5.562	6.421	4.085	2.472	1.648	4.12	2.266	1.03	4.12	3.708	4.532	3.296	5.562	15.038	5.768	5.562	11.742	107.741	6.18	2.266	3.708	4.532	4.738	3.296	7.004	7.828	2.472	1.442	0.206	4.326	2.884	2.06	3.09	1.236	3.296	3.296	1.854	0.618	1.442	6.798	3.914	2.06	1.442	1.648	3.914	2.06	4.12	3.708	6.592	2.266	10.918	3.296	4.326	5.15	3.914	3.09	4.532	1.914	5.502	2.266	1.442	4.944	3.708	4.326	7.622	3.296	14.832	6.18	3.708	4.641	8.749	5.356	5.941	5.595	4.326	1.442	2.06	7.21	2.678	3.708	11.33	12.566	10.918	5.15	3.502	10.712	3.502	9.064	19.982	1.854	7.622	9.888	8.858	5.974	6.18	9.888	6.798	11.124	5.768	5.15	0.824	3.502	2.678	7.004	15.549	6.545	10.043	3.296	1.648	3.708	2.678	3.914	2.678	8.446	8.652	3.708	11.948	1.442	7.21	3.296	8.034	4.326	2.678	3.296	2.266	4.326	2.884	7.416	7.21	3.914	0.824	3.09	10.094	8.858	2.884	4.944	3.09	3.09	6.18	8.446	4.532	3.914	3.296	7.21	1.648	4.326	3.296	5.974	5.356	6.18	6.18	2.884	2.472	4.532	9.27	8.034	3.914	6.858	3.854	4.738	4.12	10.918	2.884	3.914	2.266	1.854	4.326	3.09	17.098	11.33	14.626	14.214	13.802	17.51	14.214	8.57	24.597	20.601	10.506	18.128	44.909	1.648	1.648	1.236	3.296	2.472	1.442	0.206	0.824	0.412	1.236	4.738	1.442	0.206	0.206	1.236	0.618	1.236	5.562	9.27	1.03	1.648	3.296	5.768	15.656	2.472	0.412	0.618	1.442	3.502	0.412	1.236	0.206	0	1.442	0	1.236	1.236	1.236	2.472	0.206	1.442	0.618	2.884	1.442	12.154	7.416	1.236	3.502	0.618	1.236	1.854	11.948	5.356	5.15	4.738	4.326	2.266	2.06	1.442	0	0.824	1.442	2.472	0	0	0.412	0.824	0.618	2.266	3.914	0.206	0	0.824	2.06	1.03	1.236	0.824	3.296	0.618	2.266	50:60,443.77:200,50:80
Myt1l-NM_008666	0	0	0	0	0	0	0	0	0	0	0	0	0	0	0	0	0	0	0	0	0	0	0.206	0.206	0.206	0	0.206	0	0	0	0	0	0	0	0	0	0.206	0	0.412	0	0	0	0	0	0	0.412	0.206	0	0	0	0	0	0	0	0	0	0	0	0	0	0.206	0	0	0.618	0	0	0.412	0	0.206	0.412	0	0.412	0.412	0	0	0	0.206	0.206	0.206	0	0.412	0	0	0	0.206	0	0	0	0.206	0	0	0	0	0.412	0.206	0.206	0	0.206	0	0	0.412	0.206	0	0	0.206	0	0	0	0	0	0	0.412	0.206	0	0	0.206	0.824	0.206	0.206	0.206	0	0	0	0	0.412	0	0.206	0	0	0.206	0	0.412	0.206	0.206	0	0	0	0.206	0.206	0	0	0.206	0.206	0	0.206	0	0	0.618	0	0	0.206	0.206	0	0	0	0	0.412	0	0	0	0.206	0	0.412	0	0	0	0	0.206	0.206	0	0	0	0	0	0	0	0.412	0	0	0	0	0.206	0.412	0	0	0	0	0.206	0	0	0.206	0	0.206	0.618	0.618	0.206	0.412	0.412	0.206	0	0	0.206	0	0	0	0	0	0.206	0	0	0.206	0	0.206	0.206	0	0.206	0	0.412	0	0	0	0.206	0	0	0.206	0.412	0	0	0.206	0.206	0.206	0.412	0	0	0.412	0.206	0	0	0.206	0	0	0	0.206	0	0.206	0	0.206	0	0.206	0.206	0	0	0	0	0	0	0	0	0	0	0	0	0	0	0	0	0	0	0	0	0	0	0	0	0	0	0	0	0	0	0	0	0	0	0	0	0	0	0	0	0	0	0	0	0	0	0	0	0	0	0	0	0	0	0	0	0	0	0	0	0	0	0	0	0	0	0	0	0	0	0	0	0	0	0	0	0	0	0	0	0	0	0	0	0	0	0	0	0	0	50:60,1974.13:200,50:80
Nat8f5-NM_023493	0	0	0	0	0	0	0	0	0	0	0	0	0	0	0	0	0	0	0	0	0	0	0	0	0	0	0	0	0	0	0	0	0	0	0	0	0	0	0	0	0	0	0	0	0	0	0	0	0	0	0	0	0	0	0	0	0	0	0	0	0	0	0	0	0	0	0	0	0	0	0	0	0	0	0	0	0	0	0	0	0	0	0	0	0	0	0	0	0	0	0	0	0	0	0	0	0	0	0	0	0	0	0	0	0	0	0	0	0	0	0	0	0	0	0	0	0	0	0	0	0	0	0	0	0	0	0	0	0	0	0	0	0	0	0	0	0	0	0	0	0	0	0	0	0	0	0	0	0	0	0	0	0	0	0	0	0	0	0	0	0	0	0	0	0	0	0	0	0	0	0	0	0	0	0	0	0	0	0	0	0	0	0	0	0	0	0	0	0	0	0	0	0	0	0	0	0	0	0	0	0.618	0.206	0	0	0	0	0.206	0	0	0	0	0	0	0	0.206	0	0	0	0	0	0	0	0	0	0	0	0	0	0	0	0	0	0	0	0	0	0	0	0	0	0	0	0	0	0	0	0	0	0	0	0	0	0	0	0	0	0	0	0	0	0	0	0	0	0	0	0	0	0	0	0	0	0	0	0	0	0	0	0	0	0	0	0	0	0	0	0	0	0	0	0	0	0	0	0	0	0	0	0	0	0	0	0	0	0	0	0	0	0	0	0	0	0	0	0	0	0	0	0	0	0	0	0	0	0	0	0	0	0	0	0	0	0	0	0	0	0	0	0	0	50:60,18.775:200,50:80
Ncoa7-NM_001358842	0	0	0	0	0	0	0	0	0	0	0	0	0	0	0	0	0	0	0	0	0	0	0	0	0	0	0	0	0	0	0	0	0	0	0	0	0	0	0	0	0.412	0	0	0	0	0	0.824	0	0	0	0	0	0.206	0.824	0.206	0	0	0.206	0	0	9.682	1.236	0.412	2.266	2.678	1.854	2.678	3.914	5.562	3.296	3.09	0.412	0	1.854	0.592	13.828	5.974	8.24	2.266	4.944	12.978	4.738	3.914	2.06	2.06	3.09	0.412	1.854	0.412	0.824	1.854	3.296	1.648	2.678	2.472	5.768	1.648	1.782	12.226	2.472	3.09	1.648	1.03	2.06	3.708	1.236	0.412	0.412	0.618	4.944	3.502	8.858	4.944	2.915	5.737	2.266	3.708	3.502	2.472	4.944	5.608	5.104	2.472	2.266	5.15	2.472	4.326	3.502	4.326	1.648	5.974	3.502	5.15	2.678	1.236	2.678	3.502	1.236	4.944	6.386	1.442	1.03	2.678	5.974	3.914	1.442	1.236	1.236	5.768	3.09	4.12	2.266	1.442	4.12	3.296	1.236	2.266	2.678	0.412	0.824	3.09	1.442	2.884	2.266	2.678	3.296	4.738	3.976	2.616	2.06	1.236	1.854	1.648	6.386	2.266	3.09	1.854	4.233	4.419	5.768	3.296	1.854	3.708	1.648	0.206	2.884	2.472	1.236	4.944	4.944	3.914	2.884	1.236	1.854	0.618	1.442	1.854	5.572	6.582	4.738	1.854	6.798	7.828	4.326	4.12	3.914	2.884	0.824	0.824	3.296	4.12	2.472	2.678	3.296	5.356	1.442	2.678	2.884	4.326	6.18	9.214	5.207	1.236	5.562	3.296	3.296	2.884	4.944	1.854	1.854	2.06	0.412	0.618	2.884	2.472	3.09	1.442	2.06	3.09	2.06	1.648	3.914	1.236	3.708	1.854	3.502	4.944	4.944	4.12	1.442	1.648	2.06	3.708	2.678	8.24	4.12	2.06	5.15	0.824	1.442	0	0.206	0	0.618	0	0.206	0	0	0	0.824	0	0.824	0	0	0.412	0	0	1.03	0.206	0.206	0	0	0.206	0.618	0.206	0.824	0.206	0	0	0.206	0.206	0	0	0	0.618	0	0	0.206	0.206	0.206	0	0	0	0	0.206	0	0	0	0	0	0	0	0	1.442	0.412	0.618	0.412	0.206	0.206	0.206	0	0	0.206	0	0	0	0	0	0.206	0.412	0.206	0	0	0.206	0.206	0.412	0	0	0	0	50:60,788.725:200,50:80
Ndufaf4-NM_026742	0	0	0	0	0	0	0	0	0	0	0	0	0	0	0	0	0	0	0	0	0	0	0	0	0	0	0	0	0	0	0	0	0	0	0	0	0	0	0	0	0	0	0	0	0	0	0	0	0	0	0	0	0	0	0	0	0	0	0	0.206	11.124	12.762	7.632	0.412	0	0	0.412	0	0	0	0	0	0	0	0	0	0	0	0	0	0.206	0	0	0.206	0	0	0	0	0	0	0	0	0	0.047	0.365	0	0.618	0	0	0	0	0	0.412	0	0	0	0	0	0	0	0	0	0	0	0	0.206	0	0.206	0	0	0	0	0	0	0	0.206	0	0	0	0.206	0.824	0.824	0.206	0.824	0.412	0	0.618	0.206	0.206	0	0	0	0.412	0	0	0.206	0	0	0	0.206	0.206	0	0	0.206	0.618	0.618	0.559	0.471	0	0.206	0	0	0	0	0	0	0	0	0	0	0	0	0	0.206	0	0.824	0.618	0	0.412	0.206	0	0	0.206	0	0	0.206	0.206	0	0.206	0	0.412	0.412	0.206	0	0	0	0.412	0	0.206	0	0	0.206	0.618	0.412	0	0	0.618	0.206	0	0	0.206	0	0	0	0	0.206	1.03	0.824	0.618	0.412	0	0	0.412	0.206	0.824	1.236	1.236	0.206	1.03	0	0.565	1.083	4.08	3.954	0	0	0	0	0	0	0.412	0.412	0	0.206	0	0	0	0.206	0	0	0	0	0.206	0	0.206	0	0.206	0.412	0.412	0	0.206	0.412	0	0	0.206	0.206	0	0.206	0	0.206	0	0	0	0.206	0.206	0	0.206	0.412	0.412	0	0	0	0	0	0	0	0	0.206	0	0	0	0	0	0	0	0	0	0	0	0.206	0	0	0	0.206	0	0	0	0	0	0	0	0	0	0	0	0	0	0.206	0	0	0	0	0	0	0	0	0	0	0	0	0	0	0	0	0	0.206	0	0	0	0	50:60,34.595:200,50:80
Nedd8-NM_008683	0.618	0	0	0	0.412	1.236	3.708	0	0.412	3.708	1.648	0.412	0	0.824	0.412	0.206	0.824	2.06	0	0.206	0.206	0	0	0	0	0.618	0.618	0.206	0	0.618	1.03	0.618	0.206	0.206	1.236	0	0.412	0.412	1.442	0.206	0.206	0	0.206	1.03	0.412	0	0.206	0.412	0.206	0.412	0.206	0.412	0.824	0	1.03	3.296	13.39	0.618	0	1.442	8.24	3.09	0.824	0	0.412	0.111	0.507	0	0.206	0	0	0.206	0	0.107	0.511	0	0.412	0.206	0.206	0.206	0.206	0	0	0	0.206	0.412	0.824	0.206	0	0	0.206	0.206	0.206	0	0	0	0	0.206	0.824	0.206	0.206	0.206	0	0	0	0.206	0	0.206	0.206	0	0	0	0	0	0	0.206	0.206	0.206	0.412	0.206	0	0	0	0.206	0	0	0	0.412	0	0	0	0	0	0.206	2.06	0.412	1.442	0.412	1.03	2.472	0.206	0	0	0	0	0	0.824	0	0	0.618	0	0.618	0.824	0.412	0	0	1.03	1.442	1.236	0.412	0.618	0	0.206	0	0	0	0.412	0.206	3.463	0.039	2.678	1.442	0.824	0.672	0.564	1.854	4.738	0.412	0.206	0.206	0	0.206	0	0	1.957	0.927	0.412	0.206	0.206	0	0	0	0	0.412	0.206	0.049	2.217	2.147	3.004	1.442	0	0.412	0.206	0.412	0.618	0.412	0.412	3.914	4.12	1.339	1.133	0.206	1.03	1.03	0.412	0.206	0.412	0	0	0.412	0	0	0.206	0	0	1.405	0.861	0.618	0.206	1.03	0	0.206	0.206	0.206	1.236	0	0.412	0	0.206	0.412	0.472	0.764	1.442	1.854	0.412	0.618	0.206	0	0	0	0	0.058	1.796	0.206	0.206	0	0.206	0.206	1.03	3.296	0.824	0.412	0.412	0.824	1.236	0	0	0	0.412	0.824	0.206	0.206	0.412	0.412	0.206	0.412	0.206	0.824	0.412	3.09	0.618	0	0.618	0.206	2.266	2.884	0.206	0.412	0	0.206	0.618	0	0.412	0.206	0	2.472	17.716	16.892	5.356	0.412	0.412	1.442	0.412	0.206	0.412	1.03	0	0	0	0	0	0	0.206	0	0	0.412	0	0.206	0	0	0.206	0	0.412	0.206	0	0.206	0	0.206	0	0	0	0	0.618	0	0.206	0.206	0.206	0	0	0.412	50:60,48.09:200,50:80
Nip7-NR_028367	0	0	0.412	0	0	0	0	0	0	0	0	0	0	0	0	0.206	0.412	0	0.412	1.442	0.412	0	0	0	0	0	0	0	0	0	0	0	0.206	0.206	0.206	0	0	0	0	0.206	0	0	0.206	0.412	0	0	0	0	0	0.206	0	0.206	0.206	0	0.206	0	0	0.206	0.412	1.03	24.004	103.159	49.956	8.928	134.765	92.871	12.542	2.472	0.824	0.536	0.7	0	0.206	0.412	0.206	0.165	2.307	1.03	0.618	0.412	0	0	0	0	0.206	0	0.206	0	0.206	0	0	0	0.206	0	0	0	0	0	0	0.618	0	0.206	1.03	0	0	0.412	0	0	0	0	0	0	0.206	0	0	0.206	0	0	0	0	0	0	0.206	0.206	0	0.412	0	0.206	0	0	0.412	0.206	0	0	0	0	0	0.206	0.206	0	0	0.206	0.618	0	0	0	0	0	0	0	0.206	0.206	0	0	0.824	0	0	0	0	0.206	0.206	1.03	1.442	0.206	0	0.206	0.206	0	0	0.206	0	0.412	0.078	0.334	0.412	0.239	1.409	2.472	2.266	0.618	1.838	1.253	0.412	0.206	0.412	1.236	0.618	0.206	0	0.206	0	0	0.206	1.236	0.412	0	0	0	0	0	0	0	0.206	0.206	1.236	2.06	1.854	0.923	1.496	2.732	3.762	0.77	0.206	4.334	4.998	1.998	1.199	3.127	2.472	0.412	0.177	0.853	0.618	1.03	0	0	0	0	0	0	0.206	0	1.03	0.412	0	0	0	0	0	0	0.412	0.824	0	3.09	2.513	1.607	0	0.206	1.442	0.412	0.206	0.618	0.655	2.023	0.412	0.61	0.626	0	0.564	0.26	4.738	1.236	1.648	0.618	0.206	0	2.06	2.266	0.618	0.824	3.502	0.206	0	0.206	0.824	0	0.618	1.236	1.442	2.06	1.648	0.412	0.618	0.206	0.206	0.206	0.824	0.824	0	0	0	0	0	0	0.618	0.206	0.206	0.206	0.206	0	0	0	0	0	0	0	0	0	0	0.412	0	0	0	0	0	2.472	0	0	0.206	0	0	0.206	0.412	0	0.206	0	0	0	0	0	0	0	0	0	0	0	0	0	0	0	50:60,20.26:200,50:80
Nlrp5-NR_131241	0	0	0	0	0	0	0	0	0	0	0	0	0	0	0	0	0	0	0	0	0	0	0	0	0	0	0	0	0	0	0	0	0	0	0	0	0	0	0	0	0	0	0	0	0	0	0	0	0	0	0	0	0	0	0	0	0	0	0	0	0	0	0	0	0	0	0	0	0	0	0	0	0	0	0	0	0	0	0	0	0	0	0	0	0	0	0	0.206	0	0	0	0	0	0	0	0	0	0	0	0	0	0	0	0	0	0	0	0	0	0	0	0	0	0	0	0	0	0	0	0	0	0	0	0	0	0	0	0	0	0	0	0	0	0	0	0	0	0	0	0	0	0	0	0	0	0	0	0	0	0	0	0	0	0	0	0	0	0	0	0	0	0	0	0	0	0	0	0	0	0	0	0	0	0	0	0	0	0	0	0	0	0	0	0	0	0	0	0	0	0	0	0	0	0	0	0	0	0	0	0	0	0	0	0	0	0	0	0	0	0	0	0	0	0	0	0	0	0	0	0	0	0	0	0	0	0	0	0	0	0	0	0	0	0	0	0	0	0	0	0	0	0	0	0	0	0	0	0	0	0	0	0	0	0	0	0	0	0	0	0	0	0	0	0	0	0	0	0	0	0	0	0	0	0	0	0	0	0	0	0	0	0	0	0	0	0	0	0	0	0	0	0	0	0	0	0	0	0	0	0	0	0	0	0	0	0	0	0	0	0	0	0	0	0	0	0	0	0	0	0	0	0	0	0	0	0	0	0	0	0	0	0	0	0	0	0	0	0	0	0	50:60,189.11:200,50:80
Nlrp5-ps-NR_045119	0	0	0	0	0	0	0	0	0	0	0	0	0.206	0	0	0	0	0	0	0	0	0	0	0	0	0	0	0	0	0	0	0	0	0	0	0	0	0	0	0	0	0	0	0	0	0	0	0	0	0.206	0	0	0	0	0	0	0	0	0	0	0	0	1.03	0	0.206	0	0.206	0.206	0.618	0.412	1.236	1.236	0.618	0.618	0.618	0.824	0.824	0.824	0.206	0	0.206	0.412	0.412	1.03	0	0	0	0.206	0	0	0.206	0.618	0	0	0	0	0.206	0	0	0.412	0	0.206	0.618	0.824	0.412	2.266	0.618	0.412	0	0.206	0.824	0.206	1.03	1.236	0.412	0.412	0	0.412	0.618	0	0.206	0	0	0.824	2.06	0	0.206	0.412	0.618	0.206	0	1.236	0.618	0.206	0.412	0.206	0.618	0	0.824	0.412	0.618	0.412	0	0	0.618	0.206	0.206	0.206	0	0	0.618	0	0.206	0	0.206	0.824	3.502	0.824	0.412	0.412	0	0.206	0.206	0	0	0.206	0.206	0	0.412	0.206	0	0	0	0.206	0.412	0	0.412	0	0.206	0	0.206	0.206	0	0.412	0	0	0	0	0	0.206	0	0.206	0.412	0	0.412	0.412	0	0.824	0.206	0.206	0.206	0	0	0	0	0.618	0	0.206	0.206	0	0	0	0.206	0	0	0	0	0	0	0	0	0.206	0.206	0	0	0	0	0.206	0	0	0	0.412	0	0.206	0.412	0.412	0	0	0.206	0	0	0.206	0	0	0	0	0	0.206	0	0	0	0	0.206	0.206	0	0.206	0	0.206	0	0	0	0	0	0	0	0	0	0	0	0	0	0	0	0	0	0	0	0	0.412	0	0.206	0	0	0	0	0	0	0	0	0	0	0	0	0	0	0	0	0	0	0	0	0	0	0	0	0	0	0	0	0	0	0	0	0	0	0	0	0	0	0	0	0	0	0	0	0	0	0	0	0	0	0	0	0	0	0	0	0	0	0	50:60,309.48:200,50:80
Nop53-NM_133831	0.618	0.412	0.206	1.442	1.236	0	0.618	0.206	0.412	0.412	0.824	0.206	0.206	0.824	0.824	1.03	5.356	0	0.824	1.442	1.442	1.442	0.206	0.206	0.412	0.412	0	0.618	0.206	0	0	0	0.618	0.618	0.824	0.412	0	0.206	0	0	0.206	0.412	0.412	0.206	0.618	0.206	0.618	0	0	0	0	0.412	0	0	0	0	0	0.206	0.206	0	6.798	0.412	2.06	0	0	0	0.824	2.472	3.296	1.648	1.448	1.848	1.03	0	0.412	0.412	0.206	0.206	0	0.412	0	0	0	0.206	0	0	0	0	0.412	2.06	1.03	0.412	0	0	0	0.206	0.206	1.236	0.618	0	0.412	0	0.349	0.475	1.03	0	1.03	0	0.8	0.024	0	0	0	0.206	1.648	0.412	0.412	0.412	1.648	0.618	1.442	0.618	1.854	1.03	0.206	1.236	0.412	0.206	4.944	0.206	0	0	0.412	0.412	0.618	1.854	1.03	0.824	0	0.206	1.442	2.266	0.824	1.442	1.442	0.824	1.854	0	0	0.824	0	0	0	0	1.03	0	0.618	0.618	1.236	0	1.442	1.236	1.442	1.236	0.206	0.824	1.03	1.236	0.986	3.134	4.12	1.03	1.442	1.236	0.206	0.412	1.236	0.412	2.472	3.832	2.348	0	3.708	1.236	1.854	0	0	0	0.824	0	0.412	0.206	0.412	1.648	1.087	6.536	1.442	2.472	1.236	0.618	1.648	0.206	0	0.206	0.381	0.237	0.206	0.412	1.03	2.266	1.236	0.206	0	0	1.442	0.206	1.648	0.206	0	0.206	0	0.206	0.822	0.414	0.412	0	0	0	0.206	0.824	1.442	2.633	1.899	1.442	0.824	0.824	0.618	2.06	2.472	0.618	2.485	3.901	2.018	9.757	2.645	0	0	0.206	0	0.206	0.824	1.253	1.632	0.206	0.206	0.618	1.236	0.824	2.884	2.06	1.854	0.206	2.678	0.206	3.914	11.124	7.004	5.562	3.09	0.824	0.618	0	2.472	0	0	0	0.206	1.442	1.648	3.502	0.206	0	7.004	0	0.412	2.06	1.236	1.648	6.798	7.21	7.21	1.03	0.824	5.15	0.824	0.412	0	1.236	2.266	1.648	1.442	1.648	3.296	7.21	1.236	0.412	2.06	1.854	0.824	0	1.442	0	0	1.442	1.236	0.206	0.412	1.442	1.236	0.618	0.824	0.824	3.296	0.824	1.442	1.236	0	0.206	0	0.618	0.206	0	0	0.618	0.206	0	0.206	0.412	0	0	50:60,41.365:200,50:80
Notch4-NM_010929	0	0	0	0	0	0	0	0	0	0	0	0	0	0	0	0	0	0	0	0	0	0	0	0	0	0	0	0	0	0	0	0	0.206	0.206	0	0.412	0	0	0	0	0	0.206	0	0.206	0	0	0	0	0	0	0	0	0	0	0.206	0	0	0	0.206	1.648	11.175	0.98	0.412	0	0	0	0	0.206	0	0	0	0	0	0	0	0	0.206	0.206	0	0	0	0.206	0	0.206	0	0	0	0	0.206	0.618	0.824	0.618	0	0.618	0.618	0	0	0	0.618	0	0.412	0.412	1.236	0.412	0	0	0	0	0.412	0.206	0.206	0	0	0	0.824	0	0.206	0	0	0.206	0	0.206	0	0	0	0.206	0.206	1.03	0.206	1.03	1.648	0.206	0.618	0	0	0	0.618	0.206	0	0	0.412	0	0.206	0	0	0	0	0	0	0	1.03	0	0.206	0	0	0	0.206	0.206	0.206	0.206	0.206	0	0.206	0.412	1.03	0	0	0	0.206	0.412	0.206	0	0.824	0.206	0	0.206	0.206	0.618	0.618	0.412	0.618	0.206	0.206	0.412	0	0	0.206	0.412	0.206	0.206	1.03	0	0.412	0	0	1.236	0	0.412	1.648	0.412	0	0	1.442	1.854	0.206	0.618	0.412	0.26	1.8	0.618	1.03	1.854	3.09	3.914	0.412	0	1.236	0.824	0	0.824	2.472	0.618	1.236	3.296	0.618	0.618	1.236	1.854	0.824	0.206	1.236	1.854	0	1.03	0.206	0	0.206	0.412	1.236	0	0.206	1.854	0.206	2.093	6.353	1.442	1.648	2.472	1.236	0.618	1.854	1.442	44.408	2.355	1.03	3.296	8.089	3.86	5.356	2.678	0.206	1.442	0.206	2.678	0.412	0.412	0	0.206	0.824	0.618	0.206	0.824	0	0	0	0.206	1.03	1.236	0.824	0.824	1.236	0.412	0	0.618	0	8.24	2.472	0	0.824	0	0.206	0	0.412	0.412	0	0.412	0.206	0	0	0.206	0	0	0	0.206	0	0	0	0	0.618	0	0	0	0	0.206	0.824	0.412	0	0.206	0	0.206	0	0	0.206	0.618	0	0.412	0.206	0	0	0	0	0	0	0.206	3.708	0.824	0	0.206	0.206	0	50:60,121.245:200,50:80
Nrap-NM_198059	0.206	0.206	0	0	0	0	0	0	0	0.412	0	0	0.206	0	0	0	0	0	0	0	0	0	0	0	0.412	0	0	0.206	0.206	0	0.206	0	0	0.206	0	0	0	0	0	0	0	0.206	0	0	0	0	0	0	0	0	0	0	0	0	0	0	0	0.206	0	0.206	0.412	0	0	0.206	0	0	0	0	0	0	0	0	0	0	0	0	0	0.206	0	0	0	0	0	0	0	0	0	0	0	0.206	0.206	0	0	0	0	0	0	0	0	0	0	0	0	0	0	0	0	0	0	0	0	0	0	0	0	0.206	0	0	0	0	0	0	0	0	0	0.206	0	0	0	0	0	0	0	0	0	0	0	0	0	0	0	0	0	0	0	0	0.206	0	0	0	0	0	0	0	0	0	0	0	0	0	0	0	0	0	0	0	0	0	0	0	0	0	0	0	0	0	0.206	0.206	0	0	0	0	0	0	0	0	0	0	0	0	0	0	0	0	0	0	0.206	0	0	0	0	0.206	0	0	0	0	0	0	0	0	0	0	0	0.206	0.206	0	0	0	0	0	0	0	0	0	0	0	0	0	0	0	0	0	0	0	0	0	0	0	0	0	0	0	0	0	0.206	0	0	0	0	0	0.206	0	0	0	0	0.412	0	0	0.206	0	0	0	0	0	0	0	0	0	0	0	0	0	0	0	0	0	0	0	0	0	0	0	0	0	0	0	0	0	0	0	0	0	0	0	0	0	0	0	0	0	0	0	0	0	0	0	0	0	0	0	0	0	0	0	0	0	0	0	0	0	0	0	0	0	0	0	0	0	0	0	0	0	0	0	0	0	0	0	0	0	50:60,349.99:200,50:80
Nrf1-NM_001361695	0.206	1.648	0.206	0.206	0.618	0.412	0.618	4.326	4.532	1.236	0.618	1.03	0.206	0	0.412	0.412	0	0	0.618	0.618	0.618	0.206	0.412	1.03	0	0.206	0.618	0	0.206	0.206	0	0.206	0.824	1.03	0	0	0	0.412	0	0	0	0	0	0	0.206	0.618	0.206	0.206	0.206	0.206	0	0.412	0.618	1.442	2.678	1.648	2.472	0	0	0	3.296	2.06	3.259	4.363	1.03	2.06	9.476	1.03	5.768	7.21	10.747	3.055	7.233	6.157	5.15	6.081	8.339	8.034	8.652	1.03	8.24	8.034	4.738	6.592	5.562	5.562	4.532	5.15	6.18	11.742	2.06	3.914	4.532	7.416	14.42	6.386	2.884	4.532	7.622	2.884	14.214	5.15	2.06	7.004	12.566	6.386	4.738	3.502	10.918	2.884	10.918	7.004	3.296	0.824	4.12	4.326	4.12	8.24	4.326	3.914	4.876	4.423	5.865	4.818	4.944	5.562	3.09	3.502	2.884	7.622	1.442	2.439	7.655	4.532	4.532	2.884	5.768	6.798	5.356	4.326	0.412	1.03	2.472	7.622	4.326	5.768	7.394	4.349	3.09	16.48	6.386	3.914	7.416	7.004	7.416	6.18	6.18	6.798	24.006	5.041	5.974	14.214	9.027	3.745	2.678	3.502	6.386	0.618	6.798	5.088	6.036	4.326	7.004	10.094	2.472	7.004	4.118	5.77	4.738	2.472	1.648	8.858	10.3	4.532	11.536	7.416	7.764	7.892	2.06	1.03	1.854	4.12	3.195	4.015	4.326	9.064	6.673	5.688	3.296	5.15	0.618	0.412	0.824	3.502	6.386	15.862	6.386	5.884	6.889	5.356	6.386	3.296	8.034	8.652	1.442	3.708	5.356	3.09	2.884	4.573	11.633	8.514	5.562	3.502	7.416	8.652	5.356	3.296	10.918	10.506	13.596	10.506	59.741	16.892	79.312	27.193	13.184	0	2.06	7.416	18.54	9.476	4.12	22.661	10.506	8.24	12.978	20.395	7.828	10.712	5.356	3.502	5.15	2.678	8.446	7.828	2.678	9.27	4.12	3.502	0.618	0.412	0.618	1.236	1.442	1.236	0.618	0.206	0.206	0.412	0.412	2.266	0.206	0.412	0.206	0	0.412	1.03	0.618	1.442	0	0	1.03	0.824	2.678	2.678	0.824	1.442	2.06	0.206	0.618	0.618	0.206	1.442	0.618	0.206	0.412	1.648	0.412	0.618	2.266	0.412	0.412	0.412	0	0.618	2.06	3.09	0.618	0.824	0.206	0.412	1.03	0	1.03	0.412	0	0	0.206	0	0	0	0	0.206	0	0.206	0	0	0.412	0	0.618	0.824	1.442	0.824	0	0.412	0.618	0.206	0.206	0	50:60,331.47:200,50:80
Nrg1-NM_001364422	0	0	0.206	0	0.412	0	0	0.206	0.206	0.206	0.206	0.618	0.206	1.442	0.618	0.412	0	0	0.206	0.824	0	0.206	1.648	1.03	0.412	0.206	0	0.206	1.442	0.206	0.412	0	0.206	0.206	0.618	0.824	0	0.206	0.412	0	0	0.206	0	0.618	0	0	0.412	0.412	0.824	0.206	1.442	1.442	0.206	0	0	0	1.236	1.236	0	0.824	1.648	4.944	5.356	6.798	3.708	2.06	6.386	3.502	3.09	1.03	2.266	4.944	3.923	6.583	8.24	3.502	5.562	4.738	6.386	4.12	6.18	3.296	3.708	4.12	2.884	7.21	6.386	4.326	2.884	2.472	5.356	5.356	5.562	9.682	5.356	8.858	2.472	3.708	2.884	5.356	2.266	3.708	2.266	3.296	4.738	2.266	3.09	1.236	3.708	4.326	4.326	1.236	4.12	4.326	3.327	4.089	1.648	0.206	3.502	2.884	3.502	3.914	8.034	3.502	5.356	6.386	9.682	4.326	3.09	4.326	1.648	4.738	5.15	6.18	3.708	6.798	2.472	2.472	8.446	6.386	9.064	3.09	4.944	7.004	4.12	4.944	4.326	1.03	2.266	3.914	8.858	3.296	4.944	4.12	6.798	5.356	2.884	2.472	1.648	4.944	4.326	3.708	3.686	2.7	3.878	6.834	6.748	4.171	4.532	1.854	7.828	5.974	3.09	9.682	3.09	5.15	3.296	3.914	2.678	3.09	2.472	3.708	4.738	3.502	2.06	6.798	6.386	3.502	3.296	5.768	4.12	5.15	1.442	4.944	3.296	1.854	2.472	2.06	2.06	0.824	2.472	2.678	3.296	2.06	3.09	3.09	1.648	4.738	3.502	3.708	5.15	5.562	4.12	1.442	2.06	6.497	5.245	2.884	7.416	3.09	2.472	5.15	6.18	3.09	4.326	7.21	4.12	5.356	6.18	1.03	1.236	3.09	8.446	5.15	5.974	3.708	9.27	5.356	4.12	0.206	2.678	9.4	3.784	3.708	6.798	3.502	5.974	2.266	4.532	3.914	9.27	8.034	4.738	2.266	2.884	7.622	4.944	1.854	7.416	2.678	0.206	0.206	0.618	1.236	1.03	0	0.412	0.618	0.618	0	0.206	0.412	0.206	0	0.206	0	0.412	0.618	1.854	1.648	0.618	1.854	1.236	1.648	0.618	0.412	0.412	0	0	0.412	0.412	1.236	1.03	0.412	0.618	0.824	2.266	0.824	0.824	0.824	0.206	0.412	0.618	0.824	0.618	0.206	1.648	1.03	0.412	2.06	6.592	0.618	1.442	0	0.206	0.618	0.618	2.06	1.236	0.206	0.618	1.442	0.824	0.206	0.618	1.854	0	0	0.412	0.206	0.412	0	1.442	0.824	1.03	0	0.412	0.412	0.206	0.824	50:60,521.465:200,50:80
Nrp2-NM_001077403	0	0	0	0	0	0	0	0	0	0	0	0	0	0	0	0	0	0	0	0.412	0	0	0	0	0	0	0	0	0	0	0	0	0	0	0	0	0	0	0	0	0	0	0	0	0	0	0	0	0.206	0.206	0.206	0.206	0.206	0	0	0	0	0	0	0.206	1.236	0.618	0.412	0	0	4.12	0.618	1.236	0.618	0.824	0	0	0.618	0	0.206	0.206	0.206	0	0	0.206	0.206	0.206	0.206	0.412	0.618	0.412	1.442	0.824	0.618	0.206	0.618	0.206	0.618	0.824	0.618	0.618	0.618	0.618	0.412	0.824	0.206	0	0.412	0	0.824	0.618	0.824	0.618	1.236	1.03	0.412	0.206	0	0.206	0.618	1.03	1.03	0	1.442	0.618	8.034	2.472	0.618	0.412	1.03	0	0.618	0	0.824	0.824	0.412	0.412	0.618	0.618	1.236	0.618	1.854	1.03	1.854	0.824	0.824	0.412	0.824	0.618	1.03	0.206	0.206	0	0.824	0.206	0.824	0.412	0.824	1.648	0.618	0.618	0.824	1.236	0.824	0.824	0.824	1.03	1.236	0.824	0.206	0.618	0.824	0.824	0	1.03	2.266	2.884	3.502	0.618	0.412	2.678	0.824	1.648	0.824	0.618	2.678	1.236	2.06	0.824	0.824	1.03	2.06	2.06	2.266	1.442	0.618	1.236	0.824	0.618	0.618	1.648	0.412	1.648	0.618	1.442	2.266	0.206	0.824	0.824	1.03	1.442	0.824	0.618	0.412	0.824	0.618	1.442	0.412	3.502	0.618	2.266	0.412	0.824	0.412	2.06	2.472	0.618	0.618	0.206	1.854	0	1.03	1.442	0.618	0.824	0.206	0.618	0.618	0.412	1.648	0.824	2.884	0.206	1.442	2.06	0.412	0.206	0.618	0.618	0.206	0.412	0.618	0.824	1.236	1.236	0.618	0.412	0.206	0.206	1.03	0.412	0.412	0.824	1.854	1.442	0.618	0	0	0.206	0	0.206	0	0	0.206	0.618	0.412	0	0.206	0	0	0	0	0.206	0	0	0	0	0	0	0.206	0	0	0	0	0	0	0	0	0	0	0	0	0	0.206	0	0.206	0.412	0	0	0	0.206	0.206	0.206	0	0	0	0	0	0	0	0	0	0	0	0	0	0	0	0	0	0	0	0	0	0	0	0	0	0	0	0	0	0	0	0	50:60,576.88:200,50:80
Nsmf-NM_001039387	0	0	0	0	0.412	0.824	0.824	1.03	0	0.618	0.206	0.412	0.412	0.206	1.442	1.03	0.206	0	0.412	0	0.206	0.206	0	0.206	0.412	0.412	0.206	0	0	0	0.206	0.206	0	0.206	0.206	0.412	1.236	0.206	0.206	0	0.412	0	1.442	0	0	0.412	0.412	0.206	0	0.618	1.03	0.824	2.472	1.854	1.236	1.03	0.206	0	0	0	0.618	3.502	5.15	0	0.53	0.724	0.805	1.03	2.191	0.93	0.793	1.236	0.412	1.03	0.618	0.206	0.206	0	0.412	0	0.206	0.206	0	0.412	0.206	0	0.206	0.412	0	0.412	0.206	0.206	0.206	0	0	0	0	0	0	0.618	0.412	0	0	0	0.206	0	0	0.618	0	0	0	0.321	0.091	0	0	0.206	0	0	0	0	0.824	0	0.412	0	0	0.206	0	0	0.206	0	0.206	0	0.206	0	0	0	0	0	0	0	0.206	0	0	0.206	0.206	0.412	0.206	0.206	0.412	0.206	0	0.206	0	0.206	0.206	0.412	0.206	0.206	0.412	0.412	0.824	0.206	0.618	0.412	0	0.122	0.084	0	0	0.206	0	0.412	0.206	0.412	0.618	0.412	0	0.618	0	0	0.206	0	0.412	0	0.618	0.206	0.206	0	0	0	0.412	0.412	0.206	0.206	0	0	0	0	0	0	0	0.412	0	0	0	0	0	0.618	0.618	0.258	0.155	0	0.412	0.412	0.206	0.412	0	0	0	0.206	0	0	0	0	0	0	0	0	0.206	0	0.206	0.412	0	0.412	0.206	0.412	0.206	0.206	0	0	0	0.412	0.412	0	0	0.412	0	0.412	0	0.824	0.206	0	0.206	0.412	1.03	0.206	0.824	0.824	0.824	0.412	0	0.412	0	0.206	0	0	0	0.206	0.618	0.412	0.618	0.206	0.412	0	0	0	0.206	0	0	1.03	0.824	0.206	0	0	0	0	0	0	0	0	0	0.412	0	0	0	0	0	0	0	0	0	0	0	0	0	0	0	0	0	0.412	0	0	0	0	0	0.206	0	0.618	1.442	0.412	0	0.206	0	0	0.206	0.412	0	0	0	0	0	0	0	0	0	0	0.206	0	0	0.412	50:60,42.515:200,50:80
Nt5dc2-NM_027289	0.412	0	0	0.206	0.206	0.412	0	0.206	0	0	0	0	0.206	0.618	0.206	0.206	0.412	0	0	0.412	0.618	0.206	0.618	0.618	0	0	0.206	0	0.206	0	0.206	0	1.03	1.03	0	0	0.412	1.03	0.618	0.206	0.618	0.412	0.206	0.824	0	0.618	1.03	0.824	0.618	0.618	0.412	1.03	1.236	2.06	0.618	0.412	0.206	0.618	1.648	1.648	0.206	0.206	1.236	0.206	1.236	0.412	0.206	0	0.206	0.412	0.412	0.482	0.754	2.107	0.571	0.412	0	1.03	0.206	0.206	0.412	0	0.206	0.206	0	0	0	0.206	0.824	0.484	0.134	0.206	0.656	0.786	0.618	0.824	0.618	0	0	0.412	0.153	0.465	0	0.618	0.618	0.618	0.704	2.197	2.169	0.904	0.412	0.206	0	0.206	0.618	0.206	0.618	0.206	0.412	0	0.206	1.03	0	0	0	0.618	0	0	0	1.236	0	0	0.824	0	1.03	1.442	0	0.206	1.03	0.206	1.854	0.412	0.618	0.412	0	0	1.03	0.618	0.206	1.04	0.196	2.035	1.237	1.26	0	0	0.412	0	0.412	0.206	0.412	1.03	0.618	1.236	0.206	0.206	0.824	1.648	1.442	0.206	0.412	0	1.192	1.486	0.412	1.776	0.49	0	2.06	3.708	2.337	1.165	0.412	0.412	0.618	0	0.618	0.404	0.42	2.678	0.206	0.824	1.854	0.618	0.206	0.206	0.412	0.412	1.442	0.474	1.586	0	0	0	0.412	0	0.618	0.618	0.206	0.206	1.236	0.412	0	0.618	1.03	1.03	1.236	0.682	2.614	0.618	0	0	0	0	0	0.206	0.206	0	0	0.618	0	0	0	0.824	0.206	0.206	0.412	0	1.442	0.618	0.412	0.618	2.472	0	0	0	0.559	0.265	0.618	0.206	0	0	0	0.412	0.206	0	0.412	0.206	0	0	0.206	0	0	0.618	0.412	1.236	0.412	0.618	0.412	0.618	0.206	0.618	0.824	0.206	0.412	2.472	2.884	4.326	2.266	0.206	1.236	1.648	1.236	0.618	0	0.206	1.03	2.266	2.06	0.206	0	0.206	0.206	0	0.412	1.854	1.03	1.442	0.206	0.206	0	0	0.206	0	0	0	0	0	0	0	0.206	0	0	0	0	0	0.206	0.206	0	0.618	0.206	0	0	0	0	0	0	0	0	0.206	0	0	0	0.206	0	0	0.206	0	0	0.206	50:60,21.945:200,50:80
Nudt13-NR_153364	0	0	0	0	0	0	0.206	0	0	0	0	0	0	0	0	0	0	0	0	0	0	0	0	0	0	0	0	0	0	0	0	0	0	0	0	0	0	0	0	0	0	0	0	0	0	0	0	0	0	0	0	0	0	0	0	0	0	0	0	0.618	62.008	1.236	0	0	0	0	0	0	0	0	0	0.206	0.206	0	0	0	0	0	0	0	0.206	0.206	0	0	0	0	0	0.206	0.206	0	0	0.206	0.206	0.206	0.206	0.206	0	0.206	0.824	0.206	0	0.206	0	0	0.206	0	0	0	0	0.206	0.618	0.412	0.206	0.206	0.206	0.412	0.206	0.618	0	0.824	0	0.412	0	0	0.206	0	0	0	0	0	0	0.618	0	0	0.412	0.618	0.618	0	0	1.03	0	0.412	0.412	0.206	0	0.206	0.412	0.206	0.412	0.618	0	0.412	0	0	0	0	0	0.206	0	1.236	0.618	0.824	0.618	0.618	0	0	0	0.618	0.412	2.266	0.618	0	0	0.206	0.206	0.206	0	0.206	1.442	0	0.206	0.206	0.206	0.618	0.412	0.412	0	0.412	0	0	0.206	0.206	0	0	0	0	0.206	0	0.206	0.206	0	0.618	0.206	0	0	0.824	1.442	1.854	2.884	1.236	0	0	0.206	0.412	1.025	0.623	0.206	0.618	0.824	0.206	0.412	0	0.618	0	0	0	0.412	0.412	1.442	0	0.412	1.03	0.412	0	0.412	0.824	0	0	0.824	1.236	1.03	0.618	0.206	0.618	0	0.412	0	0.618	0.206	0.412	1.03	4.326	0.206	0.206	0.206	1.03	0.412	1.236	0.618	0.412	0	1.236	0.412	0.824	0	0.206	0	0	0	0.412	0.824	0	0.206	0.412	0.412	0	0.206	1.03	0	0.618	0	0	0	0.206	0	0.206	0	0.206	0	0.618	1.236	0.412	0.618	1.03	0.412	0	0.618	0.206	0	0.206	1.236	0.618	0	0.412	0.618	0	0.412	0.412	1.03	0.206	0	0	0.206	0	0.206	0	0.206	0.206	0.618	0	0	0	0.412	0	0.618	0	0.206	0.412	0	0	0	0	0	0	0.618	0.206	0	0.206	0.412	0	50:60,114.445:200,50:80
Oard1-NM_207219	0	0	0.206	0	0	0	0.206	0	0	0	0	0	0	0	0	0	0	0	0	0.206	0.412	1.03	2.884	0.206	0	0	0	0	0.206	0.206	0	0.412	0.206	0	0.412	0	0.618	0	0	0	0	0	3.296	14.214	1.854	2.06	0	0	0	0	0	0.206	0.206	0	0	0	0	0	1.442	0.206	0	4.884	2.326	3.502	0	37.52	166.806	56.27	0.412	0.206	0	0.672	0.976	2.266	3.09	1.648	0.412	0.412	2.678	1.03	0.206	0.412	0.618	0	0	0	0	0	0	0.206	0	0	0.206	0	0	0.206	0.618	0	0.618	0.206	0.206	0	0	0.206	0	0	0.206	0.206	0	0.206	0.206	0	0.206	0.412	0	0	0	0	0	0	0.206	0.618	0	0	0	0	0.206	0.206	0	0.206	0	0.412	0	0	0.206	0	0	0	0.206	0	0	0	0.206	0.412	0	0	0	0	0	0	0	0	0	0	0	0	0	0	0.206	0	0	0	0.412	0.206	0.618	0	0	0	0	0	0.083	0.123	0	0.206	0	0.206	0.412	0.618	0.412	0	0	0	0	0.412	0.206	0.206	0	0	0.206	1.03	0.618	0	0.618	0.206	0.412	0.618	0.824	0.206	2.266	0.206	0.412	1.236	0.824	0.206	0.412	0	0.206	0.412	0.824	0	0.412	1.22	0.905	1.995	0.206	0.412	0.412	0.206	0	1.236	0	0	0.412	4.326	2.266	0	0.206	0.824	0.618	0.618	0.412	1.236	0.824	0.206	0	0.412	0.618	0	0.206	0.412	0.206	0.412	0.824	1.442	1.648	1.236	0.824	1.236	1.03	0.299	0.731	2.299	3.881	1.03	0.824	0.206	0	0	1.236	1.648	1.648	1.854	4.12	4.12	1.854	1.442	0.206	1.442	0.412	3.296	4.944	2.06	2.266	4.12	0.824	3.914	0.618	3.296	2.266	5.974	0.824	1.03	1.854	3.502	8.034	5.768	3.502	3.09	2.266	1.03	0	0.206	2.472	1.03	0.412	3.502	2.472	0.206	0.618	1.648	5.356	0.412	1.442	9.888	6.592	6.18	1.236	0.618	1.442	4.738	4.12	1.442	1.648	0.824	6.798	3.502	5.15	4.532	1.442	2.884	0.412	0	1.648	0.412	1.442	3.296	2.884	3.502	0	4.532	1.854	3.914	0.618	1.03	0.824	1.03	0.824	0	1.236	1.648	50:60,36.355:200,50:80
Ogdhl-NM_001081130	0	0	0	0	0	0.206	0.206	0	0	0	0	0	0	0	0	0	0	0.206	0	0.206	0	0	0	0	0	0	0	0	0	0	0.206	0.206	0	0	0	0	0	0	0	0	0	0	0	0	0	0	0	0	0	0	0.206	0	0	0	0	0	0	0	0	5.974	11.742	1.03	0.206	1.854	0.618	0	0	0.412	0.412	0.412	0.889	0.141	1.03	0.206	0.206	0.824	1.236	0.206	0.824	1.236	0.618	1.442	0	0	0	0.618	2.266	2.678	3.502	0.412	3.502	1.648	0.206	1.236	1.03	1.648	2.266	1.03	0	2.884	5.15	2.472	3.09	2.472	2.472	4.326	3.09	0.206	0	1.854	2.06	0.412	1.287	8.19	2.503	3.883	3.09	1.03	1.03	0	0.528	0.502	0.618	1.648	4.738	3.296	1.442	3.502	1.807	1.077	0.412	0	0.412	2.266	2.06	0	2.472	2.266	1.648	1.854	2.678	3.09	4.944	2.472	1.442	7.21	9.064	16.686	3.296	1.648	5.15	4.532	15.038	11.948	5.356	2.678	2.06	2.266	3.296	11.124	3.708	3.502	2.678	2.06	7.622	4.326	4.976	2.852	1.336	1.342	1.648	4.326	1.854	1.236	2.678	3.502	3.09	3.296	2.06	5.15	1.03	5.768	5.15	1.442	2.678	7.828	3.296	1.442	2.266	6.067	3.821	2.266	7.416	5.974	3.296	2.678	7.004	1.648	1.648	2.266	4.738	6.798	3.09	2.06	0.618	4.532	0.824	2.266	5.768	8.24	3.914	3.296	0.824	2.266	2.06	1.03	2.06	3.708	3.914	6.386	9.064	2.06	1.648	4.532	2.06	1.03	0.824	2.472	2.472	9.682	2.472	0.824	1.442	0.412	3.991	4.661	8.24	10.506	2.06	2.06	4.12	4.944	2.678	7.004	9.682	3.026	0.476	1.854	7.828	6.18	2.678	3.502	2.06	14.216	2.882	7.21	5.356	0.412	3.09	2.06	2.06	0.618	2.266	4.12	1.442	1.03	1.648	1.442	1.236	0.412	0.206	0.824	0	1.236	3.708	2.678	1.03	0.618	1.03	0.206	1.03	0.206	1.236	1.03	0	0.206	2.472	2.06	1.236	1.442	1.236	0.618	2.472	0.618	3.09	0.824	0.412	0.618	0.824	3.914	7.416	1.03	4.12	8.034	2.266	5.768	1.854	1.236	4.532	9.27	3.502	2.472	3.708	0.824	3.914	0	1.442	3.09	2.678	3.09	2.678	4.12	4.12	3.502	9.27	0	0	0	0	0	4.944	9.682	14.626	4.944	0.206	0.412	1.442	0.412	3.09	0	50:60,130.665:200,50:80
Olfml2b-NM_177068	0	0	0	0	0	0	0	0	0	0	0	0	0	0	0	0	0	0	0	0	0	0	0	0	0	0	0	0	0	0	0	0	0	0	0	0	0	0	0	0	0	0	0	0	0	0	0	0	0	0	0	0	0	0	0	0	0	0	0	0	0.824	0	0	0	0	0	0	0	0	0	0	0.206	0	0	0	0	0	0.206	0.206	0.206	0	0	0	0	0	0	0	0	0	0	0	0	0	0	0.206	0	0	0.412	0.206	0	0.412	0	0.206	0	0	0.206	0	0.206	0	0	0.206	0.412	0	0.618	0.206	0	0.412	0	0	0	0.206	0	0	0	0.206	0	0	0	0	0	0	0	0	0	0	0	0	0	0.206	0	0	0	0	0	0	0	0	0	0	0	0	0	0	0	0.206	0.206	0	0	0.206	0	0	0	0.206	0	0	0.412	0	0	0.206	0	0	0.206	0	0	0.206	0	0	0	0	0	0	0.206	0.206	0.206	0.412	0	0	0.206	0.206	0.206	0	0	0	0	0	0	0.206	0	0	0	0.206	0	0	0.412	0.206	0	0.206	0.206	0	0	0	0	0	0.206	0.206	0.206	0	0	0	0	0	0.206	0.206	0.412	0	0	0	0.412	0.412	0.206	0.412	0.206	0	0.206	0	0	0	0	0.206	0	0	0.206	0	0.206	0	0	0	0	0	0.412	0	0.206	0	0.206	0.412	0	0.412	0	0	0.206	0	0	0	0	0	0	0.206	0	0	0	0	0	0	0	0.206	0	0	0	0	0	0	0	0	0.206	0	0	0.206	0	0	0	0	0.206	0	0	0	0	0	0	0	0.206	0	0	0	0	0	0	0	0	0	0	0	0	0	0	0	0	0	0	0	0	0	0	0	0	0	0	0	0	0	0	0	0	0	0	0.206	0	0	0	0	0	50:60,191.29:200,50:80
Olfr225-NM_001011740	0	0	0	0	0	0	0	0	0	0	0	0	0	0	0	0	0	0	0	0	0	0	0	0	0	0	0	0	0	0	0	0	0	0	0	0	0	0	0	0	0	0	0	0	0	0	0	0	0	0	0	0	0	0	0	0	0	0	0	0	0	0	0	0	0	0	0	0	0	0	0	0	0	0	0	0	0	0	0	0	0	0	0	0	0	0	0	0	0	0	0	0	0	0	0	0	0	0	0	0	0	0	0	0	0	0	0	0	0	0	0	0	0	0	0	0	0	0	0	0	0	0	0	0	0	0	0	0	0	0	0	0	0	0	0	0	0	0	0	0	0	0	0	0	0	0	0	0	0	0	0	0	0	0	0	0	0	0	0	0	0	0	0	0	0	0	0	0	0	0	0	0	0	0	0	0	0	0	0	0	0	0	0	0	0	0	0	0	0	0	0	0	0	0	0	0	0	0	0	0	0	0	0	0	0	0	0	0	0	0	0	0	0	0	0	0	0	0	0	0	0	0	0	0	0	0	0	0	0	0	0	0	0	0	0	0	0	0	0	0	0	0	0	0	0	0	0	0	0	0	0	0	0	0	0	0	0	0	0	0	0	0	0	0	0	0	0	0	0	0	0	0	0	0	0	0	0	0	0	0	0	0	0	0	0	0	0	0	0	0	0	0	0	0	0	0	0	0	0	0	0	0	0	0	0	0	0	0	0	0	0	0	0	0	0	0	0	0	0	0	0	0	0	0	0	0	0	0	0	0	0	0	0	0	0	0	0	0	0	0.206	50:60,6.3:200,50:80
Olfr64-NM_013617	0	0	0	0	0	0	0	0	0	0	0	0	0	0	0	0	0	0	0	0	0	0	0	0	0	0	0	0	0	0	0	0	0	0	0	0	0	0	0	0	0	0	0	0	0	0	0	0	0	0	0	0	0	0	0	0	0	0	0	0	0	0	0	0	0	0	0	0	0	0	0	0	0	0	0	0	0	0	0	0	0	0	0	0	0	0	0	0	0	0	0	0	0	0	0	0	0	0	0	0	0	0	0	0	0	0	0	0	0	0	0	0	0	0	0	0	0	0	0	0	0	0	0	0	0	0	0	0	0	0	0	0	0	0	0	0	0	0	0	0	0	0	0	0	0	0	0	0	0	0	0	0	0	0	0	0	0	0	0	0	0	0	0	0	0	0	0	0	0	0	0	0	0	0	0	0	0	0	0	0	0	0	0	0	0	0	0	0	0	0	0	0	0	0	0	0	0	0	0	0	0	0	0	0	0	0	0	0	0	0	0	0	0	0	0	0	0	0	0	0	0	0	0	0	0	0	0	0	0	0	0	0	0	0	0	0	0	0	0	0	0	0	0	0	0	0	0	0	0	0	0	0	0	0	0	0	0	0	0	0	0	0	0	0	0	0	0	0	0	0	0	0	0	0	0	0	0	0	0	0	0	0	0	0	0	0	0	0	0	0	0	0	0	0	0	0	0	0	0	0	0	0	0	0	0	0.206	0	0	0	0	0	0	0	0	0	0	0	0	0	0	0	0	0	0	0	0	0	0	0	0	0	0	0	0	0	0	0	0	0	0	50:60,8.31:200,50:80
Olfr986-NM_146615	0	0	0	0	0	0	0	0	0	0	0	0	0	0	0	0	0	0	0	0	0	0	0	0	0	0	0	0	0	0	0	0	0	0	0	0	0	0	0	0	0	0	0	0	0	0	0	0	0	0	0	0	0	0	0	0	0	0	0	0	0	0	0	0	0	0	0	0	0	0	0	0	0	0	0	0	0	0	0	0	0	0	0	0	0	0	0	0	0	0	0	0	0	0	0	0	0	0	0	0	0	0	0	0	0	0	0	0	0	0	0	0	0	0	0	0	0	0	0	0	0	0	0	0	0	0	0	0	0	0	0	0	0	0	0	0	0	0	0	0	0	0	0	0	0	0	0	0	0	0	0	0	0	0	0	0	0	0	0	0	0	0	0	0	0	0	0	0	0	0	0.206	0	0	0	0	0	0	0	0	0	0	0	0	0	0	0	0	0	0	0	0	0	0	0	0	0	0	0	0	0	0	0	0	0	0	0	0	0	0	0	0	0	0	0	0	0	0	0	0	0	0	0	0	0	0	0	0	0	0	0	0	0	0	0	0	0	0	0	0	0	0	0	0	0	0	0	0	0	0	0	0	0	0	0	0	0	0	0	0	0	0	0	0	0	0	0	0	0	0	0	0	0	0	0	0	0	0	0	0	0	0	0	0	0	0	0	0	0	0	0	0	0	0	0	0	0	0	0	0	0	0	0	0	0	0	0	0	0	0	0	0	0	0	0	0	0	0	0	0	0	0	0	0	0.618	0	0	0	0	0	0	0	0	0.206	0	0	0	0	0	0	0	50:60,5.08:200,50:80
Ormdl2-NM_001359170	0	0	0	0	0	0	0	0	0	0	0	0	0	0	0	0	0	0	0	0	0	0	0	0	0	0	0	0	0	0	0.206	0	0	0	0	0	0	0	0.618	0.824	0	0	0	0	0	0	0	0.412	0.412	0.206	0	0	0	0	0	0	0	0	0	0	0.412	0	1.03	14.42	7.087	7.507	7.548	5.694	3.065	4.573	3.049	1.03	2.266	0.412	0.412	0	0.412	0	0.206	0	0.206	0	0.206	0.074	0.132	0.206	0	0	0	0	0	0.206	0	0	0	0	0	0	0.206	0	0	0	0	0	0	0	0	0	0	0	0	0	0	0	0	0	0	0	0	0	0	0	0	0	0	0	0	0	0	0	0	0	0	0	0	0	0	0	0	0	0	0	0	0	0	0	0	0	0	0	0	0	0	0	0	0	0	0	0	0	0	0	0	0	0	0	0	0	0	0.206	0.206	0	0	0	0	0	0	0	0	0	0	0	0	0	0	0	0	0	0	0	0	0	0	0	0	0	0	0	0	0	0	0	0	0	0	0	0	0.206	0	0	0	0	0	0	0	0	0	0	0	0	0	0	0	0	0	0	0	0.206	0	0	0	0	0	0	0	0	0	0	0.206	0	0	0	0.206	0	0	0	0	0	0	0	0	0	0	0	0	0	0	0	0	0	0.206	0	0	0	0.412	0.824	0.618	0.206	0.618	0.618	0.618	0	0.412	1.03	0	0.618	0.412	1.03	0.206	0	0	0.412	0.206	0.206	0.412	0.824	0	0.206	0.206	0.412	1.648	0.618	0	0.206	0.412	0.412	2.06	0.618	0	0	0	0.824	0.412	0.412	0.206	0.206	0.206	0	0	0.206	0.412	0	0	0	0.206	0.412	0	0	0.206	0.412	0.412	0.412	0	0.412	0.206	0	0.412	0	0	0.206	1.236	0.206	0.206	0.206	0	0	0.206	0	0	0	50:60,18.64:200,50:80
Oscar-NM_175632	0.206	0.618	0.618	0	0	0.824	0.412	0	0.206	0	0	0	0.618	0	0	0.206	0.206	0.206	0	0	0.412	1.03	0.206	0.206	0.206	0	0.206	0.824	0.206	0	0	0.618	0	0.206	0.412	0.206	0.618	2.266	0.206	0.824	0	0	0	0	0.206	0	0	0	0	0.206	0	0	0	0	0.206	0	0	0	0	0	0	0	0	0	0.206	0	0	0	0.206	0.206	0	0	0	0	0	0	0	0	0	0	0	0	0	0	0	0	0	0	0	0	0	0	0	0	0	0	0	0	0	0	0	0	0	0	0	0	0	0	0	0	0	0	0	0	0	0	0	0	0	0	0	0	0	0	0	0	0	0	0	0	0	0	0	0	0	0	0	0	0	0	0	0	0	0	0	0	0	0	0	0	0	0	0	0	0	0	0	0	0	0	0	0.206	0	0	0	0	0	0	0	0	0	0	0	0	0	0	0	0	0	0	0	0	0	0	0	0	0	0	0	0	0	0.206	0	0	0.206	0	0	0	0	0	0	0	0	0.412	0	0.206	0.206	0	0	0	0	0.206	0	0	0	0.412	1.038	0.61	0	0	0	0	0	0	0	0	0	0	0	0	0	0	0	0	0	0	0	0	0	0	0	0	0	0	0	0	0	0	0	0	0	0	0	0	0	0	0	0	0	0	0	0	0	0	0	0	0	0	0	0	0	0	0	0.206	0	0	0	0	0	0	0	0	0	0	0	0	0	0	0	0	0	0	0	0	0	0	0	0	0	0	0	0	0	0	0	0	0	0	0	0	0	0.618	0.412	0.412	0	0	4.944	2.06	0	0	0	0	0	0	0	0	0	0	0.206	0	0	0	0	0	0	0	0	0	0	0	50:60,31.72:200,50:80
Oxr1-NM_001130163	0	0	0	0	0	0	0	0	0	0	0	0	0	0	0	0	0	0	0.206	0	0	0	0	0	0	0	0.206	0	0	0	0	0	0	0	0	0	0	0	0	0	0	0	0	0	0	0.412	0	0	0	11.33	7.004	0	0.206	0	0	0	0	0.206	1.236	1.03	3.09	17.922	0.206	0.618	1.236	1.442	0.824	2.472	1.648	0.412	1.854	0.412	1.854	4.532	1.854	1.648	2.266	1.236	1.03	1.03	2.266	1.03	1.854	1.442	0.618	0.824	0.824	3.708	2.678	1.236	2.472	0.412	1.442	1.03	2.678	5.974	1.236	0.412	1.442	1.648	2.884	0.618	0.824	3.09	3.296	0.412	1.648	0	0	0	0.618	0.206	1.03	0	0	0	0	0	0	0	0.618	0	1.648	6.18	3.502	1.854	2.884	3.708	3.502	7.004	3.502	1.442	1.854	3.914	3.09	1.854	2.266	2.678	3.502	2.884	3.502	5.768	1.648	2.678	0.824	3.296	3.296	3.09	0	4.12	3.708	2.472	1.236	2.678	2.266	1.236	3.09	3.914	1.03	1.545	7.725	2.472	2.472	0.412	2.884	5.356	4.12	5.15	8.24	3.502	6.386	2.472	1.914	7.768	4.944	9.27	1.236	2.266	1.264	4.092	2.884	0.412	1.03	2.472	2.884	1.648	2.266	4.326	0	0	0	0	0	0.206	1.648	0.824	4.12	6.386	1.854	3.296	3.09	4.415	1.971	0.824	0.824	3.09	6.18	3.914	3.09	1.854	1.854	3.708	4.944	3.914	1.442	5.562	2.266	3.296	1.648	4.12	2.266	4.12	1.648	2.678	1.648	2.266	5.562	1.854	3.914	2.06	2.884	3.09	0.618	2.472	2.472	1.03	2.678	1.312	2.808	0.412	2.472	1.854	6.18	1.236	0.206	1.442	0.412	2.472	2.407	4.391	1.854	2.546	2.192	2.472	1.03	2.678	3.708	3.708	0.618	2.266	0.824	0.618	0.206	1.236	0.618	2.06	0.206	0	0	0.824	1.03	0.618	0	0.824	0.206	0.206	0	0	0.206	0	0.412	0.618	0	0	0.206	0	0.206	0	0	0.206	0	1.442	0.412	0	0.206	1.03	0.206	0	0.206	0.824	1.236	0.412	0.412	0.618	0.412	1.442	0.824	1.03	0.206	0.412	0.618	0.824	0	1.236	0.412	1.854	1.648	0.206	0	0.618	1.03	0	0.412	0.618	1.442	0.206	1.03	0	0	0.206	0.618	0	0	0	0	0.412	0.206	0.412	0.412	0.206	50:60,357.665:200,50:80
Pan2-NM_001358822	0	0	0	0	0	0	0	0	0	0	0	0	0	0	0	0	0	0.206	0	0	0	0	0	0	0	0.206	0	0	0	0	0	0	0	0	0	0	0	0	0.206	0	0	0	0	0.206	0.412	1.03	0.206	0	0.206	0	0	0.206	0.206	0.206	0	0.412	0	0	0	1.648	49.853	0.618	0.824	14.313	51.814	7.622	2.06	0.412	0.618	1.236	0	0.824	0.824	0	0.824	0.412	0.206	0	0	0	0	0	0.412	0	0	0	0.206	0	0.206	0.618	0.412	0.412	0	1.442	0.206	0.206	0.915	0.733	0.206	0	0.824	1.442	0	2.266	2.472	0.824	0.824	1.648	0.206	0	0.206	0	0.206	1.03	1.442	2.266	3.881	3.741	0.412	1.648	1.03	3.296	0	1.236	0.618	0.206	0.412	0	1.236	0.412	0.618	1.236	1.236	1.648	3.09	0.618	1.236	1.03	0.511	1.137	0.412	0.206	0.206	0.618	0.618	1.03	0.824	1.145	1.945	1.648	4.532	1.442	1.03	1.236	0	0	0.206	0.206	0	0	0.206	0.206	0	0	0	0.206	0	0.618	0.412	0.412	1.648	1.442	0.206	0	1.03	0.824	0.618	0	0	0	0	0	0.824	0.618	0.618	1.03	0.618	0.206	0.824	0.618	1.03	1.442	2.884	2.077	0.19	1.03	0	0.412	1.236	2.472	0.206	0.206	0.206	0	0	0.206	1.442	0.206	2.06	0.618	0.824	1.236	0.412	1.03	1.236	1.03	1.854	0.618	0	1.483	1.813	0.206	0.527	1.739	0.618	0.412	2.678	0.618	1.236	0.206	0.412	0.618	1.442	0	0.412	0.206	0.206	0	0.618	0.412	1.236	0.206	0	0.618	0.618	0.206	1.648	0.412	1.03	1.648	1.03	0.618	0.824	1.03	0.618	0.206	1.442	2.884	1.442	0	1.854	1.236	0.412	0	0	0.824	7.416	0.618	0.412	1.03	0.618	0.824	1.648	0.824	0.824	1.236	4.532	0.206	0	0.618	4.12	0.206	3.296	37.287	13.596	29.665	8.858	10.094	16.48	3.502	4.12	3.502	1.236	0.412	1.236	0.206	0	0	0.206	0.412	0.206	0.206	0	0.206	0.412	0.206	0.824	0.618	0.412	0	0.206	0	0	0.206	0.412	0.206	0.618	0.206	0	0	0	0	0	0.824	0.412	0	0	0.412	0	0.412	0	0	0	0	0	0	0	0.206	0.206	1.442	50:60,90.12:200,50:80
Pax2-NM_001368748	0	0	0	0	0	0	0	0	0	0	0	0	0	0	0	0	0	0	0	0	0	0	0	0	0	0	0	0	0	0	0	0	0	0	0	0	0	0	0	0	0	0	0	0	0	0	0	0	0	0	0	0	0	0	0	0	0	0	0	0	0	0	0	0	0	0	0	0	0	0	0	0.206	0	0	0	0	0	0	0	0	0.206	0	0	0.206	0	0	0	0	0	0	0	0	0	0	0	0	0	0.206	0.618	0	0	0	0	0	0.206	0	0	0	0	0.206	0	0	0	0	0	0	0	0	0	0	0	0.206	0	0	0	0	0	0	0	0	0	0	0	0	0	0	0	0	0.206	0	0	0	0	0	0	0	0	0	0	0	0	0.412	0	0	0	0	0	0	0	0	0	0	0	0	0	0.206	0	0	0	0.206	0	0	0.206	0	0	0	0	0.206	0	0	0	0	0	0	0	0	0	0	0.824	0	0	0.412	0	0	0	0	0	0	0.206	0	0	0	0	0	0	0	0	0	0	0	0	0	0	0	0	0	0	0	0	0	0	0	0	0	0	0	0	0	0.206	0	0	0	0	0	0	0	0	0	0	0	0	0	0	0	0	0	0	0	0	0	0	0	0.206	0.206	0	1.236	0.206	0.618	0.206	0.206	0	0	0	0	0	0	0	0	0	0	0	0	0	0	0	0	0	0	0	0	0	0	0	0	0	0	0	0	0	0	0	0	0	0	0	0	0	0	0	0	0	0	0	0	0	0	0	0	0	0	0	0	0	0	0	0	0	0	0	0	0	0	0	0	0	0	0	0	0	0	0	0	0	0	0	0	0	0	0	0	50:60,406.82:200,50:80
Pax6-NM_001310146	0.412	0	0	0	0	0	0	0.206	0.618	0.412	1.03	0	0	0	0	0	0	0.618	0	0	0.206	0	0	0	0	1.648	0.206	0.412	0.206	0.824	0	0.412	0	0	0.206	0.206	0.412	0	0	0	0.206	0	0	0.206	0	0.206	0	0	0	0	0	0.206	0	0	0.206	0.206	0.206	0	0.206	0	0	0.824	0	0	0.206	0	0.824	0	0.206	0.412	0	0.206	0.206	0	0	0	0	0	0	0.206	0.206	0	0	0	0	0	0	0	0	0	0.206	0	0	0.412	0.206	0	0.206	0	0	0.206	0.206	0	0.412	0	0.206	1.648	0	0	0	0	0	0.206	0	0	0.206	0.206	0.412	0.206	0.206	0	0	0	0	0.206	0.206	0.824	1.648	1.03	1.236	0.206	0	0.618	0	0	0	0.206	0.412	0.206	0	0	0.618	0.206	0	0	0	1.03	0.412	0.206	0	0.618	0.206	0.206	0	0.206	0.824	0.206	0	0	0	0	0.412	0.206	0.206	0.412	1.03	0	0.206	0.206	0	0.7	0.742	0	0.618	0	2.678	2.678	0.412	0.206	0.206	0.206	1.236	0	0	0	0.618	0	0	0	0.206	0.618	0	0.206	0.206	0	0.618	0	0	0.824	0.206	0	0	0.206	0	0	0	0.206	0	0	0	0.206	0.206	0	0	0.206	0	0	0	0.206	0	0.412	0	0	0.206	0	0.412	0	0.206	0.206	0	0	0	0	0	0	0	0.206	0.618	0	0	0	0.206	0	0.206	0.206	0.206	0	0	0	0	0.206	0	0.412	0.618	0.206	0.206	0	0.206	0.206	0.206	0.412	0	0.206	0	0.206	0	0	0	0	0	0.412	0	0	0	0	0	0.412	0	0.412	0	0	0	0.206	0.412	0.206	0	0	0.618	0	0	0	0.206	0.618	0	0.206	0	0	0	0.206	0	0	0.206	0.412	0	0.206	0	0.412	0.206	0	0	0	0	0	0	0	0	0	0	0	0	0	0.206	0	0	0	0	0	0.206	0	0	0	0	0.412	0.412	0.206	0	0	0	0	0	0	50:60,79.74:200,50:80
Pbx4-NM_001024954	0.618	1.236	1.442	0.618	1.442	0.824	2.678	0	0.618	0.412	0	0.412	0.412	0.206	0.206	0.206	0.206	0.618	0.412	0.412	0.412	0	1.03	0.618	0.824	0.412	1.854	0.618	0	0.206	0.206	0.206	0	0	0	1.03	1.03	2.06	1.442	0.618	0.412	1.442	0.206	0.412	0.618	0.412	0.412	0	0	0.206	0.824	0.412	0	0	0	0.206	0	0.618	1.236	0.824	1.854	0.824	0.824	0.412	0	0	0.206	0.206	0.412	0.206	0.206	0.412	0	0	0.824	0.206	0	0.618	1.03	0.824	0.824	0	0.824	0.618	0.824	0.824	1.648	0.206	0.206	0.206	0.824	0.824	1.236	1.03	1.442	0.206	0	0	1.03	1.236	1.236	0.618	2.266	0.243	1.199	1.03	2.516	5.106	3.914	2.884	2.06	2.884	1.236	1.648	0	2.06	2.472	1.03	0.412	1.648	2.678	0.824	1.854	2.06	0.412	1.854	0	0	0.618	1.854	0.412	0.618	1.236	0.412	0.618	0.824	0.206	0.618	2.06	0	1.236	1.442	0.824	3.502	4.326	1.854	0.412	1.03	0.412	0.824	0.618	2.06	1.03	0.412	0.412	0.412	0	0.206	0.412	1.236	1.854	2.678	1.648	0	2.06	0	0.206	0.412	0.618	0	0	1.03	2.884	0.824	1.648	1.03	1.03	0.618	2.06	1.442	0.206	0	0.206	0.618	0.412	0.206	0.618	0.412	3.296	1.03	1.854	0.618	0.618	0.618	0.412	0.412	0	0.824	0.206	0	0	0	0	0.618	0.824	0.412	0	0	0.206	0.618	3.296	0.206	0.412	0	0.618	0.618	0.412	0.206	0.206	0.206	0.824	0.206	1.03	0.824	0	0.618	0.412	0.412	1.03	0	0.412	0.206	0	0	0	0.206	1.648	0.618	0.412	0.412	0.206	1.854	0.618	0.206	0	0	0.206	0.824	0	0.206	1.03	0.618	1.442	1.236	1.03	0.618	0.412	1.236	0.824	2.266	0.618	0.618	1.648	0.618	0.206	0	0	0.412	0.618	1.03	0.206	0.618	0.206	0.206	0	0	0	0.618	1.236	1.648	1.03	0	0	0	0	0.206	0.206	0.206	0.618	0.412	0.824	0.412	0	0	0	0.206	0.618	0.412	0.618	0	0.206	0.618	0.412	1.03	0.412	0.618	0.206	0.206	0.824	0.206	0.206	0	0	0	1.03	0	1.236	1.03	0.618	0.618	0	0	0	0.824	0	0	0.206	0	0.824	0.618	0	0.412	0.206	0.824	0.206	0	0	0.206	0	0.206	50:60,198.345:200,50:80
Pcdh9-NM_001346722	0	0	0	0	0	0	0	0	0	0	0	0	0	0	0	0	0	0	0	0	0	0	0	0	0	0	0	0	0	0	0	0	0	0	0	0	0	0	0	0	0	0	0	0	0	0	0	0	0	0	0	0	0	0	0	0	0	0	0	0.412	14.42	0.824	0.206	0	0	0.206	0.412	0.206	0.206	0.206	0	0.206	0.412	0.618	0.412	0.412	0.206	0.206	0.618	0.206	0	0.618	0.206	0.412	0.206	0	0	0.412	0.206	0.206	0	0	0.206	0.206	0.206	0	0.412	0	0.206	0.206	0	0.206	0.412	0.412	0	0.412	0	0	0.206	0	0	0.412	0	0	0.206	0	0.206	0.618	0.206	0.412	0	0	0.206	0	0	0	0	0.412	0.412	0	0.206	0	0.206	0.206	0	0.206	0	0	0.618	0	0	0.412	0	0.206	0	0	0.206	0.206	0	0	0	0	0	0.206	0	0	0	0	0	0	0	0.206	0	0.412	0	0	0	0	0	0	0	0	0	0	0	0	0	0.206	0	0	0	0	0.206	0	0	0	0.206	0.206	0.206	0.206	0	0.206	0	0.412	0	0	0	0.206	0	0	0	0.206	0	0	0	0.206	0	0	0	0.206	0	0	0	5.15	0	3.09	0	0.206	0	0	0	0.206	0	0	0	0	0	0	0	0.412	0	0	0	0.206	0	0	0	0	0	0	0.206	0.206	0	0.206	0	0	0	0.412	0	0.206	0	0.206	0.412	0	0	0	0	0.206	0	0	0	0	0	0	0	0	0	0	0	0	0	0	0	0	0	0	0	0	0	0	0	0	0	0	0	0	0	0	0	0	0	0	0	0	0	0	0	0	0	0	0	0	0	0	0	0	0	0	0	0	0	0	0	0	0	0	0	0	0	0	0	0	0	0	0	0	0	0	0	0	0	0	0	0	0	0	0	0	0	0	50:60,4384.9:200,50:80
Pcdhgb1-NM_033574	0.412	1.03	0.618	0	0.206	0.618	0.206	0	0	0.412	0.206	0	0	0	0	0.206	0	0	0	0	0	0	0	0	0.206	0	0.618	0.206	0.206	0	0.412	0.206	0.618	0.412	0.206	0	0.206	0	0	0	0	0	0.206	0	0.412	0	0	0	0	0.206	0	0	0.206	0	0	0	0	0.206	0.412	0.618	16.274	4.12	0.206	4.12	1.648	2.26	9.894	5.356	2.06	1.442	3.914	3.708	4.944	2.472	1.03	1.236	0.618	2.06	8.034	2.884	3.914	2.266	1.236	0.206	0.824	0.412	0.412	0.824	0.206	1.854	2.472	2.06	2.06	2.678	2.884	1.03	1.648	1.03	0.824	7.828	1.854	0.824	11.742	3.09	2.06	0.824	1.442	1.236	1.648	9.27	3.502	5.15	1.442	2.266	2.06	1.236	12.772	1.442	6.592	2.266	2.884	4.738	8.24	7.21	10.3	3.914	3.502	3.502	1.854	2.74	8.796	4.326	3.502	5.768	4.944	1.442	3.502	4.944	1.854	4.326	1.236	1.648	9.888	2.678	5.562	6.798	1.03	2.06	2.472	8.446	1.854	4.532	3.09	18.334	10.506	6.18	4.532	5.356	0.618	1.648	8.034	2.884	2.472	1.442	2.06	3.296	8.858	3.296	5.15	12.36	2.266	0.824	5.356	5.445	6.092	2.266	3.09	2.266	2.472	5.974	10.094	3.708	1.648	9.476	2.472	2.472	7.622	2.06	0.824	4.12	1.648	5.974	1.648	2.06	3.296	8.858	1.854	2.884	0.824	9.064	1.648	0.618	0.824	2.884	1.442	1.236	1.442	1.648	2.678	4.738	3.708	4.738	2.678	4.944	6.18	10.094	52.164	20.968	6.386	11.33	7.004	4.738	7.004	3.296	0.206	5.356	10.3	15.038	9.27	6.18	12.36	12.36	24.309	14.832	7.622	15.244	24.927	12.772	22.455	31.313	8.034	7.004	5.562	2.266	3.502	3.296	3.296	4.738	10.3	7.622	3.708	4.326	7.416	6.592	4.738	2.06	2.678	8.448	13.594	23.279	1.03	2.472	1.236	0.618	2.266	3.914	0.206	0	0.412	0.206	1.03	0.206	0.206	0.412	0.412	0.412	1.236	0	1.03	0.618	0.618	0.206	0	0.206	0	0.412	0	0.206	0.412	0.206	0	0	0	0	0	0	0	0	0	0	0	0	0	0	0.618	0	0	0	0	0.412	0	0	0	0	0	0.206	0	0	0	0	0	0	0.206	0	0	0	0	0	0	0	0	0	0	0	0	0	0	0	0.206	0	50:60,807.995:200,50:80
Pclo-NM_011995	0	0	0	0	0	0	0	0	0	0	0	0	0	0	0	0	0	0	0	0	0	0	0	0	0	0	0	0	0	0	0	0	0	0	0	0	0	0	0	0	0	0	0	0	0	0	0	0	0	0.206	0	0	0	0	0	0	0.206	0.206	0.206	0	3.296	0.412	0.824	0.412	1.854	0.824	0	1.442	1.236	0.412	1.236	0.618	0.206	0.206	0.618	1.648	1.236	0.618	0	0	0	0.412	0.206	0	1.236	1.236	0.206	1.442	0.534	0.702	0.824	0.206	0.412	0.618	1.236	1.03	0.412	0.412	0.618	0.824	0	0.618	0	0	0.206	0	0.618	1.03	0.618	0.412	0.412	0.206	0.618	1.03	0.824	0	0	0.206	0.824	1.03	0.206	0.618	0.618	0.618	0.206	0	1.03	0.206	0	0	0.824	0	0.618	0	0.412	0.206	0.206	0.824	0.206	0.206	0.824	0	0	0	1.442	0	0	0.206	1.03	0	0	0	0.206	0.618	1.648	2.266	1.854	0.206	0.206	0.206	0	0.412	0	0.412	0.412	0.618	0.206	0.412	0.412	0.412	0.206	0.206	0.206	0	1.236	0	0.824	0	0.412	0.618	0.206	0	0	0.412	0	0.206	0.618	0.824	0.206	0.206	0	0.206	0.206	0	0	0.206	0.206	0.412	0.206	0.618	0.618	0.618	0.412	0.206	1.236	0.206	0.412	0	0.206	0	0.206	0.206	0.412	0.206	0.206	0.206	0.412	0.206	0.412	0.206	0.618	0	0	0.206	0	0.824	0.206	0.206	0.206	0	0	0	0	0	0	0	0	0	0	0.206	0	0	0	0	0	0	0	0	0	0	0	0	0	0	0	0	0	0	0	0	0	0	0	0	0	0	0	0	0	0	0	0	0	0	0	0	0	0	0	0	0	0	0	0	0	0	0	0	0	0	0	0	0	0	0	0	0	0	0	0	0	0	0	0	0	0	0	0	0	0	0	0	0	0	0	0	0	0.206	0	0	0	0	0	0	0.206	0	0	0	0	0	0	0	0	0	0	0	0	0	0	0	50:60,1742.71:200,50:80
Pdcd6-NM_011051	0.206	0	0.206	0	0.412	0.824	0.412	0.824	2.266	1.854	1.648	0.618	1.236	0.206	0.412	0.206	0.618	1.648	2.266	0.206	0.412	2.06	1.03	0.412	0.412	0.618	0.206	1.648	0.824	4.326	2.678	3.914	1.236	3.09	0.412	4.738	0.618	0.618	0.206	1.03	3.296	1.442	0.412	1.03	2.678	1.236	4.12	0.206	1.442	0.412	2.06	2.266	1.854	0.412	1.03	2.678	1.03	0.618	0.412	0	3.502	9.064	0.824	0.206	0.412	1.442	0.412	0.824	0.206	0.412	0.206	0.618	0.206	0.206	0	0.412	0.618	0	0.206	0.824	0	0	0	0	0	0	0.206	0.206	0	0.206	0.412	0.412	0.824	0.412	0.834	0.402	0.412	0	0	0.206	0.206	0	1.03	1.648	1.236	0.618	0	0	0	0	0	0	0	0	0.618	1.236	0.618	1.442	0	0	0.206	0.824	2.06	0.412	0.618	0.412	0	0	0.824	1.442	0.618	0.206	0	0	0.206	0	0.618	0.412	0	0.206	1.03	0.206	0	0	0.618	0.618	0.618	0.412	0.138	0.274	0.618	0.412	0.618	1.03	0	0.206	0	0.206	2.06	1.442	0	0.412	0.206	0.206	2.472	2.097	1.611	0.412	0	0	0.068	1.786	0.618	0.824	1.03	0.412	0	0.412	0.412	1.442	0.412	0	0.618	0.618	1.236	1.854	2.021	1.275	1.236	0.824	1.854	0	0.618	0	0	0.206	1.03	1.03	0.412	0.412	0.206	0.412	0.266	0.558	1.236	0	0.206	0.412	0.206	1.442	0	0.206	0.618	0.206	0.618	1.236	1.648	0.206	0.412	0	0	0.206	0	0	1.648	1.442	1.854	0.206	0.22	0.398	0.206	0	0.824	0	0.824	1.648	1.03	1.648	1.648	0.412	1.648	0.618	1.854	2.678	1.648	0	0.206	0.206	1.854	2.884	2.266	0.412	0.206	0.824	0.412	0.824	0	0.412	0.618	0.206	0.618	4.326	2.266	1.648	1.236	0.824	1.648	3.296	1.236	0	0.206	0	0.618	0.412	0.206	0.206	0.618	0.412	0.206	0	0.206	0.618	0.824	1.442	0.618	0	0	0	0.618	0.618	0.824	0.412	0	0.206	0	0.824	0.618	1.236	0.412	0	0	0	0	0	0.206	0	0	0.206	0	0.412	0.824	0.412	0	0	0	0	0	0	0	0	0	0	0	0	0	0	0	0	0	0	0	0	0	0	0	0	0	0	0.206	0	50:60,71.03:200,50:80
Pfkfb3-NM_001177753	0.206	0	0	0	0	0	0	0	0	0	1.03	0.412	0.206	0	0	0.206	0	0	0	0	0	0	0	0	0	0	0	0	0.206	0.206	0	0.824	0	0	0	0.206	0	1.03	1.442	1.442	0	0	0	0.206	0	0	0	0.206	0.206	0	0	0	0	0	0	0.206	0	0	0	2.266	138.229	0.618	1.236	0.206	1.648	1.648	1.03	0.412	0	0.618	0	0	0.412	0.824	0	0	0.206	0.206	0.206	0.206	0	0.206	0.618	1.236	0.206	0.206	0.824	0.412	0.206	1.236	1.854	1.236	0.824	2.472	1.236	0	1.03	0.206	2.472	3.502	1.03	0.412	1.236	0.824	1.236	1.854	1.854	0.618	0.206	1.236	3.296	1.442	1.854	1.03	0	0.618	0.206	0.824	0.824	1.442	1.442	0.206	0.618	1.03	1.03	0.618	1.03	0.824	0.206	1.03	0.618	0.618	0	0.412	0.618	0.824	0.824	1.936	1.154	1.236	0	0.824	2.266	0.412	1.854	1.03	1.854	1.854	2.41	1.092	0.412	1.03	1.03	0.206	1.236	0.989	2.101	0.412	3.09	0.206	1.03	1.236	2.06	1.03	0.206	1.854	0	5.562	0.618	0.618	1.442	2.678	4.12	5.562	8.652	2.884	1.442	2.472	2.06	3.09	2.266	5.974	3.708	1.236	0.206	2.678	3.09	1.648	2.06	1.854	0.206	1.854	0	0.824	1.442	1.03	1.03	1.236	1.442	3.708	0.412	0.618	0.412	3.09	1.236	0.206	0.824	0.618	2.266	4.944	0.618	4.326	2.06	0.824	0.206	2.06	0.412	2.06	0	1.442	3.09	0.412	1.03	2.06	1.236	1.854	0.824	0.412	1.03	1.442	1.03	0.618	2.678	3.914	0.824	1.03	3.296	3.502	1.648	0.618	1.03	1.648	3.914	0.824	3.914	0.206	0.824	1.648	0.618	0.412	3.914	2.884	2.06	1.854	1.03	1.648	1.854	1.648	0.824	1.648	0.206	0	0	0.206	0.206	0	0.206	1.442	0.412	0	0.206	1.854	0	1.03	0.206	0.618	0.206	0	0	0.206	0.206	0.206	0.618	1.03	1.648	3.708	1.442	0.206	0.412	1.442	1.442	0.824	2.266	0.824	1.03	0.618	0.412	0.412	0	0	0.206	0	0.206	0.206	0.206	0	0	0.206	0.412	1.03	0.412	0.412	0.206	0	0	0	0	0	0	0	0	0	0	0	0	0	0	0	0	0	0	0	0	0	0	0	0	0	0	0	50:60,153.3:200,50:80
Phkb-NM_001364411	0	0	0	0	0	0	0	0	0	0	0	0	0	0	0	0	0	0	0	0	0	0	0	0	0	0	0	0	0	0	0	0	0	0	0	0	0	0	0	0.206	0.206	0	0	0.206	0	0.206	1.442	0.824	0	0	0.206	1.236	0	0	0	0	0	0.618	0.206	1.442	102.591	0.824	0.824	1.03	1.854	2.678	5.15	6.18	8.652	2.884	4.532	15.45	35.227	7.21	3.708	3.708	5.562	4.532	5.768	5.15	4.944	2.266	5.974	3.708	4.532	4.326	3.296	3.09	10.506	8.034	3.09	3.708	6.386	2.884	3.502	3.708	3.914	5.562	5.356	0.824	7.828	0	0.206	0.412	0	2.266	7.828	7.622	5.562	2.266	3.296	2.678	1.648	1.03	5.974	2.06	1.442	0.824	3.708	3.708	1.854	6.18	5.356	3.502	5.768	5.768	0.412	0	0	0	0	0	5.562	4.532	4.12	4.738	10.918	8.24	3.296	3.914	3.296	1.03	0	3.296	6.386	8.652	8.034	4.944	10.918	8.858	5.356	5.768	7.004	9.064	13.802	8.446	6.18	2.678	0	0	0	0	0	1.442	7.416	3.296	5.15	3.502	3.708	6.798	7.004	5.974	2.884	3.296	1.236	2.678	3.332	7.998	6.386	5.562	2.266	5.15	2.472	2.472	3.296	0	0	0	0	4.944	3.708	0.824	1.648	1.648	0.618	1.236	2.266	4.12	2.884	5.15	4.326	1.236	3.502	5.768	4.326	0.824	4.326	2.06	0.824	3.708	4.228	2.364	5.768	4.738	1.442	4.326	5.15	5.562	3.296	5.15	4.326	2.266	2.678	2.06	7.416	3.09	9.064	3.296	3.708	3.708	2.884	2.472	2.884	3.296	5.562	7.828	5.356	11.33	2.678	4.532	9.476	3.708	4.738	4.12	5.562	4.532	2.884	1.03	4.326	3.296	2.472	4.944	3.296	2.678	0	5.356	2.06	8.858	9.476	3.914	0.206	0.206	0	0	0.206	0.206	0	0.412	0	0	0	1.03	0	0.206	0.206	0.824	1.648	0.618	0.206	0.412	0	0.412	1.442	0.206	0.618	0.618	0.412	0	0	0	0.412	0.412	0.206	0.206	0.824	0.618	1.442	0.412	0.206	0.206	0.412	1.442	1.442	0.206	0.412	0.412	0	1.442	0.618	0.206	0	0.206	0.206	0.206	0	0.206	0	0.412	0.412	0	0.618	0	0.618	0	0	0	0	0	2.266	0	0	0.206	0.412	1.442	1.03	2.266	0.824	0	0.206	0.618	50:60,1098.275:200,50:80
Phkg1-NR_145486	1.03	4.532	9.888	0.412	1.03	0.206	1.03	1.03	1.236	2.266	3.296	4.12	3.914	0	0	0.824	0.206	0.206	4.12	1.03	0.412	0.412	0	1.854	0.824	1.03	3.09	1.236	0.412	0.206	0.824	0	1.442	0	0	0	0.618	3.502	1.854	0	0	0	0.618	0.206	0.206	0.412	2.06	1.236	0.618	0.824	0.206	1.03	0	0	0.618	0	0	0.618	0.206	0.206	0	0.206	0.412	0.206	0.206	0.824	0	0	0	0	0	0.206	0	0.412	0	0	0.206	0.206	0	0	0	0	0	0.206	0	0	0	0	0	0	0	0.206	0	0	0	0	0	0	0	0	0	0	0.206	0.206	0	0.206	0	0	0.412	0.824	0	0.206	0	0	0	0	0	0	0	0	0	1.03	0.412	3.296	10.918	0.206	0.206	0.206	0.412	0.412	0.412	0	0	0	0	0	0	0	0	0	0.206	0	0	0	0	0	0.206	0	0	0	0	0	0	0	0	0	0	0	0	0	0	0.206	2.266	0	0.206	0	0	0	0	0	0	0.206	0	0	0	0	0	0	0	0	0.206	0.412	0	1.442	0	1.03	0.206	0	0	0	0	0	0	0	0	0	0	0	0	0	0	0	0	0.206	0	0.412	0.618	0	0	0	0.824	0	0	0	0	0	0	0.824	1.03	0	0	1.236	0.618	0.412	0.206	0	0.412	1.236	0.412	0.206	0	0	0	0	0.206	0.206	0	0.206	0.412	0.206	0.412	0.206	0.206	0.618	0.005	0.613	0.206	0	0.412	0.412	0.412	0.412	0.206	0.206	0.618	0.618	0	0.206	0	0	0	0.206	0	0.412	0.824	0.206	0	0	0	0	0	0.206	0.824	0.206	0.206	0.412	1.648	0.412	0	0.618	0	0.206	0	0	0	0	0	0	0	0	0	0	0	0	0	0	0	0	0	0	0	0	0	0	0.206	0.206	0	0	0	0	0.206	0	0	0	0	0.412	0	0	0	0	0.412	0	0.206	0	0	0	0	0	0	0	0	0	0	0	0	0	0	0	0	0	50:60,78.265:200,50:80
Pianp-NM_001145926	0	0	0	0	0	0	0	0	0	0	0	0	0	0	0	0	0	0	0	0	0	0	0	0	0	0	0	0	0.412	0.412	0	0	0	0	0.206	0.412	0	0.206	0	0	0	0	0.206	0.206	0.206	0	0	0.206	0	0	0	0	0.618	0	1.03	2.06	0	0	0	0.412	0	0	0	0	0	0.206	0	1.442	2.318	2.215	1.03	0	0.206	0	0	0	0	0	0	0.206	0.206	0	0	0	0	0	0	0.206	0.206	0.103	0.309	0	0	0	1.236	0.247	1.607	0	0	0	0.206	0	0	0	0	0	0	0	0.412	0.412	0.618	0.206	0.206	0.206	0.206	0.412	0.206	0	0	0.206	0	1.009	0.021	0.412	0	0	0	0	0	0	0	0	0	0	0	0	0	0	0.113	0.299	0.206	0	0	1.236	0.206	0	0	0.206	0	0	0.196	0.628	0	0.206	0	0	0.206	0	0	0	0	0	0	0	0	0	0	0	0.206	0	0.206	0.206	0	0	0.206	0.453	0.165	0	0	0.412	0.206	0.618	0.412	0	0	0	0	0	0.206	0	0.412	0	0	0	0	0	0	0	0	0	0	0	0.206	0	0.206	0.412	0.206	0.206	0	0	0	0	0	0	0	0	0	0	0	0	0	0	0	0.412	0	0	0	0	0	0	0	0	0.206	0	0	0	0	0.412	0	0.412	0.412	0.206	0.206	0.206	0	0.206	0	0	0.206	0.103	0.103	0	0.206	0	0	0	0.206	0	0	0	0	0.824	0.206	0.206	0.206	0.412	0.824	0	0.206	0.206	0	0	0.206	0	0	0.618	0.618	0.206	0.206	0.412	0	0.206	0.206	0	0	0	0.412	0	0.206	0	0	0	0	0	0.206	0	0	0.206	0	0	0	0	0.412	0.206	0.412	0.206	0.206	0.412	0.412	0	0	0	0	0.412	0	0.412	0	0	0.206	0.206	0	0.206	0	0	0.206	0	0	0.618	0.206	0	0	0	0	0.412	0	0	0	0	0	0	50:60,22.45:200,50:80
Pifo-NM_029604	0	0	0	0	0	0	0	0	0	0	0	0	0	0	0	0	0	0	0	0	0	0	0	0	0	0	0	0	0	0	0	0	0	0	0	0	0	0	0	0	0	0	0	0	0	0	0	0	0	0	0	0	0	0	0	0	0	0	0.206	0	0	0	0	0	0	0	0	0	0	0	0	0	0	0	0	0	0	0	0	0	0	0	0	0	0	0	0	0	0	0	0	0	0	0	0	0	0	0	0	0	0	0	0	0	0	0	0	0	0	0	0	0	0	0	0	0	0	0	0	0	0	0	0	0	0	0	0	0	0	0	0	0	0	0	0	0	0	0	0	0	0	0	0	0	0	0	0	0	0	0	0	0	0	0	0	0	0	0	0	0	0	0	0	0	0	0	0	0	0	0	0	0	0	0	0	0	0	0	0	0	0	0	0	0	0	0	0	0	0	0	0	0	0	0	0	0	0	0	0	0	0	0	0	0	0	0	0	0	0	0	0	0	0	0	0	0	0	0	0	0	0	0	0	0	0	0	0	0	0	0	0	0	0	0	0	0	0	0	0	0	0	0	0	0	0	0	0	0	0	0	0	0	0	0	0	0	0	0	0	0	0	0	0	0	0	0	0	0	0	0	0	0	0	0	0	0	0	0	0	0	0	0	0	0	0	0	0	0	0	0	0	0	0	0	0	0	0	0	0	0	0	0	0	0	0	0	0	0	0	0	0	0	0	0	0	0	0	0	0	0	0	0	0	0	0	0	0	0	0	0	0	0	0	0	0	0	0	0	0	0	50:60,22.705:200,50:80
Pitx2-NM_011098	0	0	0	0	0	0	0	0	0	0	0	0	0	0	0	0	0	0	0	0	0	0	0	0	0	0	0	0	0	0	0	0	0	0	0	0	0	0	0	0	0	0	0	0	0	0	0	0	0	0	0	0	0	0	0.206	0	0	0	0	0	0	0	0	0	0	0	0	0	0	0	0	0	0	0	0	0	0	0	0	0	0	0	0	0	0	0	0	0	0	0	0	0	0	0	0	0	0	0	0	0	0	0	0	0	0	0.412	0	0	0	0	0	0	0	0	0	0	0	0	0	0	0	0	0	0.206	0	0	0	0	0.412	0	0	0	0	0	0	0	0	0.206	0	0	0	0	0	0	0	0	0	0	0	0	0	0	0	0	0	0	0	0	0	0	0	0	0.206	0	0	0	0	0	0	0	0	0	0	0	0	0	0	0	0	0	0	0	0	0.206	0	0	0	0	0.412	0	0	0	0.412	0	0	0	0	0.206	0	0	0.206	0.014	26.688	12.233	0.824	2.905	29.438	2.884	0.618	0.618	0	1.236	2.266	6.386	3.09	4.12	0.824	0	2.678	2.266	0.618	0	0.412	0.412	0.618	2.266	0.824	0.412	0	0	3.296	1.648	0.824	0.206	1.442	0.412	1.03	1.854	1.236	18.128	7.21	1.745	35.954	4.944	1.442	1.442	1.648	0.412	1.236	1.236	1.03	0.824	2.06	2.266	0.412	0.824	0.206	1.03	1.648	1.03	0	0	0	0	0	0.206	0	0	0	0	0.206	0.618	2.266	0	0.412	0.412	0	0.412	0.206	0	0.412	0	0	1.442	0.824	1.03	0.824	0	0	0.412	0.824	1.236	0.618	0.618	1.648	0.412	0.206	0.206	0.824	3.09	0	0.412	1.236	1.236	0	0	0	0	0.618	0.412	0	0.412	0.412	0	0	0	0	0	0	0	0.618	0.618	0.618	1.03	0.618	2.266	0.824	0	0	0.206	0	0	0.412	0.206	0.206	0	0	0.206	0	0.206	50:60,98.585:200,50:80
Plch2-NM_001113360	0	0.206	0.412	0	0	0	0.206	0	0	0	0	0	0	0	0	0	0	0	0	0	0	0.206	0.206	0.206	0	0	0.206	0.206	0	0	0	0	0	0	0	0	0	0.206	0	0	0	0	0	0	0	0.206	0.206	0	0	0	0	0	0	0	0.206	0	0	0	0	0	0.206	0	0	0	0	0	0.206	0	0	0.206	0	0	0	0.206	0	0	0	0	0	0	0	0	0	0	0	0	0	0	0	0	0	0.206	0	0	0	0	0	0	0	0	0	0	0.206	0.206	0.412	0.206	0.206	0	0	0.206	0	0	0.206	0.206	0.206	0	0	0.824	0	0	0	0	0	0.618	0	0	0.206	0	0	0	0.206	0	1.03	0.618	0	0.412	0.824	0.618	0.412	0.206	0	0.206	0.206	0.206	0.206	0	0.206	0.206	0	0	0	0	0	0	0	0	0	0	0	0	0	0	0.206	0.412	0.206	0	0.206	0	0	0.206	0.206	0.412	0	0	0	0.206	0.412	0	0.206	0	0.824	0	0.206	0	0	0.206	0	0	0	0	0.206	0	0	0.206	0	0	0	0	0	0	0	0	0	0	0.206	0	0.618	0.206	0.206	0	0	0	0.188	0.224	0	0	0	0.206	0.206	0.206	0	0	0	0	0.118	0.088	0	0	0	0	0.206	0.206	0	0	0	0	0	0.824	0.206	0.412	0	0	0.412	0.412	0	0.412	0.206	0	0	0.412	0.412	0	0	0	0.206	3.09	1.305	1.785	1.648	0.824	0.412	0	0.206	0.206	0.206	0	0	0	0.206	0	0	0	0.412	0.412	0.412	1.236	0.824	0	0	0.206	0	0	0.206	0	0.412	0	0.206	1.648	0	0.206	0.618	0.206	0.206	0	0.412	0	0	0	0.206	0.206	0.206	0.206	0	0	0	0	0.206	0.206	0	0	0	0	0	0	0	0	0	0	0	0	0	0	0	0	0	0	0	0	0	0	0	0	0	0	0	0	0.206	0	0	0	50:60,139.555:200,50:80
Plod2-NM_011961	0	0	0	0	0	0	0	0	0.206	0	0	0	0	0	0	0	0	0	0	0	0.206	0.206	0	0	0	0	0	0	0	0	0	0	0	0	0	0	0	0	0	0	0	0	0	0	0	0	0	0	0	0	0	0	0	0	0	0.206	0	0	0	0	58.099	7.617	1.236	0.618	0.824	0	2.06	1.277	1.607	0.618	1.648	2.472	2.884	0.824	1.442	1.648	1.854	1.854	3.914	6.592	6.592	5.356	1.442	3.502	1.648	5.562	4.326	0.824	4.738	2.678	4.532	1.442	6.18	6.18	3.27	1.056	7.416	2.06	0.613	2.477	6.386	9.476	3.93	7.009	1.833	4.532	2.06	2.06	11.124	3.502	4.326	7.416	8.24	6.386	5.974	4.985	12.319	7.21	1.854	1.648	4.846	10.81	7.947	10.8	8.034	8.652	3.296	9.888	8.034	3.296	8.24	11.907	5.397	8.446	10.094	2.266	2.472	5.356	1.03	3.914	3.502	3.914	4.12	3.502	0.824	2.884	9.27	3.09	6.386	5.562	1.854	2.884	3.914	10.094	9.682	0.824	2.266	2.565	4.439	3.914	0.206	2.06	6.18	5.562	8.163	7.287	5.15	6.18	1.442	3.914	2.266	0.618	4.532	9.682	4.506	4.146	2.472	7.828	5.356	1.854	0	0	0.618	4.738	4.944	4.326	2.06	17.716	7.004	16.068	11.124	19.364	13.184	6.664	3.224	11.742	2.884	3.687	17.737	2.884	4.326	1.854	16.068	2.472	4.738	8.652	9.27	7.416	13.596	8.446	4.12	2.472	2.884	2.472	5.15	23.897	11.33	1.648	5.974	6.592	4.12	5.562	7.416	5.15	7.416	4.532	5.768	4.738	6.18	1.854	5.356	10.712	3.09	6.592	5.356	7.21	2.678	7.416	2.06	8.858	4.532	19.591	6.778	7.622	4.12	10.022	18.201	3.09	2.472	9.682	7.622	11.33	12.36	10.3	8.858	11.124	16.068	7.828	4.532	4.944	2.472	0	0.412	0.618	5.15	8.24	1.236	0.824	1.854	2.884	0.824	1.03	1.854	1.648	8.446	10.094	0.206	0.618	1.03	0	0.206	3.502	0.412	0.618	0.206	0.824	1.236	0.824	2.884	2.884	1.442	0.824	0.412	2.678	1.854	1.648	3.502	5.974	7.004	0.412	0.824	0	0.206	0	1.442	3.09	0.618	3.914	2.472	0.206	1.442	1.236	0.412	0.412	1.236	1.03	0	1.03	0.206	0.206	0.618	0.824	1.03	1.236	0.824	0.618	2.06	1.03	0	0.618	0.206	0.618	1.03	3.502	0.618	1.648	0.824	1.03	2.678	0.618	50:60,331.025:200,50:80
Pls3-NM_145629	0	0	0	0	0	0	0	0	0	0	0	0	0	0	0	0	0	0	0	0	0	0	0	0	0	0	0	0	0	0	0	0	0	0	0	0	0	0.206	0	0	0	0	0	0	0	0	0	0.206	2.472	38.317	5.974	0.618	0.618	0.412	0.206	0.412	0	0	0	0.206	1.648	0.412	0.412	0	0.206	0	0.206	1.03	0.412	0.206	2.678	0.412	1.442	1.03	2.266	0	1.648	0.824	1.442	0.412	1.03	2.06	2.884	0.412	1.648	0.824	0.206	0.618	2.678	2.884	1.236	1.236	0.824	2.678	0.824	1.442	1.236	1.03	0.824	3.296	2.266	0	1.03	1.442	0.412	0.824	1.03	0.618	1.03	1.442	1.442	1.03	0.618	1.854	3.09	1.648	0.824	2.472	0.824	1.236	1.03	2.266	0.206	2.06	1.236	0.618	1.854	2.472	3.502	1.648	1.236	1.03	0.412	1.03	0.824	2.266	1.648	1.442	0.618	0.618	0.824	1.442	1.236	1.648	1.854	0.412	0	0.824	1.236	1.648	1.854	0.206	1.236	0.618	1.236	2.678	2.884	1.236	0.618	0	0	1.236	4.532	0	0.824	0	2.266	0.824	0.412	0.206	0.824	0.618	0.412	0.206	0.206	0.618	0.618	0.206	0.206	0.412	1.442	1.236	0.824	0.412	0.412	1.236	0	0	0	0	0	1.854	0	0.206	1.442	1.03	1.236	0.824	0.618	0	0.206	0.618	0.412	2.06	0.412	1.442	1.03	0.824	0.206	0.412	0	0.206	0	1.442	0.206	1.648	0.824	0.412	1.442	0	0.412	0.824	0.824	2.06	1.236	0.412	1.03	2.06	0.824	2.884	0.618	1.236	0.412	0	0.206	0.618	1.854	3.09	2.06	0.824	3.502	0.618	1.648	1.648	1.854	0	1.03	1.03	0.206	0.618	2.472	0	1.03	1.854	0	0	0	1.648	1.854	1.03	1.236	0	0.206	0	0	0	0.412	0	0.412	0	0	0	0.206	0.412	0	0.206	0.412	0.206	0	0	0	0	0	0	0.206	0.618	1.236	0.206	0.206	0.824	0.206	0.206	0.206	0	0	0	0	0.206	0	0	0.618	0	0	1.648	0.824	0.412	0	0.412	0	0	0	0	0	0.206	0	0.618	0.412	0	0	0	0	0	0	0	0.206	0	0	0	0	0	0.206	0	0.206	0	0	0	0	0	0	0	50:60,444.605:200,50:80
Plscr3-NM_023564	0.206	0.412	0	0	0	0	0	0	0.618	0	0	0	0.206	0	0.206	0	0	0.618	0	0.206	0	0.206	0.206	0	0	0	0	0	0	0	0	0	0	0	0	0	0.206	0	0.412	0	0.618	0.206	0	0	0	0.206	1.854	0.412	0.824	0	0	0	0.206	0	0	0	0	0	0	0	0.618	0.618	1.236	0.206	0.206	0	0	0	0	0	0.746	6.052	6.164	1.047	0	0	0	0	0	0	0	0	0	0	0	0	0	0.412	0	0	0	0	0.206	0	0	0	0	0	0	0	0	0	0	0	0	0	0	0	0	0	0	0	0	0	0.412	0.206	0	0	0	0	0	0.412	0.047	0.159	0.206	0.206	0.206	0	0	0	0	0	0	0	0	0	0	0.206	0	0	0	0	0.206	0	0	0	0	0	0.206	0.206	0	0	0.206	0	0.206	0.206	0	0	0.206	0	0	0.412	0.206	0	0	0	0.206	0	0.206	0.206	0	0.206	0.206	0.206	0	0.206	0.412	0.412	0	0	0	0	0.412	0.206	0	0.206	0.206	0	0.618	0.206	0	0.148	0.058	0.206	0.206	0	0	0.206	0	0	0	0	0.206	0	0	0.206	0.206	0	0	0.412	0	0.412	0	0.206	1.349	0.299	0.206	0	0.206	0.206	0	0	0	0.618	0	0.206	0	0	0	0.412	0.824	0	0	0	0.412	0	0	0	0	0	0.824	0.206	0.412	1.236	0.206	0.206	0	1.03	0	0.206	0.206	0.206	0.206	0.206	0.608	0.422	0.206	0.206	0	1.236	4.12	6.18	3.914	2.266	0	0.412	0.206	0.206	0	0.206	0	0.206	0.206	1.442	0.618	1.03	0.412	0.618	0.206	0.618	0.618	1.236	1.03	0.206	1.854	0.206	0.206	0.824	1.442	0.206	0.206	0.206	0.618	1.236	0.206	0	1.442	1.03	0.412	2.06	1.442	2.678	0.618	0.618	2.06	0.206	1.236	0.618	0.206	0	0	0.412	0.618	0.206	0.412	0.824	1.03	1.236	0.412	1.854	1.03	0.206	0.824	0.412	0.618	1.236	0.206	0.412	0	0	0.206	1.03	0.412	0.206	0	0	0.824	0.206	0.412	0	50:60,27.21:200,50:80
Pmfbp1-NM_019938	0	0	0	0	0	0	0	0	0	0	0	0	0	0	0	0	0	0	0	0	0	0	0	0	0	0	0	0	0	0	0	0	0	0	0	0	0	0	0	0	0	0	0	0	0	0	0	0	0	0	0	0	0	0	0	0	0	0	0	0	0	0	0	0	0	0	0	0	0	0	0	0	0	0	0	0.206	0	0	0	0	0.206	0	0	0	0	0	0	0	0	0	0	0	0	0	0	0	0	0	0	0	0	0	0	0	0	0	0	0	0	0	0	0	0	0	0	0	0	0	0	0	0	0	0	0	0	0	0	0	0	0	0	0.206	0	0	0	0	0	0	0	0	0	0	0.206	0	0	0	0	0	0	0	0	0	0.206	0	0	0	0	0	0	0	0	0	0	0	0	0	0	0	0	0	0	0	0	0	0	0	0	0	0	0	0	0	0.412	0	0	0	0	0	0	0	0	0	0	0	0	0	0	0	0	0	0	0	0	0	0	0	0	0	0	0	0	0	0	0	0	0.206	0	0	0	0	0	0	0	0	0	0	0	0	0	0	0.206	0.206	0	0	0	0	0.412	0.206	0	0	0	0	0	0	0	0	0	0	0	0	0	0	0	0	0	0	0	0.206	0	0.412	0	0	0	0	0	0	0	0	0	0	0	0.206	0	0	0.206	0	0	0	0	0.206	0	0	0.206	0	0	0	0	0	0	0.206	1.442	0.206	0	0	0	0	0	0	0	0	0.206	0.206	0	0	0	0	0	0	0	0	0	0	0	0	0	0	0	0	0	0	0	0	0	0	0	0	0	0	0	0	0	0	0	0	0	0	0	0	0	0	50:60,243.08:200,50:80
Polg2-NM_001353435	7.416	4.326	3.914	11.33	2.06	0	0	0	0	0	0	0.206	0	0	4.326	0	0	0.412	3.708	12.978	2.884	0	3.09	4.944	3.09	2.472	17.922	2.06	3.914	12.36	10.094	11.536	2.472	1.648	7.416	7.004	1.854	1.442	0.824	10.506	0.206	1.648	2.884	0.206	4.738	1.236	3.914	0.206	2.884	1.03	2.678	5.768	6.18	6.386	12.772	4.532	1.442	1.03	25.957	79.724	1.236	1.875	2.863	1.895	3.049	1.236	0.412	0.618	3.502	0.618	0	0	0.206	1.03	0	0	0	0	0	0	0.206	0.412	0.206	0.412	0	0.618	0.206	0	0	1.236	0	0.206	0.412	0.824	0.206	0	0	0	0	1.442	0.206	0.412	0.206	0.412	0.206	0.206	0	0	0	0	0.412	0.206	0	0	0	0.206	0.412	1.03	0.618	1.03	0.618	0.412	0.031	0.175	1.03	0.412	0.412	0.206	0	0.824	0	0.206	0.412	0.412	0	0.206	0	1.03	2.06	1.03	0.412	0.206	0.618	0	0.412	0.206	0.412	0	0.412	0.618	0.824	0	0	0	0.206	0	0.206	0.618	0.618	0.618	0	0.433	1.04	0.587	0	0.412	0	0.412	0.206	0.618	0.824	0.412	0.412	0.412	1.03	0.824	0	0	0	0.206	0.412	0.206	0	0.412	0	0	0.618	0.412	1.442	0.206	0.206	0	0	0	0	2.472	0.175	0.855	0.206	0	0.618	0.206	0.412	0.412	0.618	0.618	1.514	1.164	0	0	0.937	0.917	0	0	0	1.854	1.03	1.03	0.206	0	0	0	1.648	0.618	0.412	1.442	0.824	0	0	0	0.412	1.236	0.618	1.854	0.412	1.03	0.206	0.824	1.236	0.206	0.412	0.412	0.206	1.648	2.472	0	0	2.884	0	3.09	0	0.618	0	1.03	1.03	0.206	1.174	0.268	0.618	0.618	2.06	4.532	0.412	0.206	0	0	0.206	0.206	0	0.412	2.678	3.09	0.824	0	0	0.206	0.206	0.412	0.412	2.266	0	0.618	0.412	0.206	0	1.442	0.206	0.824	0	0.206	0.206	0.206	0.412	0.412	0.412	0.206	0.618	0.412	1.236	2.266	3.296	0	0	0	0.618	0	0	0	0	0.412	2.06	2.06	2.678	0.618	0.206	2.266	7.622	1.442	0.412	0	0.206	0.206	0.824	1.03	1.03	1.03	1.854	0.824	0.618	0	0.618	1.03	2.06	0.618	6.18	1.03	0.824	1.236	0.824	2.472	50:60,56.05:200,50:80
Pparg-NM_011146	0	0	0	0	0	0	0	0	0	0	0	0	0	0	0	0	0	0	0	0	0	0	0	0	0	0	0	0	0	0	0	0	0	0	0	0	0	0	0	0	0	0	0	0	0	0	0	0	0	0	0	0	0	0	0	0	0	0	0	0	0	0	0	0	0.206	0	0	0	0	0	0	0	0	0	0	0	0	0	0	0	0	0	0	0	0	0	0.206	0	0	0	0.206	0	0	0	0	0	0	0	0	0	0	0	0	0	0	0	0	0	0	0	0	0	0	0	0	0	0	0	0	0	0.206	0	0	0	0	0	0.206	0	0	0	0	0	0	0	0	0	0	0	0	0	0	0	0	0	0	0.206	0	0	0	0	0	0	0	0	0	0	0	0	0	0	0	0	0.206	0	0	0	0	0	0.206	0	0	0.206	0	0	0	0.206	0	0	0	0	0.206	0	0	0	0	0.412	0	0.206	0	0	0.206	0	0	0	0	0	0	0	0.206	0	0	0.206	0	0	0	0	0	0	0	0	0	0	0	0	0	0	0	0	0	0.206	0	0	0	0	0	0	0	0.206	0	0	0.206	0	0	0.412	0	0	0	0	0	0	0.206	0	0	0	0	0	0	0.206	0	0	0.618	0	0	0	0	0	0	0	0	0	0	0	0	0	0	0	0	0	0	0	0	0	0	0	0	0	0	0	0	0	0	0	0	0	0	0	0	0	0	0	0	0	0	0	0	0	0	0	0	0	0	0	0	0	0	0	0	0	0	0	0	0	0	0	0	0	0	0	0	0	0	0	0	0	0	0	0	0	0	0	0	0	0	0	0	0	0	0	0	0	50:60,341.68:200,50:80
Ppp1r8-NM_001355198	0.412	0	0	0	0.206	0	1.442	0	0	1.442	1.03	1.03	0	0.206	0.206	0.206	0	0	0.412	0	0	0	0	0	0.412	0	0	0	0	0	0	0	0	0.412	0	4.326	0.206	0.824	0.412	0.412	1.03	0.206	0	0.412	0	0	0.206	0.824	1.854	1.03	1.648	1.648	0.206	0.206	0.412	0.618	0	0	0.412	117.011	477.862	140.566	6.798	1.236	0	1.03	0.412	0.412	1.03	0.824	0	0.206	0.824	0.824	0.412	0	0.412	0.412	0	0	0.618	0	0.618	0	1.442	0.412	0	0.111	0.507	0.206	0.206	0.824	1.236	2.678	2.884	0.618	0.412	1.854	2.708	1	1.648	0.682	1.172	0	1.236	0.824	1.236	1.03	1.854	0.412	0	0.206	1.648	0.824	1.03	0.412	2.884	0.618	0.412	0.412	3.296	2.678	0.206	1.648	0.824	1.442	0.412	2.06	0	0.824	1.648	3.708	2.06	0.412	2.472	0.412	0.618	0.412	0	0.824	2.06	3.502	4.738	1.648	0.412	0.618	4.238	2.149	1.854	0.206	1.236	1.648	0	0.447	1.201	0.824	0.824	1.854	5.768	3.09	4.852	0.504	0.412	1.854	1.648	1.236	0.412	1.442	0.206	0.824	3.502	1.648	2.31	6.191	2.416	2.472	0.824	0.824	1.442	2.678	1.648	1.442	2.472	4.532	1.236	9.064	2.472	1.648	2.884	8.034	3.09	0.824	1.648	0.618	0.618	0.206	0.206	0.618	1.236	1.854	3.914	12.566	3.502	1.03	2.06	0.412	0	1.648	0	0	2.535	4.263	6.798	0.412	0.52	4.218	3.221	2.753	4.738	0	0	1.03	1.236	0.206	0	4.532	4.326	8.652	4.944	1.648	1.03	3.597	2.171	2.678	0.412	1.03	1.03	1.236	0	2.245	2.905	3.09	0.618	3.09	2.884	1.03	1.03	0.824	3.789	3.627	8.034	6.296	1.945	3.228	5.161	1.499	1.442	1.03	0	0.618	1.648	0.824	0.618	2.472	3.296	1.648	2.472	0	0.824	1.442	1.854	11.33	5.974	0.412	0.618	1.648	3.296	1.236	4.532	1.236	0.824	1.03	1.648	2.266	1.236	0.618	0	0.618	2.472	1.236	4.12	0.618	1.442	0.618	3.296	3.708	0.618	1.03	0	0	0	0	0	0.412	0.206	0.618	2.678	0.618	0.206	2.266	1.442	1.03	1.236	1.03	1.442	3.296	2.472	0.824	1.442	0.412	0.618	0.824	0.206	0.824	0.206	0.206	0.206	0	0.206	0.206	0.206	1.442	1.03	0.412	0	0.206	0	0	0	0	50:60,81.055:200,50:80
Ppp2r1b-NM_028614	0.206	0.206	0	0.206	0.206	0	0	0.412	1.442	0	0.206	0.412	0	0.618	0.206	0.618	0	0	0	0.206	0.206	0	0	0	0	0	0	0.206	0.412	0	0	0	0	0	0	0	0	0.206	0	0	0	0	0	0	0.412	0.206	0	0.206	0	0	0	0	0	0.412	0.618	1.442	0	0	0	0	86.722	3.92	0.412	0.412	0.206	0	0	0.412	0.206	0.412	0.412	0.206	0	0	0.206	0.618	0.412	0.206	0	0.618	0.412	1.442	1.236	0	2.678	0.824	2.135	2.809	2.884	2.853	1.061	1.03	5.562	2.472	0	1.03	0.618	0.824	1.442	2.884	1.03	0.618	0.412	1.854	0.881	1.385	6.386	3.09	2.678	1.236	1.03	0	0.824	0.206	1.236	1.03	3.296	1.236	4.411	4.242	0.824	0	0.618	4.532	2.472	2.06	2.678	2.266	4.532	0.412	0.412	1.236	0.206	0.618	1.236	1.236	2.472	0.824	1.442	1.236	0.412	1.854	2.902	5.545	5.356	2.383	2.561	1.03	0.618	1.03	1.648	0	1.648	0.618	2.472	1.03	0.206	3.09	0.618	1.442	1.236	0.618	0.206	0	0.412	0.824	4.738	1.03	0.824	3.708	0.824	0.206	0.618	0.412	0.824	1.854	1.837	1.048	0	0	0	0	0	0	0	0.824	0.618	1.236	0.412	0	2.06	3.296	3.09	0.412	2.06	2.472	1.03	3.09	2.472	1.648	1.648	0.824	4.12	1.854	0.618	0.618	0	3.502	7.622	1.236	0.412	1.854	1.442	2.678	0.206	0.618	1.03	3.296	4.326	0.618	1.442	5.356	3.708	1.648	2.06	1.889	0.377	0.206	3.502	1.442	1.236	0.824	0.618	2.266	0.618	1.442	1.854	1.442	1.442	1.442	3.502	3.914	1.03	0.824	1.854	0.206	0.824	1.854	2.472	4.12	3.914	2.884	1.854	1.442	1.236	2.06	0	0.618	2.06	1.854	0.824	1.648	1.03	0.618	0.824	1.442	1.648	0.618	0	0	0.412	0	0.412	0.206	0.206	0.206	5.562	5.356	5.15	3.708	0.206	0.412	0.824	0.412	1.442	1.236	1.648	0.412	0.206	1.03	0.206	2.884	1.442	2.884	0.412	0.412	0.618	2.06	0.824	1.03	0.206	0.206	3.296	1.854	1.648	0.206	0	1.236	3.296	2.884	0.412	4.326	3.09	1.03	0.824	1.03	1.442	0.824	0.206	1.442	0.206	1.648	1.854	2.472	1.236	0.824	0.412	3.09	1.442	1.03	0.206	0.206	0.206	0.618	2.472	0.618	0.824	0	0.412	0.412	50:60,123.495:200,50:80
Ppp2r3c-NM_021529	0	0	0	0.206	0	0	0	0	0	0	0	0	0	0	0	0	0	0	0	0	0	0	0	0	0	0	0	0	0	0	0	0	0	0	0	0	0.206	0.412	0	0	0	0	0	0	0	0.206	0.206	0.206	0	0.412	0	0	0.412	0	0	2.884	1.854	0.206	0	0	3.914	0.206	16.068	58.711	29.047	1.854	0.412	0	0.498	0.739	0	0.412	0.412	0.206	0.206	0	1.236	0.412	0	0.206	0.206	0	0.412	0.206	0.824	0.824	0.206	0.206	1.03	0.412	0.618	0.602	1.047	0	1.236	0.618	0.412	0	0.824	0.824	0.412	0.618	0.206	0.412	0.618	0	0.824	0	0	1.236	2.472	1.236	0.412	1.03	1.236	1.442	0	0	0	0.412	0	0.618	1.442	0	0.412	0.824	1.236	2.06	1.236	0.206	0	0	0	0.412	0	0	0.412	0	0	1.03	0	0	0.824	2.266	1.442	1.236	1.03	1.236	2.266	0.618	1.03	0.618	1.854	0.824	1.03	0.824	0.206	0	0	0.206	0.206	0	0.269	1.173	0.618	1.236	0.206	0	0.206	0	0.206	0	0	0.206	0.412	0.206	0	0	0.206	0	0	0	0	0	0	0	0	0	0	0	0	0	0	0	0	0.206	0	0	0	0	0	0.618	0	0	0	0	0	0	0	0	0	0.412	0.412	0	0	0	0	0	0	0	0	0.206	0	0	0	0	0	0	0	0	0	0	0	0	0	0	0	0	0	0	0	0	0	0	0	0.618	0	0.824	0	0	0	0	0	0	0	0.618	0	0	0	0	0	0	0	0.206	0	0	0	0	0	0	0	0	0	0.206	0	0	0.206	0	0	0	0	0	0	0.206	0	0	0	0	0	0	0	0	0	0	0	0	0	0	0	0	0.206	0	0	0	0	0	0	0	0	0	0	0	0	0	0	0	0	0	0	0	0	0	0	0.206	0	0	0.206	0	0	0	0	0	0	0	0	0	0	0	0	0	50:60,110.935:200,50:80
Ppt1-NM_008917	0	0	0	0	0	0	0	0	0	0	0	0	0	0	0	0	0	0	0	0	0	0	0	0	0	0	0	0	0	0	0	0	0	0	0	0	0	0	0	0	0	0	0	0	0	0	0	0	0	0	0	0	0	0	0	0	0	0	0	0.206	58.711	0.206	0	0	0	0.206	0	0	0	0.412	0.206	0.412	0	0	0.206	0	0.618	0	0.412	0.206	0.206	0	0.206	0	0.412	0	0	0.824	0	0	0.206	0.412	0.412	0.618	0.206	0.206	0	0	0	0.824	0.206	0	0	0	0.824	0.206	0.206	0	0	0.206	0	0.206	0.618	0.618	0.618	0.206	0.206	0.206	0	0.412	0.824	1.648	0	0.206	0	1.648	0.412	0	1.236	0.618	0.206	0	0.618	0	0.206	0.206	0.206	0	0	0.206	0.412	0.412	0.412	0.618	1.236	0.618	0.206	0.618	2.472	0.412	0	1.03	0.412	0	1.03	1.03	0.618	0.206	0	0.206	1.03	3.914	1.648	1.03	1.03	1.442	0.412	0.206	0.824	0.412	0.824	1.03	1.648	1.236	2.266	0.705	0.531	0.412	1.03	0.7	4.038	2.266	0.206	0	0.206	0.824	4.12	1.03	3.524	2.45	2.266	0.206	0.824	0.618	1.648	0.412	1.236	0.412	2.06	2.884	0.824	0.618	1.648	2.06	0.206	0.206	1.442	1.03	3.09	2.06	1.854	0	0.412	2.472	1.03	0.824	1.648	2.472	4.326	2.06	2.06	1.79	1.3	0.206	2.06	0.412	1.03	1.236	0.412	1.03	0.824	0.412	0.206	1.03	2.884	0.206	0	0.618	1.648	1.648	2.472	4.12	0	0	0	0.206	0	0.412	1.03	2.06	2.472	0.412	0.412	0.824	0.206	4.944	1.394	1.284	1.03	0.412	0	0.618	0	0.824	0.618	0.412	0.618	0.824	1.854	0.618	1.03	0.412	1.442	0	0	0	0	0	0.206	0.206	1.442	0.412	0	0	0.206	0	0	0	0	0	0	0	0	0	0	0	0	0	0	0	0	1.03	0.412	1.648	0	0	0.824	0	1.648	0	0	0.206	0	0	1.648	0.412	0	0.206	0.412	0	0.206	0.206	0.412	0.206	0	0.206	0.824	0.206	0.412	0.412	0	0	0.206	1.03	0.618	0.618	0	0.824	0.412	0	50:60,114.745:200,50:80
Prpf40b-NM_001370635	0	0	0	0	0	0	0	0	0	0	0	0	0	0	0	0	0	0	0	0	0	0	0	0	0	0	0	0	0	0	0	0	0	0	0	0	0	0	0	0	0	0	0	0	0.412	0.206	0	0.206	0	0	0	0	0	0	0	0	0	0	0	0.412	0.412	1.648	9.213	2.942	0.824	0.206	0.206	0.206	0.412	0	0.618	1.236	0.412	0.824	1.236	2.06	0.206	0.618	0.412	0.824	0	0	1.03	0.412	0.618	0.618	2.884	1.442	3.708	0.443	0.587	1.434	2.686	0.571	0.871	2.884	0.206	1.442	1.236	1.648	0	0	2.472	3.914	5.562	1.366	10.994	1.854	2.472	3.09	6.386	1.442	3.708	1.236	0	0.618	0	0.412	2.06	1.03	1.03	0	2.884	0	2.472	0.206	0	0.412	2.678	3.09	0.412	5.15	3.09	1.03	0.824	0	1.442	1.854	2.06	3.09	1.442	0.618	3.32	2.242	0.618	2.06	0.206	0.206	0.824	2.06	0	1.236	4.738	0.618	1.03	0.618	2.678	1.236	0.824	3.708	1.03	0.412	0.206	0.206	1.035	5.969	0.618	1.854	2.678	1.854	0.412	3.914	2.884	0.412	2.266	2.678	5.562	2.884	0.412	0.412	2.37	2.368	0.618	0.618	3.296	1.442	0.206	1.03	0.412	1.03	4.326	3.502	0.412	0.206	0.824	0.618	0	0	1.236	2.06	1.03	0.412	1.442	0.206	1.236	1.03	0	0.206	0	1.236	1.648	3.09	0.302	2.17	0.824	0	0	0.618	1.03	4.532	1.442	1.442	1.854	5.356	1.648	0.824	2.266	1.03	0.412	1.854	1.804	4.789	8.24	5.356	0.618	2.472	4.326	4.532	1.236	0.618	0.412	0.618	3.09	5.15	8.446	1.442	4.738	4.12	1.236	3.296	3.708	3.09	4.326	1.648	0.618	2.678	2.472	0.824	0.638	2.452	0.412	0.206	0.618	0	0.618	0	0.412	1.236	0	0.618	0.824	0.824	1.03	1.442	2.06	0.206	1.442	0.824	0.618	0.206	0.412	0.412	0.824	1.03	1.854	0.206	1.236	1.236	0.206	1.442	0.206	3.708	0.618	0.618	1.648	1.854	0.206	0.824	0.412	0	0.824	0.618	0.618	0.412	0.206	2.266	2.472	0.824	0.618	3.296	0	0.206	0.412	1.03	0.206	1.236	0.618	2.472	2.472	1.854	1.236	0.206	0.206	0.206	0.618	1.648	0.412	4.326	1.03	0.618	0.412	1.648	2.266	0.206	0	0.824	0.618	0.206	0	0.824	50:60,108.905:200,50:80
Prss55-NM_001081063	0	0	0	0	0	0	0	0	0	0	0	0	0	0	0	0	0	0	0	0	0	0	0	0	0	0	0	0	0	0	0	0	0	0	0	0	0	0	0	0	0	0	0	0	0	0	0	0	0	0	0	0	0	0	0	0	0	0	0	0	0	0	0	0	0	0	0	0	0	0	0	0	0	0	0	0	0	0.206	0	0	0	0	0	0	0	0	0	0	0	0	0	0	0	0	0	0	0	0	0	0	0	0	0	0	0	0	0	0	0	0	0	0	0	0	0	0	0	0	0	0	0	0	0	0	0	0	0	0	0	0	0	0	0	0	0	0	0	0	0	0	0	0	0	0	0	0	0	0	0	0	0	0	0	0	0	0	0	0	0	0	0	0	0	0	0	0	0	0	0	0	0	0	0	0	0	0	0	0	0	0	0	0	0	0	0	0	0	0	0	0	0	0	0	0	0	0	0	0	0	0	0	0	0	0	0	0	0	0	0	0	0	0	0	0	0	0	0	0	0	0	0.412	0	0	0	0	0	0	0	0	0	0	0	0	0	0.206	0	0	0	0	0.206	0	0	0	0	0	0	0	0	0	0	0	0	0	0	0	0	0	0	0	0	0	0	0	0	0	0	0	0	0	0	0	0	0	0	0	0	0	0	0	0	0	0	0	0	0	0	0	0	0	0	0	0	0	0	0	0	0	0	0	0	0	0	0	0	0	0	0	0	0	0	0	0	0	0	0	0	0	0	0	0	0	0	0	0	0	0	0	0	0	0	0	0	0	0	0	0	0	0	0	0	50:60,49.865:200,50:80
Psap-NM_001146121	0	0	0	0	0	0	0	0	0	0	0	0	0	0	0	0	0	0	0	0	0	0	0	0	0	0	0	0	0	0	0	0	0	0	0	0	0	0	0	0	0	0	0	0	0	0	0	0	0	0	0	0	0	0	0	0	0	0	0	0	17.098	1.236	8.858	6.592	3.09	2.472	0.824	0.412	0.618	0.206	0.824	0	0.206	0	0.206	0.618	0	0.206	0.412	0.206	1.648	4.126	1.642	0.824	1.7	3.039	0.206	0.869	0.985	1.648	0.412	0.552	0.478	0	0.412	1.648	0.824	1.442	0.412	1.236	0.824	0	1.03	0.824	3.914	0.618	0.412	0.618	1.648	0.618	5.768	2.678	0.206	0.558	0.678	0.824	3.09	1.065	1.201	0.206	0.618	1.03	1.236	1.03	0.824	1.648	1.854	2.53	8.324	1.208	1.123	0.882	2.002	1.854	0.618	0.618	2.06	1.648	1.236	3.09	1.03	3.9	3.311	0.618	1.236	9.064	0	0.206	1.03	7.828	1.648	0.618	0.618	1.648	2.06	2.06	1.854	1.236	3.502	1.648	0.412	2.884	0.824	0.824	1.2	2.302	1.854	2.472	0.618	0.618	0.824	0.618	1.03	0.618	0.206	1.442	1.854	0.824	0.618	4.944	1.03	2.266	1.03	2.06	2.06	0.824	2.266	3.238	1.088	1.03	1.648	2.884	5.356	3.914	1.648	0.412	0.618	1.854	4.532	2.06	0.618	1.648	1.854	6.296	4.829	2.678	2.06	1.03	3.296	1.236	5.562	2.884	1.648	0	0.618	2.678	1.854	0.618	2.06	0.206	2.472	0.824	0.206	2.678	1.442	0.824	1.03	5.356	1.03	0.824	0.206	1.809	3.753	3.296	1.442	2.884	2.266	2.884	2.472	0.989	4.573	1.854	3.296	7.004	2.472	1.648	0.618	2.266	1.236	1.648	2.06	1.854	2.678	3.09	1.854	3.613	3.185	3.914	0.824	1.236	0.206	0.206	0.206	0.618	0	0	0.824	0.206	2.266	1.442	0.412	1.854	2.678	0	1.236	1.854	1.03	0.618	0.412	1.03	0.824	1.648	1.03	0.412	1.854	3.708	1.854	3.09	1.03	0	0.824	1.03	0.206	0.206	0	0	0.412	0.618	0	0.206	1.236	0.618	0.206	0.206	0.618	2.884	0	1.236	0.618	0.206	0	0.824	0.824	1.03	0.618	0.618	0	0	1.03	0	0.206	0	0.206	1.03	0.618	0	0.618	0.824	0.618	0.206	0.412	0	0	0	0.206	0	0.412	0	0.618	0.206	50:60,124.865:200,50:80
Psmd5-NM_001355544	0	0	0	0	0	0	0	0	0	0	0	0	0	0	0	0	0	0	0	0	0	0	0	0	0	0	0	0	0	0	0	0	0	0	0	0	0	0	0	0	0	0	0	0	0	0	0	0.412	0	0	0	0.206	1.648	2.266	1.236	0	0.206	0	0	0.412	30.359	0.748	0.618	0.412	0.206	0.824	0	0	0	0.206	0.206	0.091	1.145	0.618	0	0	0	0	0	0	0.206	0.206	0.618	0.206	0	0	0	0.618	0	0.206	0.206	0.618	0	0.618	0.412	0.618	0.618	0.412	0	0.206	0.412	0.412	0.206	0.676	1.178	0.206	0.618	0.206	0.206	0.412	0.206	0.206	0.618	0.412	1.03	0.412	1.236	0.412	0.618	0.618	1.442	2.06	0	1.854	0.618	3.09	1.854	2.884	0.206	0.412	0.618	2.884	0.206	0.824	0.824	0.824	1.442	0.412	0.618	1.03	1.236	1.03	0	1.854	0	2.678	0	0	2.472	1.03	2.678	0.824	1.03	1.442	0.412	0	0	0	0	0	0	1.236	2.266	0.206	1.442	0.412	0.824	0.412	1.442	0.206	0.412	0.412	0.824	0.412	2.678	3.09	1.854	2.678	6.18	4.532	1.442	0.618	2.783	4.221	1.03	2.678	2.472	6.048	0.544	0.824	2.678	0.206	0	1.442	2.06	2.884	3.09	2.072	4.196	6.092	1.442	2.884	0.206	1.236	1.442	3.296	1.236	2.472	1.442	5.768	2.266	9.007	3.354	3.498	2.27	0	0.618	0.412	0.412	0	0.206	0.412	0.618	3.09	1.648	0.618	0.824	1.03	1.648	2.884	0.824	1.442	0	2.472	2.266	1.854	1.03	0.618	1.442	1.854	1.442	1.03	1.03	0.206	0	0.375	4.157	0.206	0.618	0.412	1.854	0.206	4.944	1.236	2.06	2.06	2.266	1.648	1.648	1.442	2.266	1.03	1.648	0.412	1.236	0.412	1.442	2.884	1.03	0.206	0.206	0	0.206	0.206	0.824	0.412	0.618	0.618	2.06	0.824	0	4.326	1.442	0	0.618	1.03	2.884	0.206	0.824	3.502	0.618	1.442	1.236	0	0	0.618	2.06	0.824	2.06	0.618	0.618	1.442	1.648	0.412	2.472	1.648	0.824	1.442	0.412	0	0	0	0	0	2.884	0.618	2.678	0.206	2.472	0.824	1.03	1.03	1.236	2.472	0.412	1.442	1.03	2.884	0.412	0	0	0	0.618	0.412	0.412	0.618	0	0.618	0.206	1.03	50:60,94.37:200,50:80
Ptges-NM_022415	0	0	0	0	0.412	0.618	0	0.206	0	0	0	0	0	0	0	0	0	0	0	0	0	0	0.206	0	0	0	0	0	0	0	0	0.206	0	0	0	0	0	0	0	0	0	0	0	0	0	0	0	0	0	0	0	0	0	0	0	0	0	0	0	0	1.854	0.824	0	0.412	0.618	0	0.412	0.412	0	0	0	0	0	0	0	0	0	0	0	0.412	0	0	0	0	0.206	0	0	0	0	0	0	0	0	0	0	0.412	0	0	0	0	0	0	0	0	0	0	0	0.206	0.618	0.412	0	0	0	0	0.412	0	0	0.412	0	0	0	0	0	0	0	0	0.206	0	0	0	0	0	0	0.412	0.206	0	0	0.206	0	0	0.206	0	0	0	0	0.618	0	0.206	0.206	0	0.206	0	0	0.206	0	0	0	0.206	0	0	0	0	0	0.412	0.206	0	0	0.206	0.206	0	0	0	0	0	0	0.206	0.618	0.206	0	0	2.266	0.206	0	0.824	0.824	0.412	0.206	0.206	0	0	0	0.618	0.618	0.206	0.458	0.572	0.412	0	0.412	0.618	0.412	1.03	1.442	0.618	0	0	0.412	0.412	0.206	1.03	0.285	0.127	0.206	0	0	0.206	0.206	0	0	0	0	0	0	0	0	0	0	0.412	0.618	0	0.412	0.206	0.206	0.412	0.206	3.041	0.255	1.03	0.824	0.618	0	0.206	0.618	0.824	0.206	0.206	0.618	0.412	0.206	1.03	0.412	0.824	0	0	0.206	0.206	0	1.442	1.236	0	0.206	0	1.236	0.412	0.206	0.412	0.824	1.03	2.06	0.412	0.412	0.206	0.206	0	0.206	0	0.618	0.206	0	0.206	0.206	0	0	0	0	0	0.412	0.206	0.412	0	0	0	0	0.206	0	0	0	0	0	0	0	0.206	0	0	0	0.206	0.206	0	0	0	0	0	0	0	0	0	0	0	0	0	0	0	0	0	0	0	0.206	0	0.412	0	0	0	0	0	0.206	0	0	0	0	0	50:60,69.135:200,50:80
Pwwp2a-NM_001363141	0	0	0	0	0	0	0	0	0	0	0	0	0	0	0	0	0	0	0	0	0	0	0	0	0	0	0	0	0	0	0	0	0	0	0	0	0	0	0	0	0	0	0	0	0	0	0	0	0	0	0	0	0	0	0	0	0.206	0	0.206	0	10.918	0	0.618	0	0.206	1.442	0.824	0.824	0.412	1.236	2.266	2.678	1.442	3.09	1.442	2.678	1.236	0.824	1.236	1.854	5.974	2.06	1.03	3.296	1.03	0.824	0	2.678	3.296	2.884	2.678	1.236	9.888	7.21	2.266	4.12	9.27	0.412	2.06	3.502	3.786	1.776	3.502	4.12	5.562	6.386	1.854	6.18	1.648	3.914	8.24	3.09	4.944	10.918	2.266	0.824	8.446	3.09	2.884	0.618	5.15	5.15	0	4.12	0.412	1.236	1.854	4.532	2.678	3.502	3.502	1.236	4.738	2.884	2.266	2.472	6.18	1.648	21.425	9.064	9.476	3.914	6.798	2.884	4.12	6.592	2.266	7.004	3.094	5.146	7.828	4.326	5.768	13.596	6.798	4.738	6.386	3.296	0.824	5.562	12.978	1.442	0.412	4.944	3.708	0.824	4.12	5.15	8.24	1.648	3.502	3.708	8.722	7.552	4.532	7.21	18.952	8.24	13.769	9.509	11.24	18.013	0	0.618	4.738	9.682	1.207	4.561	16.068	9.888	12.686	6.473	6.798	2.884	0.824	13.802	12.36	18.54	12.154	5.809	3.255	0.618	8.858	6.18	7.004	3.09	5.15	2.472	4.944	6.592	5.768	12.154	3.708	0.412	6.18	7.828	10.918	6.271	11.034	5.768	5.768	9.509	5.735	3.304	3.7	7.597	13.209	12.154	3.502	4.532	1.854	1.648	3.09	8.034	9.476	4.12	6.798	7.21	8.034	4.12	0.206	0.618	4.12	2.472	6.592	1.442	2.884	3.502	3.09	7.416	5.562	2.793	1.945	3.914	1.236	4.12	9.064	3.296	5.15	2.06	1.03	1.648	2.06	1.236	1.442	1.648	0	0	1.236	0.824	0.412	0	0	0.824	0.412	0.824	1.236	3.708	1.236	0.824	0.412	0.618	0.206	0.618	1.236	1.648	1.03	0	1.854	3.502	0.618	0	1.03	3.502	1.442	0.618	0.206	1.236	1.648	1.442	3.502	1.442	0.412	1.854	0.618	1.03	1.236	0.824	2.06	3.296	0	1.236	1.03	2.472	5.15	7.004	3.708	2.06	2.472	4.326	3.502	1.03	1.854	0.824	0.824	0.206	0.618	4.738	4.12	0.412	2.266	1.648	1.854	0.206	3.296	2.266	3.09	4.944	4.326	1.648	50:60,203.18:200,50:80
Rab37-NM_021411	0	0	0	0	0	0	0	0	0	0	0	0	0	0	0	0	0	0	0	0	0	0.412	0.618	1.03	0.206	0.206	0.412	0	0	0	0	0	0	0	0	0	0	0	0	0	0	0	0	0	0	0	0	0	0	0	0	0	0	0	0.206	0	0	0	0.412	1.442	3.155	0.141	0.206	0	0	0	0	0	0	0	0	0	0	0	0	0	0	0	0	0	0	0	0	0	0	0	0	0	0	0	0	0	0	0	0	0	0	0	0	0	0	0	0	0	0	0	0	0	0	0	0	0	0	0	0	0	0	0	0	0	0	0	0	0	0	0	0	0	0	0	0	0	0	0	0	0	0	0	0	0	0	0	0	0	0	0	0	0	0	0	0	0	0	0	0	0	0	0	0	0	0	0	0	0	0	0	0	0	0.069	0.137	0	0	0	0.412	0	0	0	0	0	0	0	0	0	0	0	0	0	0	0	0	0.206	0	0	0	0	0	0	0	0	0	0	0	0	0	0	0	0	0	0	0.206	0	0	0	0.618	0	0.206	0.412	0	0	0	0	0	0	0	0	0	0	0	0	0	0	0	0	0	0	0.412	0	0	0.206	0	0	0.206	0.206	0.206	0	0	0	0.206	0	0.206	0.206	0	0	0	0	0.206	0	0.412	0.412	0.206	0.206	0.206	0	0	0.206	0	0	0	0	0	0.206	0	0	0	0	0.206	0	0.206	0.824	1.442	1.03	5.562	160.478	2.06	0.412	1.442	0	0.206	1.236	0.206	0	0	0.206	1.03	0.412	0.206	0.206	0.206	0.206	0.206	0	0	0	0	0.206	0	0.412	0.206	0.412	0.206	0.206	0.206	0	0.206	0.206	1.03	0.412	0.618	0	0	0.618	0.206	0	0	0	0.824	1.236	0.412	0.618	0	0.206	0.206	0.412	0	0.412	0.206	0.618	0.412	0.618	0.824	50:60,40.315:200,50:80
Ralgapa1-NM_001286263	0	0	0	0	0	0	0	0	0	0	0	0	0	0	0	0	0	0	0	0	0	0	0	0	0	0	0	0	0	0	0	0	0	0	0	0	0	0	0	0	0	0	0	0	0	0	0	0	0	0	0	0	0	0	0	0	0	0	0	0	9.064	1.03	1.442	1.236	2.678	6.926	3.374	3.09	3.914	2.472	5.768	4.532	5.974	3.502	9.476	4.12	3.09	4.12	3.502	10.712	3.296	6.386	4.326	3.09	1.236	5.356	2.266	3.296	3.09	1.854	1.442	5.356	7.004	5.768	5.974	3.708	4.944	1.03	0	2.678	4.738	3.502	3.914	5.974	4.738	6.798	5.356	7.004	5.974	5.562	8.652	3.296	3.914	4.12	2.678	4.944	8.24	2.884	2.884	6.592	2.678	0.824	0.618	3.502	1.236	1.442	4.738	2.06	7.004	8.24	3.502	1.648	6.386	4.12	7.004	2.472	9.476	6.386	4.326	7.169	3.337	4.944	5.562	1.236	2.472	7.828	8.858	5.356	4.326	4.944	2.06	3.914	3.708	2.884	7.004	4.532	3.502	2.884	3.502	3.914	5.768	4.326	4.944	3.502	3.09	2.266	0	1.648	0.412	3.708	4.532	1.442	8.446	0.824	1.236	3.296	5.974	2.884	3.914	5.768	0.412	4.532	9.064	3.09	3.914	5.356	3.708	7.004	9.064	4.326	3.09	1.648	3.914	4.944	4.944	4.326	1.236	1.854	2.06	2.06	0.618	7.828	5.15	1.854	3.09	5.974	3.914	4.326	7.004	2.06	4.326	3.708	2.06	3.09	4.532	1.854	3.502	3.502	5.562	3.296	4.944	1.442	2.266	3.708	3.502	4.326	0.618	0	0	0	0	0	7.416	4.738	4.944	6.386	2.266	4.738	13.802	12.566	5.356	8.652	3.914	3.296	1.648	6.798	2.884	4.326	3.914	6.18	6.18	3.502	3.09	3.708	2.266	3.09	5.356	5.356	2.472	2.884	0	0	0.206	0	0.412	1.03	0.618	0.206	0.206	0	0.206	0.412	0	0	0	0	0	0	0	0	0	0	0	0	0	0	0	0	0	0	0.412	0.618	0.412	1.236	0.824	0	0.206	0	0	0.206	0.824	0	0.206	0	0	0	0.412	0	0	0	0.618	0.206	0.206	0.412	0	0.206	0	0.206	0	0	0	0	0	0	0	0	0	0	0	0	0	0	0.206	0	0	0	0	0	0	0	50:60,1093.135:200,50:80
Rasal2-NM_177644	0	0	0	0	0	0	0	0	0	0	0	0	0	0	0	0	0	0	0	0	0	0	0	0	0	0	0	0	0	0	0	0	0	0	0	0	0	0	0	0	0	0	0	0	0	0	0	0	0.206	0	0	0	0	0	0	0	0	0	0.206	0.618	7.21	1.442	2.06	3.296	4.326	4.12	2.266	0.206	1.442	5.15	2.472	1.236	4.326	2.678	4.738	2.678	2.472	7.004	3.914	4.944	3.296	7.21	5.356	7.21	8.652	5.768	0	9.888	7.622	4.738	5.15	2.06	5.356	7.828	8.858	3.296	5.356	7.828	2.884	3.502	1.03	3.708	8.652	2.884	2.266	2.884	3.502	2.06	1.236	5.768	3.502	2.756	6.514	1.854	2.884	8.166	11.55	5.623	4.532	2.06	4.738	4.944	4.532	2.678	2.678	7.21	4.532	6.798	3.914	9.064	4.532	5.974	3.296	4.326	2.678	2.678	9.888	3.09	3.708	1.854	2.472	4.326	3.09	5.768	3.914	5.768	5.15	3.502	1.648	2.678	3.502	4.738	3.708	4.143	2.243	3.708	3.296	3.502	3.09	2.472	2.678	2.678	2.266	0.618	2.472	5.768	3.296	3.708	1.236	0	5.15	2.472	4.738	4.12	4.326	1.854	4.944	6.592	4.066	3.557	5.562	4.738	4.738	4.738	3.502	0.618	2.06	0.824	1.648	2.678	4.326	4.12	4.944	1.236	3.708	1.854	1.648	2.884	2.266	3.09	1.03	3.708	1.236	0.412	2.472	1.442	2.678	3.502	4.532	2.06	0.824	1.648	2.06	3.708	5.768	5.974	2.472	5.15	4.738	7.622	6.386	3.09	4.12	2.884	3.09	1.03	4.532	3.09	3.914	5.974	7.828	13.596	4.12	1.03	4.944	3.708	3.09	3.914	5.768	2.06	7.622	5.974	4.326	4.944	6.18	7.004	5.15	2.678	3.708	6.18	4.944	6.798	2.678	4.12	2.884	4.738	7.416	2.472	5.15	3.296	0	0	0	0	0	0	0	0	0.618	0	0	0	0.206	0	0	0.206	0.206	0	0	0	0	0	0	0	0	0.206	0.618	0.412	0	0	0	0	0	0	0	0.206	0.206	0.206	0.412	0.412	0	0.206	0	0.824	0.412	0	0	0	0.206	0.206	0	0	0	0	0	0.412	0	0.206	0	0.412	0.618	0.206	0.412	0.618	0	0	0	0.618	0	0.206	0	0.412	0.824	1.03	0.618	0	0	0	0.206	0	50:60,1387.065:200,50:80
Rbfox2-NM_001358770	0.412	1.442	0	0.206	0.412	1.03	0.412	0.206	2.678	0.206	0.824	1.03	1.854	0	0	0	0	0.206	0	0.206	0	0.618	0	0.824	0.824	0.206	0	0	0.618	0.206	0	0.618	0	0	0.412	0.412	0	0.412	0.824	0.206	0.618	2.06	1.236	3.708	3.708	3.502	0	0.206	0.206	0.824	0	0.412	0	1.442	2.472	2.472	0.206	0.206	0.412	0.412	11.742	9.888	11.33	12.566	5.768	6.592	6.386	12.772	5.768	9.888	10.3	5.768	8.858	10.506	6.386	4.944	16.607	7.083	24.062	11.164	4.532	13.802	11.124	9.682	11.124	21.837	8.357	12.998	11.606	4.738	12.978	14.42	9.064	10.3	7.622	11.124	13.915	20.488	10.094	7.21	8.652	5.974	8.858	13.802	14.626	8.652	5.562	12.36	3.708	9.27	8.62	13.01	8.034	6.18	6.386	11.33	10.798	13.923	17.304	12.154	11.33	11.33	13.184	8.446	8.446	7.004	17.922	9.476	4.944	9.27	4.532	4.532	3.914	5.356	4.532	4.326	6.592	10.506	20.188	5.15	7.21	4.944	4.944	3.296	4.326	5.356	8.858	9.344	5.694	7.622	10.712	6.798	7.416	7.004	9.682	9.501	13.778	12.836	4.674	11.536	8.858	8.034	6.386	4.326	1.854	7.828	8.858	13.39	10.918	6.386	19.158	19.364	10.712	12.566	26.781	8.24	3.296	7.828	7.416	7.622	2.472	10.094	9.682	10.3	10.712	11.536	9.888	11.124	16.892	5.974	4.12	5.15	8.034	11.948	11.536	5.562	14.42	11.536	10.96	12.318	8.446	10.3	26.575	9.888	2.678	4.944	19.364	7.622	5.562	11.536	7.21	3.09	12.154	11.124	10.712	9.476	6.798	10.3	12.154	6.427	7.787	12.154	10.712	8.446	10.094	20.601	12.36	12.154	13.596	27.605	11.536	10.094	13.802	9.682	4.738	10.3	7.828	13.39	8.652	8.034	11.33	8.858	11.33	9.163	9.171	9.476	13.39	20.188	4.944	11.124	7.828	5.768	10.3	7.21	13.802	23.897	22.602	24.985	12.978	8.858	0.824	0	0.618	0.412	2.266	0.412	0.206	0	0.206	0.206	0.206	0.412	0.206	0.412	0	0.824	3.296	1.03	1.648	1.442	1.442	1.03	0.412	0	0.412	1.03	2.266	2.678	4.12	0.412	1.442	1.236	0.412	0.412	0.412	1.236	0.412	1.03	1.03	0.206	0.206	0.412	0.618	0.206	0.206	0.206	0	1.03	0.824	0.618	0.206	0	0	0	0.206	0.412	0.824	0.618	1.442	0.412	0	0.206	0.206	0.824	0.824	1.03	0.412	0.206	1.854	1.236	3.09	2.884	0	0.412	3.914	3.914	0.206	0	0.412	0	50:60,833.095:200,50:80
Rbm45-NM_153405	0	0	0	0	0	0	0	0.206	0	0	0	0	0	0	0	0	0	0	0	0	0	0	0	0	0	0	0	0	0	0	0	0	0	0	0	0	0	0	0	0	0	0	0	0.206	0	0	0	0	0	0	0.206	0	0	0	0	0	0	0	0	0.412	3.296	1.854	0.412	0	0	2.785	7.309	0.618	0.47	0.56	0.206	0	0	0	0	0	0	0	0	0	0	0.206	0.206	0	0	0.602	0.016	0	0.206	0.618	0.618	0	1.03	0	0	0.824	0.206	0.618	0.206	0	0	0	0	0	0.206	0.206	0.618	0.206	0.824	0.618	0.412	0.824	1.236	0	0.206	0.206	0.206	0	0.412	0.206	0	0.206	0.618	0.206	0	1.03	0.824	0.618	1.03	1.03	0.824	1.648	1.03	0.824	1.236	0.618	0	0.412	0.618	1.236	2.266	0	0.824	0	0	0.206	0	0.618	1.236	0.618	0	0.618	0.412	0.618	0.824	0.272	0.346	0	0	0	0	0.206	0.412	1.236	1.772	0.494	0	0.206	0.412	0	0.824	0.412	0.618	0.618	0.206	0	1.03	0.824	0.618	0	0.206	0.618	0.618	0.412	0.412	1.236	2.06	2.472	0.824	0.824	0.824	1.854	0.412	0.412	0.618	1.854	0.206	1.648	0	0.206	0.618	0.412	1.03	1.236	6.675	6.304	3.552	1.187	1.665	4.516	1.648	1.236	2.06	0.618	1.03	0.313	1.541	0.486	0.338	0.206	0.412	0	0.412	1.236	4.12	0.206	1.854	0.824	2.266	0	0	0.206	0.206	0.618	0	1.632	2.25	0.651	2.06	1.442	2.472	0.412	0.412	1.442	3.914	1.854	2.884	1.03	0.824	0.989	1.071	1.648	0.824	1.03	1.112	2.596	1.236	1.648	0.206	0.412	2.06	1.648	0.824	0.618	1.03	3.09	1.236	0.412	1.03	0.618	0.206	0.206	3.502	0.618	0.412	0.206	2.678	1.648	0.618	0.412	0.824	0.412	1.442	1.236	0.206	0.412	0	0.824	0.412	1.442	3.914	6.386	3.502	0.412	0.618	2.266	0	0	0	0	0	0	0	0	0	0	0	0	0	0	0	0	0	0	0	1.03	2.266	1.236	0.412	1.648	1.03	2.06	0.206	0.412	0	0	0	0	0	0.618	2.06	0.412	1.442	1.03	0	0	0.412	0	1.03	1.854	50:60,68.92:200,50:80
Rhbdf1-NM_010117	0	0.412	0.618	0	0.618	0.206	0.206	0.206	0	0.824	0.206	0	0.206	0.206	0.206	0.412	0.206	0.412	0.412	0	0	0	0.206	0	0.618	0.824	1.442	0.206	0.206	0	0	0	0.412	0	0	0	0.206	0.618	0.206	0	0	0.412	0.618	0	0	0.206	1.442	1.648	1.648	0.206	0	1.236	0.824	0	0.206	0	0	0	0	0	0.206	11.536	0.824	0	0	0	0.206	0	0	0.412	0	0.206	0	0.206	0.206	0.412	0.206	2.06	0.412	0	0	0.206	0	0	0	0	0.412	0	0.206	0.206	0	0.503	0.115	0.618	0	0	0	0.206	0.824	0	0.206	0.206	0.206	0	0	0	0.412	0.618	0.824	0	0.206	0.412	0.824	0.206	0	1.03	1.03	0.824	3.502	1.236	0.412	0	0	0	0.824	0.618	0.206	0.412	0.125	1.111	0.618	0	0	0	0	0	0.206	0	0	0	0.412	0	0.412	0.412	0	0.618	0.412	1.03	0.206	0.412	0	0.824	0.412	0	0	0.206	0	0.206	0.206	0	1.236	0.618	0	0.206	0.206	0.824	2.472	0	0.824	2.039	0.433	0	1.03	0.206	0	0.412	0	0	0.412	0	0	0.206	0.206	0	0.412	0.618	0.206	0.206	0.206	0.412	1.03	0.412	1.442	0.206	1.442	1.467	0.799	0	0	0.824	2.266	2.06	1.635	1.867	0.206	2.089	1.413	1.236	0.824	0	0.412	1.854	0.824	0.206	0	0.412	1.236	0.618	0	0.412	2.06	0.824	0.206	0.618	0	0.206	0.824	0.618	0.206	0.412	1.688	1.402	0.206	0.824	0	0.412	0.412	1.442	0.824	0	0.618	1.03	0.412	2.06	0	0.488	0.13	1.236	1.236	0.412	0	1.162	1.31	0.618	1.236	0.618	1.442	1.442	0.206	4.12	3.09	1.442	0.206	0.412	1.648	1.442	0.206	0.206	0.206	0	0.618	0	0.618	1.236	0	0.206	0.618	0.412	1.854	0.824	0.618	0.206	1.442	0.824	0.412	0	0.412	0.412	0.412	1.648	0.618	0	0	0	0	0.206	0	0	1.236	0.618	0.206	0	0.824	0.824	0.412	0.206	0.412	1.648	0.824	0.206	0	0.206	0.206	0	0	0	0.206	0	0.206	0	0	0	0	0.412	0	0.206	0	0.206	0	0.206	0.206	0	0	0	0	0	0.206	0.206	0.618	0.206	50:60,63.545:200,50:80
Rims1-NM_183018	0	0	0	0	0	0	0	0	0	0	0	0	0	0	0	0	0	0	0	0	0	0	0	0	0	0	0	0	0	0	0	0	0	0	0	0	0	0	0	0	0	0	0	0	0	0	0	0	0	0	0	0	0	0	0	0	0	0	0	0	0.206	0	0.206	0	0	0	0	0.206	0	0.412	0	0.206	0	0	0	0.206	0.206	0	0.206	0.206	0	0	0.206	0	0.412	0	0	0	0	0	0	0	0.206	0	0.206	0.206	0	0.412	0	0	0	0	0	0	0	0.206	0	0	0.206	0.206	0	0.206	0	0.206	0	0	0	0.206	0	0.206	0	1.03	0	0	0.206	0	0.206	0	0	0.206	0	0.206	0	0	0.206	0	0	0	0	0.206	0	0	0.206	0	0	0	0	0	0.206	0	0	0	4.12	0	0	0	0	0	0.412	0	0.412	1.648	0.618	0.618	0.618	0.206	2.06	0.206	0.824	0.824	1.648	0.824	0.412	1.442	0.412	0.206	1.648	0	0.824	0.618	0.824	1.03	0.412	1.648	0	0.618	0.412	0	0	0	0	0	0	0	0	0	0	0	0	0	0	0	0	0	0	0.824	1.03	1.236	0.618	1.236	0.618	0.412	1.236	1.442	0.206	0.618	1.648	0	2.06	1.03	1.442	0.824	1.236	0.824	0.206	2.266	0.824	1.236	0.618	0.824	0.412	0.412	0.412	1.236	1.442	1.648	0.824	1.03	1.648	0.618	0.618	1.03	0.412	0.618	0.412	0	0.206	0.412	1.236	0.412	0.412	1.03	1.236	1.03	0.412	0.824	0.412	0.824	1.236	0.412	0	0	0.206	0	0	0	0	0	0	0.618	0	0	0	0	0	0	0	0	0	0	0	0	0	0	0	0	0	0	0.206	0	0	0	0	0	0	0	0	0	0	0	0	0	0	0	0	0.206	0.412	0	0	0	0	0	0	0	0	0	0	0	0	0	0	0	0	0.206	0.206	0.412	0	0	0	0	0	0	0	0	0	0	0	0	0	0	50:60,2683.945:200,50:80
Rnf130-NM_001290749	0	0	0	0	0	0	0	0	0	0	0	0	0	0	0	0	0	0	0	0	0	0	0	0	0	0	0	0	0	0	0	0	0	0	0	0	0	0	0	0	0	0	0	0	0	0	0	0	0	0	0	0	0	0.618	0.412	0	0	0	0	0	0.824	0.412	0.618	0.206	0.412	0.824	0.412	0.412	1.236	1.03	1.03	1.648	1.442	0.412	0.206	1.442	1.03	0.206	0.206	1.236	1.03	0.412	1.442	0.412	0.618	1.236	3.09	0.824	5.15	2.06	1.03	0.824	0.206	0.618	1.236	0.412	2.678	0.206	0	0.412	0.824	0.824	0.412	1.236	2.884	0	0.824	0.618	1.03	0.824	0.618	1.03	1.236	0.618	1.236	0.618	0.412	3.296	1.442	0.824	1.854	0.618	1.648	2.06	0.618	0.618	0	1.648	1.648	1.854	0.824	0.412	1.442	1.03	2.266	0.618	0.412	1.236	1.236	1.442	3.708	4.944	1.236	1.442	2.266	2.472	3.502	2.266	1.03	0.412	1.03	1.442	1.442	1.648	2.06	1.648	1.236	0.412	1.236	0.824	1.442	1.854	0.412	0.824	2.472	1.03	0.824	1.236	2.266	1.442	0.618	1.03	2.06	2.884	2.611	2.333	2.06	1.648	1.236	1.442	0.412	1.648	1.648	2.884	0.824	1.442	1.236	0.412	0.412	0.412	1.03	1.03	2.06	0.206	2.884	3.09	1.648	2.472	2.678	1.854	0.824	0	0.412	2.678	2.266	1.236	1.03	0.824	1.236	3.09	2.266	2.06	2.266	3.296	1.442	6.592	3.248	2.108	1.03	1.236	2.266	1.03	1.442	3.914	2.472	1.854	1.442	2.884	1.648	1.648	0.824	0.824	3.09	0.206	0	3.502	2.609	1.511	5.347	2.275	1.03	1.442	1.236	1.03	3.914	1.03	0	1.236	1.854	0.824	4.326	1.854	2.678	0.412	2.678	1.03	3.502	3.502	2.678	3.914	0.206	0.618	0.206	0.412	0	0	0.618	0	0.206	0.412	1.236	0.206	0.618	0.618	0.824	0	0.824	0	0.206	0	0	0.618	0.206	0	0	0	0.206	0.206	0	0	0.206	0.206	0.206	0.206	0.824	0	0.206	2.266	0.412	0	0.206	0.412	0.206	0	0.206	0.206	0.206	0.824	1.03	1.03	0	0	0	0.412	0	0.206	0.412	0	0	0.618	0.824	0	0	0	0	0.206	0	0	0.412	0.618	0	0.206	0	0.206	0.206	0.412	0.206	0	0	0.618	50:60,397.145:200,50:80
Rnf181-NM_001331173	0.206	0	0.412	0.206	0.412	0.206	0	0	0.206	0	0	0	0	0	0	0	0	0	0	0	0.206	0	0	0	0.206	0	0	0	0	0	0	0	0	0	0.206	0	0.206	0	0	0	0	0	0.206	0	0	0	0	0	0	0.206	0.206	0.206	0.206	0	0.206	0	0	0	0	0	0	1.236	1.442	0.206	3.306	7.406	4.447	6.645	2.505	10.949	2.235	0.878	0.976	1.745	1.757	1.236	0	0	0.82	1.055	0.391	0.206	0.206	0.206	0.206	0	0	0	0	0	0	0	0	0	0	0	0	0	0	0	0	0	0	0	0	0	0	0.206	0	0	0	0	0	0	0	0	0.412	0	0	0	0	0.412	0	0.206	0	0.206	0.412	0	0	0	0	0	0	0.412	0	0	0	0.206	0.164	0.042	0	0	0	0	0	0.206	0	0.206	0	0.206	0	0	0	0	0	0	0	0	0	0	0	0	0.618	0.206	0	0	0	0.206	0	0	0	0	0	0.206	0	0.206	0	0	0	0	0	0	0	0.206	0.206	0.206	0	0	0	0	0	0	0	0.206	0	0.206	0	0.618	0	0	0	0	0	0	0.206	0	0	0.206	0	0	0	0.206	0.206	0	0	0.618	0	1.273	0.581	0	0	0	0	0.206	0	0	0	0.206	0.618	0	0.618	0.412	0	0	0.206	0.206	0	0.206	0	0	0.824	0.641	0.595	0.206	0.206	0.412	0.824	0.206	0	0.618	0	0.033	0.379	0.412	0	0	0	0	0.206	0.824	0.824	0.618	0.206	1.236	0.824	0.618	0.412	1.236	2.678	0.206	3.296	1.648	1.854	1.236	0.206	1.442	0.824	1.03	0.824	1.648	2.678	1.236	2.06	0	0.412	0.824	0.824	0.618	2.06	0.824	0.824	1.236	8.24	2.266	1.03	1.648	1.03	0.618	4.326	4.12	3.09	0.618	0.412	0.206	1.854	1.236	0.206	0	0.618	2.472	1.854	1.03	0.412	1.236	1.442	1.442	1.03	2.678	3.502	0.412	1.648	1.03	1.442	0.412	0.618	0.412	2.06	1.03	0.618	3.09	0.412	0	0.206	2.472	1.03	1.442	2.06	1.648	0	0	50:60,13.605:200,50:80
Rpgr-NM_001177951	0	0	0	0	0	0	0	0	0	0	0	0	0	0	0	0	0	0	0	0	0	0	0	0	0	0	0	0	0	0	0	0	0	0	0	0	0	0	0	0	0	0	0	0	0	0	0	0	0	0	0	0	0	0	0	0	0	0	0	0	0.412	17.922	4.326	1.03	0.206	0	0	0	0.206	0	0	0	1.236	0.206	0	0.412	0	0.412	0	0.412	0.412	0	0.618	1.03	0	0.412	0.412	0.206	0.412	0.412	0.824	1.03	0	0.618	0.412	0.206	0.206	0.824	0	0.412	0	0.206	0	0.206	0.618	0	0	1.854	1.442	0.206	0.412	0.206	0.206	1.236	1.442	0.824	0.618	0.206	0.412	0.824	0.824	0.412	1.03	1.442	1.648	1.03	1.236	0.206	0.412	0.412	0.412	0.412	0.412	0	0.206	2.266	1.03	0.206	0.618	1.442	2.266	0.206	0	0.206	0	0	0.206	0.824	0	0	0	0	0	0	0.206	0	0.824	0	0.206	0	0	0.206	0.063	0.761	0.618	1.877	1.007	1.03	0.412	1.648	1.648	1.854	0.618	0.206	0.206	0.618	0.412	0	0	0	0.618	1.648	1.236	0.618	0.206	0.618	0.618	0	0	0.206	0.618	0.824	0.824	1.236	0.412	0	0.412	0.206	0.206	0.206	0.412	0.412	0	0.206	0.412	0	0.206	0	0.683	0.965	0	0.206	0.824	0.412	0.206	0	0.412	0.824	0.824	1.648	0.206	0.412	0.824	0.824	0.412	0.412	0.824	1.236	0	1.03	0.206	0.412	0.412	0.618	0.206	0.206	1.03	0.412	0.206	0.412	0.618	0.824	0.618	0	0	0.618	1.648	0.206	0.412	0.824	0.206	0.206	0.618	0	0.412	0.206	0	0.412	0	0.412	0	0.206	0	0	0	0	0	0	0	0	0	0.206	0	0	0	0.206	0	0	0	0.412	0	0.412	0	0.412	0	0	0	0	0	0	0	0	0	0.206	0.206	0.206	0	0	0	0	0	0	0	0	0	0	0	0.206	0	0	0	0.206	0	0.206	0	0	0.412	0	0	0	0	0	0	0	0	0	0	0.412	0.412	0.206	0	0	0	0	0	0.412	0	0.206	0	0.206	50:60,280.935:200,50:80
Rps27l-NM_001311101	0	0	0	0	0	0	0	0	0	0	0	0	0	0	0	0	0	0	0	0	0	0	0	0	0	0	0	0	0	0	0	0	0	0.206	0	0	0	0.206	0	0	0	0	0	0	0	0	0.206	0	0	0	1.442	2.06	0.412	0.206	0	0	0.206	0	0.206	0.412	2.06	2.884	17.213	3.746	5.935	75.917	38.921	2.159	0.725	0.618	0	0.412	0.618	0	0	0.206	1.06	0.382	0.206	1.854	0.206	0	1.083	2.098	0.527	0.412	1.03	0	0	0.206	0	0	0.206	0.206	0	0	1.204	0.65	0.412	2.554	1.309	0.874	0.412	0.412	0	0	0	0	0	0	0	0.206	0.206	0.824	0	0	0	0.412	0	0	0	0	0	0.206	0.206	0.412	0.206	0	0.206	0	0.028	0.178	0.618	0.618	0	0.206	0.412	0	0.206	0.412	0	0.653	0.377	0	0	0	0	0	0	0.206	0	0	0	0.206	0	0	0	0	0	0	0	0	0	0.049	0.157	0	0.618	0.206	0.412	0	0	0.206	0	0	0	0	0	0	0.206	0	0.206	0	0	0	0	0	0	0	0	0	0	0	0	0	0	0	0	0	0	0	0	0	0	0	0	0	0	0.49	1.776	0	0	0	0	0	0	0.206	0	0.206	0	0	0	0.206	0.618	0.824	0.314	0.45	0.472	0.618	1.703	0.563	0	0	0.618	0	0	0	0	0.206	0	0	0	0	0	0	0	0	0	0	0	0.206	0	0	0	0	0	0	0	0	1.236	0.618	0	0	0.206	0	1.442	2.266	3.914	2.884	1.03	0.618	1.03	2.678	1.03	0	0	0	0	0	0	0	0	0	0	0	0	0	0	0	0	0	0	0	0	0	0	0.618	0.412	1.442	0.618	1.854	1.236	0.412	0.618	0	0	0	0.206	0	0	0	0.618	0.412	0.618	0.618	0	0	0	0	0	0	0.206	0	0	0	0	0	0	0	0	0	0.412	0	0	0.206	0	0	0	0.206	0	0	50:60,17.185:200,50:80
Rps6kb2-NR_153661	0	0	0.206	0.206	0	0	0.206	0.824	0.206	0	0.412	0.412	0.206	0.618	0	0.412	0.206	0	0.206	0	0.206	0.206	0	0	0.206	0	0	0	0.206	0.206	0	0	0	0.206	0	0.412	0.206	0.412	0.206	0	0	0	0	0.412	0.206	0.206	0	0.206	0	0	0	0	0.206	0	0	0	0	0	0.206	0	0.404	1.038	1.854	8.314	21.927	0.865	1.854	0.206	0.206	0	0	0	0	0	0	0.206	0	0	0	0.412	0	0	0	0	0	0	0	0	0	0	0	0	0	0	0	0	0	0	0	0	0	0	0	0	0	0	0	0	0	0	0	0	0	0	0.206	0	0	0	0	0	0	0.206	0	0.091	0.527	0	0.412	0	0	0	0.239	0.379	1.03	0.618	0.206	0.206	0	0	0.206	0	0	0	0	0	0	0	0	0	0	0	0	0	0	0	0.206	0	0.255	1.187	0	0	0	0.206	0	0	0.206	0	0	0.206	0.206	0.412	0	0.618	0.099	1.343	0.824	0.206	0.206	0	0	0	0	0	0	0.206	0	0	0	0	0	0.206	0.206	0	0.206	0.206	0	0	0.412	0	0	0	0	0	0	0	0	0.651	0.997	0.206	1.442	1.648	0.412	0	0	0.206	0	0.412	0	0	0	0.618	0.206	0	0.824	0.206	0	0.206	0	0	0.206	0	0.412	0.206	0.824	1.236	0.206	0	0	0	0	0.412	0.206	0	0.412	0.132	0.692	0.206	0.206	0	0	0	0	0.206	0.412	0.618	0.618	0.206	0	1.648	1.236	1.236	0.206	0.618	0.618	0.412	1.442	0.206	0	0.824	2.472	0.824	0.412	0	0	0.412	0	0	0	2.884	1.03	1.648	4.944	1.03	1.442	0.412	1.236	1.442	1.03	1.03	3.09	1.854	0.618	0.206	0	0.824	1.442	1.236	1.648	3.09	0.412	0.618	0.824	2.472	1.854	0.206	1.648	1.648	2.06	9.27	2.266	1.648	4.532	0	0.412	1.03	2.06	0.412	0.412	0	0.618	0.618	1.854	0	0.618	0.206	0.206	0.412	1.03	1.03	0.412	0.412	0.412	1.854	2.678	2.266	0.824	0.412	1.854	0.618	0	0.206	50:60,32.96:200,50:80
Rreb1-NR_033218	0	0	0	0	1.03	0.824	1.03	0.412	1.03	0.824	0.206	0.206	0.412	0.206	0.206	0.618	1.648	0.824	0.206	0.412	0.824	2.472	0.618	0	0.412	0.206	0	0	0.206	0	0.412	0.412	0	0	0.824	2.266	2.472	1.03	0.412	0.412	0	0.412	0.206	0.412	0.206	1.442	1.03	0	0.824	0.206	0	0.206	0	0.618	1.03	0	0	0.206	0.618	0.206	2.266	2.06	2.472	7.416	0.824	4.12	2.064	0.82	1.854	0	2.678	6.798	0.206	1.03	4.12	2.678	4.12	4.738	1.03	3.09	3.708	3.09	2.678	2.472	2.369	5.253	3.708	1.236	5.768	6.798	0	0.206	1.854	2.472	3.502	2.884	3.465	4.569	2.266	4.738	5.356	5.356	4.532	5.768	0.412	3.502	2.266	3.914	1.883	2.237	2.472	2.678	2.266	2.678	3.09	4.326	0.618	5.768	2.472	3.296	2.06	6.592	2.884	2.678	3.09	2.266	6.926	6.464	2.678	2.06	5.15	2.678	6.18	7.474	4.783	5.253	4.944	3.502	7.828	2.06	3.296	3.296	3.914	5.15	7.004	5.356	3.708	7.004	7.828	3.914	3.296	5.768	6.386	10.094	3.502	6.18	3.502	2.884	1.854	8.858	2.884	3.914	4.738	8.034	4.532	7.037	2.851	3.296	3.09	4.738	1.648	2.472	5.562	2.884	4.326	15.45	2.266	1.442	3.296	3.09	3.502	6.18	2.884	1.236	2.472	1.59	7.268	2.884	2.06	1.236	2.884	2.472	2.472	6.592	2.678	2.678	3.502	4.12	3.296	6.386	5.974	5.15	2.678	2.884	3.09	1.442	3.502	2.678	1.03	2.472	2.06	4.944	1.388	7.058	1.442	0.412	5.974	0.618	5.15	1.03	0.206	2.06	9.682	4.12	4.326	2.678	1.236	2.678	7.21	4.12	4.532	1.236	1.854	8.034	2.678	5.15	2.266	4.326	3.914	3.502	2.266	2.06	1.648	3.09	2.472	1.854	3.09	4.326	3.296	2.472	0.618	4.351	5.331	1.648	0.412	1.03	5.356	2.472	2.06	2.472	0.412	1.648	0.618	0.618	0.824	0.206	0.412	1.442	1.442	2.678	1.854	2.06	6.18	0.824	0.618	1.236	1.03	0.412	0.824	0.206	0.412	0.412	0.206	1.854	2.884	1.442	0	0.206	0	0	0.412	0.206	0	0	0	0	0	0.206	0.206	0.206	0	0	0	0	0	0.824	0.206	0.412	0.824	0.412	0.412	2.472	0.206	0	0.618	0.206	1.236	0	0	0	0	0.412	0.206	0	0	0	0.206	0.206	0.206	0	0.206	0.412	0	0	0.206	0	0.206	0.412	0	0.206	50:60,317.86:200,50:80
Rsrc2-NR_153357	0	0	0	0	0	0	0	0	0	0	0	0	0	0	0	0	0	0	0	0	0	0	0	0	0	0	0	0	0	0	0	0	0	0	0	0	0	0.206	0.824	0.206	0	0	0	0	0	0.824	0	0	0.412	0.206	0	0.206	0	0	0	0	0	0	0.206	0.824	623.812	418.161	7.76	4.806	0.412	0.618	0.412	0.618	1.134	0.514	0.618	2.884	0.412	0.206	1.236	1.854	1.442	2.884	1.03	3.708	0.824	3.708	1.236	2.06	2.678	0.117	0.501	2.06	1.236	6.592	0.412	0.618	0.412	1.881	3.269	2.266	1.236	0.412	0.618	0.824	3.09	1.442	4.794	5.507	1.442	2.666	7.429	3.296	3.708	0.824	0.618	1.442	0.842	1.837	3.296	2.06	0	1.854	0.206	3.708	1.236	1.648	2.06	1.236	1.648	0.206	6.657	0.759	3.09	2.266	0	0.618	5.356	0.618	4.12	3.671	3.539	0.412	5.967	0.831	0.618	0.412	0	1.03	4.944	2.266	1.236	1.236	0	0	4.944	13.996	9.053	2.084	2.06	4.944	1.579	6.661	4.532	1.236	5.86	5.882	2.472	1.706	2.62	8.652	2.06	0	2.679	4.325	0.618	2.06	5.93	2.928	3.502	0.824	0	3.296	0.824	9.682	16.068	1.854	0.412	2.678	4.326	2.678	5.362	4.732	1.442	3.296	2.266	4.12	1.442	0.824	4.738	2.678	3.502	7.622	1.442	1.442	0.412	0.824	1.854	6.386	2.06	1.236	2.884	7.799	6.541	9.763	5.087	2.123	3.005	4.618	15.45	10.3	4.326	0	2.06	9.682	22.043	1.854	0	9.884	5.566	1.236	0.824	1.03	2.884	3.708	1.442	0.412	0.206	1.854	0.618	1.03	6.386	16.48	4.738	5.356	2.472	2.882	3.504	1.648	3.878	1.684	2.678	6.798	0	2.081	9.868	4.12	2.266	2.06	3.09	10.3	0	6.592	10.3	1.648	2.678	0.206	1.03	2.06	4.944	4.738	9.476	15.862	5.974	3.502	0.206	1.03	1.648	1.236	2.266	3.09	7.828	4.944	5.15	4.326	0.824	0.206	0.824	3.502	1.03	5.356	0.206	0.824	1.854	5.15	6.798	2.472	2.266	0	0	0.618	1.03	0.824	0.824	4.12	2.06	1.236	3.502	1.854	1.03	0.618	1.854	0.412	0	0	0	0	0	3.296	0.206	0	0	0	0	0	0	0	0	0	0	0.618	0	0	0	0.206	0.206	0	0	0	0	0.206	0	0	0	0.206	50:60,104.945:200,50:80
Runx3-NM_019732	0	0	0	0	0	0	0	0	0	0	0	0	0	0	0	0	0	0	0	0	0	0	0	0	0	0	0	0	0	0	0	0	0	0	0	0	0	0	0.206	0	0	0	0	0	0	0	0	0	0	0	0	0	0	0	0	0	0.206	0	0	0	0.206	0	0	0	0	0	0	0	0	0	0	0	0.206	0	0	0	0	0	0	0	0	0	0	0	0	0	0	0	0.206	2.06	1.03	0	0	0	0	0	0	0.206	0	0	0	0	0.206	0	0	0	0	0	0.206	0	0	0.206	0	0	0	0	0	0	0	0.206	0	0	0	0	0	0	0	0	0	0.206	0	0	1.442	0	0	0	0	0	0	0	0	0	0	0	0	0	0	0	0	0	0	0	0	0	0	0	0	0	0	0	0	0	0.206	0	0.206	0.206	0	0	0	0.618	0	1.854	0.206	0	0	0.206	0	0.206	0.412	0	1.236	0.412	0.206	0	0	0.206	0	0	0.824	0.412	0.412	0.206	0.412	1.03	1.442	0.824	0.618	0	0.824	0.206	0	1.03	0	0	0	0.206	0	0.412	0.412	0	0	0.206	0.206	0	0.206	0.412	0.412	0.412	0	0.618	4.132	1.018	2.884	0	0.412	1.648	1.03	0	0.206	0.412	0	0.824	0	0.412	0	0	0.206	0.206	0.206	0.206	0.412	0.618	0.412	0.618	0	0.206	0.412	0.824	1.854	0.824	0.824	0.824	0.206	0.206	0	0	2.06	0.412	1.648	3.09	2.266	1.236	0	0	0	0	0	0.206	0.206	0.824	0.412	0.206	0.618	1.442	1.03	0.618	0.206	0.412	0	1.854	2.472	0.412	0	0.206	1.03	0.618	0.206	0	0	0	0	0.412	0.412	0.206	0.412	0.412	0.412	0	0	0.206	0.412	0	0	0	0.206	0.206	0.206	0	0	0	0	0.206	0	0.618	0	0.206	0	0	0	0	0.206	0	0.206	0	0	0.206	0.206	0	0.206	0	0	0	0.206	0	0	0	0	0	0	0	50:60,286.73:200,50:80
S100a1-NM_011309	0	0	0	0	0	0	0	0	0	0	0	0	0	0	0	0	0	0	0	0	0	0	0	0	0	0	0	0	0	0	0	0	0	0	0	0	0.206	0	0	0	0	0	0	0	0	0	0.206	0	0.618	14.008	6.798	0.412	0	0.206	0	0.206	0.206	0.206	0.824	1.854	0.412	0.824	2.266	12.987	12.352	1.442	0.206	0	0.206	0.206	0	0.412	0	0.206	0.206	0.206	0.618	0	0.206	0	0	0	0	0	0	0.206	0	0	0	0	0	0.206	0.206	0	0	0.206	0	0	0	0	0	0	0	0	0	0	0	0	0	0	0	0	0.206	0	0	0.206	0	0	0.206	1.854	0.824	0.618	0	0.206	0	0	0	0.206	0	0	0	0	0	0	0	0	0.071	0.341	0.618	0.206	0.265	0.971	0	0.206	0	0	0	0	0	0	0	0	0	0	0	0	0	0	0	0	0	0	0	0	0	0	0	0	0	0	0	0	0	0	0	0	0	0	0	0	0	0	0	0	0	0	0	0	0	0	0	0	0.206	0	0	0	0	0	0	0	0	0	0	0	0	0	0	0	0	0	0	0	0.206	0	0	0	0	0	0	0	0	0	0	0	0	0	0	0	0	0	0	0	0.206	0	0.206	0.206	0	0	0	0	0.206	0.206	0	0	0	0	0	0	0	0	0	0	0.206	0.206	0	0	0	0	0	0	0.206	0	0.206	0.412	0	0	0	0.206	0	0.206	0.206	0.412	0	0	0	0	0.412	0.618	0	0	1.03	0.412	1.648	1.854	1.442	0.206	0	0.206	0.206	0.206	2.678	5.974	0	0	0	0	0.206	0.412	0.206	4.326	18.952	3.914	0.618	2.06	1.03	0.206	0	0	0.206	0.618	0.618	0.824	0.618	0.412	0.412	0	0.206	0.412	0.618	0.206	1.03	0.618	1.236	0	0.824	0.618	0.824	5.974	0.412	0	0.206	0.412	0.206	0.206	0.618	0.412	0.824	0.412	0.206	0.824	50:60,16.485:200,50:80
Samd10-NM_172676	0	0	0	0	0	0	0	0	0	0	0	0	0	0	0	0	0	0	0.618	10.712	12.154	9.476	2.266	1.03	0.206	0	0.206	0	0	0	0.206	0	0	0	0	0	0	0	0	0	0	0	0	0	0	0	0	0	0	0	0	0	0	0	0	0	0	0	0	0	0.206	0.206	0	0.26	1.594	0.824	0.618	0.206	0	0	0	0	0.618	0.412	1.03	0.618	0	0	0	0.062	0.144	0	0	0.618	0	0	0	0	0	0	0	0	0.206	0	0	0	0.206	0	0	0	0	0	0	0	0	0	0	0	0	0	0	0	0	0	0	0	0	0	0	0	0	0	0	0	0	0	0	0	0	0	0	0	0	0	0	0	0	0	0	0	0.206	1.716	0.962	0.412	0	0	0	0	0	0	0	0	0	0	0	0	0	0	0	0	0	0	0	0	0	0	0	0	0	0.206	0	0	0.206	0	0	0	0	0	0	0	0	0.192	0.014	0	0	0.206	0	0	0	0	0	0	0	0	0	0	0	0	0	0	0	0.206	0.206	0	0.206	0	0.206	0	0.141	0.065	0	0.206	0	0	0	0	0	0	0	0	0	0	0	0	0	0	0	0	0.206	0	0.618	0	0	0	0	0	0	0	0.412	0	0	0.206	0.412	0	0	0	0	0	0.412	0.412	0	0	0	0	0	0	0.206	0	0	0	0	0	0	0	0.206	0.824	0.618	0.618	0.206	0	0.412	0.618	0.618	0.412	0.824	0	0	0	0.206	0	1.854	0.206	0.412	0.412	0.618	0	0.412	0.206	0.618	0	0	0	0.206	2.06	0	0.618	0.412	1.236	0.206	1.03	0.206	0.412	0.618	1.236	0.618	0	0	0.206	0.206	0	1.03	0.412	0	0.206	0	0.618	0.206	0	0.618	0.412	1.03	0	0.206	0.618	0.206	0.206	0	0	0.206	0.206	0.618	0.206	0.206	0.206	0.412	0.412	0.206	0	0	0.412	50:60,20.065:200,50:80
Samd4b-NM_175021	0.412	0.206	0	0	0	0.206	0	0	0	0	0	0	0	0	0	0	0	0.206	0	0	0	0	0	0	0	0.206	0	0	0.206	0	0	0.206	0	0	0	0	0	4.944	0.824	0	0.206	4.944	7.004	1.03	1.442	0	0	0	0.412	0.206	0	0	0	0	0	0	0	0	0.618	0	0.206	0.824	0.206	0	0.206	0	0.412	0.206	0.206	0.206	0.412	0	0	0	1.03	0	0.206	1.236	0.206	0.824	1.442	1.648	0.206	4.944	1.03	1.648	0.412	2.06	1.442	1.236	4.738	4.326	1.442	0.412	0	1.236	1.03	2.884	0.206	0	2.266	5.356	1.236	1.648	3.708	3.09	2.884	7.004	2.266	1.442	3.914	4.738	1.236	0.206	0.206	3.296	5.562	0.618	1.236	1.03	0.824	0.412	3.502	1.648	1.391	5.202	3.09	1.648	1.03	2.678	3.296	8.281	2.843	0.206	2.266	1.236	4.738	1.442	2.328	1.174	2.884	1.854	2.472	5.15	1.854	1.442	4.532	2.266	2.266	7.622	2.06	1.854	2.266	2.472	1.236	3.914	2.472	3.502	3.018	4.81	14.832	0	4.12	6.592	4.738	2.884	3.801	3.986	4.573	1.03	5.562	0	11.65	4.213	3.502	1.236	3.708	5.356	2.678	0.618	1.03	3.502	6.386	2.142	5.48	2.884	0.618	8.446	5.593	8.827	5.15	16.48	12.566	5.974	13.648	4.604	2.142	7.128	6.675	3.09	7.004	3.296	4.738	29.871	13.184	2.472	11.536	5.768	1.03	7.004	1.236	2.966	6.304	1.648	2.884	8.858	2.266	7.416	7.828	6.798	1.648	1.236	1.648	1.442	2.884	0.618	1.648	5.562	1.854	10.712	5.15	2.884	5.768	6.18	2.884	1.03	9.064	2.06	3.708	5.562	13.802	5.974	4.12	1.524	3.008	4.12	2.678	1.648	0.206	3.296	0.618	5.15	1.03	4.944	2.266	0.824	4.522	3.924	3.09	3.914	1.442	0.412	0.824	0.412	0	0.206	0.824	2.266	1.236	1.03	1.854	3.09	0.412	1.236	0	1.854	0	0.412	1.03	1.03	0.824	0.618	0.824	2.884	2.678	7.21	1.648	1.03	2.266	4.532	0.412	2.678	1.442	5.768	2.884	0.618	1.854	1.03	2.472	0	0	0	2.472	0	0	0.206	2.266	0.206	0	0	0.618	5.768	1.03	0.412	3.09	1.648	0.206	0.206	0.206	1.03	1.442	0.824	0.824	1.648	5.768	7.622	2.266	4.12	0.412	3.09	3.502	1.442	0.824	3.296	1.03	0.412	0.412	0.824	0.412	0.412	50:60,183.35:200,50:80
Satb1-NM_001357640	0	0.206	0	0	0.206	0	0	0.412	0	0	0.206	0	0.412	0	0	0	0.618	0.206	0.206	0.206	0	0.824	0.206	0	0	0	0	0.206	0.206	0	0	0	0.206	0	0	0	0	0.412	0.206	0	0	0.412	0	0	0.206	0.412	1.648	0.412	0.206	0	0.206	0	0	1.442	0.412	0.412	0	0	0.206	0	2.678	1.648	2.06	2.06	1.854	0.412	3.296	1.03	5.562	2.266	0.824	0.824	0.824	1.648	3.09	3.09	2.266	3.296	3.502	1.854	0.824	0.206	1.648	1.236	0.824	0.77	1.908	1.854	1.854	2.884	4.056	1.3	1.236	0.824	3.09	1.442	0.824	0.824	1.442	2.678	0.824	2.06	0.206	0	0.824	2.06	1.648	0.206	0.618	0.412	2.266	0.824	0.824	0.412	0.412	1.03	7.004	0.824	4.12	0.618	2.472	3.502	2.678	2.678	2.472	1.236	1.03	0.206	0.618	2.06	1.03	1.03	1.442	0.824	0.824	0.824	1.236	2.266	3.296	1.03	1.648	0.824	3.914	1.887	2.027	1.236	1.03	1.854	2.06	2.472	3.296	0.206	1.442	0.412	2.06	2.678	0.206	1.648	3.502	0.206	1.03	0.206	3.296	0.206	0.618	3.09	0	0.618	2.06	1.236	3.914	1.236	2.266	1.03	1.648	1.854	6.386	4.532	3.502	3.502	1.854	1.648	2.678	1.648	2.472	1.236	1.854	1.03	1.03	1.236	1.03	1.236	0.206	1.648	1.854	1.648	1.648	0	3.296	0.824	2.884	2.472	1.648	5.356	2.266	2.06	1.03	0.824	1.03	0.412	1.442	0.618	1.854	0.206	1.854	1.236	1.442	0.412	1.03	3.09	0.412	1.03	0.412	0.206	0.618	2.06	0.824	1.03	0.824	1.648	2.884	1.03	0.618	1.648	0.824	1.03	1.442	0.206	1.854	2.06	2.678	2.472	1.648	0.206	1.267	3.059	0.412	2.678	1.236	1.03	2.472	0.618	0.824	2.472	1.854	4.12	0.618	3.296	2.266	1.03	0.206	0	0.206	0.206	0.206	0	0	0	0.206	0.206	0	0	0	0	0	0	0.206	0	0	0	0	0	0	0	0.412	0	0	0	0	0	0	0	0.206	0	0	0	0	0	0	0	0	0	0	0	0	0.206	0	0	0	0	0.206	0	0	0	0	0	0	0	0	0	0	0	0.206	0	0	0	0	0	0	0	0	0	0	0	0	0	0	0	0	0	50:60,379.99:200,50:80
Scfd1-NR_157117	0	0.618	1.648	3.502	7.004	0.412	1.03	0.618	1.03	2.06	3.296	4.12	2.678	1.442	0.206	1.442	2.472	5.974	11.536	4.532	1.236	0.412	1.648	2.266	1.236	0.206	0.824	0.412	1.648	0.824	6.386	1.442	2.884	4.12	1.236	1.03	2.884	7.416	1.236	1.236	4.738	1.442	1.854	3.296	0.412	3.296	9.888	5.974	2.678	12.154	8.24	4.944	0.618	0.412	3.09	5.768	23.897	10.506	8.652	1.648	185.199	11.742	6.798	1.03	0.824	2.678	2.266	2.06	2.472	1.442	0.412	3.09	2.472	1.03	6.18	3.09	5.15	2.266	2.06	7.416	1.03	0	5.562	5.562	0.824	0.618	1.236	2.884	1.648	1.648	0.618	1.854	1.442	1.854	3.502	4.12	1.236	3.09	5.768	3.914	1.854	1.03	0.618	1.648	2.06	5.974	6.18	1.236	3.708	1.236	0.824	9.476	4.928	6.815	4.738	2.884	1.03	1.03	0.412	1.236	2.274	1.434	1.03	4.12	1.236	2.678	2.266	0	3.296	4.738	3.502	5.15	3.502	3.09	1.236	4.944	4.326	4.738	4.944	1.03	3.914	10.506	5.356	2.884	9.064	1.854	3.296	2.472	3.914	1.03	0	0	0.206	0	0	0.206	0.618	0.618	5.15	2.678	3.914	1.648	1.648	8.24	1.648	2.884	6.592	7.416	1.442	3.708	4.532	3.024	1.714	2.472	0.412	2.472	1.648	2.266	5.768	1.03	1.442	0.206	0.618	2.208	2.118	0.618	1.236	4.532	1.236	0	0.412	4.12	3.09	2.472	6.18	4.532	1.854	0.824	0.412	1.236	2.678	4.738	0.824	2.266	1.03	3.708	1.03	6.18	6.18	3.708	1.648	2.06	0.824	1.648	10.712	2.06	0.824	3.914	6.592	2.06	3.708	4.326	0.618	0.618	2.266	1.854	0.412	1.648	5.768	0.412	3.708	1.03	2.06	1.648	1.236	0.618	2.06	3.914	1.854	2.513	2.019	2.884	4.738	3.09	4.738	3.708	4.738	3.914	3.09	1.03	3.09	5.356	3.914	0.412	1.03	4.944	3.725	1.014	2.06	1.03	0	0	0	0	0	0	0	0	0	0	0	0.206	0.412	0.206	0.412	0.206	1.03	0	0	0	0.412	0.618	2.06	1.854	0	0	0.412	0.206	0.412	0.206	0	0.412	0.206	0.618	0.412	1.03	0	0	1.236	0.206	0.618	0.618	0.206	0.206	0.412	0.412	0	0.412	0	0	0.206	0	1.03	0.618	1.03	0.412	0.206	0	0	0	0.412	0.206	0.206	0.206	0	0.206	0	0	0	0	0.206	0.412	1.236	0.618	0.206	0.412	0.618	0.618	1.03	1.236	50:60,346.64:200,50:80
Sec14l5-NM_001127725	0	0	0	0	0	0	0	0	0	0	0	0	0	0	0	0	0	0	0	0	0	0	0	0	0	0	0	0	0	0	0	0	0	0	0.206	0	0	0	0	0	0	0	0	0	0	0	0	0	0	0	0	0	0	0.206	0	0	0.824	7.828	10.506	0.412	0.412	0.412	0.412	0.206	0	0	0	0	0	0	0	0.206	0	0.206	0	0	0	0	0.206	0.206	0.206	0	0	0.206	0	0	0	0	0	0	0.206	0	0	0.824	0.206	0.206	0.412	0	0.412	0	0	0	0.206	0	0	0	0.206	0.206	0	0	0.206	0.206	0.206	0.412	0.206	0.824	0	0	0	0.206	0	0.206	0	0	0.206	0.412	0	0	0	0.206	0.206	0	0	0	0	0.206	0.206	0	0.412	0	0	0	0.206	1.03	0	0	0	0	0	0.412	0.206	0	0.412	0.412	0	0.206	0	0	0.618	0	0.206	0.206	0.206	0.824	0	0.618	0.206	0.206	0	0	0	0.206	0.206	0	0.206	0	0	0	0	0	0	0	0.206	0.412	0.206	0.412	0	0	0	0	0.206	0	0.206	0.206	0	0.206	0.206	0.412	0	0	0	0	0.618	0	0	0.206	0.412	0	0.206	0.206	0.412	0	0.412	0	0	0	0	0	1.442	1.03	0	0.206	0	0	0	0	0	0.206	0	0	0.206	0.206	0	0.412	1.236	0	0	0.412	0.206	0	0	0.618	0	0	0	0	0.206	0.206	0	0	0.206	0	0	0.412	0	0.206	0	0.206	0	0	0	0	0	0.206	0	0	0.206	0.618	0	0	0.618	0.206	0.206	0	0	0.206	0	0	0	0	0	0	0.412	0	0	0	0	0	0	0.206	0.206	0	0	0	0	0	0	0	0	0	0	0	0.412	0	0.206	0	0	0	0.412	0.206	0	0.412	0	0	0	0	0	0.618	0.206	0.206	0	0.206	0.206	0.412	1.03	0.412	0.206	0	0.206	0	0	0	0.206	0	0	0	0.206	0	0	0.618	50:60,184.13:200,50:80
Septin8-NM_001361968	0	0	0	0	0	0	0	0	0	0	0	0	0	0	0	0	0	0	0	0	0	0	0	0	0.206	0	0	0	0	0	0	0	0	0	0	0	0	0	0	0	0.206	0	0	0	0	0	0	0	0	0	0	0	0	0	0.206	0.206	1.236	0	0	0	0.206	0.412	0.412	0.206	0	0.206	0.412	1.236	0.237	0.381	0.206	0.618	0	0.206	1.03	0.412	0.412	0	0.206	0.824	0	0	0.412	0	0.206	0.206	0.618	0.618	0.031	0.381	0	0.206	0.618	1.03	0	0.206	0.824	1.03	0.618	0.824	0.618	1.03	1.442	0.412	0	0.618	0	0	0.618	0	0.206	0.618	0.618	0.412	0.824	0.206	1.236	1.236	1.442	1.854	0	0.412	0.618	0.288	0.33	0	0	0.412	0.412	1.03	0.206	1.03	0.412	0.618	0.824	0.824	0	0	0.618	0.618	1.236	0.206	0.618	0.618	0.206	0	0	0	0	0	0.618	0	0	0.618	1.442	1.442	0	0.206	1.03	0.412	0.412	0	0.206	0.412	1.03	1.03	0.412	0.412	0.206	0	0.824	1.236	0.824	0.412	1.03	1.03	0.206	0.824	1.03	0.618	0.206	1.03	0	0	0	0	0	0	0.206	0	1.442	0	0.618	0.206	0.412	1.03	0.412	0	0	0.412	0.824	0	0.618	1.236	0.412	0.206	0.618	0	2.678	0.206	1.648	0.206	0.618	2.06	3.708	2.06	2.256	4.748	3.914	1.648	5.356	6.798	3.09	3.914	1.442	1.236	6.778	3.111	0.618	1.236	0.412	0.824	1.03	0.824	0	0	0.412	0.412	0.412	0.206	2.472	5.15	0.412	0.412	0.824	0.412	0.618	0.412	0.412	0.412	0.206	1.648	1.236	2.472	0.412	1.03	0.618	0.206	0.206	0.618	0	0.206	0.412	0	0	0	0	0	0	0	0	0	0	0	0	0.206	0	0	0	0	0	0	0.206	0	0	0	0.412	0.412	0	0	0	0.206	0	0	0	0	0.206	0	0.206	0	0.206	0	0	0	0	0	0	0	0	0	0.206	0.412	0	0	0	0	0	0.206	0	0.206	0	0	0	0	0	0	0	0	0	0	0	0	0.206	0	0	0	0	0	0.206	0	50:60,149.35:200,50:80
Setx-NM_198033	0	0	0	0	0	0	0	0	0	0	0	0.412	0.206	0.412	1.236	2.06	0.412	0.824	0.206	0	0.206	0	0.206	0	0	0	0	0	0	0	0	0	0	0	0.206	0	0	0	0	0	0	0	0.412	5.356	0.206	0	0	0	0	0.618	0.206	0	0.412	0	0.206	0.206	0	0	1.236	0.412	13.844	17.675	4.532	1.03	3.296	2.06	2.678	2.06	0	1.442	0.412	0	1.236	8.446	7.416	3.708	5.768	2.884	23.073	3.09	7.416	3.09	14.214	9.476	3.09	8.034	10.3	2.266	2.596	2.554	2.678	12.36	7.21	8.034	2.472	3.09	7.622	4.944	9.27	9.888	11.124	7.416	4.532	4.738	4.326	20.601	11.124	2.472	8.034	10.094	2.266	4.326	2.678	2.266	0.412	10.094	0.206	3.296	7.21	0.206	0.206	1.442	4.326	17.51	3.296	1.442	9.064	4.532	1.03	4.944	1.03	1.236	8.24	15.038	11.948	21.219	20.601	30.324	7.375	17.098	18.746	5.727	34.073	102.137	17.716	11.536	10.918	11.536	14.626	15.45	11.124	19.57	10.753	12.731	17.922	10.918	6.798	9.517	12.731	5.974	8.817	3.337	5.15	2.266	2.884	2.06	1.854	4.738	1.03	12.566	4.326	7.416	14.008	23.897	8.652	10.3	7.622	14.626	4.944	5.974	4.326	2.884	1.442	13.802	6.386	2.884	4.326	5.15	9.888	5.562	6.798	19.982	4.944	10.918	1.03	5.356	8.24	22.043	10.094	0.412	10.3	4.12	1.648	4.738	5.356	3.914	0.824	0	2.472	5.356	0.618	5.562	2.06	3.09	4.326	4.738	4.944	1.854	2.472	3.09	2.266	1.648	4.326	4.12	3.914	9.682	7.622	16.274	3.708	10.712	6.592	3.09	1.277	10.671	2.678	25.339	3.296	11.948	5.15	11.742	7.828	2.678	7.663	8.323	8.117	13.39	5.562	6.18	7.004	4.738	2.884	8.034	10.506	11.289	24.762	29.871	8.24	26.987	12.978	7.828	0.206	1.442	2.266	2.472	0.824	0.412	0.618	1.03	1.648	0.206	0	0.206	0.206	0	0	0.206	0.412	1.236	2.472	2.472	3.914	4.326	2.884	1.854	0.618	0.412	0.206	1.03	4.944	4.738	2.472	4.326	3.914	1.236	1.648	0	0.412	1.648	4.326	0.206	1.03	0	0	0.206	0.824	0.206	1.236	4.944	2.884	1.03	0.206	0.206	0	1.236	0.206	0	0.206	0.412	1.236	0.206	0	0	0.206	0	0	0.412	0	0	0.206	0.412	0.206	0.206	1.03	0.206	0.206	0.412	0.412	0.412	0	0.206	50:60,287.4:200,50:80
Sfrp4-NM_016687	0	0	0	0	0	0	0	0	0	0	0.206	0	0	0	0	0.206	0	0	0	0	0	0	0	0	0.206	0	0	0	0	0	0	0	0	0	0	0	0	0	0	0	0	0	0	0	0	0	0	0	0	0	0	0	0.206	1.03	0.412	0	0	1.442	13.802	10.094	3.296	0.412	0	0	0	0	0	0	0.206	0	0	0	0.618	0	0	0	0	0.206	0	0	0	0	0	0	0.412	0.206	0	0.206	0	0	0	0	0	0	0.618	0.206	0	0	0	0	0	0	0.206	0.206	0	0	0	0	0.206	0	0	0	0	0	0	0	0	0	0	0	0	0	0	0	0	0	0.206	0.412	0.206	0	0.206	0	0	0	0	0.206	0	0.206	0.206	0	0	0	0	0.206	0	0.412	0	0	0	0	0	0.206	0	0	0	0	0	0	0	0	0	0	0	0.206	0	0.206	0	0	0	0	0.206	0	0	0	0	0	0	0.206	1.03	0.412	0.206	0	0.206	0	0.206	0	0.206	0.206	0.412	0	0.412	0.206	0	0	0	0	0	0	0	0	0	0	0	0.206	0	0	0	0	0.206	0.206	0	0	0	0.206	0.412	0	0	0	0	0.206	0.206	0.206	0	0	0	0	0	0.412	0.206	0.618	0	0	0	0	0	0	0	0	0.206	0.412	0	0.412	0.206	0.206	0	0.206	0.206	0	0	0.206	0	0	0.206	0	1.442	0.618	0	0	0	0	0.412	0	0	0	0.206	0.206	0	0	0.206	0	0	0	0.412	0.206	0.412	0.206	0.206	0.618	0	0.206	0	0	0	0	0.412	1.03	0	0.412	0.206	0	0	0	0.412	0	0.206	0	0	0.412	0.206	0.206	0.206	0	0	0	0.206	0.412	0.412	0	0	0	0.206	1.03	0.618	0.206	0	0	0	0.206	0	0	0.412	0.618	0.618	0.206	0.206	0.206	0	0.412	0.206	0.618	0	0.206	0	0	0	0.618	0.412	0.618	0.618	0.412	50:60,48.245:200,50:80
Sipa1l2-NM_001081337	0.412	0.824	1.03	0.206	0.824	0.412	0.206	0	0	0.412	0.618	2.472	0	0.618	0.206	0	0	0.412	1.236	0.824	0.618	0	0.206	1.648	1.236	1.236	0	1.648	0.206	0.206	0	0	1.854	1.442	0.412	0.412	0.206	0	0	0	0.206	0.412	0.412	0.412	0	0.206	0.824	0.412	0.618	0.412	0	0.206	0.206	0.206	0.412	0.206	0.618	0.824	1.03	0.206	1.854	2.678	4.738	1.236	2.884	7.21	8.034	10.094	6.071	10.615	3.708	1.442	2.472	9.476	4.738	3.708	0.824	1.236	2.678	4.944	8.446	3.296	1.854	3.708	1.648	7.004	6.386	1.236	8.24	3.914	2.884	1.442	3.914	3.547	3.869	9.476	7.828	1.648	3.708	0	0.824	0.206	4.944	0.824	0.206	5.562	1.236	2.472	4.738	3.502	2.06	7.515	9.377	5.768	5.562	3.395	5.463	7.004	1.648	6.139	2.925	2.266	2.06	7.622	2.884	9.27	4.944	1.442	6.236	6.331	4.12	5.768	8.858	4.12	2.884	5.15	7.21	8.24	4.12	2.472	5.356	4.532	2.266	2.678	7.828	5.15	8.24	7.218	4.936	7.004	2.266	9.419	3.766	5.562	3.502	11.742	3.502	5.562	11.536	9.888	8.034	10.918	6.386	8.858	5.562	3.91	13.188	6.18	7.828	4.532	11.124	4.532	5.974	3.708	4.12	3.914	2.678	7.004	5.15	0.824	3.09	2.472	4.944	3.708	3.09	5.356	6.592	8.034	1.854	2.266	0.618	5.15	6.18	5.15	2.884	3.296	4.738	5.974	4.738	0.824	3.09	3.708	2.678	5.974	1.03	2.472	2.472	1.03	3.914	3.708	0.618	1.854	2.472	1.442	5.974	3.502	1.648	4.326	5.562	2.266	2.678	5.356	1.442	3.914	4.738	2.678	9.064	1.854	5.562	7.622	4.12	2.06	2.884	3.914	2.266	3.502	9.27	3.914	2.06	2.472	5.562	3.09	5.15	3.502	1.442	3.296	4.12	4.12	5.974	2.884	2.678	9.682	4.326	2.266	10.918	7.21	1.03	12.772	14.008	5.356	2.678	0.824	0	0	0	0.206	0.206	0	1.236	0	1.648	1.236	0.206	0.824	0	0.412	1.648	0.618	0.206	0.618	0.206	0.412	0.618	0.412	0	0	0.206	0.618	0.618	1.236	2.266	1.236	2.472	1.442	2.472	0.618	1.236	2.678	1.03	1.854	1.03	0.824	0	0	0.206	0	1.03	0	1.648	1.03	1.03	0	0	0	0	0	0	0.618	1.648	1.236	0.824	1.03	0.824	0.618	1.442	1.03	0.206	0	0.206	1.236	0.206	1.442	0.206	0	0.824	0.206	1.854	2.884	2.266	0.412	50:60,373.83:200,50:80
Slc12a4-NM_009195	0	0	0	0	0	0	0	0	0	0	0	0	0	0	0	0	0	0	0	0	0	0	0	0	0	0	0	0	0	0	0	0	0	0	0	0	0	0	0.412	0.618	2.884	1.648	0.618	0.412	0.618	0	0	0	0	0.206	0	0	0	0	0	0	0.206	0	0	0	28.559	12.231	0	1.854	1.854	0.206	0.618	1.03	0.206	1.03	0.206	0.412	0.206	0	0	0.412	0	0.412	0.618	0	0.206	0.206	0.618	0.025	2.035	0.618	0.412	0.206	0.206	0	1.648	1.442	1.236	0	1.03	0.412	2.06	0.618	3.09	1.236	1.03	2.266	0	1.03	1.854	4.12	0	1.854	2.06	0.618	0.206	0.618	1.03	0.206	2.472	1.442	1.423	0.019	0.206	0.824	2.884	1.03	1.442	0.412	0	0	2.884	2.678	2.472	0.206	0.206	0.824	1.03	1.854	1.854	2.472	0	0	0	0.206	0	0.342	1.718	4.12	1.442	1.236	0.824	0.412	1.648	1.648	0.686	2.198	0.412	0.824	1.236	1.236	0.206	1.236	0	0.206	0	0	1.419	0.641	0.618	1.03	0.824	3.296	3.296	1.442	0	1.648	0.618	0.206	2.06	0.824	0.412	0.618	0.618	0.412	0.618	0	0.824	1.442	0.618	1.236	1.442	0.544	2.34	1.648	0.412	2.472	1.854	3.914	5.974	1.236	0.618	0.618	0.206	5.603	3.667	0.206	3.502	1.03	1.442	0	0.206	5.562	2.472	1.236	0.206	0.206	0	0.412	0.412	0.206	0.412	1.442	3.296	2.266	3.502	2.884	1.854	3.502	0.824	1.442	0.824	0.824	1.854	1.854	2.266	0.824	2.884	1.648	2.472	0	0.412	1.442	1.442	0.824	0.206	1.372	0.07	0.206	0.412	2.266	4.738	0.824	1.03	0.206	1.648	4.326	1.03	3.914	2.266	1.236	0.618	2.678	2.266	2.266	0.412	0	0.206	4.12	0.618	0.412	0.824	0	0	0.618	0.412	3.502	1.236	1.442	1.03	0.824	1.648	1.648	4.738	7.622	7.622	2.266	3.502	4.532	0.412	1.442	1.854	0.824	3.708	2.266	1.236	1.648	1.854	1.03	1.648	1.648	0	0	0	1.442	3.914	1.648	0	0.618	0.206	0	0.206	0.206	0.412	0.824	0.206	0	0	0	0.824	2.266	4.326	0.206	0	0	0	0	0	0	0	0	0.618	0.824	0	0	0.824	0.824	0.824	0.824	0	0	0.206	0.412	0.206	0.618	50:60,112.63:200,50:80
Slc25a47-NM_001012310	0	0	0	0	0.206	0.206	0	0.412	0	1.236	0.618	0.618	0.206	0	0	0	0	0	0	0	0	0	0	0	0	0	0	0	0	0.618	0	0.206	0.412	0	0	0.206	0	0	0.206	0.206	0.412	0	0	0.206	0	0	0	0.412	0.412	0.206	0.206	0	0	0.206	0	0	0.206	0.206	0.412	1.442	0	0	0	0.206	0	0.206	0	0.206	0	0.412	0	0	0.206	0	0	0	0.412	0	0	0	0	0	0	0	0	0	0	0	0	0	0.206	0	0	0.206	0.206	0	0.618	0	0	0	0	0	0	0	0	0.206	0	0	0	0.206	0	0	0	0.206	0	0	0.206	0	0	0	0	0	0.206	0	0	0	0	0	0.206	0	0	0	0	0	0	0	0	0	0	0.206	0	0	0	0	0	0	0	0	0	0.206	0	0	0	0	0	0	0	0.206	0	0	0	0	0	0	0	0	0	0	0	0	0	0	0	0.206	0	0.206	0.206	0.206	0.158	0.048	0	0	0	0	0	0	0.206	0	0	0	0	0	0.206	0	0	0	0	0	0	0	0	0	0.618	0	0.206	0	0	0	0	0	0	0	0	0	0	0	0	0	0.206	0	0	0	0	0	0.206	0	0	0	0	0	0	0	0	0	0	0	0	0	0	0	0	0	0	0.206	0	0	0.412	0	0	0	0	0	0	0	0	0	0	0.206	0	0.206	0.206	0	0.206	0	0	0	0	0	0	0	0	0.206	0	0.206	0.206	0	0.206	0	0.206	0.206	0.206	0	0	0	0.412	0.824	0.206	0	0.206	0.206	0.206	0.412	0.206	0	0	0	0	0	0	0	0.206	0.206	0.206	0	0.412	0.412	0	0	0	0	0	0	0.206	0	0	0	0.206	0	0	0	0	0	0	0.206	0	0	0	0	0.206	0	0.206	0.206	0	0	0	0	0	0	0	0	50:60,28.435:200,50:80
Slc30a1-NM_009579	0	0	0	0	0	0	0	0	0	0	0	0	0	0	0	0	0	0	0	0	0	0	0	0	0	0	0	0	0	0	0	0.206	0	0.206	0	2.06	0	0	0	0	0	0	0	0	0	0	0	0.412	0	0	0	0	0	0	0	0	0	0	0.206	0.824	0.069	8.859	1.372	0	0	0	0.071	0.135	0.206	0	0	0	0	0	0	0	0	0.206	0	0	0	0	0	0	0.206	0	0	0	0.206	0.227	0.803	0.824	0.618	0	0.412	0.412	0.412	0	0.206	0	0.206	0.412	0	0.824	1.236	0	0	0	0.206	0.206	0	0.412	0	0	0	0	0	0.206	0	0.206	0	0.206	0.618	0.618	0.366	0.252	0.412	0.206	0.206	0.206	1.442	0.412	0	0	0.232	0.18	0.206	0	0.412	0.206	0	0	0	0.412	0.618	0.618	0.206	0.618	0.206	0	0	0	0.206	0.206	0.206	0.618	0.412	0	0	0	0	0.412	0.412	0.206	0	0	0.206	0	0.412	0.412	0	0.412	0	0	0	0	0	0.206	0	0	0	0	0	0	0.412	0	1.236	0	0	0.206	0.618	1.236	0	0.206	0	0	0.206	0.412	0.206	0.412	0	0.824	0.824	0.412	0.412	0.206	0	0.206	0.412	0.052	0.361	0.206	0.618	0	0	0.412	0.412	0	0	0	0	0	0	0	0.206	0	0	0.206	0	0.412	0.206	0.412	0	0	0.206	0	0	0.206	0.206	0.618	0	0	0	0	0.412	0	0.206	0	0.206	0.206	0.824	0.824	0.412	0.412	0.412	0.412	0.412	0.412	0.412	0	0	0	0.412	0.206	0.206	0.206	0	0.618	0.412	1.03	0.824	1.236	0.618	1.236	0.824	0	0.412	0	0	0.206	0.206	0	0.824	0.618	0.412	0.206	0.618	0	0	0	0.412	0	0.206	0.618	0.206	0.206	0	0.206	0	0	0.206	0	0.206	0.206	0	0	0	0.206	0	0.206	0	0	0	0.206	0	0.206	0	0.206	0	0	0	0	0	0	0	0	0	0	0	0	0.412	0	0	0	0.206	0.206	0	0	0	0	50:60,32.335:200,50:80
Slc35a2-NM_001083937	0	0.206	0	0	0.206	0	0.412	0.412	1.03	0.618	0	1.648	1.236	0	0.206	0.618	0	0	0.206	0.206	1.236	0.412	0	0.206	0	0.412	0	0	0	0	0	0	0	0	0	0	0	0	0.824	0.206	0	0	0	0.618	1.854	1.854	1.236	0.824	2.266	1.236	2.266	2.266	7.21	7.622	4.944	20.395	23.485	12.36	4.944	0.412	0.824	13.39	21.375	5.2	5.15	3.708	2.266	6.18	1.854	0.824	0.412	1.236	0.618	0	0	0.824	1.368	0.602	0.091	0	0	0	0	0.206	0	0	0	0	0.206	0	0	0	0.206	0	0.206	0.824	0.206	0	0	0	0	0	0	0	0	0	0	0	0.016	0.19	0	0	0	0	0	0.206	0.206	0	0	0	0	0.206	0	0.206	0.165	0.247	0.544	0.28	0.824	0.206	0.206	0	0.206	0.206	0	0.412	0.206	0	0	0	0	1.03	0	0	0	0	0.618	0	0	0	0.206	0.206	1.236	0.206	0.412	0.206	0.412	1.854	0.412	0.412	0	0	0	0	0.412	0	0	0.206	0.206	0	0	0	0	0.412	0.412	2.06	0.618	0.824	0	0.206	0	0	0	0	0.206	0.412	0.206	0.412	0.206	0	0	0	0	0	0	0.206	1.236	0	0	0.206	0	0.206	0.412	0	0	0	0	0	0	0	0	0.206	1.393	0.049	0	0.412	0.206	0.824	0.206	0	0	0.008	0.198	0	0.206	0.206	0.618	0	0.206	0	0.206	0.412	0	0.206	0.206	0.206	0.206	0.618	0.412	0.824	1.236	0	0	0.206	0	0.206	0.618	0.206	0	0.618	0.412	0.412	0.206	1.648	0.824	1.03	0.824	0.206	0.618	0.824	0	0	0.206	0.824	0	0.412	0.412	0	0.206	0.206	0	0	0	1.236	0	0.618	1.03	0.412	0	0	0	0.206	0.206	0	0	0	0	0.206	0	0	0.412	0.618	2.06	1.03	2.678	0.618	0.618	0.206	1.03	0.412	0.412	0.412	0	0	0	0	0	0.618	0.206	0	0	0.206	1.236	0.618	0.618	1.236	0	0.206	0	0.206	0.206	0.618	0	0.824	0	0	0	0	0	0	0	0	0.618	0.412	0	0	0	0	0	0.206	50:60,48.92:200,50:80
Slc6a15-NM_001252330	0	0	0	0	0	0	0	0	0	0	0	0	0	0	0	0	0	0	0	0	0	0	0	0	0	0	0.206	0	0	0	0	0	0	0	0	0	0	0	0	0	0	0	0	0	0	0	0	0	0.206	0	0.206	0.618	0.618	1.648	0	0	0.412	0.206	1.442	0.206	0.206	7.21	0.412	4.944	1.442	2.266	2.472	0.412	0	0	0.206	0.206	0	0.824	0.412	0.206	0	0.206	0.206	0.206	0.412	0.824	1.03	0.824	0	0.412	0	0	0	0.412	0.206	0	0.206	0	1.03	0.618	0	0.412	0.824	0.618	0.206	0	0	0	0	0	0.206	0.206	0.206	0	0	0.206	0.824	0.412	0.618	1.03	0.412	0.206	0.618	0.412	0.206	0.206	0.206	0.618	0.412	0.618	0.618	0.412	0.824	0.206	0.206	0.824	0.618	0.206	0.309	1.133	0.618	0.824	0.824	0.206	0.412	0	0.412	1.442	0.206	1.03	0.206	2.678	0.824	1.236	1.03	0.412	0.824	0.412	0.906	0.536	0.412	0	0	0.824	0.412	0.412	0.412	0.206	0.824	1.03	1.236	0.618	0.412	0.206	0	0.412	0.412	0.412	0	1.854	1.854	0.412	1.854	1.648	0.824	1.442	0	1.03	0.618	1.854	0.206	1.442	2.266	3.708	0.618	0.206	0.206	0.618	0.412	0	0.206	0.824	0	0	0.206	0.412	1.442	0.824	1.03	0.618	0.206	0.412	0.206	0.206	0.206	0.206	0	0	0.206	0.206	0.412	0.412	1.236	0.206	0.824	0.684	1.17	0.206	0.206	0	0.206	1.03	0.412	0.041	0.371	0	0	0.618	0.412	0.618	1.442	0.618	1.236	0	0.206	0.206	1.03	0.824	0.206	0.206	0	0.618	0.618	0.618	0.206	0.412	0.824	0.412	0.618	0.824	0.412	1.03	3.914	0.206	0.206	0	0.824	0	0	0	0	0	0	0	0.206	0	0	0.412	1.03	0	1.03	1.03	0.206	0	0.206	0	0	0	0	0	0.206	0	0.206	0	0.618	0	0	0	0	0	0	0	0	0	0	0	0	0	0	0	0	0	0	0	0	0	0	0	0	0	0	0	0	0	0	0	0	0	0	0	0	0.618	0	0	0	0.206	0	0	0	0	0	0	0.206	0	50:60,257.86:200,50:80
Slc9a3r2-NM_001357796	0.206	0	0	0	0	0	0	0	0	0	0	0	0	0	0	0	0	0	0	0	0	0	0	0	0	0	0	0	0	0	0	0	0	0	0	0	0	0.206	0	0	0	0	0	0	0	0	0	0	0	0	0	0.206	0	0.206	0	0.206	0	0	0	0	0.206	0	0	0	0	0	0	0	0	0.206	0	0	0	0	0	0.206	0	0	0.412	0	0	0	0.206	0	0	0	0.206	0	0	0.412	0.206	0	0	0.206	0	0	0	0.206	0	0	0	0.206	0	0	0	0	0	0.412	0.206	0	0.618	0.824	0	0.206	0.206	0.618	0	0	0	0	0	0	0	0	0	0	0	0	0.412	0.824	0.618	0	0.824	0	0	0	0	0.206	0	0	0	0.412	0.206	0	0.206	0	0.206	0	0	0.824	0.412	0.206	0	0	0.412	0	0.206	0.412	0	0.206	0	0.206	0	0.206	0	0	0.206	1.236	1.854	0.206	0.824	0.618	0.824	0.206	0.618	0.412	0.412	0.618	0.206	0.206	0.618	0	0.206	0	0.206	0.618	0	0	0.206	0.206	0	0	0	0	0.412	0.206	0	0	0.206	0.206	0	0	0	0.206	0.206	0.412	0.412	1.03	0.206	0.206	0.206	0	0	0.206	0.206	0.206	0	0	0	0	0	0	0	0.206	0.206	0	0	0.206	0	0	0.618	0	0.206	0	1.03	0.206	0.206	0.206	0	0.824	0	0.824	0	0	0.206	0.206	0	0	0.824	0	1.648	0.412	0	0.206	0.206	0.206	0.618	0.618	0.206	1.03	0	0.824	0.206	1.03	1.854	0.412	0.206	0.618	0.412	0	0.206	0.412	0.618	0.618	0.412	0.824	0.824	0.206	0.412	0.206	0.618	0	0	0.412	0	0	0.412	0	0	0	0.206	1.03	1.236	0.412	0.824	0	0	0.412	0.412	0.412	0.824	0.618	0.206	0.206	0.206	0.206	0.412	0.412	0.618	0	1.03	1.03	2.472	2.266	0	0	0.412	1.03	0.618	0.412	1.03	1.236	0	0	0	0	0.412	1.03	0.206	0.206	0	0.206	0	0.618	0	0	0.206	0	0	0	50:60,55.1:200,50:80
Slfn10-ps-NM_001355513	0	0	0	0	0	0	0	0	0	0	0	0	0	0.206	0	0	0	0	0	0	0	0	0	0	0	0	0	0	0	0	0	0	0	0	0	0	0	0	0	0	0	0	0	0	0	0	0	0	0	0	0	0	0	0	0	0	0	0	0	0	0	0.212	0.2	0	0	0	0	0.206	0	0	0	0	0.206	0	0	0	0	0	0	0	0	0	0	0	0	0	0	0	0	0	0	0	0	0	0	0	0	0	0	0	0	0	0	0	0	0	0	0	0	0	0	0	0	0	0	0	0	0	0	0	0	0	0	0	0	0	0	0	0.206	0	0.206	0	0	0	0	0	0	0	0	0	0	0	0.206	0	0	0	0	0	0	0	0	0	0	0	0.206	0.206	0.206	0.097	0.109	0	0	0	0	0	0	0	0	0.206	0	0	0	0	0	0	0.206	0	0	0	0	0	0.206	0	0	0	0	0.412	0	0	0	0	0	0	0	0	0	0	0	0	0	0	0	0	0	0	0	0	0	0	0	0	0.206	0	0	0	0	0	0	0	0	0	0	0	0	0	0	0	0	0	0	0	0	0	0	0	0	0	0.618	0	0	0	0	0	0	0	0	0.412	0	0	0	0.206	0	0	0	0	0.206	0	0	0	0	0	0	0	0	0	0	0	0	0	0	0	0	0	0	0	0.206	0	0	0.412	0	0	0	0	0	0	0	0	0	0	0	0	0	0.412	0.618	0	0	0.206	0.206	0	0	0.206	0	0	0	0	0	0	0	0	0	0	0	0	0	0	0	0	0	0	0	0	0	0	0	0	0	0	0	0	0	0	0	0	0	0	0	0	0	0	0	0	50:60,62.015:200,50:80
Slitrk5-NM_198865	0	0	0	0	0	0	0	0	0	0	0	0	0	0	0	0	0	0	0	0	0	0	0	0	0	0	0	0	0	0	0	0	0	0	0	0	0	0	0	0	0	0	0	0	0	0	0	0	0	0	0	0	0	0	0	0	0.824	0.412	0	0	0	0.206	0	0	0.206	0	0.206	0	0	0	0	0	0	0.618	0	0	0.206	0	0.206	0	0	0	0	0	0	0	0	0.206	0	0	0	0	0	0	0	0	0	0	0	0	0	0.206	0	0	0	0	0	0.206	0	0	0.206	0	0	0.412	0	0	0	0	0	0	0	0	0	0	0	0	0.206	0.206	0	0	0	0	0	0	0	0	0	0	0	0.206	0	0	0	0	0	0.206	0	0	0	0	0	0	0	0.206	0	0	0	0.206	0	0.206	0	0	0	0	0	0	0.206	0	0	0	0.206	0	0	0.206	0	0	0	0	0	0	0	0	0	0	0.206	0	0	0	0.206	0	0.206	0	0	0	0.206	0.206	0.206	0.412	0.618	0.412	0	0.412	0	0	0	0.412	0.206	0	0	0	0	0	0.206	0	0	0	0	0	1.854	0.206	0.206	0.618	0.206	0.618	0.412	0	0.206	0	0	0	0.206	0	0.206	0	0	0	0	0	0	0.206	0	0	0.206	0	0	0	0	0.206	0	0	0	0.206	0.206	0	0	0	0	0.206	0.206	0.206	0	0.206	0	0	0	0	0.206	0	0	0.412	0	0	0	0	0	0	0	0	0	0	0.206	0	0.206	0	0	0	0	0	0	0	0	0	0	0	0	0	0	0	0	0	0	0	0	0	0.206	0	0.206	0	0.206	0	0	0	0	0	0	0	0	0	0	0.412	0	0	0	0	0	0	0	0	0	0	0	0	0	0	0	0	0	0	0	0	50:60,40.105:200,50:80
Smad2-NM_010754	0	0	0	0	0	0	0	0	0	0	0	0	0	0	0	0	0	0	0	0	0	0	0	0	0	0	0	0	0	0	0	0	0	0	0	0	0	0	0	0	0	0	0	0	0	0	0	0	0	0	0.206	0.206	1.442	1.236	0.412	1.854	0	0	0	0	2.266	7.622	19.158	1.03	1.648	5.15	2.472	6.592	4.532	4.12	3.09	4.12	5.985	1.637	5.562	4.895	2.728	3.708	4.326	5.356	4.12	3.914	2.678	2.266	1.236	6.798	2.266	5.562	5.562	9.888	7.622	2.472	2.884	6.18	2.884	10.918	2.678	4.738	1.236	4.738	1.648	2.651	1.675	3.296	3.502	8.034	2.06	5.562	7.622	3.296	4.12	8.652	4.326	5.356	3.09	7.21	4.12	2.884	3.708	6.407	3.069	7.21	4.738	18.746	16.48	9.27	13.39	1.03	7.828	9.064	10.918	3.09	6.592	4.326	2.06	1.03	1.236	0.206	0.412	0	0	0	0	0	0	0.618	0.206	1.03	0	1.236	6.386	7.004	6.18	3.296	9.476	7.004	8.652	5.562	4.326	7.21	3.09	4.12	3.502	4.326	7.416	2.472	2.266	8.652	2.678	3.502	2.472	2.266	12.063	3.388	6.798	2.884	7.004	6.386	6.798	4.326	7.622	4.326	8.446	7.828	5.15	3.708	2.472	4.738	8.099	6.321	1.648	4.326	4.738	8.446	5.356	5.768	3.09	7.004	5.15	17.304	8.446	8.24	4.944	0.618	2.488	5.547	2.266	9.682	6.798	0.824	6.798	6.328	6.435	7.631	19.776	11.948	7.004	2.06	9.27	4.532	5.562	6.18	6.18	1.648	8.858	7.416	4.12	13.077	4.845	10.29	9.281	5.768	4.532	10.69	26.391	20.337	9.946	13.767	13.439	6.785	9.888	3.502	5.768	10.918	5.768	15.038	19.776	11.161	6.555	11.948	5.356	6.386	5.974	21.546	16.941	7.658	6.241	34.342	10.506	4.532	1.03	0.206	0	1.648	0	0	1.03	2.06	1.442	2.06	0	0.206	1.854	2.06	2.266	4.12	4.532	5.562	10.3	2.678	3.09	0.412	1.648	3.09	7.416	7.416	0.206	0	0	0	1.648	0.618	0	1.03	3.502	2.266	2.06	2.06	3.296	4.944	4.326	2.06	6.18	4.12	0.618	1.03	2.266	4.944	8.446	0.412	1.236	0	1.03	1.442	2.678	2.266	4.12	0.824	8.858	0.824	1.236	0	0.412	1.03	3.09	1.236	0	1.442	1.03	0.824	2.884	1.03	5.356	6.798	2.678	4.12	2.678	1.648	4.944	8.034	50:60,350.235:200,50:80
Smarcb1-NM_001161853	1.03	2.06	0.824	0.824	1.03	0	0	0.618	0.206	0.824	1.648	1.236	0.824	0	0.824	0.412	0.412	0.618	0.618	0.206	0.824	1.03	0.412	0.412	0.206	0.206	0.618	3.09	2.472	4.12	1.236	0.412	2.06	1.03	0.618	0.824	0.824	0.412	1.648	0.824	0.618	1.236	0.618	1.03	1.648	0.206	0.824	3.09	3.09	3.09	2.678	3.914	1.03	0.412	1.442	0.824	1.03	2.06	2.472	0	8.858	1.125	0.935	0.206	8.24	1.03	2.472	0.412	0	0	0	0.206	0	0.206	1.03	0	0.412	0.618	0	0.206	0.618	0.206	0.412	2.373	1.541	0.618	0.618	0.412	0.412	0.618	0.206	0.824	1.648	2.266	2.678	0.412	0.824	0.824	0.206	0.618	3.797	4.856	2.266	1.673	2.859	1.236	0.618	2.678	3.708	0.412	0.412	0.618	0.824	3.09	3.914	0.206	0.206	0	2.884	0	1.236	0	1.03	1.442	3.708	2.678	5.562	1.236	1.648	3.296	1.442	1.648	6.592	14.42	1.236	0.206	0	1.854	1.854	2.266	1.03	1.442	1.854	3.502	5.15	3.869	2.105	1.442	0.412	1.854	1.854	1.442	3.296	2.266	2.678	3.296	0.824	0	0	0	0	0	0	3.296	0.206	1.648	1.236	3.09	5.15	1.442	3.502	0.824	1.854	9.11	0.985	5.562	1.442	5.768	4.12	2.884	1.442	2.678	2.532	3.442	3.09	1.442	4.326	2.678	1.854	0.206	0.824	1.442	1.152	2.969	2.884	2.942	1.077	2.779	0.824	2.266	0.206	0.824	1.442	0.618	2.956	1.37	5.562	13.201	5.752	1.751	2.575	2.06	1.648	4.738	5.974	5.562	2.472	1.788	1.714	1.442	2.06	2.472	1.03	3.914	3.914	1.854	1.442	0.618	5.15	6.18	3.502	2.266	0.206	0.206	2.678	1.03	1.03	1.236	4.944	1.03	4.868	3.99	4.326	3.914	2.472	3.502	3.502	1.648	7.719	10.409	4.326	1.03	1.648	1.03	0.412	0.206	2.472	0.618	2.472	1.648	0.618	1.236	0.206	0.412	0.206	1.648	0.618	1.236	1.648	0.412	5.356	4.738	6.18	0.824	0.206	0.206	0.824	2.678	0.824	0.618	1.648	2.266	1.442	2.472	6.18	4.12	2.06	2.06	0.412	0.412	0.206	0.412	1.03	2.678	0.206	0.206	2.678	3.914	1.854	2.472	4.944	0.412	1.03	0.206	0.824	0.412	1.236	3.708	3.502	1.03	1.648	7.004	2.884	2.678	4.12	4.738	0.412	0.618	1.648	0	3.708	7.004	4.12	0.618	0	0.618	0.824	0.824	2.678	3.296	14.008	9.888	5.768	10.094	44.703	8.858	10.094	4.326	4.944	1.03	50:60,124.23:200,50:80
Smn1-NM_001252629	0	0	0	0	0	0	0	0	0	0	0	0	0	0	0	0	0	0	0	0	0	0	0	0	0	0	0	0	0	0	0	0	0	0	0	0	0	0	0	0	0	0	0	0	0	0	0	0	0	0	0	0	0	0	0	0	0	0	0	0	0	0	0	0	0	0	0	0	0	0	0	0	0	0	0	0	0	0	0	0	0	0	3.914	39.817	2.414	0.206	3.914	0.412	0	0	0	1.03	0	0.618	1.442	0.206	0	0	0.824	0.206	1.03	1.8	1.084	0.412	0.412	0.618	0	0.412	0.412	0	0	0	0.412	0	0.824	0.412	0	0	0	1.03	1.854	4.264	2.946	1.03	0.824	1.03	0.206	0.412	1.236	0	1.03	1.236	0.824	0.206	1.648	0.618	1.03	0.824	2.06	2.472	1.03	0.206	0.206	3.914	0.824	2.233	1.887	0.618	0	0	0	0	0	0	0.412	0	0	0	0	0.206	0.412	2.266	1.03	0.412	0.412	0.375	1.891	0	0.206	0	0.653	2.025	1.442	3.708	0.412	0.824	0	3.296	1.236	1.442	0.206	0	0	0	0	0.618	0.824	1.648	0.412	0.824	1.442	0	0.206	0.206	0.206	1.236	2.06	0.618	1.03	0.824	1.442	1.442	1.648	0.618	0	0	0.412	0.206	0.206	0.206	0.606	1.866	1.217	0.431	0	0.206	1.648	1.236	0	0.412	1.03	0.206	0.206	0	0.412	0.824	0.206	1.648	0	0.618	2.266	0.824	0.27	0.966	4.12	1.59	0.676	0.412	1.442	4.944	1.03	0.206	1.03	0.206	0.412	0.824	4.12	0.206	0	0	0	0	0.206	0.206	0.824	1.03	0.412	2.06	0.618	0.412	2.06	4.326	1.442	2.06	1.442	0.824	1.854	0	1.03	0.206	1.442	0.412	0	0.412	0.824	1.03	0	0.206	0	0.206	0.206	0.206	0.412	0.206	0.824	3.09	1.03	2.06	2.06	1.03	1.236	1.03	3.708	3.09	1.442	1.236	0	0	0	0	0	0	0	0.206	0.206	1.442	2.06	2.06	0	0.206	1.442	2.266	5.768	2.06	1.648	5.974	3.914	0.618	1.648	1.854	4.326	0.206	0.618	0	0	0.618	0.206	1.236	0.824	0.206	0	0	1.236	0.206	0.618	0	0	0.618	0.412	0.618	50:60,72.47:200,50:80
Snap23-NM_001177793	0	0	0	0	0	0	0	0	0	0	0	0	0	0	0	0	0	0	0	0	0	0	0	0	0	0	0	0	0	0	0	0	0.206	0.206	0	0	0	0	0	0	0	0	0	0	0	0	0.206	1.03	3.296	1.648	0.206	0.206	0.824	1.03	0	0	0	0	0	0.618	381.728	8.24	1.442	0	1.03	0	0.206	0	0.206	0	0.618	0	0.412	0	0.618	0.206	0	0	0	0	1.236	0.206	0.412	0	0	0	0.412	0.412	0.412	0.206	2.884	0.618	2.472	0.618	0.412	0.206	0	1.236	1.236	0.824	1.236	0.206	0.824	0.618	2.266	0.206	0.618	1.854	1.236	0	1.854	0	1.03	0.824	2.472	1.648	0.206	0.824	0.618	1.442	1.03	0.824	0.618	0.618	0.618	1.03	4.413	5.888	1.854	0.206	0.412	0	0.824	0	0	1.236	1.03	2.266	0.206	0.412	0.412	0.412	4.326	1.648	1.03	1.442	1.648	0	1.442	0.824	0.618	0.618	0	0.206	0.206	0	2.06	2.472	0.618	0.412	0.824	1.442	0	1.236	3.09	0.412	1.03	1.03	0	1.648	2.884	0.412	0.206	2.266	2.245	2.081	1.236	1.236	0.206	0	0	0.206	0	0	1.03	0.412	1.442	1.03	0.412	0.206	1.442	0.824	0.824	2.266	1.854	1.648	0.824	1.648	1.854	2.472	1.854	1.442	4.12	0.206	0	0.816	1.656	1.03	3.502	0.618	0.824	0.206	1.236	0	2.678	2.472	0	2.884	1.03	0.206	0	1.079	1.805	0.412	0.412	0.412	0.618	1.236	0.412	0.618	4.326	3.296	1.03	0.206	0.412	0.618	0.618	6.798	0.824	0.412	1.854	1.648	0.206	0.824	0.824	0	0.412	4.713	1.261	0	1.442	0.206	0	1.03	0	0	0.824	1.03	0.412	0	0.824	1.236	0	0	0.206	0.206	1.03	0.206	1.442	0.412	0.206	0.412	0.618	0.412	0.206	1.03	0.412	0	0.206	0.618	0.412	0	0	0.206	0.412	0	1.648	0.412	0	0	0	0	0	0	0	0.206	0.618	5.15	1.648	1.03	0	0.206	2.266	0.618	0.618	0	1.03	1.648	0.824	0	0.618	1.236	0.412	0.206	0.824	1.03	1.648	2.06	1.442	1.854	3.914	2.472	1.03	2.884	2.884	0	0	0	0.412	0.206	0	0.206	0	0.412	1.03	1.03	0	0.618	0	1.03	50:60,165.26:200,50:80
Snap25-NM_001355255	0	0	0	0	0	0	0	0	0	0	0	0	0	0	0	0	0	0	0	0	0	0	0	0	0	0	0	0	0	0	0	0	0	0	0	0	0	1.03	0.206	0.206	0.206	0	0	1.03	0.412	0.206	0	0.206	0	0	0	0	0	0	0	0	0	0	0	0	3.502	0.412	0.206	0.206	0	0	0.412	0.206	0	0.206	0.206	0	0	0.824	0.412	0.206	0.206	0.206	0	0.206	0.824	0.412	0.824	0.206	0	0	0.412	0	0	0	0.206	0	0.618	0.412	0.206	0.206	0.206	0.412	0	0.206	0.412	0	0.824	0.412	0.206	0.412	0.618	1.03	0.412	0	0	0.412	0.206	0.412	0	0.412	0.412	0	0	0.412	0.206	0.206	0	0.412	0	0.412	0	0.206	0.412	0.412	0	0.206	0.206	0.412	0.206	0	0	0.206	0	0	0	0.412	0	0.412	0	0.412	0.206	0.618	0.206	0	0.618	0.412	0.824	0	0.412	0.206	0.206	0.412	0	0.412	0	0.206	0.412	0	0	0.618	0.412	0.206	1.648	0.412	0	0.412	0.412	0.206	0	0.206	0	0	0	0.206	0.206	0.412	0	0.206	0.206	0.206	0	0	0.412	0.206	0	0.206	0.412	0.206	0.206	0.412	0.412	0.206	0.206	0.206	0.206	0.412	0.618	0	0.618	0.206	1.03	0	0	0.206	0.206	0.618	0.412	0.206	0.412	0.412	0	0.206	0.412	0	0.618	0	0.618	0	0	0.412	0.618	0.206	0.618	0.206	0.412	0.412	0.412	0.412	0	0.206	0.412	0.206	0.206	0	0.412	0	0	0	0.206	0.206	1.236	0.824	0	0.206	0.412	0.412	1.236	0	0	0.206	0.412	0.206	0	0.412	0	0	0.206	0.412	0	0	0	0	0	0	0	0	0	0	0	0	0	0	0.618	0	0	0	0	0	0	0	0	0	0	0	0	0	0	0	0.206	0.206	0	0	0	0	0	0	0	0	0	0.206	0	0	0	0.206	0.206	0	0	0	0	0	0	0	0	0	0	0	0	0	0	0	0	0	0.206	0	0	0	0	0	0	0	0	0	0	0.206	50:60,344.895:200,50:80
Snapc2-NM_133968	0	0	0	0.618	0.206	0.618	0.412	0.206	1.03	1.442	1.442	1.03	0	1.236	0	1.442	2.266	3.708	1.03	2.678	2.266	0.412	1.236	0.206	0.412	0	0.206	0.412	1.03	0.412	0.206	0.206	0	0	0	0	0.206	0	0	0	0	0.412	0	0.206	0.412	0.206	0.412	0.824	0.824	0.824	2.884	4.326	0.824	0.206	0.206	0.412	0.206	0.412	0	0.412	0.206	0.824	0.824	0.206	2.06	0	0	0.206	0	0	0	0	0	0	0	0.313	0.099	0.824	0.824	1.854	1.956	3.437	2.576	0.683	1.236	1.648	0.206	0.412	0	0	0.824	0.618	0.955	3.165	0.618	1.854	0.824	0.618	0.618	0.824	0.905	0.125	0.412	0.243	0.375	0.206	0	0	0	0	0	0	0	0	0	0	0	0	0	0	0	0	0	0	0	0	0	0	0	0.206	0	0	0.206	0	0.206	0	0	0	0	0	0	0	0	0	0	0	0	0	0.197	0.009	0.03	0.176	0	0	0	0	0	0	0	0	0	0.206	0	0.387	0.025	0	0	0.054	0.152	0	0.206	0	0	0	0	0	0	0.206	0	0	0	0.122	0.084	0	0	0	0	0	0.206	0	0.206	0	0	0	0	0	0	0	0	0.206	0	0	0	0	0.206	0	0.206	0.206	0	0	0	0	0.206	0	0	0	0	0	0	0	0	0.206	0	0	0	0	0	0	0	0	0	0	0	0	0	0	0	0	0	0	0	0	0	0	0	0	0	0	0.206	0.206	0.206	0.618	0	0	0	0.412	0	0	0	0.206	1.442	0.412	0.618	0.412	0.206	1.854	2.884	5.15	2.678	0.412	2.678	1.854	2.266	5.356	0.412	0.206	2.472	0.206	0.206	0	1.442	1.03	1.442	2.06	2.266	1.442	1.854	1.648	1.442	0	0.206	0.206	1.442	2.678	0.206	0.206	0.206	0.206	0.824	0.206	0.412	0.206	0	0.206	0.412	0	0	0	0	0	0	0	0	0	0	0	0	0	0	0	0	0	0	1.442	1.236	0	0	0	0	0	0	0	0	0	0	0	0	0	0	0	50:60,15.595:200,50:80
Sncaip-NM_001199154	0	0	0	0	0	0	0	0	0	0	0	0	0	0	0	0	0	0	0	0	0	0	0	0	0	0	0	0	0	0	0	0	0	0	0	0	0	0	0	0	0	0	0	0	0	0	0	0	0	0	0	0.206	0.206	0	0	0.206	0	0	0	0	0	0	0	0.206	0	0	0.412	0	0	0.206	0.206	0	0.206	0	0	0	0	0	0.206	0.206	0	0	0.206	0	0.206	0	0.206	0	0.206	0.206	0	0.206	0.206	0	0	0.618	0	0	0	0	0	0	0	0.206	0	0	0	0	0	0.206	0	0	0	0.206	0	0	0	0	0	0	0.206	0	0	0	0	0	0.206	0	0	0	0	0	0	0	0	0	0	0	0	0	0	0.206	0	0	0	0	0	0	0	0	0	0	0	0	0	0	0.206	0	0	0	0	0	0	0.412	0	0	0	0	0	0	0	0.206	0.206	0	0	0	0	0	0	0	0	0	0.206	0	0	0.206	0	0	0	0	0	0	0	0.206	0	0	0.161	0.251	0.412	0.206	0	0	0.206	1.648	0	0.206	0	0	0	0	0	0	0	0	0	0	0.824	0	0.412	0.206	0	0	0	0	0.206	0.206	0	0.206	0	0	0	0.206	0.206	0.206	0	0	0	0	0	0.206	0	0	0	0	0	0	0	0	0.206	0.206	0	0	0	0	0	0	0.618	0	0.206	0.206	0	0	0	0	0	0.206	0	0.206	0	0	0	0.206	0	0	0	0	0	0	0	0	0	0	0	0	0	0	0	0	0	0	0	0	0	0	0	0	0	0	0	0	0	0	0	0	0	0	0	0	0	0	0	0	0	0	0	0	0	0	0	0.206	0	0	0	0	0	0	0	0	0	0	0	0	0	0	0	0	0	0	0	0	50:60,738.94:200,50:80
Sntb2-NM_001368316	0.206	0.412	1.854	0.206	0	0.412	0	0	0	0	0	0	0	0	0	0	0	0.206	1.854	0	0	0	0	0	0	0	0	0.206	0	0	0	0	0.206	0.412	1.03	0.824	0.206	0.206	0.206	0.206	0	0.824	0	0	0	0	0.412	1.236	0.824	0	0	0	0	0	0	0	0	0	0	1.03	35.845	1.236	1.03	2.06	2.06	1.648	0.824	0.618	0.824	3.708	4.532	1.442	2.06	1.854	3.708	7.828	2.06	2.06	2.266	3.09	2.884	2.266	8.034	9.064	4.532	2.079	3.484	1.442	2.884	5.768	2.266	2.884	6.386	5.768	4.12	1.854	9.27	5.974	2.472	5.562	5.356	6.18	6.798	4.532	8.24	8.034	15.244	10.094	9.844	10.139	1.854	4.532	9.476	4.944	5.356	4.12	1.648	5.15	5.15	3.502	6.667	3.221	4.12	8.034	3.296	4.738	0	12.772	9.476	9.27	4.944	5.974	5.974	4.532	14.42	3.984	1.578	7.828	2.884	6.798	2.884	2.884	2.472	2.266	5.15	0.618	2.678	14.816	3.931	7.622	2.472	8.446	2.678	3.502	2.884	2.472	5.15	3.296	3.09	5.974	12.566	4.738	1.442	1.236	1.03	3.914	3.09	1.236	5.15	3.09	6.386	1.03	6.18	2.884	2.472	0.412	4.738	3.09	2.884	6.18	4.532	6.592	3.914	5.768	6.798	0.74	4.823	5.768	3.914	1.03	0	3.09	8.24	6.592	2.472	5.15	5.356	2.266	5.768	1.648	1.236	2.472	1.442	4.944	2.266	3.09	14.287	1.575	5.562	8.034	1.854	2.06	4.532	6.18	2.266	3.407	5.657	4.738	5.356	3.296	1.648	5.356	6.18	8.652	1.236	2.472	1.236	3.708	1.03	1.442	4.326	1.236	4.326	2.06	3.502	4.326	6.386	3.296	4.944	5.15	3.914	3.09	3.914	6.18	9.888	5.974	4.326	1.648	2.678	9.27	2.06	7.416	6.592	5.768	13.802	11.536	6.386	19.57	9.476	7.004	0.412	0.412	0.206	1.442	0.618	2.266	1.442	0.824	1.236	0.206	0	0	0	0.824	0.618	1.442	0.412	2.266	0.412	0.206	1.854	1.442	4.326	2.266	3.914	0.206	0.206	0	0.412	0.412	0.206	0.618	0.206	0.412	0.206	1.03	1.854	0.206	0.412	0.206	0.618	3.502	1.648	4.738	0	0	0	0.206	3.914	1.648	3.09	5.974	2.884	0.824	0.412	1.442	0.618	1.854	5.356	4.12	3.914	0.824	0.206	1.648	0.824	0	0	0.824	0.206	0	0	0.206	0.412	3.708	0.618	0	0.412	0.412	3.09	3.914	50:60,392.465:200,50:80
Snx25-NM_207213	0	0	0	0	0	0	0	0	0	0	0	0	0	0	0	0	0	0	0	0.206	0	0	0	0	0	0	0	0	0	0	0	0	0	0	0	0	0	0	0	0	0	0	0	0	0	0	0	0.618	5.768	0	0	0	0	0	0	0	0	0.206	0.206	0	5.15	1.442	0.412	1.854	0.618	1.854	1.236	2.678	2.472	1.442	2.06	3.502	1.648	2.472	2.266	3.296	3.502	3.296	3.09	4.532	4.532	3.708	3.914	2.266	1.648	0.206	0.824	5.562	0.412	0.618	0	0	1.236	2.884	2.884	3.296	3.296	0.412	3.296	1.854	0	0	0	0	2.472	2.266	2.266	1.854	4.944	2.678	2.884	2.884	1.854	3.09	2.266	2.884	0.824	7.004	3.502	3.296	3.502	3.09	3.09	1.854	2.472	1.236	4.326	3.708	3.502	5.768	5.356	5.15	4.12	3.502	1.03	2.472	1.236	0.824	1.854	2.06	3.914	4.532	5.562	0.412	0.206	1.03	0.206	1.03	0.824	1.442	0.824	0.618	1.03	0.618	0.618	1.03	2.884	2.266	4.532	0.824	0.824	1.854	0.618	1.648	0.633	2.251	1.03	0.618	0.824	1.03	2.06	1.648	0.206	2.678	1.648	2.06	4.12	4.738	0.412	1.03	1.854	1.442	1.442	4.326	2.06	0	2.678	2.06	3.708	3.296	2.884	3.296	2.264	1.032	1.236	3.502	6.386	3.914	0	3.296	3.708	3.914	0.618	0.412	0	3.296	2.06	3.09	2.884	2.678	0.824	0.206	0	0	3.502	2.06	0.206	2.266	2.06	1.648	1.854	2.472	0.824	2.472	4.532	4.738	6.798	4.532	3.09	2.472	2.266	5.974	2.678	2.266	2.678	2.678	5.626	2.614	2.266	2.06	2.678	4.326	6.18	4.738	1.442	3.296	7.416	2.06	2.472	0.824	5.356	3.296	3.502	1.854	2.472	1.854	0.618	1.648	3.914	2.266	0	0.412	0.206	0.618	0.412	0	0.412	0	0	0	0	0.206	0	0	0.206	0.618	0.206	0.206	0	0.618	0.206	0.412	0.206	0.618	0.412	0.206	0	0	0	0.206	0.206	0	0	0.618	0	0	0	0	0	0	0	0.206	0	0	0	0.412	0	0.206	0	0	0	0	0.206	0.412	0.206	0.618	0.206	0	0	0	0	0.618	0.206	0	0	1.236	0	0.206	0	0.206	0	0	0	0	0	0	0	0	0	0	50:60,592.515:200,50:80
Snx33-NM_175483	0	0	0	0	0.206	0.412	0	0.206	0.206	1.236	0	0	0.206	0	0.412	0	0	0	0	0	0	0	0	0.412	0	0	0	0	0	0	0	0	0	0	0	0	0	0	0	0	0	0	0	0	0	0	0	0	0	0	0.206	0	0	0	0.412	0.206	0	0	0	0	1.236	0.618	0	2.447	0.437	3.914	0.618	0.206	0	1.442	0.412	0	0	0	0.206	0.618	0.824	0	0	1.03	0.618	0	0	0.206	0	0	0	0.206	0	0	0	0	0.206	0	0.412	0	0	0	0.206	0	0	0	0	0	0	0.206	0	0	0.206	0	0	0.206	0.412	0.412	0.206	0	0.206	0.206	0	0	0	0	0	0	0	0	0.618	1.335	0.519	0.824	0	0.412	0.206	0	0	0.206	0.618	0	0	0	0	0	0	0	0.206	0.206	0.618	0	0	0	0	0	0	0	0	0.412	0	0	0	0	0	0	0	0	0.206	0.206	0.206	0	0	0	0.206	0.206	0.206	0	0	0	0.412	0	0	0	0	0.206	0	0	0.618	0	0	0.206	0	0	0	0	0	0	0.206	0	0	0	0	0	0.412	0.206	0	0	0.206	0.618	0.206	0.412	0	0	0	0	0	0	0	0	1.03	0.412	0.412	0	0.824	0.206	0	0.412	0.206	0	0.412	0	0.206	1.03	0	0	0	0.206	0	0.206	0.206	0	0	0.206	0.206	0	0.284	0.746	0.618	0.206	0.618	0.412	0	0.412	0	0.412	0.206	0.206	0	0.206	0	0.206	0	0.206	0	0.412	0.206	0	0	0	0.824	0.824	0.412	0.206	0.206	0	0	0	0	0	0.206	0.412	0	1.03	0.412	0.206	0.412	0.618	0.412	0.618	0.824	0.412	0	1.03	0	0.412	0.206	0.618	0.412	0.618	0	0.824	0.412	0	0.412	1.03	0	0	0.412	1.03	0	0.206	0.206	0	0	0.206	0	0	0	0	0.618	0.618	0.206	0.618	0.412	0.618	2.266	0.206	0.206	0.206	0.206	0.412	2.06	1.648	1.236	0.206	0.412	0.412	0.206	0	0	0.618	0	0	50:60,55.86:200,50:80
Sox3-NM_009237	0.206	0	0	0	0	0	0	0	0	0	0	0	0	0	0	0	0	0	0	0	0	0	0	0	0	0	0	0	0	0	0	0	0	0	0	0	0	0	0	0	0	0	0	0	0	0	0	0	0	0	0	0	0	0	0.206	0.206	0.618	0	0.206	2.678	0.685	0.757	0.618	0	0.412	0	0	0	0	0	0	0	0	0	0	0	0	0	0	0	0	0	0	0	0	0	0	0	0	0	0	0	0	0	0	0	0	0	0	0	0	0	0	0	0	0	0	0	0	0	0	0	0	0	0	0	0	0	0	0	0.206	0	0	0	0	0	0	0	0	0	0	0	0	0	0	0	0	0	0	0	0	0	0	0	0	0	0	0	0	0	0	0	0	0	0	0	0	0	0	0	0	0	0	0	0	0	0	0.206	0	0	0.206	0	0	0	0	0	0	0	0	0	0	0	0	0	0	0	0.206	0	0	0	0	0	0	0	0	0	0	0	0.412	0	0.206	0.206	0	0.206	0	0	0.206	0	0.206	0	0	0	0	0	0	0	0	0	0	0.206	0	0	0	1.03	0.206	0	0	0	0.206	0	0	0	0	0	0	0	0.206	0.175	0.237	0	0.206	0.412	0	0.206	0	0	0	0.206	0	0.412	0.015	0.191	0	0	0	0	0.206	0.206	0.206	0	0.206	0	0.206	0	0	0.206	0.824	0.206	0.206	0	0	0.412	0	0	0	0.412	0.412	0.206	0.412	0.618	0	0	0	0.618	0.412	0	0	0	0.206	0	0	0	0	0	0	0	0	0	0	0	0	0	0	0	0	0	0	0	0	0	0	0	0	0	0	0	0	0	0	0	0	0	0	0	0.206	0.206	0	0	0	0	0	0	0	0	0	0	0	0	0	0	50:60,10.325:200,50:80
Sp140-NM_001013817	0	0	0	0	0	0	0	0	0	0	0	0	0	0	0	0	0	0	0	0	0	0	0	0	0	0	0	0	0	0	0	0	0	0	0	0	0	0	0	0	0	0	0	0	0	0	0	0	0	0	0	0	0	0	0	0	0	0	0	0	0	0.206	0	0	0	0	0	0	0	0	0	0	0	0	0	0	0	0	0	0	0	0	0	0	0	0	0	0	0	0	0	0	0.206	0	0	0	0	0	0	0	0	0	0	0	0	0	0	0	0	0	0	0	0	0	0	0	0	0	0	0	0	0	0	0	0	0	0	0	0	0	0	0	0	0	0	0	0	0	0	0	0	0	0	0	0	0	0	0	0	0	0	0	0	0	0	0	0	0	0	0	0	0	0	0	0	0	0	0	0	0	0	0	0	0	0.206	0	0	0	0	0	0	0	0	0	0	0	0	0	0	0	0	0	0	0	0	0	0	0	0	0	0	0	0	0	0	0	0	0	0	0	0	0	0	0	0	0	0	0	0	0	0	0	0	0	0	0	0	0	0	0	0	0	0	0	0	0	0	0	0	0	0	0	0	0	0	0	0	0	0	0	0	0	0	0	0	0	0	0	0	0	0	0	0	0	0	0	0	0	0	0	0	0	0	0	0	0	0	0	0	0	0	0	0	0	0	0	0	0	0	0	0	0	0	0	0	0	0	0	0	0	0	0	0	0	0	0	0	0	0	0	0	0	0	0	0	0	0	0	0	0	0	0	0	0	0	0	0	0	0	0	0	0	0	0	0	0	0	0	0	0	50:60,221.67:200,50:80
Spata48-NM_028669	0	0	0	0	0	0	0	0	0	0	0	0	0	0	0	0	0	0	0	0	0	0	0	0	0	0	0	0	0	0	0	0	0	0	0	0	0	0	0	0	0	0	0	0	0	0	0	0	0	0	0	0	0	0	0	0	0	0	0	0	0	0	0	0	0	0	0	0	0	0	0	0	0	0	0	0	0	0	0	0	0	0.206	0	0	0	0	0	0	0	0	0	0	0	0	0	0	0	0	0	0	0	0	0	0	0	0	0	0	0	0	0	0	0	0	0	0	0	0	0	0	0	0	0	0	0	0	0	0	0	0.206	0	0	0	0.206	0	0	0	0	0	0	0	0	0	0	0	0	0	0	0	0	0	0	0	0	0	0	0	0	0	0	0	0	0	0	0	0	0.206	0	0	0	0	0	0	0	0	0	0	0	0	0	0	0	0	0	0	0	0	0	0	0	0	0	0.206	0	0	0	0	0	0	0	0	0	0	0	0	0	0	0	0.206	0	0	0	0	0	0	0	0	0	0	0	0	0	0	0	0	0	0	0	0	0	0	0	0	0	0	0	0	0	0.206	0	0	0	0	0	0	0	0	0	0.206	0	0.206	0	0	0	0	0	0	0	0	0	0	0	0	0	0	0	0	0	0	0	0.206	0	0	0	0	0	0	0	0	0	0	0	0	0	0	0	0	0	0	0	0	0	0	0	0	0	0	0	0	0	0	0	0	0	0	0	0	0	0	0	0	0	0	0	0	0	0	0.412	0	0	0	0	0	0	0	0	0	0	0	0	0	0	0	0	0	0	0	0	0	0	50:60,129.625:200,50:80
Spink14-NM_001039218	0	0	0	0	0	0	0	0	0	0	0	0	0	0	0	0	0	0	0	0	0	0	0	0	0	0	0	0	0	0	0	0	0	0	0	0	0	0	0	0	0	0	0	0	0	0	0	0	0	0	0	0	0	0	0	0	0	0	0	0	0	0	0	0	0	0	0	0	0	0	0	0	0	0	0	0	0	0	0	0	0	0	0	0	0	0	0	0	0	0	0	0	0	0	0	0	0	0	0	0	0	0	0	0	0	0	0	0	0	0	0	0	0	0	0	0	0	0	0	0	0	0	0	0	0	0	0	0	0	0	0	0	0	0	0	0	0	0	0	0	0	0	0	0	0	0	0	0	0	0	0	0	0	0	0	0	0	0	0	0	0	0	0	0	0	0	0	0	0	0	0	0	0	0	0	0	0	0	0	0	0	0	0	0	0	0	0	0	0	0	0	0	0	0	0	0	0	0	0	0	0	0	0	0	0	0	0	0	0	0	0	0	0	0	0	0	0	0	0	0	0	0	0	0	0	0	0	0	0	0.206	0	0	0	0	0	0	0	0	0	0	0	0	0	0	0	0	0	0	0	0	0	0	0	0	0	0	0	0	0	0	0	0	0	0	0	0	0	0	0	0	0	0	0	0	0	0	0	0	0	0	0	0	0	0	0	0	0	0	0	0	0	0	0	0	0	0	0	0	0	0	0	0	0	0	0	0	0	0	0	0	0	0	0	0	0	0	0	0	0	0	0	0	0	0	0	0	0	0	0	0	0	0	0	0	0	0	0	0	0	0	50:60,21.7:200,50:80
Srrd-NR_153105	0	0	0	0	0	0	0	0	0	0	0	0	0	0	0	0	0	0	0	0	0	0	0	0	0	0	0	0.206	0	0	0	0.206	0.206	0	0	0	0	0	0	0	0	0	0	0	0	0	0	0.206	0	0	0	0.206	0	0	0	0	0	0	0	0.206	0	0	0	0	0	0	0	0	0.412	0.618	0.361	0.052	0.206	0	0	0	0	0	0	0	0	0	0	0	0	0	0	0	0	0	0	0	0	0	0	0	0	0.206	0	0	0	0.412	0.361	0.258	0	0	0	0	0.206	0	0	0.412	0	0	0	0	0	0	0.206	0	0	0	0	0	0	0	0	0.206	0	0	0.206	0	0	0	0	0	0	0.206	0	0	0	0	0	0.206	0	0	0.206	0	0	0	0	0	0	0.206	0	0	0	0	0	0	0.206	0	0	0	0	0	0	0	0	0.206	0	0	0.206	0	0.412	0	0	0	0	0	0.206	0.618	0.412	0.412	0	0	0.206	0	0	0	0.206	0	0	0	0	0	0	0	0.412	0.412	0.206	0	0	0	0	0	0	0.206	0	0	0	0	0.206	0	0.824	0.824	0.206	0	0	0.412	0.206	0.206	0	0	0.618	0.206	0.206	0	0.206	0	0.206	0	0	0.206	0.206	0.206	0.824	0	0.155	0.052	0	0	0.412	0.618	0.206	0.412	0.618	0.206	1.236	0.206	0.618	0	0.618	0.206	0.412	0	0.618	0	0	0.412	2.472	0.824	1.03	0.206	0.412	1.236	0.824	0.412	1.442	0.206	0.412	0.824	0.618	0.206	1.854	0.206	0.824	1.03	0.824	0.412	1.236	0	0.206	1.236	2.472	0.824	0.618	1.854	1.03	0	0.206	0.618	1.442	0	0.206	0.206	0	0	0	0	0.206	0.206	0.206	0.206	0.412	0	0.412	2.678	0.412	0.412	0.206	0.824	1.236	0.206	0.824	1.03	0.206	0	0	0.206	0.412	0.206	0	0.206	0.206	0.206	0	0	0	0	0	0	0.412	0.618	0.206	0	0	0	0	0	50:60,28.25:200,50:80
Taar2-NM_001007266	0	0	0	0	0	0	0	0	0	0	0	0	0	0	0	0	0	0	0	0	0	0	0	0	0	0	0	0	0	0	0	0	0	0.206	0	0	0	0	0	0	0	0	0	0	0	0	0	0	0	0	0	0	0	0	0	0	0	0	0	0	0	0	0	0	0	0	0	0	0	0	0	0	0	0	0	0	0	0	0	0	0	0	0	0	0	0	0	0	0	0	0	0	0	0	0	0	0	0	0	0	0	0	0	0	0	0	0	0	0	0	0	0	0	0	0	0	0	0	0	0	0	0	0	0	0	0	0	0	0	0	0	0	0	0	0	0	0	0	0	0	0	0	0	0	0	0	0	0	0	0	0	0	0	0	0	0	0	0	0	0	0	0	0	0	0	0	0	0	0	0	0	0	0	0	0	0	0	0	0	0	0	0	0	0	0	0	0	0	0	0	0	0	0	0	0	0	0	0	0	0	0	0	0	0	0	0	0	0	0	0	0	0	0	0	0	0	0	0	0	0	0	0	0	0	0	0	0	0	0	0	0	0	0	0	0	0	0	0	0	0	0	0	0	0	0	0	0	0	0	0	0	0	0	0	0	0	0	0	0	0	0	0	0	0	0	0	0	0	0	0	0	0	0	0	0	0	0	0	0	0	0	0	0	0	0	0	0	0	0	0	0	0	0	0	0	0	0	0	0	0	0	0	0	0	0	0	0	0	0	0	0	0	0	0	0	0	0	0	0	0	0	0	0	0	0	0	0	0	0	0	0	0	0	0	0	0	0	0	0	0	50:60,15.06:200,50:80
Taf1b-NM_020614	0	0	0	0	0	0	0	0	0	0	0	0	0	0	0	0	0	0	0	0	0	0.206	0	0	0	0	0	0	0	0	0	0	0	0	0	0	0	0	0	0	0	0	0	0	0	0	0	0	0	0	0	0	0	0	0	0	0	0	0	1.03	22.249	15.038	0	0	0.412	0.206	0	0	0.206	0	0.206	0.206	0	0	0	0	0	0.206	0	0	0.206	0	0	0	0.206	0	0.618	0	0.206	0	0	0	0	0	0	0.618	0.618	0	1.03	3.09	1.03	2.678	3.296	3.09	2.06	2.678	0.412	2.266	1.03	3.09	2.678	0.824	1.236	1.442	0.824	0.206	1.03	1.236	0.824	2.266	4.12	2.06	0.618	0.618	0.618	0.412	0.618	2.472	1.442	2.678	0.618	0.775	2.315	0.618	0.618	1.236	0.824	0	0.206	2.472	1.236	2.06	0.618	1.03	1.03	1.263	2.857	1.442	2.472	0	2.06	1.03	0.618	1.236	1.648	0.898	0.544	0	3.502	0.824	1.442	2.266	1.648	1.442	1.03	2.884	2.06	0.824	1.236	1.648	1.236	1.03	1.837	1.666	1.03	1.03	0.824	1.03	1.442	0.206	0.618	0.618	0.206	1.442	1.03	1.648	0.412	1.442	1.236	1.648	2.06	0.618	0.824	3.084	0.83	2.06	0.824	1.442	3.708	0.206	0.618	0.824	3.09	3.708	0.412	2.06	0.412	3.984	5.904	0.412	0.824	1.03	0.618	1.648	2.266	3.708	3.914	5.768	2.06	1.03	0.412	3.708	1.03	3.914	1.854	1.648	1.236	1.236	1.236	1.854	3.296	1.236	0.868	6.754	0.412	1.442	2.06	1.442	1.442	1.442	5.768	2.06	1.03	0.206	1.03	0.618	0.824	2.678	1.03	3.502	2.266	2.678	3.914	1.854	0.824	2.472	2.266	3.502	1.03	2.266	0	0.412	0	0.206	0	0.206	0	0.618	0.824	1.03	1.648	0.412	0	1.648	1.236	1.442	0	1.236	0.206	0.206	1.236	2.06	0.412	1.03	0	0	0.206	0	0.412	0.206	0.206	0.206	0.618	0.206	0.618	0.618	1.03	0.824	0.206	0.824	0.206	0.618	0.206	0.412	0.206	0.824	1.03	1.442	0.824	0	0.824	0	0	1.03	0	0.206	0.206	0	0	0	0.824	0.412	0.206	0	0	0	1.854	0	0	0	0	0	0	0	0.206	0.824	0.618	0.618	1.854	0	50:60,299.955:200,50:80
Tarbp2-NM_001253795	0	0.206	0.206	0	0	0	0	0	0	0	0	0.206	0	0.206	0	0	0.412	0	0.412	0.412	0	0.206	0	0.206	0.412	3.708	0.412	0	0	0	0	0	0.412	0.206	0.824	0.206	0	0	3.502	5.356	0.206	0.206	0.206	1.236	0	0	0	0	0	0	0	0	0	0	0	0	0	1.236	0.412	9.682	2.884	0.206	0.469	0.767	0.412	0.206	0.412	0.206	0	14.678	2.421	12.566	2.06	0.412	0	0.824	0.412	0	0.221	1.427	7.179	8.889	1.03	25.545	1.648	0.206	0.412	0	0.618	1.854	0.412	0.412	0	0	0	0	0	0	0	0	0	0.206	0.618	0	0.618	0.824	0.206	0	0	0	0	0	0.206	0	0	0	0	0	0	0	0	0	0.206	0	0	0	0	0.206	0.206	0	0	0	0	0.206	0.412	0.618	0	0.206	0	0	0	0	0	0	0	0	0	0	0	0.824	0	0	0	0	0.206	0.371	0.041	0	0.015	0.5	0.103	0.206	0.206	0.206	0	0.206	0	0	0	0	0	0	0.412	0	0	0.206	0.412	0.412	0.206	0	0.618	0	0	0	0.206	0.824	0	0	0	0	0.206	0	0	0.206	0	0.206	0.824	0.206	0	0	0	0	0.206	0.412	0.412	0.206	0	0	0	0	0.206	0.206	0.206	0	0	0	0	0	0.649	1.205	2.06	0.206	0	0	0	0	0.412	0	0.412	0	0	0	0	0	0	0	0	0	0.618	0	0	0	0	0	0	0	0	0	0	0	0	0	0	0	0	0	0	0	0	0.206	0.618	1.648	0	0.824	0.412	1.442	0.618	0.412	0.824	1.03	2.678	1.03	1.236	0.206	0.618	0.824	0.412	0	0	0	0.206	1.442	1.236	3.914	0.412	1.03	0.618	0.412	0.412	1.442	5.974	7.21	2.266	4.944	3.09	0.824	0.412	1.236	2.06	0	2.884	4.326	0.824	0	0	1.236	4.12	0.206	0.412	1.854	1.854	0.618	0.206	1.442	0.412	1.648	0.412	0.824	0.206	0	0.618	0.206	0.206	0	0.824	0.412	1.648	0.618	0.206	0	0	0	0	0	2.472	2.06	0.824	2.678	0.412	0.206	50:60,27.425:200,50:80
Tardbp-NM_145556	0	0	0	0	0	0	0	0	0	0	0	0	0	0	0	0	0	0	0	0	0	0	0	0.206	0	0	0	0	0	0	0	0	1.442	0.618	0	0.206	0	0	0	0	0	0	0	0	0	0	0	0	0	0.206	0	0.206	0	0	0	0	0	0	0	1.03	1.236	0	0.252	688.628	3.09	0.618	3.708	12.36	2.678	7.519	6.283	1.009	3.523	4.326	3.708	2.06	0.618	0	0	0	2.678	2.06	7.21	1.442	1.236	1.442	7.627	12.561	3.296	4.738	6.592	5.15	0	1.349	1.741	5.15	7.988	0.458	3.899	10.316	20.662	72.998	47.752	5.675	11.82	12.489	3.198	32.647	7.416	0.206	2.472	5.562	5.768	10.094	0.206	0.824	9.59	3.183	3.502	0.618	4.738	1.648	8.802	25.972	5.784	6.391	4.141	2.081	2.245	5.562	7.004	1.236	2.06	3.09	1.03	0	2.266	9.857	14.451	0.824	9.27	7.622	0.824	11.33	1.854	1.648	0.412	4.944	0	3.914	4.326	8.446	6.18	0.412	9.476	9.682	1.03	5.562	6.798	8.446	9.008	5.001	2.06	3.09	3.914	2.678	3.914	13.823	2.039	7.004	14.621	9.275	0.618	10.414	5.037	4.12	10.094	10.228	4.604	0.824	0	1.267	0.793	0	1.442	1.442	0.412	0	0.206	95.535	2.73	5.15	0	0	0.824	0.824	0	0	2.266	0.206	1.56	2.972	7.978	13.447	42.901	69.166	16.068	15.059	37.266	2.266	16.547	26.137	7.581	2.06	1.03	9.888	2.884	5.356	2.678	1.03	6.196	5.753	12.978	14.812	36.921	1.622	3.209	10.388	23.145	23.721	33.234	10.954	14.209	4.949	2.498	10.522	27.208	28.856	37.009	10.094	2.884	4.12	32.997	38.281	22.249	6.386	16.831	16.13	4.362	4.496	2.678	0.824	1.854	4.532	8.652	7.004	18.54	5.531	3.533	2.472	0.206	0.618	2.678	3.296	4.12	4.12	5.15	17.716	21.219	9.682	7.21	3.296	1.854	0	1.442	17.304	12.36	29.253	12.36	12.154	10.3	6.18	9.682	4.738	5.356	5.356	11.742	4.944	3.914	22.249	28.429	12.566	4.12	4.326	9.682	23.485	19.57	24.515	2.472	1.236	5.356	5.768	2.884	8.034	1.648	4.944	4.738	18.334	24.103	6.798	17.098	7.828	8.652	3.296	0	0	6.18	50.471	26.575	0	2.06	0	4.12	0.618	3.09	3.09	1.236	2.678	0.206	4.326	4.326	5.15	12.154	12.772	2.472	1.236	1.236	2.06	0.824	2.678	50:60,73.075:200,50:80
Tdrp-NM_001361630	0	0	0	0	0	0	0	0	0	0	0	0	0	0	0	0	0	0	0	0	0	0	0	0	0	0	0	0	0	0	0	0	0	0	0	0	0	0	0	0	0	0.206	0.206	0	0	0	0	0	0	0.206	0	0	0	0.206	0	0	0	0	0	0	2.678	2.884	1.03	104.927	0.548	0	0	0.412	0	0.824	0	0.206	0.412	0	0	0.206	0.206	0	0.206	0.206	0.206	0.824	0	0.206	0.618	0	0.206	0.618	0.206	0.618	0	0.824	0.206	0.206	0.206	0	0.206	0.206	0	0.206	0	1.03	1.648	0.618	0.412	1.236	0.412	0.206	0	0	0	0	0.412	0.618	0	0.206	0.206	0	0	0.206	0.206	0.206	0	0	0	0	0	0	0	0	0.206	0.824	0	0.206	0.206	0.412	2.266	0	0.412	1.442	0.206	0.412	0	1.03	0	0	0.412	0.824	0	0	0.206	0	0.206	0.618	1.648	1.03	0	0.618	0.618	1.442	0.824	0.618	0.824	0.618	0.412	1.03	0.412	0	0.824	0	0.618	0.206	0	0	0	0	0.206	0	0.206	0.618	0.824	0.206	1.648	4.12	2.266	0.618	0	0	0.206	0.618	0	0	0.618	0.206	0	0.206	0.412	0.412	0.412	0.206	0.824	0.618	2.678	0.618	0.412	0.412	1.648	0.412	0	0.206	1.03	0.206	0.206	0.206	0.206	0.206	0.618	0.412	0.412	0	0.811	0.425	0.206	0.206	0.206	0.412	0.206	0.824	0.412	1.03	0.412	0.412	0.412	0.206	0.206	0.618	0	0.206	0.206	0.206	0.206	0.206	0	0	0.412	0.618	1.854	2.884	2.06	2.472	2.472	1.648	1.442	0.824	0.412	0.206	2.06	2.266	0.412	0.618	1.236	1.03	0.206	0.206	0	0	0	0	0.412	0.618	0.824	0.824	0.412	0.618	0.412	1.03	1.236	0.412	0.618	2.266	0.412	1.03	0.824	1.03	1.03	0.824	0.206	0.618	0.618	0.206	0	0.206	0.206	0	0.206	0.618	0.824	0	0.206	1.03	0	0.618	1.03	0.206	0	0	0.412	0	0	0	0	0	0.412	0	0	0	0	0	0.206	0.206	0.412	0	0	0	0.206	0	0	0.206	0	0.206	0.206	0.206	0	0.206	0	0	0	0	0	0.412	50:60,115.335:200,50:80
Tex33-NM_001163612	1.648	0	0.412	0.412	0.206	0.206	0.412	0.412	0	0.412	0.206	0.618	0.206	0.206	0.206	0	0	0.206	0.412	0.824	0.824	0.412	1.03	0.412	0.206	0	0.206	0	0	0	0	0	0	0	0	0	0	0	0	0	0	0	0	0	0	0.206	0	0	0	0	0	0	0	0	0	0	0	0	0	0	0	0	0	0	0	0	0	0	0	0	0	0	0	0	0	0	0	0	0	0	0	0	0	0	0	0	0	0	0	0	0	0	0	0	0	0	0	0	0	0	0	0	0	0	0	0	0	0	0	0	0	0	0	0	0	0	0	0	0	0	0	0	0	0	0	0	0	0	0	0	0	0	0	0	0	0	0	0	0	0	0	0	0	0	0	0	0	0	0.206	0	0	0	0	0	0	0.206	0	0	0	0	0	0	0	0	0	0	0	0	0	0	0	0	0	0	0	0	0	0	0	0	0	0	0	0	0	0	0	0	0	0	0	0	0	0	0	0	0	0	0	0	0	0	0	0	0	0	0	0	0	0	0	0	0	0	0	0	0.206	0	0	0	0	0	0	0	0	0	0	0	0	0	0	0	0	0	0	0	0	0	0	0	0	0	0	0	0	0	0	0	0	0	0	0	0	0	0	0.206	0	0	0	0	0	0	0	0	0	0	0	0	0.206	0.206	0	0	0	0	0	0	0	0	0	0	0	0	0	0	0	0	0	0	0	0.206	0	0	0	0	0	0	0	0	0	0	0	0	0	0	0	0	0	0	0	0	0	0	0	0	0	0	0	0	0	0	0	0	0	0	0	0	0	0.412	0	0	0	0	0	0	0	0	0	0	0	0	50:60,87.565:200,50:80
Tfcp2l1-NM_023755	0	0	0	0	0	0	0	0	0	0.206	0	0	0	0	0	0	1.442	0.206	0.412	0.206	0.206	0	0	0.412	0	0	0	0	0	0	0	0.206	0	0	0	1.648	0.412	0.206	0.206	0.206	0	0	0	0	0	0.206	0.206	0	0	0	0	0	0	0	0	0	0	0	0	0	37.699	0.412	2.884	1.648	1.236	0.618	1.854	0.412	2.266	0.618	0.618	0.206	2.884	0.824	1.236	2.884	1.236	2.884	3.972	5.504	5.974	1.854	2.472	4.326	0.412	0.206	2.06	0.618	2.266	3.914	1.442	1.648	3.708	4.326	3.296	1.03	2.884	1.854	1.442	4.326	2.884	3.914	2.472	2.678	1.648	4.326	1.236	4.12	7.21	5.562	2.06	4.12	1.442	4.326	6.592	6.18	4.944	0.824	3.09	1.648	4.12	0.206	6.18	13.802	3.708	4.944	2.884	0.412	2.678	6.592	8.141	14.931	15.244	3.502	1.648	2.678	4.532	9.682	6.798	9.064	3.914	3.914	2.472	7.004	2.472	5.356	5.974	1.03	2.266	0.618	8.652	2.266	0.824	0.206	1.648	2.06	2.266	1.442	6.386	1.648	3.502	2.884	3.708	1.854	3.914	1.236	4.532	3.502	3.09	3.708	5.768	2.06	4.12	1.854	4.532	4.12	1.03	3.502	5.356	1.648	3.296	1.648	6.18	1.854	3.09	3.296	3.296	2.134	5.488	6.592	2.884	5.15	8.24	4.12	5.356	2.678	0	2.472	3.296	11.124	5.562	3.296	3.708	1.854	2.472	3.09	1.442	9.476	2.678	4.532	1.442	3.914	5.974	5.562	1.648	4.738	0.618	2.266	0.618	2.678	1.648	1.236	2.884	3.502	1.03	0.618	2.06	3.296	4.738	4.12	1.03	3.296	4.532	4.507	7.029	7.416	4.944	4.12	1.648	8.652	5.356	3.296	3.09	5.974	9.27	6.798	2.266	1.236	4.326	16.892	6.798	4.532	10.918	8.858	6.798	18.128	9.682	6.749	8.496	8.034	1.648	1.03	1.854	0.618	1.03	1.648	2.06	2.06	1.03	0.618	0.824	1.03	1.03	4.12	3.502	1.03	0.618	4.944	2.678	3.296	2.06	2.472	3.09	1.236	0.412	0	2.678	1.442	0.824	1.854	2.678	0.412	0.618	2.06	0.824	0.412	0.618	1.03	1.236	0.206	0.412	0.206	0.206	0.206	1.648	2.884	0.824	0.206	0.824	1.236	0.412	1.442	0.206	0.618	0.206	0.824	0	0	0.206	0.824	0.412	1.03	0.412	0	0	0	0	0	1.236	0.824	0.206	0	0.618	0.412	0.206	0	0	0	0	2.06	50:60,286.12:200,50:80
Tfeb-NM_001161722	0	0.206	0.412	0.206	0	0	0	0	0	0.412	0	0	0	0.206	0	0	0	0	0	0	0	0	0.412	0	0	0	0.206	0	0.206	0.412	0	0	0.206	0	0	0	0	0.206	0	0	0.206	0	0	0	0.206	0.412	0	0	0	0	0	0	0.206	0	0	0	0	0	0	0	2.06	0.206	1.648	11.536	2.472	1.854	1.442	1.03	2.884	2.266	4.12	0.618	0.824	1.236	1.03	3.708	2.472	1.03	0.618	1.442	2.884	1.442	3.09	2.678	2.472	1.03	0.206	3.543	1.401	0.412	0.824	4.326	3.708	0.824	0.824	3.708	1.648	2.06	1.03	4.12	3.502	1.648	1.03	5.974	1.03	1.442	0.618	1.236	2.06	1.236	1.03	3.914	2.06	3.09	0.206	1.524	3.42	3.914	2.472	2.266	0.618	3.914	2.06	2.06	2.06	8.446	2.884	0	0.824	0.618	2.884	5.356	1.03	1.442	3.09	0.618	1.236	1.03	3.296	3.296	2.884	2.884	2.06	1.03	0.618	0.412	4.12	1.73	0.742	0	2.266	0.412	1.236	1.648	2.472	1.236	1.854	2.678	2.472	0.618	0	3.296	0.824	3.914	1.236	4.326	5.15	0.618	1.648	3.502	0	5.562	4.12	2.472	2.266	2.06	2.266	3.543	2.019	1.442	3.296	3.914	1.648	0.618	2.472	1.236	1.442	2.472	2.472	1.648	2.472	1.442	2.06	0.412	0.412	1.03	0.412	2.678	1.442	0.618	1.854	0.412	2.678	1.236	2.472	1.854	2.06	0.206	1.442	0.206	2.472	0.206	0	0.618	1.236	3.09	3.296	2.472	1.648	1.236	0.618	1.03	0	0.412	0.618	1.854	1.648	0.824	2.266	3.09	1.648	0.824	1.854	1.236	5.15	3.502	0.618	0.206	0.824	1.648	2.06	1.236	1.854	1.236	0.618	4.326	5.562	1.236	0.412	4.326	2.678	1.813	1.071	2.06	2.266	1.854	0.824	2.678	3.523	5.542	1.03	2.266	0.618	1.854	2.266	2.06	0.412	1.854	0.206	0	0.412	1.03	0.412	0.824	1.03	8.034	0.824	0.618	7.004	3.708	0.412	2.266	2.884	1.03	2.472	0	1.854	4.12	1.03	3.09	0.824	1.03	2.678	4.738	1.648	1.854	0.824	1.03	0.412	2.06	0.824	1.854	2.472	1.442	1.442	0.412	2.678	1.648	1.442	2.678	1.442	2.472	1.236	0	0	0.412	0.618	1.442	0.618	0.206	0.206	0.618	0.824	2.06	1.03	1.236	1.03	0.412	0	0.824	2.472	0.206	0.824	2.678	0.412	0	0.824	1.236	0.206	0.618	50:60,276.9:200,50:80
Tff3-NM_011575	0	0	0	0	0	0	0	0	0	0	0	0	0	0	0	0	0	0	0	0	0	0	0	0	0	0	0	0	0	0	0	0	0	0	0	0	0	0	0	0	0	0	0	0	0	0	0	0	0	0	0	0	0	0	0	0	0	0	0	0	0	0	0	0	0	0	0	0	0	0	0	0	0	0	0	0	0	0	0	0	0	0	0	0	0	0	0	0	0	0	0	0	0	0	0	0	0	0	0	0	0	0	0	0	0	0	0	0	0	0	0	0	0	0	0	0	0	0	0	0	0	0	0	0	0	0	0	0	0	0	0	0	0	0	0	0	0	0	0	0	0	0	0	0	0	0	0	0	0	0	0	0	0	0	0	0	0	0	0	0	0	0	0	0	0	0	0	0	0	0	0	0	0	0	0	0	0	0	0	0	0	0	0	0	0	0	0	0	0	0	0	0	0	0	0	0	0	0	0	0	0	0	0	0	0	0	0	0	0	0	0	0	0	0	0	0	0	0	0	0	0	0	0	0	0	0	0	0	0	0.412	0	0	0.206	0	0.206	0	0	0	0	0	0	0	0	0	0	0.206	0	0	0	0	0	0	0.206	0	0	0.206	0	0	0	0	0	0	0	0	0	0	0	0	0	0	0	0	0	0	0	0	0	0	0	0	0	0	0	0	0	0	0	0	0	0	0	0	0	0	0	0	0	0	0	0	0	0	0	0	0	0	0	0	0	0	0	0	0	0	0	0	0	0	0	0	0	0	0	0	0	0	0	0	0	0	0	0	0	0	0	0	0	0	0	0	50:60,21.53:200,50:80
Tfpi2-NR_138566	0	0	0	0	0	0	0	0	0	0	0	0	0	0	0	0	0	0	0	0	0	0	0	0	0	0	0	0	0	0	0	0	0	0	0	0	0	0	0	0	0	0	0	0	0	0	0	0	0	0	0	0	0	0	0	0	0	0	0	0	0	0	0	0	0	0	0	0	0	0	0	0	0	0	0	0	0	0	0	0	0	0	0	0	0	0	0	0	0	0	0	0	0	0	0	0	0	0	0	0	0	0	0	0	0	0	0	0	0	0	0	0	0	0	0	0	0	0	0	0	0	0	0	0	0	0	0	0	0	0	0	0	0	0	0	0	0	0	0	0	0	0	0	0	0	0	0	0	0	0	0	0	0	0	0	0	0	0	0	0	0	0	0	0	0	0	0	0	0	0	0	0	0	0	0	0	0	0	0	0	0	0	0	0	0	0	0	0	0	0	0	0	0	0	0	0	0	0	0	0	0	0	0	0	0	0	0	0	0	0	0	0	0	0	0	0	0.206	0	0	0	0	0	0	0	0	0	0	0	0	0	0	0	0	0	0	0	0	0	0	0	0	0	0	0	0	0	0	0	0	0	0	0	0	0	0	0	0	0	0	0	0	0	0	0	0	0	0	0	0	0	0	0	0	0	0	0	0	0	0	0	0	0	0	0	0	0	0	0	0	0	0	0	0	0	0	0	0	0	0	0	0	0	0	0	0	0	0	0	0	0	0	0	0	0	0	0	0	0	0	0	0	0	0	0	0	0	0	0	0	0	0	0	0	0	0	0	0	0	0	0	50:60,131.35:200,50:80
Tgm3-NM_009374	0	0	0	0	0	0	0	0	0	0	0	0	0	0	0	0	0	0	0	0	0	0	0	0	0	0	0	0	0	0	0	0	0	0	0	0	0	0	0	0	0	0	0	0	0	0	0	0	0	0	0	0	0	0	0	0	0	0	0	0	0	0	0	0	0	0	0	0	0	0.206	0	0	0	0	0	0	0	0	0	0	0	0	0	0.206	0	0	0	0	0	0	0	0	0	0	0	0	0.206	0	0	0	0	0	0	0	0	0	0	0.206	0	0	0	0	0.206	0	0	0	0	0	0	0	0	0	0	0.206	0	0	0	0.206	0	0	0	0	0	0	0.206	0	0	0	0	0	0	0.206	0.206	0.412	0	0	0	0	0	0	0	0	0	0	0	0.206	0	0	0	0	0	0.206	0.206	0	0	0	0	0.824	0.412	0	0	0	0	0	0.206	0.206	0.206	0	0	0	0	0	0	0	0	0	0	0.412	0	0.412	0	0	0	0	0	0	0	0.206	0.206	0	0	0	0	0	0	0	0	0.206	0	0.206	0.206	0	0	0	0	0.206	0	0	0.206	0	0	0	0	0.206	0.206	0	0.206	0.206	0	0	0	0	0.206	0	0	0	0	0	0	0	0	0	0	0	0	0	0	0.206	0.206	0	0	0	0	0	0.412	0.824	0.206	0.618	0.206	0	0	0	0	0.206	0	0	0	0	0	0	0	0	0.206	0	0	0	0	0	0	0	0	0	0	0	0	0.206	0.206	0	0	0	0	0	0.206	0	0	0	0	0	0	0	0	0	0	0	0	0	0	0	0	0	0	0.206	0	0	0	0	0	0	0	0	0	0	0	0	0	0	0.206	0	0	0	0	0	0	0	0	0	0	0	0	0	50:60,190.3:200,50:80
Timd2-NM_134249	0	0	0	0	0	0	0	0	0	0	0	0	0	0	0	0	0	0	0	0	0.206	0.206	0	0	0	0	0	0	0	0	0	0	0	0	0	0	0	0	0	0	0	0	0	0	0	0	0	0	0	0	0	0	0	0	0	0	0	0	0	0	0	0	0	0	0	0	0	0	0	0	0	0	0	0	0	0	0	0	0	0	0	0	0	0	0	0	0	0	0	0	0	0	0	0	0.077	0.129	0	0	0	0	0	0.206	0	0.206	0.412	0	0	0	0	0	0	0	0	0	0	0	0	0	0	0	0	0	0.206	0	0	0	0	0	0	0	0	0	0	0	0	0.206	0	0	0	0	0	0	0	0	0	0	0	0	0	0	0	0	0.206	0	0	0	0	0	0	0	0	0	0	0	0	0	0	0	0	0	0	0	0	0.206	0.206	0	0.206	0	0	0	0	0	0	0	0	0	0	0.206	0	0	0	0.206	0	0	0.206	0	0.206	0	0	0	0	0	0	0	0	0	0	0	0	0	0	0	0.206	0	0	0	0.206	0.206	0.206	0	0	0	0	2.06	0	0	0	0	0	0	0	0.206	0.206	0	0	0	0	0.206	0	0.206	0	0	0	0	0	0	0	0	0	0	0	0	0	0	0	0.618	0	0	0	0	0	0	0	0	0	0	0	0	0	0	0	0	0	0	0	0	0	0	0	0	0	0	0	0	0	0	0	0	0	0	0	0	0	0	0	0	0	0	0	0	0	0	0	0	0	0	0	0	0	0	0	0	0	0	0.206	0.206	0	0	0	0	0	0	0	0	0	0	0	0.206	0	0	0	0	0	0	0	0	0	0	0	0.206	50:60,190.725:200,50:80
Timm10b-NM_001360052	0	0	0.206	0.206	0	0	0	0	0	0	0	0	0	0	0	0	0	0	0	0	0	0	0	0	0	0	0	0	0.206	0	0	0	0	0	0	0	0	0	0	0	0	0	0	0	0	0	0	0	0	0	0	0.206	0	0	0	0	0	0	0	0.618	5.356	20.188	2.884	1.03	0.824	0.206	0.618	0.206	0.206	0.206	0	0	0.206	1.03	0	0	0	0	0	0	0.618	0	0.412	0	0.206	0	0.206	0.206	0.206	0	0.206	0	0.412	0.206	0	0	0.206	0	0.206	0.618	0.824	0.618	0.412	0.206	0.206	0.618	0.297	0.733	0	1.854	0.824	1.665	5.134	1.442	0.412	0.618	1.854	1.854	1.442	1.236	3.444	1.706	3.296	1.648	2.637	1.895	0.824	2.266	2.06	0.412	0.396	0.222	0	2.472	1.648	0.412	0.618	0.618	1.03	1.03	1.854	0.412	1.236	0.618	3.131	0.783	0.618	0.412	1.442	0	0	0.824	0.206	0.206	0.206	1.648	3.296	0	0	0.206	0.206	1.03	0.824	2.266	0.412	0	0	1.03	2.266	0	0	0.412	0.206	0	0	0	0	2.678	1.442	0	0.206	0.206	0.206	0.412	1.03	1.03	1.648	0.824	0.206	0	1.055	1.211	0.412	0.824	2.06	1.442	0	4.12	2.678	0.824	0	0.412	0.618	0.206	0.206	0.412	0.412	0	0.206	0.206	0	0	0	0.412	0.206	0.618	0	0	0	0	0	0	0	0	0	0.206	0	0.206	0	0.206	0	0.412	0.412	0.206	0.206	0	0	0	0.206	0	0.412	0	0.412	0	0	0.206	0	0	0	0.412	0	0	0	0	0.824	0	0.206	0.206	0	0	0	0	0	0	0	0	0	0	0	0	0	0	0	0.206	0	0	0	0	0	0	0	0	0.412	0.206	0	0	0	0	0.206	0	0	0	0	0.206	0.412	0	0	0	0	0	0.206	0.206	0	0	0	0.206	0	0.412	0.412	0	0	0	0	0	0.206	0.412	0	0	0.206	0	0	0	0	0	0	0	0	0	0	0	0	0	0	0	0	0	0	0.412	0	0	50:60,76.52:200,50:80
Tll1-NM_009390	0	0	0	0	0	0	0	0	0	0	0	0	0	0	0	0	0	0	0	0	0	0	0	0	0	0	0	0	0	0	0	0	0	0	0	0	0	0	0	0	0	0.206	0	0	0	0	0.412	0	0	0.412	0	0	0	0	0	0	0	0.206	0	0	2.06	1.03	0	0	0.206	0.412	0.412	0	0.206	0	0	0	0.824	0	0.412	0	0	0.412	0.412	0	0.206	0	1.236	0	0.412	0.412	0.467	0.357	0.412	0.412	0.618	0.206	0.412	0.618	0.206	0.412	0	0.206	0.412	0.618	0.412	0.206	0	0.206	0.206	0	0.412	0	0	0.206	0	0.206	0	0	0	0.206	1.03	0.824	0.412	0.824	0	0.412	0	0.206	1.03	0	0.206	0	0.206	0.412	0.206	0	0	0	0.206	0.206	0	0.206	0	0	0.412	0.824	0.206	0.618	0.206	0.206	0.618	0.206	0.206	0	0.412	0	0.206	0	0	0.412	0	0	0	0.618	0	0.206	0.206	0.206	0	0.412	0.618	0.206	0.412	0	0.618	0.206	0.206	0.206	0	0.618	0	0.206	0.412	0.412	0.618	0.412	0.206	0	0.206	0.206	0.206	0.824	0.618	0.618	0	0	0.206	0.412	0	0	0	0	0.412	0.618	0	0.618	0.412	0	0.206	0	0	0	0.824	0	0.206	0.618	0.206	0.412	0.206	0	0.412	0	0	0.206	0	0	0.412	0.206	0.412	0.618	0.206	0.412	0	0	0	0	0.206	0	0	0	0	0.412	0	0	0	0	0.206	0.412	0.206	0	0.206	0.206	0	0.206	0.206	0	0	0.206	0.206	0.618	0.412	0.412	0.206	0	0	0	0	0.206	0	0.206	0	0	0	0	0	0	0	0	0	0	0	0	0	0.412	0.206	0	0	0	0	0	0	0	0	0	0	0	0	0	0	0	0	0	0	0	0	0	0	0	0	0	0	0	0	0	0	0	0	0	0.206	0	0	0	0	0	0	0	0	0	0	0	0	0	0	0	0	0	0	0	0	0	0	0	0	0	50:60,956.195:200,50:80
Tll2-NM_011904	2.678	4.738	2.472	5.356	3.914	2.266	1.442	4.944	1.03	2.884	10.094	7.416	0.618	1.854	1.03	1.03	0.618	0.412	4.326	2.472	4.12	0.412	4.944	3.708	0.824	1.648	1.854	1.648	1.854	0.206	0.412	1.03	1.442	0.206	3.914	4.738	1.442	0.206	0.618	2.266	1.648	2.266	0	0.412	1.03	0.412	2.472	5.15	0	0.412	0.618	1.442	0	0.206	0.618	0.412	1.03	0.206	17.51	1.442	6.798	1.442	1.442	2.472	1.648	0.618	2.06	0.618	0.824	0	0.618	0.618	0.618	0	0	0.824	1.03	0	0.206	0	0.206	0.412	0	0	0	0.412	0.206	0.824	0.206	0	0.206	0	0	0	0.206	0.206	0.206	0	0	0	0	0	0.206	0	0	0	0	0.206	0	0	0	0	0	0	0	0	0.206	0	0	0	0	0	0	0	0	0	0.206	0	0	0.412	0	0	0	0.206	0	0.206	0.206	0	0	0	0	0	0	0	0	0	0.206	0	0	0	0	0	0	0	0	0	0	0	0	0	0	0	0	0	0	0	0	0.206	0	0.206	0	0	0	0	0.206	0.206	0	0	0.206	0	0	0	0	0.206	0	0	0	0	0	0.206	0	0.206	0	0	0.206	0	0	0	0	0	0	0	0	0	0.206	0	0	0.206	0	0	0	0	0	0	0	0	0	0	0	0	0	0	0	0.206	0.206	0	0	0	0	0.206	0	0.206	0.206	0	0	0.412	0	0	0	0	0	0	0	0	0	0	0	1.236	0	0.618	0.206	0	0	0	0	0	0.206	0.206	0.412	0	0	0	0	0	0	0	0	0	0	0	0	0	0	0	0	0	0	0	0	0	0	0	0	0	0	0	0	0	0	0	0	0	0	0	0	0	0	0	0	0	0	0	0	0	0	0	0	0	0	0	0	0	0	0	0	0	0	0	0	0	0	0	0	0	0	0	0	0	0	0	0	0	0	0	0	0	0	0	0	0	50:60,629.125:200,50:80
Tmem191c-NM_177473	0	0	0.206	0	0	0.412	0.206	0	0	0	0.618	0.206	0	0.412	0.412	0.412	0.412	0	0	0	0.412	0.618	0	0	0.412	0.206	0	0	0	0	0	0	0	0	0.206	0	0	0	0	0	0	0	0	0	0	0	0	0	0	0	0	0.412	0.206	0.618	0	0.412	0	0.618	0.618	0.618	0.412	0.618	0.618	0.412	3.296	1.648	0.824	0	0.824	0	0	0	0	0	0	0	0.206	0.206	0.206	0.618	0	0	0	0	0.412	0	0	0	0	0	0	0	0.206	0.206	0	0.033	0.173	0	0.122	0.29	0	0.206	0	0	0	0	0	0.618	0.206	0.206	0	0	0	0	0	0	0.206	0	0.206	0	0.206	0.206	1.03	0.618	0.206	0	0.056	0.15	0	1.854	0	0.338	0.486	0.206	0	0.206	0	0	0	0	0	0	0	0	0	0	0	0	0	0	0	0	0.206	0.618	0.206	0.206	0.618	0.618	0.245	0.167	0.206	0	0.412	0	0	0	0.344	0.068	0.206	0.206	0	0	0	0	0	0	0.206	0.206	0	0	0	0.412	0	0.206	0	0	0	0	0	0	0.412	0	0.412	0.206	0.412	0	0	0	0	0	0.206	0.618	0	0	0	0.206	0	0	0	0	0	0	0	0.358	0.054	0.206	0.824	0	0	0.412	0.412	0	0.206	0.206	0.412	0.301	0.111	0	0	0.206	0	0	0	0.206	0	0	0	0.206	0	0	0	0.618	0	0.428	0.396	0.206	0.206	0	0.206	0	0.618	0.206	0	0.412	0	0	0	0	0.206	0	0.412	0.412	0	1.03	1.442	1.648	0.412	0.824	1.03	0.206	0.206	0	0	0	0	0	0.206	0	0	0.206	0.824	0	0	0	0	1.03	0.824	0	0	0.824	1.03	0.412	0.412	0	0.824	0.412	0	0.824	0.412	0.412	1.648	0.618	1.854	0	0.412	0.412	0.412	1.236	0.824	0.206	0	0.206	0.206	0.824	0.824	1.236	0	0	0.206	0	0.412	0.412	0.412	0.824	0.206	0.206	0.206	0.206	0.618	0	0.412	0.206	0.206	0.206	0.618	1.03	1.442	0.412	0.412	0.206	50:60,11.81:200,50:80
Tmem204-NM_001001183	0	0	0	0	0	0	0	0	0	0	0	0	0	0	0	0	0	0	0	0	0	0	0	0	0	0	0	0	0	0	0	0	0	0	0	0	0	0	0	0	0	0	0	0	0	0	0	0	0	0	0	0	0	0	0	0	0	0	0	0	0	0	0	0	0.206	0	0	0	0	0	0	0	0	0	0	0	0	0	0	0	0	0	0	0	0	0	0	0	0	0	0	0	0	0	0	0	0	0	0	0	0	0	0	0	0	0	0	0	0	0	0	0	0	0	0	0	0	0	0.206	0	0	0	0	0	0	0	0	0	0	0	0	0	0	0	0	0	0	0	0	0	0	0	0	0	0	0	0	0	0	0	0	0	0	0	0	0	0	0	0	0	0	0	0	0	0	0	0	0	0	0	0	0	0	0	0	0	0	0	0	0	0	0	0	0	0	0	0	0	0	0	0	0	0	0	0	0	0	0	0.206	0	0	0	0	0	0	0	0	0	0	0	0	0	0	0	0	0	0	0	0	0	0	0	0	0	0	0	0	0	0	0	0	0	0	0	0	0	0	0	0	0	0	0	0	0	0	0	0	0	0	0	0	0	0	0	0	0	0	0	0	0	0	0	0	0	0	0	0	0	0	0	0	0	0	0	0	0	0	0	0	0	0	0	0	0	0	0	0	0	0	0	0	0	0	0	0	0	0	0	0	0	0	0	0	0	0	0	0	0	0	0	0	0	0	0	0	0.206	0	0	0	0	0	0	0	0	0	0	0	0	0	0	0	0	0	0	0	0	0	0	0	0	50:60,117.065:200,50:80
Tmem237-NM_001361413	0	0	0	0	0	0	0	0	0	0	0	0	0	0	0	0	0	0	0	0	0	0	0	0	0	0	0	0	0	0	0	0	0	0	0	0	0	0	0	0	0	0	0	0	0	0	0	0	0	0	0	0	0	0	0	0	0	0	0	0	0.206	0	1.03	10.094	0	0	81.964	21.244	0.412	0.206	0	0	0	0.618	0	0	0.206	0.206	0	0	0	0	0.206	0	0	0	0	0	0	0	0	0	0	0	0	0	0	0.206	0	0	0	0	0.206	0	0.206	0	0.206	0	0.824	0.412	0.206	1.03	1.03	0.824	0	0.206	0	0	0.412	0.618	0.206	0.206	1.03	0.412	0.412	0	1.03	0.206	1.03	1.03	0.412	0	0.206	0.206	0.412	0.206	0.206	0.206	0.618	0	0.206	0.206	1.03	0.206	0.206	0.206	0	0	0	0.412	0.824	2.06	0.618	0.206	0	1.236	1.03	1.082	0.567	0.412	0.206	0.206	0.206	0.206	0.206	0.412	0.412	1.236	0.412	0	0.412	1.236	1.03	0.412	0.206	0.206	0.412	0.206	0.618	0.206	0	0.206	0.206	0.206	0	0.412	0	0	0.206	2.266	0.206	0.206	0.618	0.206	0.206	0	0.206	0.206	0	0.206	0.618	0.618	0.206	0.412	0.824	1.906	2.009	0.206	1.236	0.412	0.412	0.206	0.206	0.824	0.206	0.206	1.03	0.618	0.824	0.412	0	0.206	0	0	0	0	0	0	0	0	0	0	0	0	0	0	0	0	1.107	0.541	0	0.618	0.206	0	0	0	0.412	0.412	0	0.824	0.412	0	0	0	0	0	0	0.412	0.412	0	0	0	0	0	0	0.206	0	0	0.206	0	0	0.412	0.206	0	0	0	0.618	0.412	0	0.618	0.206	0.206	0	0.412	0.206	0.412	0.206	0.206	0.412	0.412	0	0	0.618	0.618	0.206	0	0.618	0.618	0.206	0.206	0	0	0	0	0.206	0	0	0	0	0	0	0	0	0.206	0	0	0	0	0	0	0	0	0.412	0	0	0	0.206	0	0	0	0.206	0.412	0	0.412	0.206	0	0.412	0.618	0.206	0.412	50:60,99.125:200,50:80
Tmem241-NM_178801	0	0	0	0	0	0.206	0	0	0	0.206	0.206	0.206	0	0	0	0	0	0	0	0	0	0	0	0	0	0	0	0	0	0	0	0	0	0	0	0	0	0	0	0	0	0	0	0	0	0	0	0	0	0	0	0	0	0	0	0	0	0	0	0	26.781	0.206	0.206	0.618	0.412	0.824	1.03	1.648	1.854	1.236	5.356	4.944	0	2.472	0.824	0.412	1.236	2.678	0.618	1.236	0.206	2.06	1.854	1.236	2.266	3.296	1.648	1.03	1.442	1.854	1.854	2.06	1.442	1.648	1.854	1.854	0.206	1.236	0.412	1.03	0.618	0.206	0.206	0.824	0.206	0	0	0	0	0.618	0	0.824	2.678	3.296	1.442	0.824	1.236	1.03	0.412	1.648	3.023	1.303	3.296	2.266	1.236	0.824	1.854	0.206	0.618	1.03	3.09	1.03	1.442	0.618	0.618	2.472	1.03	0.824	1.03	0.618	0.824	1.03	0.824	0.412	2.034	1.262	0.618	2.06	0.824	1.854	1.03	0.618	2.884	2.472	1.648	1.648	0.412	0.206	0.618	0.206	0.824	0.618	1.236	2.266	1.442	1.236	0.618	2.266	0.412	4.532	0.618	2.678	1.442	4.12	1.03	0.206	0.412	0	0.206	0.824	0.412	0.206	0.412	0.412	0.618	0.412	0.824	1.236	1.236	3.296	1.648	1.648	0.618	1.03	1.236	1.854	1.236	3.09	1.236	2.06	0	1.03	0.824	1.03	1.854	2.472	0.973	2.529	0.824	0.206	0.824	1.648	1.648	0.618	0.824	0.824	0.206	1.442	1.442	0.618	0.618	0.206	2.678	0.206	0.412	1.442	2.266	1.854	1.648	1.03	0.412	1.648	1.236	0.618	1.03	0.206	0.824	0.412	1.442	1.236	0	0.824	2.678	0.206	0.618	0.206	0.206	0.618	0.824	1.03	1.236	0	0.412	1.648	0	1.236	0.824	1.854	1.03	1.03	0.206	0	0	0	0	0	0	0	0	0	0	0.206	0	0.206	0	0	0	0.206	0.206	0	0	0	0	0.206	0	0	0.206	0.206	0.206	0.618	0.206	0	0	0	0	0	0.206	0	0.206	1.03	0	0.206	0	0	0.206	0	0.412	0.412	0	0	0	0.206	0	0.412	0	0.206	0	0	0	0	0	0	0.206	0.412	0.618	0	0.618	0.618	0	0.206	0.206	0.206	0	1.236	0	0.618	0	0	0.412	0	50:60,701.175:200,50:80
Tmem39b-NM_001356378	18.952	0.206	0.412	3.09	1.236	2.472	4.532	1.442	4.532	6.18	4.532	3.502	1.236	0.824	0.412	0	1.03	0.206	0.206	0.206	0.206	1.648	1.648	3.914	1.854	2.266	1.236	2.678	0.618	0	0	0	0	0	0	0	0.412	5.768	3.502	0.412	1.236	0.618	0	0.824	0.412	0.206	0.824	0.412	1.236	0	0.824	1.648	1.442	0.618	0.618	0	0.412	0.206	0	0.206	11.948	2.472	0.206	4.713	1.673	0.824	2.472	0.412	0.618	0	0.618	0.206	0	0	0	0.824	0.824	0	0	0	0	0	1.03	0.618	0.206	0.618	0.206	0	0	0.412	0.618	0.206	0	0	0.206	0.412	0	0.206	0.618	0.618	0	1.236	0	1.03	0	0.206	0.206	0.618	0.206	0.618	2.472	0	0	0	0	0.206	0.412	0	0	0	1.236	0	0.206	0	0	0.618	0	0.618	0	1.03	1.442	0.412	0.412	1.03	0.206	0.824	0	0	0	0	0	0	0	0.824	0.412	1.236	0.618	0.206	0.618	0	1.03	0	0.412	1.442	0.206	0.824	0.206	0.412	0	1.03	0.412	0.824	1.442	0	0	0.206	0.206	1.442	1.236	1.03	0.206	0.412	1.648	0.618	0	0.206	1.648	1.03	0.412	0.206	1.03	0.206	0.412	1.03	0.824	0.206	1.03	0	1.236	0.824	0	0.412	0.824	0.206	0	0.412	0.412	0.618	0	0	0	0.206	0.412	0.824	0	0	0.206	0.618	0.206	0.206	0	1.03	0.618	1.236	0	0.412	1.442	0.412	0	0	0	0.824	0.206	0.206	0	0	1.442	0	0.412	0	0.824	1.236	0.824	0	0.412	0.206	0.412	0.618	0	0.206	0.412	0.824	0.824	1.648	0	0.618	0	0	0.412	0.206	0	0.206	0	0	0	0.412	0	0	0.206	3.09	0.824	0.412	0	0	0	0	0	0	0	0	0	0	0	0.412	0	0.206	0.412	0	0.206	0	0	0.412	0.824	0.412	0	0.206	0.206	0	0.618	0	0	0	0	0	0	0.206	0.618	0	0.618	0	0	0	0.206	0.206	0	0	0.206	0.412	1.648	3.914	0	0	0	0.206	0.206	0	0.824	2.266	0.206	0.412	0.206	0.206	0	0.206	0.206	0.206	0	0	0.206	0.206	0.618	0.618	1.03	9.888	3.296	0.824	1.03	1.03	0	0	50:60,102.47:200,50:80
Tmem86a-NM_026436	0	0	0	0	0	0	0	0	0	0	0	0	0	0	0	0	0	0	0	0	0	0	0	0	0	0	0.206	0	0	0	0	0	0	0	0	0	0	0	0	0	0	0	0	0	0	0	0	0	0	0	0.206	0	0	0	0	0	0	0	1.236	1.854	6.939	75.302	13.757	0.206	0	0	0	0.412	0	0	0	0	0.206	0.206	0.412	0.206	0	0.342	0.688	1.03	1.03	0.206	0	0	0	0	0	0.206	0	0	0	0	0	0	0	0.206	0	0	0	0	0	0.206	0	0	0	0.206	0	0	0	0	0	0	0	0	0	0	0	0	0	0	0	0	0	0	0	0	0	0	0	0	0	0	0	0	0	0	0	0	0	0	0	0	0	0	0	0	0	0	0	0	0.412	0	0	0	0.206	0	0.206	0	0	0	0	0.412	0	0.412	0.412	0	0	0	0	0	0	0	0	0	0.206	0	0	0.412	0	0	0	0	0.206	0	0	0.206	0	0.206	0	0	0	0	0	0	0	0	0	0	0.206	0	0.121	0.085	0	0	0	0.206	0	0	0	0	0	0	0	0	0	0	0.206	0	0	0	0	0	0	0	0	0	0	0	0	0	0	0	0	0.206	0	0	0	0	0	0	0	0	0.206	0	0	0	0	0	0	0	0	0.206	0	0	0	0	0	0.206	0	0.206	0	0	0.618	1.03	2.884	0.412	0.412	0	1.442	1.854	0.206	0.206	0.206	0.206	0	0	0.618	0.206	0.206	0.206	0.412	0.412	0.618	0.618	0	0.618	0.412	0.618	0.206	0.206	0.824	0	0.206	1.442	1.854	1.236	0	0.412	0.206	0.412	1.03	1.236	0.206	0	0.206	0.618	0	0.412	0	0.206	0.206	0	0	0	0	0.206	0	0	0	0	0.618	0.412	0	0	0	0	0	0	0	0	0.206	0	0.206	0	0	0	0.412	0	0	0.206	50:60,20.685:200,50:80
Tmod4-NM_016712	0	0.824	0	0.206	0.206	0	0.206	1.648	0	0	0	0.206	0	0	0	0	0.412	0	0	0.824	0	0.206	0	0.206	0	0	0	0.206	0.618	0	0	0.206	1.03	0.824	0.206	0	0	0	0	0	0	0.206	0	1.03	0.824	0.618	0.412	1.03	0.618	0	0.412	0	0.206	0.412	0.618	1.236	2.266	0.824	1.236	0	0.206	0.412	0.503	1.145	1.03	1.648	1.648	1.03	0.824	0.824	0.206	0.824	0	0	0	0	0.412	0.206	0	0	0	0	0	0	0.412	0.412	0	0	0	0	0	0.28	0.132	0.206	0	0	0.412	0.618	0	0	0	0	0	0	0.412	0	0.618	0.412	0.206	0.206	0.206	0.618	0	0	0	0	0.206	0	0	0	0	0	0	0	0.206	0.206	0	0	0.206	0.206	0	0	0	0	0	0	0.206	0.206	0	0	0	0	0	0	0	0.206	0.412	0	0	0.618	0.206	0	0	0	0	0	0	0	0	0	0	0	0	0	0	0.206	0	0	0	0	0	0	0	0.412	0.206	0	0	0	0	0	0.206	0	0	0	0	0	0	0.206	0	0	0	0	0	0	0	0	0	0	0	0	0	0	0.206	0	0	0	0	0	0	0	0	0	0	0	0	0	0	0	0	0	0	0	0	0	0	0	0	0	0	0	0	0	0	0	0	0	0	0	0	0	0	0.206	0	0.412	0	0	0.206	0	0	0	0	0.206	0	0	0.206	0	0	0	0	0.206	0	0	0	0	0.206	0	0	0	0	0	0.206	0	0	0	0	0	0	0	0	0	0	0	0	0	0	0.206	0	0	0	0	0	0	0	0.206	0	0	0	0	0	0	0	0	0	0	0	0	0	0	0	0.206	0	0	0	0	0	0	0	0	0	0	0	0	0	0	0	0	0	0	0	0	0	0	0	0	0	0	0	0	0	0.412	50:60,23.48:200,50:80
Tnnt2-NM_001130174	0.206	0.206	0.206	0	0.206	0	0	0	0.412	0	0.618	0.824	0.412	1.236	0.412	1.03	2.06	1.442	0.824	0.618	0.412	0.824	0	0	0.206	1.648	0.618	0.206	1.442	2.472	0.206	1.854	0.618	0	0.618	1.236	3.502	4.532	2.678	0	1.854	1.236	0.618	0	0.412	0.412	0	0.412	0.412	0.206	0.618	1.03	0.824	1.236	0.412	0.824	0.824	0	0	0	0.206	0.206	0.206	0.412	0.206	0.206	0	0	0	0	0.206	0.824	0.206	0	0	0.618	0.412	0.206	0.206	0	0	0	0	0	0	0	0.206	0	0	0	0	0.412	0.412	0.206	0.412	0.206	0	0	0	0	0.206	0	0	0	0	0	0	0	0.206	0	0	0.206	0	0	0	0	0	0	0	0	0	0	0.206	0	0	0	0	0	0	0	0	0	0	0	0	0	0	0	0	0	0	0.206	0	0	0	0	0	0	0.206	0	0	0	0	0	0	0	0	0	0	0	0	0	0	0	0	0.412	0.206	0.412	0	0	0	0	0.206	0.618	0	0	0	0	0	0	0	0	0	0	0	0	0	0	0	0	0	0	0	0	0	0	0	0	0.206	0	0	0	0	0	0	0	0	0	0	0	0	0	0	0	0	0	0	0	0	0	0	0	0	0.206	0	0	0	0	0	0	0	0	0	0	0	0	0.206	0	0	0	0	0	0	0.206	0	0	0	0	0	0	0.412	0	0	0	0	0	0	0	0	0	0	0	0	0	0	0	0.412	0.412	0	0	0	0	0	0	0	0	0.412	0	0	0	0	0	0	0	0	0	0	0	0	0	0	0	0	0	0	0	0	0	0	0	0.206	0	0	0	0	0	0	0	0	0	0	0	0	0	0	0.206	0	0	0	0	0	0	0	0	0	0	0.206	0	0	0	0	0	0	0	0	0	0	0	0	0	50:60,79.675:200,50:80
Tnpo2-NM_001364034	0	0.206	2.266	1.03	2.06	0.618	5.15	7.004	0.618	0	0	25.545	41.201	69.424	24.103	53.149	20.807	3.502	16.274	18.128	8.652	7.416	18.746	27.193	23.279	29.459	3.502	5.15	3.296	7.622	6.18	1.03	1.648	0.618	0.412	2.678	2.884	11.742	0.206	1.648	9.476	7.416	7.21	19.364	2.266	4.12	3.09	2.266	0.824	5.562	4.12	1.648	1.648	2.884	3.708	1.648	0.412	0	0.618	0.412	88.161	40.792	36.235	13.83	57.764	16.192	28.201	3.936	3.502	0.206	1.854	1.03	0.824	4.12	4.738	4.12	4.326	2.266	5.15	0.412	1.442	1.854	1.236	0	0.206	1.156	0.492	2.06	8.446	14.008	4.738	2.785	2.777	1.442	3.09	4.532	3.09	4.326	1.03	4.409	9.394	3.09	1.648	3.366	6.934	0.824	1.854	0.882	2.826	5.356	1.951	4.229	8.034	3.09	0	2.884	5.562	1.03	2.266	1.03	1.03	3.09	2.266	10.094	3.09	2.886	3.294	1.854	2.884	1.648	2.06	1.648	4.287	4.983	3.296	4.944	19.158	3.296	6.928	2.342	2.266	0.824	0.412	7.828	3.09	5.768	9.7	16.257	0.206	0.824	3.09	7.622	1.442	0	0.618	0.618	0	2.678	3.914	4.738	9.476	2.884	1.03	7.21	0.824	4.12	2.678	7.622	8.391	3.424	5.696	5.628	6.795	1.027	2.824	0.618	3.914	5.562	1.898	7.578	12.772	4.738	1.648	0	0.206	1.236	3.296	19.397	5.941	7.622	7.004	4.536	1.232	0.618	0	0.618	1.442	3.061	1.677	3.502	4.532	2.06	2.266	2.06	7.416	2.266	0.206	3.296	8.652	8.24	1.648	3.296	5.15	3.644	3.772	5.904	17.992	26.781	12.154	2.06	5.974	10.918	2.472	2.934	8.917	10.398	18.952	3.296	2.06	16.686	9.476	3.502	1.442	1.03	7.416	7.21	15.862	3.502	1.854	2.472	5.974	12.978	4.532	4.944	15.45	4.12	2.06	5.768	4.944	12.566	6.854	8.234	19.77	5.931	3.708	12.797	7.185	10.506	12.978	30.695	13.596	2.884	2.06	2.266	1.03	1.442	1.442	4.326	3.502	7.622	9.064	11.948	2.06	1.236	0	0	0.206	0	1.442	10.506	1.03	8.034	19.776	15.862	1.236	1.236	5.356	5.974	0.206	4.532	9.888	5.562	11.33	0.824	3.914	0.206	1.442	8.24	9.888	13.802	2.884	0	0	1.442	4.326	0	0	5.15	9.888	3.09	4.326	5.562	2.678	2.678	0.412	3.502	3.502	0.824	2.266	3.09	2.06	0.824	0.412	1.442	1.03	0.206	1.03	0.824	2.678	2.472	0.618	0	0.824	1.236	2.472	0.412	0.206	0	0	0	50:60,101.985:200,50:80
Tollip-NM_023764	0	0	0	0	0	0	0	0	0	0	0	0	0	0	0	0	0	0	0	0	0	0	0	0	0	0	0	0	0	0	0	0	0	0	0	0	0	0	0	0	0	0	0	0	0	0	0	0.206	0	0	0	0	0	0	0	0	0	0	0.206	0.206	22.455	17.811	8.145	0.618	0	0.412	0.206	0.412	0.206	0.824	0.206	0.206	0.412	0.412	0.412	0.412	0	0.824	0	0.412	0.412	0.206	0.206	0.206	0.824	1.03	1.442	0.824	1.03	0.824	1.442	0.618	0.824	0.206	1.648	0.412	1.03	0.412	0	0.206	1.854	0.618	2.06	0	1.442	0.618	0.412	1.03	1.461	1.836	1.236	1.648	0.412	1.854	0.824	0.412	0.618	1.236	1.236	0.412	0.618	0.412	0.412	0.618	0.412	2.06	2.678	2.06	2.678	1.236	0.618	1.03	4.738	1.236	0.412	1.236	4.326	3.296	2.678	1.03	1.442	0.824	0.618	0	0.412	0	0	0.206	0.412	0.824	1.442	2.06	1.469	4.093	0.618	1.236	0.824	3.914	3.624	2.763	4.205	2.182	1.442	1.442	4.12	1.854	5.356	4.326	1.648	3.296	1.03	2.06	1.236	1.854	2.884	0.206	0.412	1.648	1.312	5.898	1.442	4.536	4.528	2.884	9.682	4.248	7.494	1.236	2.06	2.884	3.502	1.854	3.296	3.296	3.708	4.071	6.23	2.472	1.03	0.412	3.296	2.472	3.296	2.06	2.06	4.503	9.093	2.884	0.412	1.236	0.618	0.412	0.824	1.059	3.7	3.481	2.266	1.854	0.206	1.854	2.266	1.236	2.266	1.442	1.236	5.15	8.24	1.442	2.266	5.768	1.236	1.03	0.206	0.824	1.442	1.236	0.824	5.562	1.442	0.824	1.854	7.515	5.263	2.672	14.626	3.708	0.824	3.296	2.884	2.06	3.502	2.678	2.266	1.854	1.442	1.442	6.18	2.678	3.708	0.206	0	0	0.206	0	0.206	0	0.412	0	0.824	0.824	0.824	1.236	0.412	2.472	2.678	0.618	0.206	0.618	1.648	3.09	0.206	1.03	0	0	0.206	1.236	2.884	1.854	0.206	7.622	2.678	3.09	0.618	2.06	0.206	1.854	0	0.206	0.206	0.824	0.618	1.03	1.854	2.472	0.618	1.442	2.06	2.06	0	0.824	0.412	1.854	2.472	1.442	1.236	2.884	0.412	0.824	1.854	0.206	1.03	0.412	2.266	0.412	0.824	1.648	1.03	0.824	0.206	0	1.03	0.824	0	0	0.206	0.206	0.412	0.412	0.618	0.824	50:60,104.41:200,50:80
Tpcn1-NM_145853	0	0	0	0	1.442	0.412	0	0.412	0.206	0	0	0.206	0.206	0.824	0.412	2.266	1.03	0.412	0.824	0.206	0	0.206	0	0	0	0.412	0	0	0	0	0.412	0.412	0.618	0.206	0.206	0.618	0	0	0.618	0	0.206	0	0.206	0.824	0.206	1.442	1.03	0.824	0.206	0.206	0.618	4.12	4.12	0.206	0.206	0.824	2.472	0.824	0.824	2.266	63.038	0.824	1.236	0.824	0.412	0.206	0.412	1.03	0	0	0.412	1.236	0	0.824	1.236	1.236	1.03	1.236	0.618	1.03	0.206	0.824	0.824	1.854	1.03	1.854	1.648	2.472	1.854	1.03	2.266	1.442	4.532	2.472	3.291	3.095	7.622	3.296	0.824	2.884	1.03	1.236	1.236	2.678	0.412	0.618	0.618	1.236	0.618	3.502	0.412	0.412	0.824	0.206	0	0.412	0.618	2.678	0.374	1.48	0.618	1.648	0.412	1.442	0.824	0.618	2.06	1.854	2.266	1.854	1.236	3.09	0.824	0.412	1.648	1.648	1.03	1.03	1.854	1.442	1.854	2.472	1.03	0.618	1.648	2.266	2.06	0	0	0.412	0.824	3.502	6.18	6.18	7.21	0.206	0.206	0.618	0.824	0.618	0	2.472	1.648	0.824	0.618	1.854	0.618	2.884	1.236	0.412	3.09	0.618	1.03	1.236	4.12	2.266	0.206	1.648	0.412	0.824	0.824	1.442	0.206	2.06	0.618	2.266	2.266	2.06	1.03	3.09	2.06	3.09	1.236	1.854	3.502	2.266	3.09	1.236	3.708	1.442	2.06	7.21	1.442	1.648	2.472	3.502	3.09	3.296	1.442	2.884	1.854	1.442	4.12	1.854	2.472	1.03	1.442	1.236	1.648	1.648	0.618	1.683	2.437	3.708	0.412	4.944	5.562	6.798	2.884	5.15	1.854	0.618	2.884	1.03	0.824	1.648	1.03	0.824	1.03	1.03	2.884	0.618	2.06	1.03	1.854	1.854	1.648	3.708	1.03	1.236	4.12	3.502	1.031	3.295	0.412	2.472	0.412	2.472	2.06	6.592	0.412	0.412	1.236	0.412	0.206	0	0	0	0.206	0	0	0.824	0.412	0.618	0.206	0	0	0.206	1.236	0.618	0	0.206	1.236	1.648	0.412	0.412	0.618	0.412	0.824	0	0	0	0.412	1.03	1.648	0.824	1.236	1.03	0	0	0	0.206	0	0.206	0.824	0	0.206	0.206	0.206	0	0	0	0	0.412	0	0	0.412	0.618	0.206	0.206	0	0.206	0.412	0.206	0.824	0	0	0	1.236	1.03	0	0.206	0	0.206	0.206	0.412	1.236	0.412	0	0.206	50:60,272.285:200,50:80
Tprkb-NM_176842	0	0	0	0	0	0	0	0	0	0	0	0	0	0	0	0	0	0	0	0	0	0	0	0	0	0	0	0	0	0	0	0	0	0	0	0	0	0	0	0	0	0	0	0	0	0	0	0	0	0	0.206	0	0.206	0	0.206	0	0	0	0	0.824	33.579	0.824	0	0	0	0	0	0.824	4.629	5.053	0	0	0	0	0	0	0	0	0	0	0	0	0	0	0	0	0	0	0	0	0	0	0	0	0	0	0	0	0	0.206	0.412	0.383	0.235	0	0.206	0	0	0.206	0	0.412	0.206	0.206	0.206	0	0	0.412	0.206	0	0	0	0	0	0.206	0	0.824	0	0.412	0	0.618	0	0.412	0.618	0.412	0	0.412	0.824	1.442	1.03	1.442	0.824	0.206	0	0.824	1.648	0.412	0	0.824	3.296	0.412	0	0	0	0.412	0.412	0.412	1.03	0.412	1.236	0.618	0.412	0.412	0.206	0.412	0.412	0.206	0.206	0.412	0.824	0.921	1.139	0.206	0.206	0	0	0	1.912	2.208	1.648	0.206	0.865	0.165	0	0.206	0.206	0.206	0.412	0.206	0	0	0.618	0	0.412	0	0.206	0.206	0	0.206	0.206	0.412	0.412	0	0.177	0.647	0	0.206	0	0.824	0.206	0.206	0.412	0	0.412	0.206	0.824	0.412	0.206	0	0.618	0.412	1.03	0.206	1.854	0.412	1.03	1.854	0.412	0.824	0.206	0.618	2.884	0.618	1.648	0.206	0	0	0.618	0	0.206	1.03	1.03	1.236	0	0	0.206	0.412	0.206	0	0	0	0.824	0.618	0.206	0.206	0	0.412	0	0.618	1.03	0	0	0.206	0.412	1.236	0	0.206	1.442	0.824	1.854	0.412	0.824	0.618	3.09	0.618	0.206	0.618	1.236	0.618	2.472	1.442	1.03	0	0	0	0	0	0	0.206	0	0	0	0	0	0.206	2.06	0.412	1.236	0.824	0.824	1.236	2.06	1.236	0.412	0.618	0	0	0.412	0	0	0.206	0	0.412	0	0	0	0	0.206	0	0	0	1.03	0.618	1.236	0.824	0.824	0	0	0.824	0.206	0.412	0	0	0	0	0	0.618	0.618	0.618	0.206	0.412	0	50:60,72.83:200,50:80
Trim9-NM_001110203	0	0	0	0	0	0	0	0	0	0	0	0	0	0	0	0	0	0	0	0	0	0	0	0	0	0	0	0	0	0	0	0	0	0	0	0	0	0	0	0	0	0	0	0	0	0	0	0	0	0	0	0	0	0	0	0	0	0	0	0	0.206	0	0	0	0	0	0	0	0	0	0	0	0	0	0	0	0	0	0	0	0	0	0	0.206	0	0	0	0	0	0.206	0	0	0	0.206	0.412	0	0	0	0	0	0	0	0	0	0	0	0	0	0	0	0	0.206	0	0	0	0	0	0	0	0	0	0	0	0	0	0	0	0	0	0	0	0	0	0	0	0	0	0	0	0	0	0	0	0	0	0	0	0	0	0	0	0	0	0	0	0	0	0	0	0	0	0	0	0	0	0	0	0	0	0	0	0	0	0	0	0	0	0	0	0	0	0	0	0	0	0	0	0	0	0.206	0	0	0	0	0	0	0	0.412	0	0	0	0	0	0	0	0	0	0.206	0	0	0	0	0	0	0	0	0	0	0	0	0	0	0	0	0	0	0	0	0	0	0	0	0	0	0	0	0	0	0	0	0	0	0	0	0.206	0	0	0	0	0	0	0	0	0	0	0	0	0	0	0	0	0	0	0	0	0	0	0	0	0	0	0	0	0	0	0	0	0	0	0	0	0	0	0	0	0	0	0	0	0	0	0	0	0	0	0	0	0	0	0	0	0	0	0	0	0	0	0	0	0	0	0	0	0	0	0	0.206	0	0	0	0	0	0	0	0	0	0	0	0	0	0	0	0	0	0	0	0	0	0	0	50:60,419.415:200,50:80
Trim9-NM_053167	0	0	0	0	0	0	0	0	0	0	0	0	0	0	0	0	0	0	0	0	0	0	0	0	0	0	0	0	0	0	0	0	0	0	0	0	0	0	0	0	0	0	0	0	0	0	0	0	0	0	0	0	0	0	0	0	0	0	0	0	0.206	0	0	0	0	0	0	0	0	0	0	0	0	0	0	0	0	0	0.206	0	0	0	0	0	0.206	0	0	0.412	0.206	0	0	0	0	0	0	0	0	0	0	0	0	0.206	0	0	0	0	0	0	0	0	0	0	0	0	0	0	0	0	0	0	0	0	0	0	0	0	0	0	0	0	0	0	0	0	0	0	0	0	0	0	0	0	0	0	0	0	0	0	0	0	0	0	0	0	0	0	0	0	0	0	0	0	0	0	0	0.206	0	0	0	0	0	0.412	0	0	0	0	0	0	0	0	0.206	0	0	0	0	0	0	0	0	0	0	0	0	0	0	0	0	0	0	0	0	0	0	0	0	0	0	0	0	0	0.206	0	0	0	0	0	0	0	0	0	0	0	0	0	0	0	0	0	0.206	0	0	0	0	0	0	0	0	0	0	0	0	0	0	0	0	0	0	0	0	0	0	0	0	0	0	0	0.412	0	0	0	0	0	0	0	0	0	0	0	0	0	0	0	0	0	0	0	0	0	0	0	0	0	0	0	0	0	0	0	0.206	0	0	0	0	0	0	0	0	0	0	0	0	0	0	0	0	0	0	0	0	0	0	0	0	0	0	0	0	0	0	0	0	0	0	0	0	0	0	0	0	0	0	0	0	0	0	0	0	0	0	0	50:60,515.39:200,50:80
Trpm1-NM_001039104	0	0.206	0	0	0	0	0	0	0	0	0	0	0	0	0	0	0	0	0	0	0	0	0	0	0	0	0	0	0	0	0	0	0	0	0	0	0	0	0	0	0	0	0	0	0	0	0	0	0	0	0	0	0	0	0	0	0	0	0	0	0	0	0	1.442	0	0	0	0	0	0.206	0.206	0	0	0	0	0	0	0	0	0.206	0	0.206	0	0.206	0	0	0	0	0	0	0	0	0	0	0	0	0	0	0	0	0	0	0	0	0	0.206	0	0	0	0	0	0	0	0	0	0.412	0.412	0	0	0	0	0.412	0	0	0.206	0.206	0.412	0.206	0.412	0	0.206	0.618	0	0	0	0	0	0	0	0	0.206	0	0	0.206	0.412	0.412	0.824	0.412	0.206	0.206	0	0	0.412	1.854	0.824	0.206	0.618	1.648	0.412	0.618	0	0.824	0.206	0.618	0.206	0.206	0	0.206	0.206	0	0.618	0	0	0.618	0.206	0	0	0	0	0	0	0	0	0	0	0.206	0.412	0	0	0	0.206	0	0	0	0	0.206	0	0.206	0	0	0	0	0	0.206	0	0	0	0.824	0.206	0.206	0	0	0	0	0	0	0	0	0	0	0	0	0	0	0	0.206	1.03	0	0.206	0	0	0.206	0	0	0	0	0	0	0	0	0	0	0	0	0	0	0	0	0	0.618	0	0	0	0	0	0	0	0	0.206	0.206	0	0	0	0	0	0.206	0	0	0	0	0	0	0	0	0	0	0	0	0	0	0	0	0	0	0	0	0	0	0	0	0	0	0	0	0	0	0	0	0	0	0	0	0	0	0	0	0	0.206	0.206	0.206	0.206	0.206	0.206	0.206	0	0	0	0	0	0	0	0	0	0	0	0	0	0	0	0	0	0	0	0	0	0	0	0	0	0	50:60,579.625:200,50:80
Trpm3-NM_001362511	0	0	0	0	0	0	0	0	0	0	0	0	0	0	0	0	0	0	0	0	0	0	0	0	0	0	0	0	0	0	0	0	0	0	0	0	0	0	0	0	0	0	0	0	0	0	0	0	0	0	0	0	0	0	0	0	0	0	0.206	0	0	0	0	0	0	0	0	0	0	0	0	0	0	0	0	0	0	0	0	0	0	0.412	0.206	0	0	0	0	0	0	0	0	0	0	0	0	0	0	0	0	0	0	0	0	0	0	0	0	0	0	0	0	0	0	0.206	0	0	0	0	0	0	0	0	0	0	0	0	0	0	0	0	0	0.412	0.206	0	0	0	0	0	0	0	0	0.412	0	0	0	0	0	0	0	0	0	0	0	0	0	0	0	0	0	0	0	0	0	0	0	0	0	0	0	0	0	0	0	0	0	0	0	0	0	0	0	0	0	0	0	0	0	0	0	0	0	0	0	0	0	0	0	0	0	0	0	0	0	0	0	0	0	0	0	0	0	0	0	0	0	0	0	0	0	0	0	0	0	0	0	0	0	0	0	0	0	0	0	0	0	0	0	0	0	0	0	0	0	0	0	0	0	0	0.206	0	0	0	0	0	0	0	0	0	0	0	0	0	0	0	0	0	0	0	0	0	0	0	0	0	0	0	0	0	0	0	0	0	0	0	0	0	0	0	0	0	0	0	0	0	0	0	0	0	0.206	0	0	0	0	0	0	0	0	0	0	0	0	0	0	0	0	0	0	0	0	0	0	0	0	0	0	0	0	0	0	0	0	0	0	0	0	0	0	0	0	0	50:60,403.805:200,50:80
Tspan2-NM_001243132	0	0	0	0	0	0	0	0	0	0	0	0	0	0	0	0	0	0	0	0	0	0	0	0	0	0	0	0	0	0	0	0	0.206	0	0	0	0	0	0.206	0	0	0	0	0	0	1.03	2.266	0	0.206	0	0	0	0	0	0.412	1.442	0.412	0	0.412	1.442	0.206	2.678	0.206	0	0	0	0	0	0	0	0	0.412	0.206	0.206	0.412	0.412	1.236	0	1.03	0.206	0	0.412	0.618	0.412	0.412	0	0.206	0	0	0.412	0.206	0.206	0.412	0.824	0	0.206	1.236	0.412	1.854	0.206	0.824	2.472	0	0.618	0.206	0.412	1.236	1.03	2.06	4.532	0.824	1.648	1.854	1.03	2.06	1.442	0	0.206	1.236	1.03	0.206	0.412	0.412	0.618	0.412	2.884	1.236	0.206	1.442	0	0	0	0.412	0	0.618	0.618	1.854	0.206	1.236	0.206	0.412	0.206	0	0.618	1.03	0.412	0.206	0.618	1.59	0.058	0.206	0.412	0.206	0.206	1.236	0.618	1.03	0.206	0.824	0.206	0.824	0.824	0.618	1.03	0.412	1.03	1.03	0.824	1.03	1.442	0.824	0.618	0.412	0.206	0.824	0.618	0	1.03	1.03	0.824	0.206	0.206	0.824	0	0.206	0.412	0.412	1.236	0	0.618	1.03	0.618	0	0	1.03	0.412	1.442	0.206	0.824	0.206	0.206	0.618	1.03	1.236	1.648	0.618	1.03	0.824	0.206	0	0.824	0.206	0.412	0.618	0.618	0.412	0.206	1.03	0.618	0.412	0.618	0.824	0.412	0.412	0.206	0	0.206	1.442	0.206	1.648	0.824	0.206	0.412	0.206	0.412	0.206	1.648	1.03	0	0.824	0.412	1.03	0.206	0.412	0.206	0.824	0.618	0.206	0.618	0.824	0.206	0	0.206	0.206	0	0.206	0.412	0.618	0.824	0.618	0.206	0	0.206	0.206	0.206	0.206	0.412	0.206	0.412	1.03	0.206	0	0.412	0.206	0.824	0.206	0	0.206	0.206	0.618	0	0	0	0	0	0	0	0	0.206	0.824	0.206	0.412	0.206	0	0	0.206	0	0	0.206	0.206	0.206	0.206	0	0	0.206	0.618	1.442	0.206	0.412	0	0	0	0.618	0.206	0.412	1.03	0	0.206	0	0.206	0	1.03	0.412	0.206	0.824	0	0.412	0.412	0	0.412	0	0	0.618	0.206	0.206	0.206	1.648	1.442	0	0	50:60,185.48:200,50:80
Ttyh1-NM_001305822	0	0	0	0	0	0	0	0	0	0	0	0	0	0	0	0	0	0	0	0	0	0	0	0	0	0	0	0	0	0	0	0	0	0	0	0	0	0	0	0	0	0	0	0	0	0	0	0	0	0	0	0	0	0	0	0	0	0	0	0.206	0	0	0	0.412	0.206	0	0	0.206	0	0	0.206	0	0	0.206	0	0	0.206	0	0	0.165	0.041	0	0	0.206	0.206	0.206	0	0	0.618	0	0.412	0	0.206	0	0	0	0	0	0	0.206	0.412	0.412	0	0	0	0.412	0.618	0.412	0.412	0.618	0.206	0.618	0.824	1.648	1.442	0.206	0.206	1.03	1.236	2.06	0.824	0.618	6.209	5.533	0	1.236	1.03	0.206	0.412	0.618	1.854	2.678	1.442	0.618	0.412	1.854	0.83	6.38	4.738	4.12	0.412	1.854	0.618	1.03	0.618	0.618	0.206	1.508	1.376	1.854	1.03	0.206	0.412	0	0.206	1.442	0.824	0	0.412	2.06	1.03	2.06	2.472	0	2.266	0.824	0.412	0.824	0.929	0.719	0.618	0.412	0.412	0.618	0.618	1.854	1.854	0.412	0.824	0.824	0.618	4.12	0.824	1.442	0.412	1.648	4.326	1.236	0	0.618	1.03	1.03	0.206	1.702	0.358	0.206	0	0.412	0	1.854	1.442	0.206	0.412	1.236	0.412	0.206	1.098	1.992	0.618	0.618	0	0.206	1.03	0.412	0.618	0.618	1.03	0.206	0.206	0.618	0.618	0.412	0.206	0.824	1.236	0.206	0.206	1.03	0.412	1.236	0.618	0	0	0.824	1.03	0.618	0.412	0	0.206	0.412	2.594	0.084	0.618	0	0.618	0.412	0.412	0	0.618	1.03	2.06	1.648	0	0.824	0.824	0.206	1.03	6.225	1.809	0	0.412	0	0.206	0.618	1.03	0	0	0	0	0.412	1.03	0.206	1.03	3.296	0.412	0.618	0.412	2.472	1.236	4.12	0.206	0.206	1.442	0.824	0.206	0.206	2.884	4.326	1.854	1.648	1.854	0.824	30.077	25.339	5.15	0.206	0	0.412	0.412	1.854	0.412	0	2.678	1.03	1.648	0.412	1.03	0.618	1.442	0.824	1.236	0.206	0.206	0	0.824	0.206	0	0.206	0.824	0.618	0.618	1.442	1.442	0	0.206	0	0.824	1.236	0	0	1.648	0.824	0.206	0.412	1.648	2.678	1.442	1.236	0.206	0.206	50:60,79.39:200,50:80
Tut7-NM_001373962	0	0	0	0	0	0	0	0	0	0	0	0	0	0	0	0	0	0	0	0	0	0	0	0	0	0	0	0	0	0	0	0	0	0	0.206	0	0	0	0	0	0	0	0	0	0	0	0	0	0	0	0	0	0.412	0	0	0	0.206	0	0	1.236	11.948	9.064	1.236	0.618	0.206	0	0.206	1.442	0.618	1.442	5.562	1.442	3.708	0.618	2.472	1.648	4.532	3.296	3.296	1.854	1.648	3.09	2.472	1.648	1.648	3.708	3.296	7.828	1.854	1.854	1.236	1.03	3.708	2.678	4.944	3.914	1.236	2.266	1.236	1.854	0.412	2.472	1.854	3.708	4.326	0.412	0.618	1.648	2.266	2.678	2.678	1.236	2.678	0.206	4.12	5.15	1.854	1.236	4.12	0.412	2.678	5.768	0.412	1.236	3.09	2.678	1.442	3.296	0.206	2.884	6.973	2.915	2.266	4.738	3.914	4.12	6.18	1.236	1.03	5.768	2.678	4.326	2.472	0.824	2.06	0.824	0.824	4.12	1.854	6.386	2.472	6.613	4.099	2.266	2.06	2.06	2.06	1.648	1.854	2.06	0.618	1.648	6.18	3.914	7.493	3.425	3.914	4.532	1.648	4.532	1.236	9.476	4.12	2.472	5.356	1.648	3.502	4.738	3.09	1.236	2.678	1.648	1.03	1.03	8.446	12.566	11.536	1.854	1.648	0.206	0.824	1.854	4.326	3.914	4.326	5.768	2.884	2.266	0.618	2.266	2.06	1.648	1.442	2.472	5.974	2.472	7.416	1.442	1.442	1.236	0.618	1.648	1.236	1.03	1.236	2.266	1.442	1.648	10.918	1.648	3.296	1.236	3.09	11.536	2.06	2.884	2.266	0.618	0.824	0.206	4.532	1.442	2.266	1.648	2.884	5.768	2.472	2.266	0.206	0.206	3.09	2.472	5.15	3.296	4.532	3.09	3.502	3.708	1.442	3.296	6.18	2.884	2.06	2.266	2.472	3.914	2.266	2.884	4.12	7.828	0.206	0.824	1.854	2.06	0.824	1.236	0.824	0.412	0.618	0.618	3.296	3.502	0	0.412	0.412	1.648	1.854	2.678	0.206	0	0	1.03	0.412	0.206	0.824	0.824	1.854	2.472	0	0.412	3.502	10.506	3.708	0.618	0.412	0.206	0	0.412	0	0.206	0.412	0.824	0.206	0	0	0.412	0	0.412	0.206	0	0.206	0.206	0.206	0.206	0	0	0.206	0.412	0	0	0	0.206	0.206	0.412	0	0.412	0	0	0	0	0.412	0.206	0	0	0	0	0	0	0	0	50:60,256.175:200,50:80
Ube2b-NM_001362685	0	0.412	1.236	0.412	0.618	0.412	0	0.618	0.412	0	0	0	0.206	0	0	0	0	0	0	0.824	0.206	0	0	0	0.412	0	0	0	0	0	0	0.618	0.206	0.206	0	0	0.206	0.412	0.412	0.206	0	0	0.824	0.206	0.618	8.652	7.004	0.824	0.206	0	0	0	0	0	0.206	0	0	0.206	0	0.824	3.708	1.648	0	3.296	33.558	50.492	32.696	2.325	8.24	0	0.618	0.618	0.618	4.738	6.18	2.266	1.442	0.618	2.884	0	0.206	0.618	0.206	0	2.678	1.03	0.618	2.06	1.258	3.831	5.83	0.206	0.412	1.236	0.618	2.06	2.06	1.03	3.914	5.768	5.562	3.09	5.768	1.236	3.502	7.622	2.06	1.03	0.618	1.236	2.884	2.06	2.266	3.914	2.266	1.442	0	1.073	2.429	1.648	3.09	3.708	6.386	4.326	0.206	2.06	2.06	0.206	0.824	1.854	2.472	5.974	1.648	1.442	0	0.618	1.442	3.708	0.412	0	4.294	7.654	12.154	5.974	11.948	4.12	5.356	7.416	2.472	5.974	1.03	1.03	0.206	2.884	2.884	2.472	0	0.412	1.854	5.15	0.618	0.412	1.442	0.511	2.373	1.442	2.472	1.854	0	1.03	2.678	2.266	0.206	0.206	0	0	1.03	5.562	5.562	1.03	1.236	1.236	1.854	2.55	2.6	4.12	0.618	2.678	4.326	2.853	0.237	1.442	2.884	5.869	11.26	3.265	0.618	2.266	3.09	1.298	3.44	3.828	1.735	1.648	2.266	0.412	3.708	8.652	1.24	1.644	1.236	3.856	4.59	5.301	2.528	3.181	10.004	0.206	0.412	2.472	3.09	6.18	4.738	9.064	4.944	14.626	1.854	0.618	1.236	0.618	14.832	9.917	8.829	2.06	0.618	4.969	4.713	6.592	0.824	1.648	1.854	4.532	0.824	1.236	0.618	0.206	1.442	7.416	3.502	0.618	1.03	1.244	2.052	0.618	3.502	3.502	9.585	6.483	1.236	0.412	2.472	2.472	3.502	0.618	0.824	0.206	0.412	0.618	1.236	1.03	4.12	1.854	7.416	4.944	0.824	1.03	3.502	2.884	1.03	1.648	1.442	2.678	4.532	16.892	9.888	21.219	5.356	4.532	2.884	1.236	1.03	2.678	4.12	2.472	5.768	8.446	2.678	3.296	5.974	7.622	1.648	1.03	0.206	2.884	1.442	1.648	7.21	1.236	2.884	10.094	5.356	3.09	8.034	5.562	4.326	1.648	0.412	1.03	3.502	3.708	0	0	0	0.206	0.618	0.618	0.618	0.618	2.472	1.236	0.618	0.412	0.412	0.824	1.854	0.824	1.236	1.648	2.06	2.266	50:60,78.245:200,50:80
Ube2h-NM_009459	0	0	0	0	0	0	0	0	0	0	0	0	0	0	0	0	0	0	0	0	0	0	0	0	0	0	0	0	0	0	0	0	0	0	0	0	0	0	0	0	0	0	0	0	0	0	0	0	0	0	0	0	0	0	0	0	0	0	0	0.824	0.618	0.824	2.884	3.708	4.532	2.266	7.21	6.798	8.652	7.828	1.03	2.472	6.386	1.03	2.884	1.03	2.678	3.09	4.738	1.03	5.768	7.004	1.236	2.678	2.472	2.472	4.326	1.442	4.326	6.654	3.028	7.622	3.502	0.618	3.914	1.03	4.326	7.416	9.476	5.356	6.798	6.18	4.738	4.944	3.914	6.798	3.914	4.944	5.562	6.798	4.738	6.386	8.24	9.476	3.502	11.948	7.21	1.236	6.798	7.21	5.974	4.738	2.678	5.356	12.978	8.858	1.442	8.24	10.094	9.682	12.36	2.266	5.15	10.3	4.944	4.12	10.3	4.532	5.562	4.944	3.09	3.502	9.064	5.768	3.09	7.828	6.386	11.124	5.768	7.828	9.27	8.034	4.532	4.326	3.914	6.798	9.064	14.626	3.708	5.768	2.472	1.648	2.266	2.884	3.708	3.708	2.884	1.648	19.94	3.75	2.266	4.12	4.944	2.678	4.326	1.854	8.824	7.244	0.824	5.562	7.828	4.12	1.854	6.592	5.15	4.12	7.828	2.884	2.472	4.532	9.27	4.326	3.502	4.944	3.914	5.974	4.944	5.562	4.532	6.18	2.472	2.06	4.12	0.206	1.442	5.974	2.472	10.918	3.708	0.824	2.678	7.416	2.475	15.653	2.472	7.004	3.502	2.266	7.828	3.708	5.768	5.974	6.091	4.622	6.386	2.884	1.563	5.03	9.682	3.574	5.078	5.974	2.884	1.03	9.888	0.412	9.27	1.648	4.326	3.09	3.502	2.06	1.03	2.472	5.356	5.356	10.712	1.03	0.618	5.974	2.266	3.708	0	1.03	0	0	7.416	13.802	17.87	21.683	0.206	0.824	1.03	4.532	3.708	0.206	1.03	1.03	2.266	3.09	0.412	1.648	0.824	1.442	2.06	0.824	0.206	0.206	1.854	0	0	0	0	0	0	2.472	1.648	0	0.824	1.236	1.236	0	0	0	0.824	0.824	0	0.206	0.618	0.618	1.236	1.648	1.03	1.854	2.472	1.854	2.472	0	0.824	0	0.618	1.03	0	0	0.412	0.206	0	0	0.412	0.618	0.618	0.618	0	2.06	1.236	0.206	0.206	0	0.206	0.412	0	0	0	0	0	0	0.206	0	0	0	50:60,466.255:200,50:80
Ubxn4-NM_026390	1.03	0	0.618	2.266	0.824	2.266	4.738	4.12	3.708	1.854	1.442	2.06	4.738	0.824	0	0	0	0	0	0	0	0.824	2.06	0.206	1.854	1.03	1.03	0.824	0	1.03	0.824	1.03	0.618	0.824	0.206	0.206	0.206	0.412	3.914	0	0.412	0	0.206	0.206	2.884	1.03	1.03	1.03	1.648	1.648	1.236	2.06	3.914	1.236	0.412	0.412	1.236	0	0.206	0.618	29.512	27.844	29.166	1.03	1.236	1.03	0.206	0	0.412	0	0	0.824	0.412	1.03	0	0	0	1.648	0.206	0.618	0.618	0	0	0	0.206	0.412	0	0.206	1.461	0.599	1.03	1.854	0.618	0.206	0	0.412	1.442	1.03	0	0.206	0.206	0.412	2.266	1.03	0.206	0.824	0.824	0	0	0	1.236	0.412	0.206	1.03	0.206	2.266	3.09	0.412	0.618	2.266	0.412	0.618	0.618	0	0.618	0.824	2.266	1.03	0.824	0.206	0.618	1.467	0.799	1.236	0	0	1.854	0.618	0.618	2.678	0.206	0.206	1.03	0.618	1.03	3.502	1.236	0.824	2.06	0.618	0.618	0	0.206	2.266	0.618	0.824	0.824	0	0.618	0.206	0.618	2.884	0.412	0.206	0	1.084	0.564	0.618	0.206	0.206	1.648	1.03	1.854	7.21	1.648	0.618	0	0.206	0.206	0	0.618	3.09	0	0.618	0.618	7.622	0.824	0	1.648	0.412	0	0.206	1.236	1.648	0.412	0.824	0.206	0	0.824	1.442	0.412	1.236	1.442	0.206	1.442	2.266	2.266	0.824	1.648	0.206	2.472	1.854	0	0.824	0.206	0.824	1.236	0.412	1.442	1.442	1.03	0.206	0.206	1.442	0.824	1.442	0	0	1.442	0.824	0	0.824	0.824	3.09	1.236	1.236	2.266	2.472	1.648	1.854	0.412	1.648	9.682	3.502	2.266	1.854	4.12	1.648	1.236	3.296	12.589	10.278	7.004	2.884	8.652	2.266	0.824	1.236	0.412	3.09	0.618	0.412	0.618	0	0.618	1.03	2.884	1.648	1.03	0.412	4.532	2.266	1.442	0.206	0.206	0	0	0	0	0	0	0.824	0.824	0.206	1.854	0.618	0.412	1.648	3.09	0.824	1.03	0	0.206	1.442	0.618	0.618	0	0	0	0	0.206	1.854	0.618	0.206	1.442	0.206	0.206	0.412	0.206	0.824	0	0	0	0.206	0.824	0.412	0	0	0	0.206	0	0.206	0.412	0.412	0.206	2.06	0.412	0	0.206	0	0	0	0.618	0	0	0	0	0.412	0	0.206	50:60,176.21:200,50:80
Vps39-NM_147153	1.03	0	1.442	0.412	0	1.854	0	0	2.06	0.824	0.824	0.206	0.824	1.236	2.472	0.206	1.03	1.442	0.618	0	0	0	0.412	0.206	1.03	0.206	1.03	2.472	0.206	0	2.266	0.412	4.326	0.824	1.648	2.472	1.442	0.206	1.442	3.914	0.824	1.648	2.472	2.678	1.236	3.914	0.206	0.824	0.824	0.206	0.412	0.618	0	0.206	0	0	0	0	2.472	1.442	58.093	3.296	1.236	0.618	0.206	0.412	0	0.824	0	0	0.206	1.442	0	0.412	0.412	0	0.618	0.412	0.412	1.236	0.206	0.206	0.618	0	0.412	0.206	1.03	0.618	0.618	0.206	0.618	0.824	0.206	0.412	0.824	0.206	0.824	0.618	1.648	0.618	0.986	0.868	1.03	1.648	1.236	1.854	0.206	0.824	0.384	2.088	1.854	3.708	1.648	2.472	0.824	0.824	1.236	0	0	0.824	1.648	1.854	1.03	1.03	0.824	0	0.618	0	1.03	3.708	0.824	3.09	1.442	0.412	2.266	2.266	0.824	0.206	0.824	0.412	1.236	1.236	1.442	0.206	2.884	1.03	1.03	0.206	0.206	1.442	0.206	1.442	2.06	0.618	1.236	0.618	2.266	3.09	0.412	1.03	0.618	0.618	1.648	0.206	1.648	0.412	0	0.824	1.03	2.06	2.678	0.412	1.03	1.442	1.03	1.854	4.532	2.266	1.236	0.618	2.472	4.326	2.884	8.034	1.236	1.648	0.618	0.206	0	1.03	0.412	0.206	0.618	1.976	2.145	1.104	2.81	0.206	2.472	0.206	2.06	2.472	2.266	0.412	2.678	2.472	3.09	3.09	3.708	0.824	0.824	1.854	3.296	1.648	2.472	0.618	3.708	4.12	0.618	1.03	1.648	1.236	3.708	0.824	1.854	2.884	0.824	1.03	2.472	1.442	0.412	0.618	1.442	0.824	2.678	0.569	1.079	0.206	0	0	0	0.206	0.412	1.442	0.412	1.03	1.648	3.502	2.266	0.412	1.648	1.442	2.06	0.206	3.312	5.135	2.266	1.442	5.53	1.268	0.618	2.266	0.412	0	0	0	0.206	2.06	1.442	1.854	0.618	9.888	2.266	0.618	0.618	0.824	4.532	3.502	4.532	1.442	0.618	2.06	0.824	1.236	6.18	4.12	3.09	0	0.206	2.266	1.03	1.03	0.412	0.206	0	0	1.03	1.236	4.738	1.03	0.824	0.412	0.412	0	0	0.618	2.266	1.236	0.412	1.442	1.03	0.412	0.824	0	1.236	0.412	0	1.03	0.618	0	0	0	0	0.206	0.824	0.412	0	0	0	0	0.206	0	0.206	0.206	0	0.412	0.618	0	0	0	50:60,183.385:200,50:80
Vwa1-NM_147776	0	0	0	0	0	0.412	0.206	0	0.206	0.206	0.206	0.206	0.824	0	0	0	0	0.206	0	0.206	0	0	0	0	0	0	0	0.206	0	0	0	0	0	0	0	0	0	0	0	0	0	0	0	0	0.618	0	0	0	0	0.206	0	0	0	0	0.206	0	0	0	0	0.206	1.236	8.172	5.424	1.648	1.236	0	0	0	0	0.412	0	0	0	0	0	0	0	0	0	0	0	0	0	0	0	0	0.206	0	0	0	0	0	0	0	0	0	0	0	0	0	0	0	0	0	0	0	0	0	0	0	0	0	0	0	0	0	0.618	0	0	0	0	0	0	0	0	0	0	0	0	0.206	0	0	0	0	0	0	0	0	0	0	0	0.618	0	0	0	0	0	0	0.206	0	0	0	0	0	0.618	0.206	0	0	0.206	0	0	0.206	0	0	0	0	0	0	0	0	0	0	0	0	0.206	0.206	0	0.206	0	0	0	0	0.618	0	0	0	0.206	0.206	0	0.206	0.206	0	0	0	0	0	0.412	2.266	64.068	7.21	0.824	1.147	0.501	1.03	0.206	0.618	0	0.824	0.412	0.618	0.206	0	0.618	0	0.824	0	0.206	0.412	0	0.206	0.206	0.412	0	0	0	0	0	0.824	0.206	0	0.206	0.206	1.442	0	1.159	0.283	0	0	0	0	0	0.406	0.212	0.412	0.206	0.618	0	0.412	0	0.412	0.206	0	0.412	0	0.618	0.206	0	0	0.206	0.206	0.412	0	0	0	0	0	0	0	0	0	0.206	0.206	0.412	0.412	0.824	0.206	0	0	0	0.206	0.206	0	0	0.206	0.412	0.206	0.618	0.206	0	0	0	0	0.412	0	0	0	0	0	0	0.206	0	0	0	0	0.206	0	0	0	0	0	0	0	0	0	0	0	0	0	0	0	0	0	0	0	0.206	0	0	0	0	0	0	0	0	0	0	0	0	0	0	0	50:60,30.335:200,50:80
Wdr54-NM_023790	0	0	0	0	0	0	0	0	0	0	0	0	0	0	0	0	0	0	0	0	0	0	0	0	0	0	0	0	0	0	0	0.206	0	0	0.206	0	0	0	0	0	0	0	0	0	0.206	0	0	0	0	0	0	0	0.412	0	0	0	0	0	0	0.206	1.442	3.234	4.81	1.02	1.391	4.79	1.236	1.813	0.865	0	0	0	0.206	0.412	0.206	0.206	0	0	0	0	0	0	0	0	0	0	0	0	0.206	0	0	0	0	0	0	0	0	0	0	0	0	0	0	0	0	0	0	0	0	0	0	0	0	0	0	0	0	0	0	0	0	0	0.206	0	0	0	0	0	0	0	0	0	0	0	0	0	0	0	0	0	0	0	0.206	0.206	0	0	0	0	0	0.412	0	0	0	0	0	0	0	0	0	0	0	0	0	0	0	0	0	0	0.206	0	0	0	0.206	0	0	0	0	0	0	0	0	0	0	0.206	0	0	0	0	0	0	0	0	0.206	0	0	0	0	0	0	0	0	0	0	0	0	0	0	0	0	0	0	0	0	0	0	0	0	0	0.618	0.618	0	0	0	0	0	0	0	0	0	0	0	0	0	0	0	0	0	0.206	0	0	0	0.206	0	0	0	0	0	0	0	0	0	0	0.206	0	0.258	0.361	0.206	0	0	0	0	0	0.206	0	0	0	0	0	0	0.412	0.618	0	0.206	0	0	0	0.206	0.206	0	0	0.206	0	0.206	0	0.824	0.412	0.206	0	0	0	0	0	0	0	0	0.412	0.618	0	0	0.412	0.206	0.618	0	0	0.618	1.03	0.206	0.412	1.236	0	0	0.206	0	0.206	0.206	0	0	0.206	0	0	0	0	0	0.206	1.03	0.206	0.412	0.618	0	0.206	0	0	0	0	0	0	0.206	0.206	0.206	0	50:60,18.35:200,50:80
Wdr73-NR_027976	0.206	0	0	0.618	0.618	0.206	0.206	0	0.206	0.412	0	0.618	0.824	0.412	0.412	1.648	1.03	0.206	0.618	0	0.206	0.206	0.412	0.206	0	0.206	0	0.618	0.206	0.824	0.618	1.236	0	0	1.442	1.236	0.618	0.206	0.824	1.236	0.206	1.442	0.412	0.824	0.412	0.412	0.206	1.442	3.296	2.678	0.618	2.266	0.206	0.824	1.236	1.236	2.884	0.618	0.206	2.266	95.44	85.323	19.062	4.738	0.824	0.412	0	0	0.206	1.03	0.412	0.412	0.412	0.206	0	0	0	0.206	0.618	0	0	0	0	0	0.206	0.206	0	1.442	0	0.206	1.236	1.03	0	0	0	0	0	0.412	0.549	1.511	1.236	0.385	0.027	0.206	0	0	1.648	0	0	0.155	1.288	0.206	0.206	0.824	1.03	1.03	1.03	1.854	1.442	0.206	0.206	0.412	0.206	1.236	0.206	0.206	0	0.412	0.412	0.206	0.412	0.396	0.428	0.206	0.412	1.854	3.129	2.433	0	0.206	0.412	0	1.236	1.236	0.412	2.266	1.854	0.618	0.618	1.648	0.206	0	0	0.206	1.236	1.236	1.236	1.03	1.188	0.048	0.618	0.824	0.412	0	0	0.206	1.03	1.854	0.618	1.648	0	0	0	1.93	1.16	0.206	1.236	0	0	0.206	0	0.618	0	0.441	1.001	0.618	1.236	0.206	0	0.412	0	0.412	1.442	2.678	2.266	0.412	2.06	0.412	0.412	0	0.412	1.442	0.206	1.236	0.618	0	0	0	0	0.618	2.472	6.798	2.678	2.472	2.472	1.854	3.789	1.567	1.854	0.618	2.129	2.197	0.618	1.236	3.09	3.708	2.06	3.502	2.266	0.824	7.004	2.06	2.472	1.854	1.236	1.648	0.618	0.206	2.06	2.06	1.442	0.824	1.442	0	0.824	2.884	0.618	3.708	1.648	3.296	5.974	0	2.03	2.539	2.847	3.502	0.412	1.03	0.673	0.151	0.206	0	0.206	0	0	0	0	0	0.412	1.648	3.502	3.09	1.854	9.888	0.412	2.266	3.502	2.472	4.738	6.592	6.386	16.48	14.42	3.708	4.12	2.266	5.562	8.034	6.386	7.004	1.236	9.27	6.592	3.502	2.266	1.236	1.03	3.502	2.678	2.678	0.618	0.412	0	0	1.236	0.206	0	0	0	1.03	2.266	0.206	1.236	0.824	0.824	0.412	0.206	2.06	1.236	1.236	0	0	0	0	0.206	0.206	1.442	0.824	0.412	0	0	0	0	0	0	0.412	0	0.824	0.206	0	50:60,52.735:200,50:80
Whrn-NM_001008793	0	0	0	0	0	0	0	0	0	0	0	0	0	0	0	0	0	0	0	0	0	0	0	0	0	0	0	0	0	0	0	0	0	0	0	0	0	0	0	0	0	0	0	0	0	0	0	0	0	0	0	0	0	0	0	0	0	0	2.884	15.862	3.999	0.74	0	1.03	1.03	0.412	1.03	0.824	1.236	1.442	2.678	1.236	0.412	2.472	1.442	1.03	2.678	3.502	2.884	2.884	4.738	3.502	1.854	1.648	3.502	1.03	0.412	2.266	1.854	1.236	2.06	2.291	0.799	1.236	3.914	3.09	3.296	1.442	9.476	5.562	1.854	6.592	1.648	1.854	2.678	1.236	5.562	4.944	1.442	2.266	1.236	1.648	5.356	2.678	1.03	2.678	2.06	1.03	1.854	0.412	1.442	0.412	1.648	2.06	2.472	2.266	1.03	0.206	0.618	1.442	2.678	1.648	1.442	2.266	3.296	1.648	0.824	2.266	1.03	1.854	1.442	2.266	1.03	2.884	1.854	3.09	1.648	2.472	1.442	1.236	0.824	1.236	2.678	0.412	3.09	2.472	1.854	1.03	1.442	1.03	1.03	0.824	0.824	1.854	2.06	3.09	1.442	1.236	0.412	1.236	2.884	0.824	0.824	0	2.472	0.824	1.236	1.442	1.236	2.06	0.824	0.618	0.824	0.618	0.618	0.618	1.03	3.502	0.618	0.412	3.914	1.03	0.824	0.412	0.278	0.752	2.266	2.678	0.412	0.824	1.648	0.412	2.266	2.884	5.356	3.502	1.03	1.442	1.03	2.575	2.163	1.854	1.648	0.618	7.004	0.412	3.708	2.06	2.472	2.266	0.618	3.09	2.472	1.236	0	5.15	0.824	5.562	1.648	0.824	3.09	2.884	4.12	3.914	15.038	5.356	14.95	12.243	11.536	12.154	9.064	5.356	4.944	3.09	6.386	10.918	15.656	4.944	3.502	3.914	3.296	4.268	7.886	15.45	4.12	3.708	6.592	6.592	0.824	0.824	0.412	1.03	0.618	0	0.206	1.236	1.854	0.206	0	1.854	0.206	1.236	0.206	0.206	0.206	0.206	0.618	1.03	0.824	0.412	0	0.824	1.648	0.618	0	0.412	1.03	0.206	0.412	0.412	0	0.618	2.06	0.618	0	0.206	0	0	0	0.206	0	0	0	0.618	0.412	0.618	0	0	0	0.824	0	4.532	0.618	0	0.412	1.442	0.206	0	0	0	0	0	0.412	0.412	0.824	0.618	1.442	0	0.412	0.412	0.412	0.412	0.824	0.412	0.412	0.618	0.412	0.206	0.412	0.412	50:60,405.41:200,50:80
Xiap-NM_001301639	0	0	0	0	0	0	0	0	0	0	0	0	0	0	0	0	0	0	0	0	0	0	0	0.618	0	0	0	0	0	0.412	0	0	0	0	0.206	0	0	0	0	0	0	0	0	0	0	0	0	0	0.206	0.412	19.364	1.442	2.472	1.442	2.06	5.356	1.03	0.618	0.206	2.678	24.309	5.974	0.824	0.412	0.206	0.824	0.412	0.206	0.618	0.824	0.553	0.271	0.412	3.85	1.3	1.442	0.824	1.648	2.472	0.412	0.824	0	1.03	1.03	0.206	1.648	1.236	2.472	6.18	1.854	1.236	2.266	1.648	3.502	2.678	1.854	2.06	0.618	0	0.412	0.206	1.442	4.12	2.884	0.824	0	0.206	0.824	1.03	3.296	0.618	2.678	1.854	1.03	2.06	1.648	1.442	2.06	2.06	0	1.236	0	3.502	1.03	1.442	0	0.412	0.824	1.442	3.595	5.057	0.618	0.618	1.236	2.06	2.266	3.708	4.326	1.854	5.15	0.618	2.472	1.648	0.206	0.618	3.09	1.914	1.176	0.206	1.236	1.854	0.206	0.618	0.824	1.03	1.236	2.884	0.618	0.618	0.206	2.232	0.652	0.412	1.854	0.412	1.03	1.236	0.412	0.618	0.206	1.236	0.824	2.472	0	5.974	4.326	2.884	2.266	3.474	3.324	0.824	2.06	0.412	0.412	3.476	0.232	0.824	2.884	0.824	0.412	3.296	2.06	2.884	2.678	0.206	1.442	1.236	1.236	0	0.824	1.442	0.824	1.442	0.824	2.06	2.472	2.884	0.206	0.412	0.618	3.502	0.618	0.618	1.442	1.03	6.18	0.618	0	2.266	0.618	0.412	1.648	1.03	0	0.618	1.236	0.206	2.266	2.472	0	3.296	0.412	0.824	1.854	1.03	2.472	0.824	0.206	0.817	3.921	1.03	0.412	0.412	5.974	1.236	1.03	0.412	1.236	3.296	3.09	4.532	1.442	0.206	0.618	3.09	1.03	2.884	2.678	0.618	1.03	0.412	0.412	0.412	0.206	0	0	0.412	0.206	0	0.206	0.412	1.442	1.03	0	2.678	1.236	1.854	4.12	0.824	1.236	0.824	0.412	0	0.206	0.206	0.412	0.618	1.442	2.06	1.236	0.824	2.06	1.03	0.206	0.206	0.206	0.412	0	0.206	0	1.236	0.618	0.206	0	0.206	0.206	0	0.206	0	0.206	0.206	0	0.412	0.206	0.206	1.442	0	0.206	0	0	0	0.206	0	0.412	1.648	0.206	0.206	0	0.412	0.618	0.206	0.206	0.206	0	0	0.412	1.442	0.412	0	0	50:60,206.335:200,50:80
Xlr5c-NM_031493	0	0	0	0	0	0	0	0	0	0	0	0	0	0	0	0	0	0	0	0	0	0	0	0	0	0	0	0	0	0	0	0	0	0	0	0	0	0	0	0	0	0	0	0	0	0	0	0	0	0	0	0	0	0	0	0	0	0	0	0	0	0	0	0	0	0	0	0	0	0	0	0	0	0	0	0	0	0	0	0	0	0	0	0	0	0	0	0	0	0	0	0	0	0	0	0	0	0	0	0	0	0	0	0	0	0	0	0	0	0	0	0	0	0	0	0	0	0	0	0	0	0	0	0	0	0	0	0	0	0	0	0	0	0	0	0	0	0	0	0	0	0	0	0	0	0	0	0	0	0	0	0	0	0	0	0	0	0	0	0	0	0	0	0	0	0	0	0	0	0	0	0	0	0	0	0	0	0	0	0	0	0	0	0	0	0	0	0	0	0	0	0	0	0	0	0	0	0	0	0	0	0	0	0	0	0	0	0	0	0	0	0	0	0	0	0	0	0	0	0	0	0	0	0	0	0	0	0	0	0	0	0	0	0	0	0	0	0	0	0	0	0	0	0	0	0	0	0	0	0	0	0	0	0	0	0	0	0	0	0	0	0	0	0	0	0	0	0	0	0	0	0	0	0	0	0	0	0	0	0	0	0	0	0	0	0	0	0	0	0	0	0	0	0	0	0	0	0	0	0	0	0	0	0	0	0	0	0	0	0	0	0	0	0	0	0	0	0	0	0	0.412	0	0	0	0	0	0	0	0	0	0	0	0	0	0	0	0	0	0	0	50:60,26.595:200,50:80
Zbtb5-NM_173399	0	0	0	0	0	0	0	0	0	0	0	0	0	0	0	0	0	0	0	0	0	0	0	0	0	0	0	0	0	0	0	0.206	0.618	5.15	0.206	2.472	2.678	0.206	0	0	0.618	0.206	0	0	0	0.412	1.03	0.618	0	0	0	0	0	0	0	0	0.618	0.824	0	0	0.412	0	1.442	4.821	12.896	0	0	4.738	1.03	0.412	0.824	0	0.412	0.824	0.206	0	0.412	0.268	0.35	0.412	0.206	0.206	0.206	0.412	0	0.618	0.412	0.412	0	0.206	0	0	0	0	0	0	0.206	0	0	0	0	0	0	0	0	0	0	0	1.442	0	0	0	0.206	0	1.03	0.412	0.412	0	0.206	0.206	0.206	0	0.412	0.206	1.03	0.206	0.824	1.854	0.412	0	1.03	0.412	5.562	0	1.03	0.206	2.06	0.618	0	0.206	0	0.412	0.206	1.648	2.06	1.236	0.412	0	0.412	0.618	0.412	1.03	1.236	1.854	1.442	1.236	2.06	1.03	1.03	1.03	1.03	2.06	0.412	1.236	2.678	1.648	0.618	0.206	1.648	0.824	0.206	0	0.412	0.618	1.236	0	0.206	0	0.412	0.412	0.412	0.618	0.206	0	0.618	2.472	0.824	1.648	1.03	0.618	0.412	0.618	0.618	0.206	0.361	1.7	0.618	0.206	1.236	1.442	0.618	0.206	5.15	2.472	0	0.206	0.206	1.648	0.824	1.648	0.412	0.206	0.206	2.472	0.824	0	1.648	0.68	0.556	0.206	1.03	1.03	0.206	1.442	1.236	0.886	1.586	1.648	1.442	4.944	2.266	0.412	2.266	2.472	0	0.618	0.412	0	0	0.206	0	0	0	1.442	0	0	1.03	0	0	0	0	0	0	0	0.206	2.266	2.266	2.946	3.852	2.06	0.412	0	0	0.412	1.236	2.266	1.442	3.708	0.412	0.412	0.206	0.618	0.206	0.206	0.824	0	1.236	1.442	1.03	1.236	1.442	1.648	2.266	2.06	1.854	1.236	2.884	4.12	4.738	3.09	0.412	1.442	0.412	0.618	0.412	0.824	0.824	1.03	1.03	0.618	1.648	0.618	0.618	0	0.412	0.412	1.236	0	0.206	0.206	0	0	0.206	0	0.206	1.03	0.206	0.412	0.824	0	0	0	1.03	2.678	0	0	0.412	0.206	0.206	0.824	1.236	0.206	0	0.206	1.648	0	0.206	0.206	0.206	1.648	50:60,105.85:200,50:80
Zc3h15-NM_026934	0	0	0	0	0	0	0	0	0	0	0	0	0	0	0	0	0	0	0	0	0	0	0	0	0	0	0	0	0	0	0	0	0	0	0	0	0	0	0	0	0	0	0	0	0	0	0	0	0	0	0	0	0.206	0	0	0	0	0	2.678	7.828	4.532	0.206	0.824	1.03	1.236	0.824	0.206	0.206	0	0.412	1.648	0.824	1.442	0	0	0.206	0.618	1.03	0.206	1.442	0.618	0.206	0	0.618	1.236	0	0.618	0.412	2.266	1.236	0.824	1.236	3.296	2.884	1.442	0.824	2.884	1.648	1.854	0.618	0.618	1.648	0.206	1.03	2.884	1.03	4.12	0.206	0.618	0	0.206	0	0.618	4.023	3.599	1.03	0.618	0.618	0.206	0.206	1.03	0.618	0.206	0.618	0.206	0	0.412	1.854	1.236	0.618	0.206	1.648	0.412	0.412	1.648	0.206	1.03	1.648	0	0.206	0.412	0.412	0	0.206	0.824	0	0.405	5.775	0.206	0.618	0.824	1.03	1.442	2.884	2.06	2.266	0.412	0.412	1.236	0.206	1.442	0	0	0	0.618	1.442	2.678	0.412	0	1.648	1.03	1.236	0.831	3.083	0.618	3.914	3.502	0.206	2.06	4.12	0.412	0.412	0.206	0.449	0.581	0.618	0.206	0.404	0.832	0.824	1.236	6.386	0.824	1.03	0.206	0	0.618	2.472	1.03	1.236	3.708	0.412	1.03	1.03	4.944	0.206	3.09	1.03	0.618	1.906	1.391	2.192	1.31	1.442	0	0	0	0.206	1.03	4.326	0.618	0.206	0.206	1.236	0.824	0	0	0.206	1.648	4.326	0	0	0.618	0	1.442	1.03	0.824	2.266	0.579	1.275	0.824	0.618	5.974	8.034	16.686	1.03	0	0	0	0.412	1.03	2.884	0	0	0.824	0.206	0.206	2.06	0	0.618	0	0	0	0	0	0	0	0	0	0	0	0	0	3.09	1.442	1.03	0.206	0	0	0	0	0	0	0.206	0.824	1.442	0.412	2.266	0	0	0	0	0.206	0	0.206	0	0.824	1.648	0.206	1.442	0.824	0	0.824	0	0	0.206	1.442	0.412	0.206	0.412	0.206	1.236	0.618	0	0.618	0.618	0.206	0.618	0.618	0.206	0	0.206	0	0.206	0.824	0.206	0.824	1.236	2.06	1.854	1.03	1.854	0.206	1.03	0.412	0.412	1.03	0.412	0.206	1.03	50:60,100.195:200,50:80
Zcchc8-NM_027494	0.206	0.824	0.206	0	0	0	0	0	0	0.206	0	0.412	0.206	0.206	0	0	0	0	0.412	0.206	0	0.206	0	0.206	0	0	0	0	0	0.824	0	0	0	0.206	0	0	0.206	0.206	0	0	0	0	0	0	0	0	0	0	0	0	0	0	0	0.206	0	0	0	0.618	0.206	0	252.358	198.999	0.442	5.738	0.206	1.442	1.236	0.412	0.412	1.236	0	0	0.618	1.236	0	0	2.266	0.618	0.618	0.412	0.206	0.412	0.206	0.824	1.03	2.06	1.03	2.472	1.442	0.824	1.03	1.236	1.236	4.944	0.824	0.206	0.824	0.206	0	2.678	2.06	2.678	1.39	0.259	1.03	1.854	2.266	2.06	0.206	0.824	0.618	1.236	0.206	0.618	0.824	0.412	0.206	1.442	0.824	1.236	4.12	2.884	0.618	0.824	0.412	2.06	2.678	1.854	5.15	1.03	1.648	0.412	0	0	1.442	8.24	1.854	0	0.618	0	1.236	2.266	1.854	7.029	4.301	3.09	1.03	4.532	5.356	2.266	0.618	3.296	8.034	5.562	3.296	3.502	3.914	0	1.236	2.266	0.206	1.236	0	0.206	2.472	4.944	1.854	1.03	2.266	1.236	1.648	4.944	0	1.442	0.824	0.618	1.442	6.386	2.678	0.412	3.914	1.236	1.648	7.416	3.502	1.442	0	0.412	0	0.206	0.206	1.442	3.708	0.412	2.472	3.914	3.708	4.532	2.266	0.206	0.824	1.66	3.284	2.472	0.824	0.824	1.854	1.03	2.06	1.648	1.03	6.592	1.236	0.618	0.412	1.442	5.768	0	3.502	3.502	2.266	0.412	1.442	1.854	4.326	3.296	1.648	0.618	0.206	0.618	0	3.914	4.326	3.914	3.502	0.824	0.824	2.06	0.412	4.058	3.855	9.803	12.154	5.15	1.648	1.03	0	0.412	3.708	3.296	0.412	1.088	3.856	4.884	5.004	1.442	2.884	4.944	1.03	5.15	0	0	0	0.412	0.412	0.618	1.854	2.266	2.884	4.326	2.266	6.18	2.06	2.678	3.09	2.266	1.648	2.884	0.824	1.648	3.09	5.356	4.738	0.412	1.648	0.618	2.472	6.798	4.12	2.266	1.03	0	0	2.884	1.442	0.618	0.412	0.206	0.412	0	0	0	0	0	0	0	0	0	0	0	0	0.618	0.412	1.854	0.618	0	0.412	0.206	0	0	0.206	1.648	0.206	0.206	0.206	0.412	0.618	0.412	0.412	1.854	1.03	1.442	1.648	1.03	0.206	1.03	3.09	2.884	0.206	0.824	50:60,113.715:200,50:80
Zfp12-NM_001289589	0	0	0	0	0	0	0	0	0	0	0	0	0	0	0	0	0	0	0	0	0	0	0	0	0	0	0	0	0	0	0	0	0	0	0	0	0	0	0	0	0	0	0	0	0	0	0	0	0	0	0	0	0	0	0	0	0	0	0	0.618	23.691	0.824	1.047	1.014	0	11.33	3.502	0	0	0.618	0	0	0.14	0.272	0	0	0.206	0.206	0.206	0	0	0	0.412	0.206	0.824	0	0	0.412	0.206	0.412	1.03	0.206	0	0	0	0	0	0.412	0	1.854	0	0	0	0	0.824	0.412	0.618	0.824	0.824	0.618	0.412	0	0.412	1.03	0	0	0	0	0	0	0	0	0	0.206	0.412	0	0	0	0.412	0.206	0	0.206	1.03	0.412	0.412	0.412	0.618	0.412	0.206	0.412	0.618	0.618	0.618	0.824	0.824	0.412	0.206	0.824	1.03	0.206	0.824	0.618	1.541	0.931	0.412	0.527	0.297	1.854	0.618	0.824	0.206	0.206	1.236	0	0	0.412	0.824	0.412	0.618	1.648	0	0	0	0	0	2.167	2.159	1.442	0.618	0.206	0.206	0.206	0.618	0.206	0.824	1.442	1.236	0.206	0	0.206	1.854	0.618	0	0.412	1.36	0.906	1.854	0.206	0.206	0	0	0	0.206	0.824	0	1.236	1.236	0.206	0.412	0.618	0.412	1.648	0.618	0.412	0.618	0.206	1.648	0.824	0.206	0.206	1.03	1.03	0.412	1.03	0.618	1.442	0	0	1.236	1.03	0.412	1.03	0.206	0.412	0	1.236	1.648	2.884	0.412	0.618	0.206	2.472	2.266	6.18	1.442	2.052	1.862	1.236	0	2.06	0.412	0	1.442	3.23	1.714	0.824	1.854	0	0.824	0.618	0	0.618	0.412	2.06	0	0.412	0.206	0	0	0.206	0.206	0.206	0.206	4.12	0.206	0.206	0	4.532	2.472	1.236	0.824	2.06	2.06	3.708	1.442	1.648	2.678	2.678	0.206	0	0	0.824	1.236	0.206	1.648	1.03	0.824	0.206	1.03	0.824	0	0	0.618	1.03	0.824	2.472	1.442	1.442	0.412	1.648	1.648	0.618	0.824	0	0	0.412	0.412	0.412	1.03	0.824	2.472	0	0.412	1.03	1.442	1.236	0.824	0.824	0	1.648	1.442	0.206	1.854	0.206	0.412	0.618	0.824	1.442	0.206	1.03	50:60,68.36:200,50:80
Zfp207-NR_156116	0	0	0	0	0	0	0	0	0	0	0	0	0	0	0	0	0	0	0	0	0	0	0	0	0	0	0	0	0	0	0	0	0	0	0	0	0	0	0	0	0	0	0	0	0	0	0.206	0.206	0	1.03	0	0	0	0	0	0	0	0	0	0	664.351	15.044	7.602	10.949	8.034	7.622	3.502	3.708	5.768	9.476	1.648	6.798	4.738	2.472	7.674	7.571	0.206	1.236	2.472	0.309	9.785	3.296	3.914	3.708	2.06	3.502	15.656	6.18	5.825	4.527	14.827	3.456	5.15	10.3	1.648	1.854	9.27	7.416	1.854	1.854	8.24	5.552	4.542	0	7.828	1.648	0	3.502	5.356	1.854	0.618	1.236	3.502	4.944	7.468	9.837	3.914	0.412	2.678	1.854	1.236	2.863	2.287	2.06	2.472	5.15	4.738	3.296	3.296	12.154	1.236	2.678	5.356	6.417	10.063	0.412	0.618	2.266	9.893	8.441	19.158	0.824	2.472	14.214	2.884	1.236	1.442	4.656	2.966	1.648	6.123	12.417	0.412	0	0.876	19.025	12.443	10.3	1.04	1.226	1.648	0.412	1.442	4.738	0.412	0.412	0.618	1.648	1.648	4.944	6.386	0.412	0.412	2.472	4.532	4.12	7.226	9.471	14.003	17.917	13.596	4.326	7.607	1.251	7.004	2.06	6.386	0.618	0.412	1.391	2.112	2.472	4.532	2.884	4.532	10.094	3.708	3.296	9.682	29.253	1.03	9.25	25.498	17.866	7.952	11.742	2.06	13.864	24.921	5.299	2.472	1.236	4.738	11.536	6.386	9.517	24.885	0.412	5.15	0.618	4.321	15.868	19.081	12.85	1.648	4.532	1.854	4.326	1.854	0.618	6.798	3.172	5.068	9.888	8.858	5.974	4.944	6.592	3.296	14.626	2.668	5.366	6.062	6.093	8.446	4.81	4.182	7.344	5.145	1.797	4.326	2.513	1.401	1.854	4.326	16.068	4.548	11.758	5.943	0.824	1.236	0.206	2.884	8.24	0.412	2.266	0.618	1.236	3.502	10.918	1.03	1.854	4.326	2.472	1.03	1.03	8.034	15.862	9.682	1.442	2.678	1.854	2.266	0.412	5.562	3.914	8.446	20.189	19.57	15.45	9.064	0.206	1.442	1.442	9.27	1.03	0	0	0.824	6.386	8.446	14.832	2.678	0.618	4.326	0.206	0	5.768	5.768	0.824	1.236	4.12	2.472	5.768	1.648	9.064	4.532	1.648	2.266	0.618	2.472	8.652	0	3.09	4.12	4.944	7.416	2.884	6.18	3.914	13.184	3.296	1.442	8.446	8.446	2.06	0.824	0.824	0.412	3.502	50:60,112.975:200,50:80
Zfp330-NM_001368343	0	0	0	0	0	0	0	0	0	0	0	0	0	0	0	0	0	0	0	0.206	0	0	0.618	0	0	0	0	0	0	0	0	0	0	0	0	0	0	0	0	0	0.206	0	0	0	0	0	0	0.206	0	0	0	0.412	0	0	0	0	0	0	0.206	4.12	28	2.901	2.678	0	2.884	0.206	0	0	0.824	0.206	1.442	0.206	0.206	0.618	1.03	0	0.206	1.03	0.412	0.206	0.618	0	0	0.206	0.824	0	0	0.412	1.03	0.206	0.206	0	0.206	0.775	0.255	0.412	1.03	1.302	0.346	2.266	1.648	1.236	2.472	2.472	1.401	1.277	1.854	1.236	0	0	0.412	0	0	0.206	0	0.206	0	0	0	0.206	0	0.618	0.206	0	0.412	0	0.412	0.412	0.206	0.206	1.442	0.206	1.03	0.824	1.648	0.824	0.412	1.442	0.824	1.854	2.472	1.442	0.206	1.03	0.206	0.412	0.552	1.714	1.236	1.03	0	0	0	0.824	1.442	0	0.206	0	1.236	1.03	0.824	1.648	1.03	3.914	2.266	1.203	0.857	1.673	2.035	1.236	2.678	0.824	0.412	0	1.03	0	0	0.618	0.618	0	0.206	1.236	1.03	1.236	0.824	1.03	0.412	1.648	1.648	0	0.618	0.618	0	0.824	1.236	0.206	1.442	0.412	0.206	0	0	0.412	1.03	0.618	1.648	0.412	0.618	0	0.206	1.854	0.618	0.206	1.648	1.03	3.749	2.225	1.747	1.137	0.824	0.618	0.824	1.03	0.824	0.824	1.442	0.824	1.03	1.03	0.412	0.783	1.689	2.266	0.824	0	0	0	0.618	0.618	1.236	1.236	1.854	3.09	4.944	2.06	2.678	0.412	0	0	0	0	0	1.648	0	0.206	0	0	0	0	0.206	0	0.412	2.884	1.236	0.618	1.854	1.648	3.708	7.004	0.618	3.296	4.326	7.416	6.592	3.09	4.326	6.386	7.004	2.266	5.768	1.236	2.472	4.326	3.502	4.532	2.06	1.442	6.386	2.884	4.738	1.648	0.206	1.03	0.412	0.206	1.648	1.236	5.356	7.21	1.03	1.03	0.412	1.03	0.206	0.412	1.236	2.06	0.618	2.266	1.236	1.442	0.412	0.206	0.618	1.03	2.06	3.502	5.768	0.412	2.06	0.824	0.824	0	1.648	0.618	1.648	0.618	0.206	1.236	1.03	1.236	0.618	0.618	0	0.618	0.206	0	0.824	0	0.618	1.236	50:60,52.64:200,50:80
Zfp33b-NM_001346671	0	0	0	0	0	0	0	0	0	0	0	0	0	0	0	0	0	0	0	0	0	0	0	0	0	0	0	0	0	0	0	0	0	0	0	0	0	0	0	0	0	0	0	0	0.206	0	0	0	0	0	0	0	0	0	0	0	0	0	0	0	0.618	0.824	0.206	0	0	0	0	0	0	0	0	0	0	0	0	0	0	0	0	0	0.206	0.206	0.206	0	0	0	0.206	0	0	0	0	0	0	0	0	0	0	0	0	0	0	0.678	0.764	0	0	0.618	0	0	0.824	0	0	0	0	0.824	1.442	3.708	0.206	0.043	0.163	0	0	1.03	0	0	0	0	0	0.206	0.206	0	0	0	0	0	0	0	0	0	0	0	0	0	0	0	0.206	1.854	0.206	0	1.648	0.618	0.824	0	0	0	0	0	0	0	0	0.206	0	0.206	0.206	0	0	0	0.206	0	0	0	0.206	0	0	0	0	0	0	0	0	0	0	0	0	0	0	0	0	0	0	0	0	0	1.03	0	0	0	0	0	0	0	0	0.206	0	0	0	0.206	0	0	0	0	0	0.206	0	0	0	1.236	0	0	0	0.206	0	0	0	0	0	0	0	0	0	0	0	0	0	0	0	0.412	0	0.618	0.412	0	0	0	0.412	2.678	0	0	0	0	0	0	1.152	1.32	0	0.206	2.678	2.884	0	0	0	1.442	0	0	0	0	0	3.708	1.442	0	3.502	4.944	5.356	2.884	4.12	0.824	0	0	0	1.236	1.236	1.854	2.678	0.618	1.442	1.236	5.356	7.828	1.442	15.862	2.884	3.708	5.974	3.914	0	0.618	2.678	2.472	2.266	0.824	0	0.618	0.412	0.824	2.884	0	2.884	0	0.824	1.854	1.442	4.738	3.296	1.236	1.854	0.824	0.824	1.442	4.12	0	0	0.618	2.884	1.442	0	0	0.824	1.648	1.236	1.236	3.09	2.678	4.532	1.648	0	0	0.206	0	0	0	0	1.236	50:60,64.745:200,50:80
Zfp385b-NM_001113399	0	0	0	0	0	0	0	0	0	0	0	0	0	0	0	0	0	0	0	0	0	0	0	0	0	0	0	0	0	0	0	0	0	0	0	0	0	0	0	0	0	0	0	0	0	0	0	0.206	0	0	0	0	0	0	0	0	0	0	0	0	0	0	0.206	0	0	0	0	0	0	0	0	0	0	0	0	0	0	0	0	0	0	0	0	0	0	0.412	0.206	0	0	0	0	0	0.618	0.206	0	0	0	0.206	0	0	0	0	0	0	0	0	0	0	0	1.03	0	0	0	0	0.206	0.412	0	0.206	0	0.206	0	0	0	0	0.206	0.412	0.824	0	0	0	0	0	0	0	0	0	0	0.206	0	0	0.206	0	0.206	0.206	0	0	0	0	0	0	0	0	0	0	0.206	0	0	0	0	0.206	0	0.206	0	0	0	0	0	0	0	2.678	0	0	0.206	0	0	0	0	0	0	0	0	0	0.618	0	0	1.03	0	0	0	0.206	0	0	0	0.206	4.326	0	0	0.206	0.412	0	0	0	0	0	0	0	1.03	0.412	0.206	0	0.412	0	0.206	0	0	0.412	0	0	0	0	0	0.618	0	0.206	0	0	0.206	0	0	0.206	0	0	0	0	0	0	0.206	0	0.206	0.206	0	0	0.206	0	0.206	0	0.206	0	0	0	0	0	0	0.206	0	0	0.206	0	0	3.502	0	0	0	0	0	0	0	0	0	0	0.206	0	0	0	0	0	0	0	0.618	0.206	0	0	0	0	0	0	0	0	0	0.412	0	0	0.206	0	0	0	0	0	0	0	0	0	0	0	0	0	0	0	0	0	0	0	0	0	0	0	0	0	0	0	0	0	0	0	0	0	0	0	0	0	0	0	0	0	0	0	0	0	0	0	50:60,1463.205:200,50:80
Zfp385b-NM_178723	0	0	0	0	0	0	0	0	0	0	0	0	0	0	0	0	0	0	0	0	0	0	0	0	0	0	0	0	0	0	0	0	0	0	0	0	0	0	0	0	0	0	0	0	0	0	0	0	0	0	0	0	0	0	0	0	0	0	0	0	1.03	0.206	0	0	0	0	0.618	0	0.412	0	0.206	0.412	0	0	0	0.206	0	0	0.206	0.206	0	0.206	0.206	0	0.206	0	0	0.412	0.206	0.206	0.618	2.06	0.412	0	0	0	0	0.206	0	0	0.206	0	0	0	0.618	0.206	0	0	0	0	0.618	0	0.412	0.618	0	0.206	0	0.206	0	0	0	0	0	0	0	0	0	0	0	0	0	0	0	0.206	0.412	0	0	0	0	0.824	0	0	0	0.206	0	0	0	0	0	0	0	1.03	0	0	0.206	0.412	0	0.206	0.206	0	0	0	0.618	0.824	0	0	0	0	0	0	0	0.206	0	0.206	0	0.206	0.206	0	0	0	0	0	0	0.206	0	0	0	0.206	0	0.206	0	0	0	0	2.678	0	0	0.206	0	0	0	0	0	0.206	0.412	0	1.03	0	0	0.206	0	0	4.532	0	0	0.618	0	0	0	0	0	1.03	0.618	0	0.412	0.206	0	0.412	0	0	0	0	0.618	0.206	0	0.206	0	0	0.206	0	0	0	0	0.206	0.206	0.206	0	0.206	0.206	0	0.206	0	0	0	0	0.206	0	0.206	0	3.502	0	0	0	0	0	0	0	0	0	0	0.206	0	0	0	0	0	0	0	0.618	0.206	0	0	0	0	0	0	0	0	0	0.412	0	0	0.206	0	0	0	0	0	0	0	0	0	0	0	0	0	0	0	0	0	0	0	0	0	0	0	0	0	0	0	0	0	0	0	0	0	0	0	0	0	0	0	0	0	0	0	0	0	0	0	50:60,2030.925:200,50:80
Zfp467-NM_020589	0	0	0	0	0	0	0	0	0	0	0	0	0	0	0	0	0	0	0	0	0	0	0	0	0	0	0	0	0	0	0	0	0	0	0	0	0	0.206	0	0	0	0	0	0	0	0	0	0	0	0	0	0	0	0	0	0	0	0	0	0	0	0.824	0.206	0	0	0	0	0	0	0	0	0	0	0	0	0	0	0.206	0.206	0	0.618	0.824	0.824	0.618	0	0	0	0	0	0	0	0.206	0	0	0	0	0	0.412	7.225	0.398	0	0.412	0	0	0.412	0	0	0	0	0	0	0	0	0	0	0	0.412	0	0	0	0	0	0	0	0	0	0	0	0	0	0	0	0	0	0	0	0	0	0	0.206	0	0	0	0	0	0	0	0	0	0.206	0	0	0	0	0	0	0	0	0.206	0.206	0	0	0	0.206	0	0	0	0	0	0	0	0	0.071	0.135	0.206	0	0.206	0	0	0	0	0	0	0	0	0	0	0	0	0	0	0	0	0	0.778	0.664	0.206	0	0.412	0	0.206	0.206	0	0	0	0	0	0	0.206	0	0	0	0	0.206	0.206	0.412	0.412	0	0	0.412	0	0	0	0.412	0	0	0.206	0	0	0	0	0.206	0.206	0	0	0.412	0.412	0.412	0.824	0.206	0	0	0.206	0.206	0	0	0	0.206	0	0.412	0.618	0.206	0	0	0	0.206	0.618	0.179	0.027	0.206	0.206	0	0	0	0	0	0	0.206	0.412	0	0.206	0.618	0.618	0.618	0	0.618	0	0.206	0.206	0.824	0.618	0.206	0.206	0	0	0	0	0.206	0.206	0	0.206	0	0.412	0	0	0	0	0	0.206	0	0	0	0	0.206	0	0	0	0	0	0	0	0	0	0	0.206	0	0	0	0	0	0	0.206	0	0	0	0	0	0.206	0	0.206	0	0	0	0	0	0	0	0	0	0	50:60,46.065:200,50:80
Zfp609-NM_172536	0.618	0.206	0.206	0.824	0.206	0	0.206	0	1.236	1.03	0.206	0	0.206	0	0	0	0.206	0.206	0	1.648	0.824	1.03	2.06	0.206	0.206	2.678	2.06	5.356	4.944	0.618	0.618	1.442	1.236	2.06	1.236	4.12	6.18	7.21	4.738	4.12	4.738	3.914	3.296	2.472	0.206	0.206	0.618	1.854	2.06	0	0.206	0	0.618	0.824	0.412	0	0	0	0	0.412	24.309	4.738	4.326	4.532	6.798	9.27	2.884	3.502	4.532	0.618	12.154	4.12	6.18	4.326	9.888	6.592	6.798	11.742	8.652	9.888	7.622	11.742	4.12	7.004	4.326	8.858	2.06	4.738	6.386	4.738	2.884	5.974	7.622	2.472	8.858	9.476	13.184	8.034	5.15	7.004	7.622	4.12	3.914	4.12	9.476	4.12	9.682	2.472	9.476	16.48	16.48	8.652	14.42	19.982	8.652	7.21	14.626	12.36	8.446	19.57	11.742	2.678	17.304	9.064	7.21	9.064	5.768	5.768	3.502	8.858	8.034	10.918	6.592	4.12	15.45	8.034	10.712	7.004	8.24	3.461	4.779	5.974	8.652	7.21	4.12	12.978	7.004	10.094	18.128	6.386	2.678	3.09	10.506	9.682	5.356	9.476	7.622	13.633	3.877	3.914	11.948	5.15	7.773	9.12	9.27	7.622	7.004	2.118	6.328	3.502	6.18	10.094	4.12	7.416	6.386	6.798	6.689	4.847	3.09	8.899	6.139	4.532	4.738	3.296	9.27	2.678	3.708	7.828	5.356	3.914	8.446	9.27	7.416	6.798	6.798	2.472	8.652	7.828	14.42	4.12	6.798	6.386	6.386	7.416	5.562	10.918	7.622	3.708	11.536	4.944	3.502	4.944	4.326	4.532	5.562	15.656	6.386	4.944	6.798	6.798	6.697	7.517	3.09	4.944	2.884	6.18	4.12	3.914	2.472	4.738	7.828	10.3	4.944	12.978	6.592	5.562	5.15	8.034	5.356	3.296	3.914	6.798	7.004	7.416	6.798	14.214	13.39	22.249	21.837	8.652	15.45	7.416	7.416	16.068	11.835	10.62	14.626	10.918	18.128	8.652	0	0	0.412	0.618	1.03	1.648	2.678	0.412	1.03	0.206	0	0	0	0.824	3.502	3.296	2.678	2.06	0.412	0	0.412	2.472	1.648	0.412	0.412	0	0.824	0	0	0	0	0	0	0	0	0.206	0	0	0	0	0	0	0	0	0	0	0	0	0	2.266	0.412	3.296	2.472	0.824	0	0.206	1.236	0.824	0.824	0.618	1.854	3.708	0.206	0	1.442	2.266	0.618	2.472	1.236	0.206	0.412	0.412	0	0	0	0	0.412	0.206	1.854	1.648	50:60,679.91:200,50:80
Zfp637-NM_001346652	0	0	0	0	0	0	0	0	0	0	0	0	0	0	0	0	0	0	0	0	0	0	0	0	0	0	0	0	0	0	0	0	0	0	0	0	0	0	0	0	0	0	0	0	0	0.412	0	0	0	0	0	0	0.206	0	0	0	0	0	0.824	4.326	7.914	1.322	0.035	0	0.618	1.854	0	0.206	0	0.206	0.206	1.03	0.206	0.412	0	0	0	0	0.206	0	0.412	0	0	0	0	0	0.206	0	0	0	0	0	0	0	0	0	0	0	0	0	0	0	0.206	0	0	0	0	0.206	0	0	0	0	0	0	0	0	0	0	0	0	0	0	0	0	0.206	0	0	0	0	0	0	0	0	0	0	0	0	0	0	0	0	0	0	0	0	0	0	0	0	0	0	0	0	0	0.206	0	0	0	0	0	0	0	0	0	0	0.206	0	0	0	0.206	0	0	0	0	0.618	0.412	0.412	0.618	0.206	0	0	0	0	0.206	0	0.206	0.412	0.206	1.442	0	0	0	0	0	0	0	0	0	0	0	0	0	0	0	0	0	0	0	0	0	0	0	0	0	0.206	0	0.206	0	0	0	0	0	0.206	0	0	0	0.206	0	0.206	0	0	0	0	0	0.206	0.206	0	0	0	0	0	0.206	0	0	0	0	0	0	0	0	0	0.206	0	0	0	0	0.618	0.206	0	0	0.618	0.206	0	0	0	0.206	0.824	0	0.206	0	0.824	2.266	0.412	0	0	0	0.206	1.648	1.648	0.824	0	0	0.618	0	0	0.206	0	0.206	0.206	0.824	0	0	0	0	0	0	0	0	0	0	0	0	0.412	0	0	0	0	0	0.206	0	0.206	0	0	0	0	0.206	0	0	0	0	0.206	0.412	0	0	0	0.206	0	0	0	0	0	0	0	0	0	0.206	0.206	0	0	0	50:60,23.415:200,50:80
Zfp668-NM_001362189	0	0	0	0	0	0	0	0	0	0	0	0	0	0	0.206	0	0	0	0	0	0	0	0	0	0	0	0	0	0	0	0	0	0	0	0	0	0	0	0	0	0	0	0	0	0	0	0	0	0.206	0	0	0	0	1.236	1.03	0.412	0.412	0	0	11.33	65.922	0.206	1.648	21.425	2.266	0.618	0	0.412	0.618	1.854	1.442	0.206	0.618	0	8.858	7.004	0.206	1.03	1.236	1.936	3.008	1.03	0	0	0.412	0.206	0.824	2.678	0.412	3.708	0.824	1.03	0	0.824	1.03	0.206	1.03	0.412	0.618	0	0	0.824	4.326	0.824	0.824	0	2.06	4.944	8.652	5.15	8.24	0	0	1.03	3.502	2.472	2.266	0.618	1.236	1.03	0.206	2.884	0.618	0.824	3.296	3.296	0	0	0.412	1.236	0.412	0	0	1.03	0.618	0.412	1.854	0.824	0.206	2.678	2.884	5.356	1.854	2.472	7.272	15.249	4.054	6.444	2.414	2.472	2.06	6.18	0.944	3.795	4.326	7.416	3.502	4.12	0.412	7.622	4.132	4.338	8.158	1.088	1.236	1.854	0.412	0.618	0.206	0	0	0	2.266	5.356	4.532	3.7	9.072	6.386	11.565	3.061	1.442	1.442	2.678	2.06	5.15	1.673	2.241	3.708	10.865	22.467	2.719	0.412	4.12	1.648	1.854	4.738	7.004	2.472	1.648	6.798	10.094	0.412	0.824	0.824	0.412	1.648	3.09	2.373	2.365	0.412	1.66	1.43	2.472	3.914	5.418	1.586	2.884	0.412	0.618	2.884	2.678	1.854	1.442	1.442	1.236	0	0.412	1.03	1.236	2.884	0	1.442	1.03	0	0	3.09	1.03	2.266	0	0.206	0.824	1.03	0	0	0.618	1.442	0	0	0.206	0.7	0.33	0	0	0.206	0	0	0	0	0.194	0.836	0	0	0	0	0	0	0.412	0	0	0.412	0.618	0.206	0	0	0	0	0	0	0	0	0	0	0	0.206	0.206	0.206	0	0	0.412	0	0	0	0	0	0	0	0	0	0.206	0	0	0.206	0	0	0	0	0	0	0.206	0	0	0	0	0	0	0	0.412	0.824	0.412	0	0	0	1.442	2.884	0.824	0	0	0.824	0.412	0	0	0	0.412	0	0	0	0	0	0	0	50:60,79.06:200,50:80
Zfp691-NM_183140	0	0	0	0	0	0	0.206	0	0	0	0	0	0	0	0	0	0	0	0	0	0	0	0	0	0	0	0	0	0	0	0	0	0	0	0	0	0	0	0	0	0	0	0	0	0.412	0	0	0	0	0	0.206	0	0	25.751	14.626	1.236	0	0	0	2.472	17.922	1.442	0	0	0	0	0	0	0	0	0	0	0	0	0.206	0	0	0	0	0	0	0	0.206	0	0	0	0	0	0	0	0	0	0	0	0	0	0	0	0	0	0.206	0.206	0	0	0	0	0	0	0	0	0	0.206	0	0	0	0	0	0	0	0	0	0	0	0	0	0	0	0	0.206	0.206	0	0	0.206	0	0	0	0	0	0	0	0	0	0	0	0	0.159	0.047	0.206	0	0.206	0	0	0.206	0	0	0.206	0	0.824	0.206	0.206	0	0	0	0.412	0	0	0.412	0	0	0	0	0	0.412	0.206	0.206	0	0	0	0	0	0	0	0.206	0.206	0	0	0	0.206	0	0	0.206	0	0.206	0	0	0	0	0	0	0	0.206	0	0	0.206	0	0	0	0	0.206	0	0	0.206	0	0.206	0.206	0	0	0.206	0	0.206	0.206	0.412	0	0.206	0	0	0	0.206	0	0.206	0.206	0.206	0.412	0.618	0	0	0	0	0	0	0.206	0	0.412	0.206	0	0.206	0	0	0.206	0	0.206	0.206	0	0	0.206	0.412	0	0.206	0.206	0.206	1.648	1.03	0.824	0.206	0	1.442	0.412	1.236	1.03	1.442	1.854	2.472	0.618	0.412	0.206	0.206	1.854	0.618	2.472	0.206	0.824	0.412	0.824	1.648	0.618	1.236	0	0.206	0	0	0.618	0.824	1.442	0.206	0.206	0.206	0	0	0.206	0.412	0.206	0.824	0	0.618	0	0.618	0	0	0.206	0	0	0	0	0	0	0	0	0	0	0	0	0	0	0	0	0	0	0	0	0	0	0	0	0	0	0	0	0	0	0	50:60,21.695:200,50:80
Zfp78-NM_001112805	0	0	0	0	0	0	0	0.206	0.206	0	0.206	0	0	0	0.618	0.412	0	0.206	0.206	0	0.206	0	0	0	0	0	0	0	0	0	0	0.206	0.206	0	0	0	0	0	0	0	0.206	0	0	0.206	0	0.824	0	0.206	0	0	0	0	0.206	0	0	0	1.236	2.06	0	0.618	13.802	9.064	0.824	0.206	0	0	0.206	0.206	0.206	0.206	0	0	0	0.206	0.206	0	0	1.442	7.004	0	0.206	0.618	0.206	0.206	0.618	0.206	0	0.412	0.618	0.412	0	0	0	0.618	0.206	0.618	0	0.824	0.206	0.412	1.236	1.442	1.236	1.03	0.206	0	0.206	0.206	0.206	0	0	0.054	1.388	0	0.618	0.206	1.03	0.412	0.412	0	0	0	0	0	0	0	0.412	0.206	1.442	1.648	0.206	0.618	0	0.206	0	0.206	0.824	0.618	0	0.412	0.206	0.206	0.412	0.206	0	0	0	0	0	0	0.206	1.236	0.412	1.236	0.206	0.824	0.412	1.854	0	0.206	0.206	0.618	0.618	0	0.618	0	0.206	0	0.824	0	0.206	0.206	0	0	0	0.412	0.618	0.206	0	0	0	0	0.824	0.618	0	0	0	0.206	0	0.412	0	0	0.206	0	0	0	0.412	0.618	0.206	0.412	0.824	0.412	0.824	1.236	0.206	0	0	0.412	0.824	0.206	0.206	0	0	0.206	1.03	0.206	0.206	0.206	0	0.206	0	0.206	1.442	0	0.618	1.372	0.894	0.206	1.442	0.412	1.648	0.206	1.648	0.412	1.442	0.412	0.618	0.206	1.442	3.914	0	0	1.03	0.412	0.824	4.738	0	0.206	0	0	0	0	0	0	1.648	3.09	0.412	0.206	3.502	0.412	0	0.618	0	0	0	0.206	0.206	0	0.618	0	0	0	0	0.618	0.824	1.648	2.678	1.442	0	0.412	0.206	0.206	0	0.206	0	0	0	0	0.206	0	0	0	0	0	0	0.206	0.206	0.206	0	0	0	0	0	0.412	0	0.206	0	0	0.206	0	0	0	0	0	0	0	0	0.618	0	0.206	0	0	0.206	0	0	0.206	0	0.412	0	0	0	0	0	0	0	0	0	0	0	0	50:60,96.505:200,50:80
Zglp1-NM_001103168	0.206	0.618	0.206	0	0	0	0	0	0	0.412	0	0	0	0.206	0	0.618	1.854	1.03	0.206	1.03	0.618	1.648	0	0	0	2.06	1.648	0.618	0	0.206	0.412	0.618	0.206	2.06	6.798	0.412	1.854	1.442	1.03	0	0	0.412	0.412	1.03	0.206	0.206	0	1.442	0.206	0	0	0.618	0.618	0.206	0.206	0.412	0	0	0.824	1.03	0.824	1.236	1.242	0.616	0.614	0.824	0.522	0.096	1.442	2.07	2.256	0.412	0.206	0.206	0.206	0.206	0	0.824	0.412	1.236	0.824	0.412	0.412	0	0	0	0	0.412	0.206	0.412	0.206	0.412	0.206	0	0.206	0.206	0.412	0	0	0	0.206	0.206	0.206	0.206	0	0.206	0	0	0.206	0.206	0	0	0.776	0.872	0.412	0	0	0.206	0	0	0	0	0	0	0	0.206	0.412	0	0.206	0	0	0.074	0.132	0	0	0	0	0	0.206	0	0.412	0	0.206	0.206	0	0	0	0	0	0	0	0	0	0	0.206	0	0	0	0	0	0	0	0.206	0	0	0	0	0	0	0	0	0	0	0	0	0	0	0	0	0	0	0	0	0	0	0	0	0	0.206	0	0.206	0.206	0.206	0	0	0	0	0	0	0	0	0	0	0	0	0	0	0	0	0	0.206	0.206	0	0	0.412	0	0	0	0	0	0	0	0	0	0	0	0.206	0	0.071	0.135	0	0.206	0.206	0.206	0.206	0.412	0.206	0.206	0.412	0	0	0	0	0	0	0	0	0	0	0	0.412	0	0	0	0	0	0	0	0	0.206	0	0.206	0	0.206	0.412	0	0.824	0	0.412	0	0	0.618	0	0	0	0	0	0	0.412	0.206	0	0	0	0	0	0	0.412	0.206	0	0	0	0	0	0	0	0	0	0	0	0	0	0	0	0	0.206	0	0	0	0	0	0	0	0	0	0	0	0	0	0	0	0	0	0	0	0	0	0	0	0	0	0	0	0	0	0	0	0	0	0	0	50:60,23.505:200,50:80
Zhx2-NM_199449	0	0	0	0	0	0	0	0	0	0	0	0	0	0	0	0	0	0	0	0	0	0	0	0	0	0	0	0	0	0	0	0	0	0	0	0	0	0	0	0	0	0	0	0	0	0	0	0	0	0	0	0	0	0	0.412	0	0	0	0	0.618	4.12	3.502	0.824	0.824	1.03	1.854	0.824	0.618	0.618	3.708	1.648	0.824	1.648	1.442	3.09	5.15	2.266	0.618	0.824	2.06	1.236	1.236	0.618	1.854	1.236	1.442	1.03	1.648	1.442	0.824	1.03	0.412	1.648	1.854	1.236	1.442	1.648	1.648	1.236	0.824	1.442	1.442	0.824	2.266	0.824	2.678	0.412	1.442	2.266	0.824	1.03	1.03	2.266	1.236	1.236	0.618	1.442	0.206	0.824	1.03	2.678	1.442	0.618	1.236	1.236	1.03	0.824	0.206	0.412	2.472	0.618	1.236	0.824	0.206	0.824	1.236	0.206	0.412	1.03	1.03	1.442	0.618	0	0	0.824	1.236	0.618	0.618	1.648	1.03	0.618	1.236	1.648	2.266	0.412	1.648	0.412	1.03	0.618	1.03	1.442	1.648	1.03	1.648	1.442	1.03	1.236	1.648	1.03	2.266	0.618	0.206	0.412	0.824	0.824	0.618	0	0.412	0.824	0.412	2.472	0.618	1.236	0.618	0.824	1.648	0.206	1.03	1.854	0.618	0.412	0.824	0.618	1.236	3.09	4.738	1.648	0.824	1.03	1.442	0.412	0.412	0.412	0.824	1.03	0.206	0.618	0.206	0.206	0.412	0.824	1.442	1.03	0	0.824	0.412	0.412	0.412	0.618	0.824	1.442	0.824	1.442	1.03	1.236	0.206	0.824	0.206	1.854	0.618	0.412	0.412	0.206	0.824	1.442	1.03	1.236	2.06	1.442	1.648	1.442	0.206	1.236	1.236	1.854	0.824	1.442	0.412	1.236	1.442	0.824	1.648	0.412	0	1.236	1.03	0.824	1.648	0.824	1.442	0	0	0	0	0	0	0	0	0	0	0	0.206	0.206	0	0	0	0	0.412	0	0	0	0	0.206	0.206	0	0	0	0	0	0	0	0.206	0	0	0	0.206	0.206	0	0	0	0.412	0	0	0	0.206	0	0	0.206	0	0	0	0.206	0	0	0.206	0.206	0.412	0	0	0	0	0	0	0.412	0	0	0	0.412	0.206	0.206	0.206	0	0	0	0	0	0	0	0	0	50:60,725.83:200,50:80
Zpld1-NM_178720	0	0	0	0	0	0	0	0	0	0	0	0	0	0	0	0	0	0	0	0	0	0	0	0	0	0	0	0	0	0	0	0	0	0	0	0	0	0	0	0	0	0	0	0	0	0	0	0	0	0	0	0	0	0	0	0	0	0	0	0	0	0	0	0	0	0	0	0	0	0	0	0	0	0	0	0	0	0	0	0	0	0	0	0	0	0	0	0	0	0	0	0	0	0	0	0	0	0	0	0	0	0	0.206	0	0	0	0	0	0	0	0	0	0	0	0	0	0	0	0	0	0	0	0	0	0	0	0	0	0	0	0	0	0	0	0	0.206	0	0	0	0	0	0	0	0	0	0	0	0	0	0	0	0	0	0	0	0	0	0	0	0	0	0	0	0	0	0	0	0	0	0	0	0	0	0	0	0	0	0	0	0	0	0	0	0	0	0	0	0	0	0	0	0	0	0	0	0	0	0	0	0	0	0	0	0	0	0	0	0	0	0	0	0	0	0	0	0	0	0	0	0	0	0	0	0	0	0	0	0	0	0	0	0	0	0	0	0	0	0	0	0	0	0	0	0	0	0	0	0	0	0	0	0	0	0	0	0	0	0	0	0	0	0	0	0	0	0	0	0	0	0	0	0	0	0	0	0	0	0	0	0	0	0	0	0	0	0	0	0.206	0	0	0	0	0	0	0	0	0	0	0	0	0	0	0	0	0	0	0	0	0	0	0	0	0	0	0	0	0	0	0	0	0	0	0	0	0	0	0	0	0	0	0	0	0	0	0	0	0	0	0	0	50:60,290.315:200,50:80
